study,seed,status,runtime_s,git,n,c_U,r_h,r_q,true_h_err,true_q_err,true_err_product,D_h,D_q,moment_product,ate_bias,abs_ate_bias,po_bias,scenario,mod_kind,mod_level,min_total_D,pehe::target,pehe::oracle_best,pehe::best_err,pehe::n_candidates,pehe::sel[product],pehe::err[product],pehe::regret[product],pehe::ratio[product],pehe::cat[product],pehe::top1[product],pehe::sel[h_only],pehe::err[h_only],pehe::regret[h_only],pehe::ratio[h_only],pehe::cat[h_only],pehe::top1[h_only],pehe::sel[q_only],pehe::err[q_only],pehe::regret[q_only],pehe::ratio[q_only],pehe::cat[q_only],pehe::top1[q_only],pehe::sel[sum],pehe::err[sum],pehe::regret[sum],pehe::ratio[sum],pehe::cat[sum],pehe::top1[sum],pehe::sel[max],pehe::err[max],pehe::regret[max],pehe::ratio[max],pehe::cat[max],pehe::top1[max],pehe::sel[fixed_kernel],pehe::err[fixed_kernel],pehe::regret[fixed_kernel],pehe::ratio[fixed_kernel],pehe::cat[fixed_kernel],pehe::top1[fixed_kernel],pehe::sel[fixed_sieve1],pehe::err[fixed_sieve1],pehe::regret[fixed_sieve1],pehe::ratio[fixed_sieve1],pehe::cat[fixed_sieve1],pehe::top1[fixed_sieve1],pehe::sel[random],pehe::err[random],pehe::regret[random],pehe::ratio[random],pehe::cat[random],pehe::top1[random],pehe::sel[ess],pehe::err[ess],pehe::regret[ess],pehe::ratio[ess],pehe::cat[ess],pehe::top1[ess],pehe::sel[qbalance],pehe::err[qbalance],pehe::regret[qbalance],pehe::ratio[qbalance],pehe::cat[qbalance],pehe::top1[qbalance],pehe::sel[oracle],pehe::err[oracle],pehe::regret[oracle],pehe::ratio[oracle],pehe::cat[oracle],pehe::top1[oracle],pehe::spearman[product],pehe::kendall[product],pehe::top2[product],pehe::spearman[h_only],pehe::kendall[h_only],pehe::top2[h_only],pehe::spearman[q_only],pehe::kendall[q_only],pehe::top2[q_only],pehe::spearman[sum],pehe::kendall[sum],pehe::top2[sum],pehe::spearman[max],pehe::kendall[max],pehe::top2[max],ate::target,ate::oracle_best,ate::best_err,ate::n_candidates,ate::sel[product],ate::err[product],ate::regret[product],ate::ratio[product],ate::cat[product],ate::top1[product],ate::sel[h_only],ate::err[h_only],ate::regret[h_only],ate::ratio[h_only],ate::cat[h_only],ate::top1[h_only],ate::sel[q_only],ate::err[q_only],ate::regret[q_only],ate::ratio[q_only],ate::cat[q_only],ate::top1[q_only],ate::sel[sum],ate::err[sum],ate::regret[sum],ate::ratio[sum],ate::cat[sum],ate::top1[sum],ate::sel[max],ate::err[max],ate::regret[max],ate::ratio[max],ate::cat[max],ate::top1[max],ate::sel[fixed_kernel],ate::err[fixed_kernel],ate::regret[fixed_kernel],ate::ratio[fixed_kernel],ate::cat[fixed_kernel],ate::top1[fixed_kernel],ate::sel[fixed_sieve1],ate::err[fixed_sieve1],ate::regret[fixed_sieve1],ate::ratio[fixed_sieve1],ate::cat[fixed_sieve1],ate::top1[fixed_sieve1],ate::sel[random],ate::err[random],ate::regret[random],ate::ratio[random],ate::cat[random],ate::top1[random],ate::sel[ess],ate::err[ess],ate::regret[ess],ate::ratio[ess],ate::cat[ess],ate::top1[ess],ate::sel[qbalance],ate::err[qbalance],ate::regret[qbalance],ate::ratio[qbalance],ate::cat[qbalance],ate::top1[qbalance],ate::sel[oracle],ate::err[oracle],ate::regret[oracle],ate::ratio[oracle],ate::cat[oracle],ate::top1[oracle],ate::spearman[product],ate::kendall[product],ate::top2[product],ate::spearman[h_only],ate::kendall[h_only],ate::top2[h_only],ate::spearman[q_only],ate::kendall[q_only],ate::top2[q_only],ate::spearman[sum],ate::kendall[sum],ate::top2[sum],ate::spearman[max],ate::kendall[max],ate::top2[max],selected,ate1,ate1_lo,ate1_hi,ess,max_q,q_balance
A,0,ok,2.2,220521e,4000.0,1.0,0.0,0.0,0.0,0.0,0.0,0.01724440168723442,0.010135492348428815,0.00017478050135419742,-0.05064278174735737,0.05064278174735737,-0.02138064984942445,,,,,,,,,,,,,,,,,,,,,,,,,,,,,,,,,,,,,,,,,,,,,,,,,,,,,,,,,,,,,,,,,,,,,,,,,,,,,,,,,,,,,,,,,,,,,,,,,,,,,,,,,,,,,,,,,,,,,,,,,,,,,,,,,,,,,,,,,,,,,,,,,,,,,,,,,,,,,,,,,,,,,,,,,,,,,,,,,,,,,
A,0,ok,2.6,0bdc51d,4000.0,1.0,0.0,0.2,0.0,0.5097577705341607,0.0,0.01724440168723442,0.03269128166041742,0.0005637415926227578,-0.0520808443834766,0.0520808443834766,-0.023754829300945635,,,,,,,,,,,,,,,,,,,,,,,,,,,,,,,,,,,,,,,,,,,,,,,,,,,,,,,,,,,,,,,,,,,,,,,,,,,,,,,,,,,,,,,,,,,,,,,,,,,,,,,,,,,,,,,,,,,,,,,,,,,,,,,,,,,,,,,,,,,,,,,,,,,,,,,,,,,,,,,,,,,,,,,,,,,,,,,,,,,,,
A,0,ok,2.9,0bdc51d,4000.0,1.0,0.0,0.5,0.0,1.2743944263354017,0.0,0.01724440168723442,0.06998086762236509,0.0012067781917012414,-0.05423793833765589,0.05423793833765589,-0.02731609847822758,,,,,,,,,,,,,,,,,,,,,,,,,,,,,,,,,,,,,,,,,,,,,,,,,,,,,,,,,,,,,,,,,,,,,,,,,,,,,,,,,,,,,,,,,,,,,,,,,,,,,,,,,,,,,,,,,,,,,,,,,,,,,,,,,,,,,,,,,,,,,,,,,,,,,,,,,,,,,,,,,,,,,,,,,,,,,,,,,,,,,
A,0,ok,2.3,0bdc51d,4000.0,1.0,0.2,0.0,0.13113108661853692,0.0,0.0,0.020779149802629224,0.010135492348428815,0.0002106069138314046,-0.055187383457946604,0.055187383457946604,-0.019872792490478575,,,,,,,,,,,,,,,,,,,,,,,,,,,,,,,,,,,,,,,,,,,,,,,,,,,,,,,,,,,,,,,,,,,,,,,,,,,,,,,,,,,,,,,,,,,,,,,,,,,,,,,,,,,,,,,,,,,,,,,,,,,,,,,,,,,,,,,,,,,,,,,,,,,,,,,,,,,,,,,,,,,,,,,,,,,,,,,,,,,,,
A,0,ok,2.4,0bdc51d,4000.0,1.0,0.2,0.2,0.13113108661853692,0.5097577705341607,0.0668450903623873,0.020779149802629224,0.03269128166041742,0.0006792970388617589,-0.05631291878855782,0.05631291878855782,-0.021624963130868702,,,,,,,,,,,,,,,,,,,,,,,,,,,,,,,,,,,,,,,,,,,,,,,,,,,,,,,,,,,,,,,,,,,,,,,,,,,,,,,,,,,,,,,,,,,,,,,,,,,,,,,,,,,,,,,,,,,,,,,,,,,,,,,,,,,,,,,,,,,,,,,,,,,,,,,,,,,,,,,,,,,,,,,,,,,,,,,,,,,,,
A,0,ok,2.7,0bdc51d,4000.0,1.0,0.2,0.5,0.13113108661853692,1.2743944263354017,0.16711272590596823,0.020779149802629224,0.06998086762236509,0.0014541429316430893,-0.05800122178447431,0.05800122178447431,-0.02425321909145417,,,,,,,,,,,,,,,,,,,,,,,,,,,,,,,,,,,,,,,,,,,,,,,,,,,,,,,,,,,,,,,,,,,,,,,,,,,,,,,,,,,,,,,,,,,,,,,,,,,,,,,,,,,,,,,,,,,,,,,,,,,,,,,,,,,,,,,,,,,,,,,,,,,,,,,,,,,,,,,,,,,,,,,,,,,,,,,,,,,,,
A,0,ok,2.4,0bdc51d,4000.0,1.0,0.5,0.0,0.3278277165463423,0.0,0.0,0.030020196875516166,0.010135492348428815,0.0003042694757301207,-0.06200428602383079,0.06200428602383079,-0.01761100645205982,,,,,,,,,,,,,,,,,,,,,,,,,,,,,,,,,,,,,,,,,,,,,,,,,,,,,,,,,,,,,,,,,,,,,,,,,,,,,,,,,,,,,,,,,,,,,,,,,,,,,,,,,,,,,,,,,,,,,,,,,,,,,,,,,,,,,,,,,,,,,,,,,,,,,,,,,,,,,,,,,,,,,,,,,,,,,,,,,,,,,
A,0,ok,2.6,0bdc51d,4000.0,1.0,0.5,0.2,0.3278277165463423,0.5097577705341607,0.16711272590596823,0.030020196875516166,0.03269128166041742,0.0009813987115586818,-0.06266103039617921,0.06266103039617921,-0.018430163875753802,,,,,,,,,,,,,,,,,,,,,,,,,,,,,,,,,,,,,,,,,,,,,,,,,,,,,,,,,,,,,,,,,,,,,,,,,,,,,,,,,,,,,,,,,,,,,,,,,,,,,,,,,,,,,,,,,,,,,,,,,,,,,,,,,,,,,,,,,,,,,,,,,,,,,,,,,,,,,,,,,,,,,,,,,,,,,,,,,,,,,
A,0,ok,2.2,0bdc51d,4000.0,1.0,0.5,0.5,0.3278277165463423,1.2743944263354017,0.41778181476492054,0.030020196875516166,0.06998086762236509,0.002100839423542835,-0.06364614695470228,0.06364614695470228,-0.019658900011294445,,,,,,,,,,,,,,,,,,,,,,,,,,,,,,,,,,,,,,,,,,,,,,,,,,,,,,,,,,,,,,,,,,,,,,,,,,,,,,,,,,,,,,,,,,,,,,,,,,,,,,,,,,,,,,,,,,,,,,,,,,,,,,,,,,,,,,,,,,,,,,,,,,,,,,,,,,,,,,,,,,,,,,,,,,,,,,,,,,,,,
A,1,ok,2.3,0bdc51d,4000.0,1.0,0.0,0.0,0.0,0.0,0.0,0.006722893110403205,0.007577532398241733,5.094294035399642e-05,0.061230586635727224,0.061230586635727224,0.0297010111716538,,,,,,,,,,,,,,,,,,,,,,,,,,,,,,,,,,,,,,,,,,,,,,,,,,,,,,,,,,,,,,,,,,,,,,,,,,,,,,,,,,,,,,,,,,,,,,,,,,,,,,,,,,,,,,,,,,,,,,,,,,,,,,,,,,,,,,,,,,,,,,,,,,,,,,,,,,,,,,,,,,,,,,,,,,,,,,,,,,,,,
A,1,ok,2.2,0bdc51d,4000.0,1.0,0.0,0.2,0.0,0.5101503216568946,0.0,0.006722893110403205,0.034979323945143165,0.00023516225595736486,0.07407100993100935,0.07407100993100935,0.03172662851707808,,,,,,,,,,,,,,,,,,,,,,,,,,,,,,,,,,,,,,,,,,,,,,,,,,,,,,,,,,,,,,,,,,,,,,,,,,,,,,,,,,,,,,,,,,,,,,,,,,,,,,,,,,,,,,,,,,,,,,,,,,,,,,,,,,,,,,,,,,,,,,,,,,,,,,,,,,,,,,,,,,,,,,,,,,,,,,,,,,,,,
A,1,ok,2.2,0bdc51d,4000.0,1.0,0.0,0.5,0.0,1.2753758041422363,0.0,0.006722893110403205,0.07183920162882346,0.00048296727368728394,0.09333164487393253,0.09333164487393253,0.0347650545352145,,,,,,,,,,,,,,,,,,,,,,,,,,,,,,,,,,,,,,,,,,,,,,,,,,,,,,,,,,,,,,,,,,,,,,,,,,,,,,,,,,,,,,,,,,,,,,,,,,,,,,,,,,,,,,,,,,,,,,,,,,,,,,,,,,,,,,,,,,,,,,,,,,,,,,,,,,,,,,,,,,,,,,,,,,,,,,,,,,,,,
A,1,ok,2.2,0bdc51d,4000.0,1.0,0.2,0.0,0.12927049764184256,0.0,0.0,0.011996608908390834,0.007577532398241733,9.090469267236693e-05,0.05286650772815049,0.05286650772815049,0.02961766600862581,,,,,,,,,,,,,,,,,,,,,,,,,,,,,,,,,,,,,,,,,,,,,,,,,,,,,,,,,,,,,,,,,,,,,,,,,,,,,,,,,,,,,,,,,,,,,,,,,,,,,,,,,,,,,,,,,,,,,,,,,,,,,,,,,,,,,,,,,,,,,,,,,,,,,,,,,,,,,,,,,,,,,,,,,,,,,,,,,,,,,
A,1,ok,2.3,0bdc51d,4000.0,1.0,0.2,0.2,0.12927049764184256,0.5101503216568946,0.0659473859527328,0.011996608908390834,0.034979323945143165,0.0004196332692497933,0.06479960716294109,0.06479960716294109,0.03177113787592889,,,,,,,,,,,,,,,,,,,,,,,,,,,,,,,,,,,,,,,,,,,,,,,,,,,,,,,,,,,,,,,,,,,,,,,,,,,,,,,,,,,,,,,,,,,,,,,,,,,,,,,,,,,,,,,,,,,,,,,,,,,,,,,,,,,,,,,,,,,,,,,,,,,,,,,,,,,,,,,,,,,,,,,,,,,,,,,,,,,,,
A,1,ok,2.4,0bdc51d,4000.0,1.0,0.2,0.5,0.12927049764184256,1.2753758041422363,0.16486846488183202,0.011996608908390834,0.07183920162882346,0.0008618268062320287,0.08269925631512676,0.08269925631512676,0.03500134567688362,,,,,,,,,,,,,,,,,,,,,,,,,,,,,,,,,,,,,,,,,,,,,,,,,,,,,,,,,,,,,,,,,,,,,,,,,,,,,,,,,,,,,,,,,,,,,,,,,,,,,,,,,,,,,,,,,,,,,,,,,,,,,,,,,,,,,,,,,,,,,,,,,,,,,,,,,,,,,,,,,,,,,,,,,,,,,,,,,,,,,
A,1,ok,2.4,0bdc51d,4000.0,1.0,0.5,0.0,0.3231762441046064,0.0,0.0,0.02397647487988526,0.007577532398241733,0.0001816825151979596,0.04032038936678495,0.04032038936678495,0.02949264826408382,,,,,,,,,,,,,,,,,,,,,,,,,,,,,,,,,,,,,,,,,,,,,,,,,,,,,,,,,,,,,,,,,,,,,,,,,,,,,,,,,,,,,,,,,,,,,,,,,,,,,,,,,,,,,,,,,,,,,,,,,,,,,,,,,,,,,,,,,,,,,,,,,,,,,,,,,,,,,,,,,,,,,,,,,,,,,,,,,,,,,
A,1,ok,2.7,0bdc51d,4000.0,1.0,0.5,0.2,0.3231762441046064,0.5101503216568946,0.16486846488183202,0.02397647487988526,0.034979323945143165,0.0008386808818860941,0.05089250301083803,0.05089250301083803,0.03183790191420499,,,,,,,,,,,,,,,,,,,,,,,,,,,,,,,,,,,,,,,,,,,,,,,,,,,,,,,,,,,,,,,,,,,,,,,,,,,,,,,,,,,,,,,,,,,,,,,,,,,,,,,,,,,,,,,,,,,,,,,,,,,,,,,,,,,,,,,,,,,,,,,,,,,,,,,,,,,,,,,,,,,,,,,,,,,,,,,,,,,,,
A,1,ok,4.4,0bdc51d,4000.0,1.0,0.5,0.5,0.3231762441046064,1.2753758041422363,0.41217116220458,0.02397647487988526,0.07183920162882346,0.001722450813244498,0.06675067347691765,0.06675067347691765,0.035355782389386636,,,,,,,,,,,,,,,,,,,,,,,,,,,,,,,,,,,,,,,,,,,,,,,,,,,,,,,,,,,,,,,,,,,,,,,,,,,,,,,,,,,,,,,,,,,,,,,,,,,,,,,,,,,,,,,,,,,,,,,,,,,,,,,,,,,,,,,,,,,,,,,,,,,,,,,,,,,,,,,,,,,,,,,,,,,,,,,,,,,,,
A,2,ok,3.9,0bdc51d,4000.0,1.0,0.0,0.0,0.0,0.0,0.0,0.012337049347790343,0.007120789737376044,8.784953438524728e-05,0.08797869853875406,0.08797869853875406,-0.011252265464723576,,,,,,,,,,,,,,,,,,,,,,,,,,,,,,,,,,,,,,,,,,,,,,,,,,,,,,,,,,,,,,,,,,,,,,,,,,,,,,,,,,,,,,,,,,,,,,,,,,,,,,,,,,,,,,,,,,,,,,,,,,,,,,,,,,,,,,,,,,,,,,,,,,,,,,,,,,,,,,,,,,,,,,,,,,,,,,,,,,,,,
A,2,ok,4.5,0bdc51d,4000.0,1.0,0.0,0.2,0.0,0.5163166234578314,0.0,0.012337049347790343,0.0297615421009165,0.00036716961356534673,0.09015924191434088,0.09015924191434088,-0.01178681324447961,,,,,,,,,,,,,,,,,,,,,,,,,,,,,,,,,,,,,,,,,,,,,,,,,,,,,,,,,,,,,,,,,,,,,,,,,,,,,,,,,,,,,,,,,,,,,,,,,,,,,,,,,,,,,,,,,,,,,,,,,,,,,,,,,,,,,,,,,,,,,,,,,,,,,,,,,,,,,,,,,,,,,,,,,,,,,,,,,,,,,
A,2,ok,3.6,0bdc51d,4000.0,1.0,0.0,0.5,0.0,1.2907915586445784,0.0,0.012337049347790343,0.06625546705046356,0.000817396966562466,0.09343005697772044,0.09343005697772044,-0.012588634914113217,,,,,,,,,,,,,,,,,,,,,,,,,,,,,,,,,,,,,,,,,,,,,,,,,,,,,,,,,,,,,,,,,,,,,,,,,,,,,,,,,,,,,,,,,,,,,,,,,,,,,,,,,,,,,,,,,,,,,,,,,,,,,,,,,,,,,,,,,,,,,,,,,,,,,,,,,,,,,,,,,,,,,,,,,,,,,,,,,,,,,
A,2,ok,4.3,0bdc51d,4000.0,1.0,0.2,0.0,0.13187083048182666,0.0,0.0,0.01695154470218738,0.007120789737376044,0.00012070838554800713,0.09743712824390993,0.09743712824390993,-0.012883387818530712,,,,,,,,,,,,,,,,,,,,,,,,,,,,,,,,,,,,,,,,,,,,,,,,,,,,,,,,,,,,,,,,,,,,,,,,,,,,,,,,,,,,,,,,,,,,,,,,,,,,,,,,,,,,,,,,,,,,,,,,,,,,,,,,,,,,,,,,,,,,,,,,,,,,,,,,,,,,,,,,,,,,,,,,,,,,,,,,,,,,,
A,2,ok,5.7,0bdc51d,4000.0,1.0,0.2,0.2,0.13187083048182666,0.5163166234578314,0.0680871019269568,0.01695154470218738,0.0297615421009165,0.0005045041113297177,0.10050939286405525,0.10050939286405525,-0.013423175708645485,,,,,,,,,,,,,,,,,,,,,,,,,,,,,,,,,,,,,,,,,,,,,,,,,,,,,,,,,,,,,,,,,,,,,,,,,,,,,,,,,,,,,,,,,,,,,,,,,,,,,,,,,,,,,,,,,,,,,,,,,,,,,,,,,,,,,,,,,,,,,,,,,,,,,,,,,,,,,,,,,,,,,,,,,,,,,,,,,,,,,
A,2,ok,5.1,0bdc51d,4000.0,1.0,0.2,0.5,0.13187083048182666,1.2907915586445784,0.17021775481739201,0.01695154470218738,0.06625546705046356,0.0011231325114702362,0.105117789794273,0.105117789794273,-0.014232857543817867,,,,,,,,,,,,,,,,,,,,,,,,,,,,,,,,,,,,,,,,,,,,,,,,,,,,,,,,,,,,,,,,,,,,,,,,,,,,,,,,,,,,,,,,,,,,,,,,,,,,,,,,,,,,,,,,,,,,,,,,,,,,,,,,,,,,,,,,,,,,,,,,,,,,,,,,,,,,,,,,,,,,,,,,,,,,,,,,,,,,,
A,2,ok,5.0,0bdc51d,4000.0,1.0,0.5,0.0,0.3296770762045666,0.0,0.0,0.027755658110675062,0.007120789737376044,0.00019764220542861313,0.11162477280164484,0.11162477280164484,-0.015330071349241026,,,,,,,,,,,,,,,,,,,,,,,,,,,,,,,,,,,,,,,,,,,,,,,,,,,,,,,,,,,,,,,,,,,,,,,,,,,,,,,,,,,,,,,,,,,,,,,,,,,,,,,,,,,,,,,,,,,,,,,,,,,,,,,,,,,,,,,,,,,,,,,,,,,,,,,,,,,,,,,,,,,,,,,,,,,,,,,,,,,,,
A,2,ok,4.8,0bdc51d,4000.0,1.0,0.5,0.2,0.3296770762045666,0.5163166234578314,0.170217754817392,0.027755658110675062,0.0297615421009165,0.0008260511873995004,0.11603461928862746,0.11603461928862746,-0.015877719404894575,,,,,,,,,,,,,,,,,,,,,,,,,,,,,,,,,,,,,,,,,,,,,,,,,,,,,,,,,,,,,,,,,,,,,,,,,,,,,,,,,,,,,,,,,,,,,,,,,,,,,,,,,,,,,,,,,,,,,,,,,,,,,,,,,,,,,,,,,,,,,,,,,,,,,,,,,,,,,,,,,,,,,,,,,,,,,,,,,,,,,
A,2,ok,4.7,0bdc51d,4000.0,1.0,0.5,0.5,0.3296770762045666,1.2907915586445784,0.42554438704347997,0.027755658110675062,0.06625546705046356,0.0018389640914157632,0.12264938901910138,0.12264938901910138,-0.01669919148837451,,,,,,,,,,,,,,,,,,,,,,,,,,,,,,,,,,,,,,,,,,,,,,,,,,,,,,,,,,,,,,,,,,,,,,,,,,,,,,,,,,,,,,,,,,,,,,,,,,,,,,,,,,,,,,,,,,,,,,,,,,,,,,,,,,,,,,,,,,,,,,,,,,,,,,,,,,,,,,,,,,,,,,,,,,,,,,,,,,,,,
A,3,ok,5.1,0bdc51d,4000.0,1.0,0.0,0.0,0.0,0.0,0.0,0.010336207152789134,0.008675815528027502,8.96750265170769e-05,-0.016296109827632854,0.016296109827632854,0.012069373694050922,,,,,,,,,,,,,,,,,,,,,,,,,,,,,,,,,,,,,,,,,,,,,,,,,,,,,,,,,,,,,,,,,,,,,,,,,,,,,,,,,,,,,,,,,,,,,,,,,,,,,,,,,,,,,,,,,,,,,,,,,,,,,,,,,,,,,,,,,,,,,,,,,,,,,,,,,,,,,,,,,,,,,,,,,,,,,,,,,,,,,
A,3,ok,6.5,0bdc51d,4000.0,1.0,0.0,0.2,0.0,0.5165455060909198,0.0,0.010336207152789134,0.03037860285518922,0.0003139995321235472,-0.024731716274595028,0.024731716274595028,0.013617274502863541,,,,,,,,,,,,,,,,,,,,,,,,,,,,,,,,,,,,,,,,,,,,,,,,,,,,,,,,,,,,,,,,,,,,,,,,,,,,,,,,,,,,,,,,,,,,,,,,,,,,,,,,,,,,,,,,,,,,,,,,,,,,,,,,,,,,,,,,,,,,,,,,,,,,,,,,,,,,,,,,,,,,,,,,,,,,,,,,,,,,,
A,3,ok,4.7,0bdc51d,4000.0,1.0,0.0,0.5,0.0,1.2913637652272993,0.0,0.010336207152789134,0.06689243242228154,0.0006914140384706503,-0.0373851259450384,0.0373851259450384,0.015939125716081692,,,,,,,,,,,,,,,,,,,,,,,,,,,,,,,,,,,,,,,,,,,,,,,,,,,,,,,,,,,,,,,,,,,,,,,,,,,,,,,,,,,,,,,,,,,,,,,,,,,,,,,,,,,,,,,,,,,,,,,,,,,,,,,,,,,,,,,,,,,,,,,,,,,,,,,,,,,,,,,,,,,,,,,,,,,,,,,,,,,,,
A,3,ok,4.7,0bdc51d,4000.0,1.0,0.2,0.0,0.1318267805818353,0.0,0.0,0.014407398525690729,0.008675815528027502,0.00012499593184766815,-0.01125442948739419,0.01125442948739419,0.01200665181824756,,,,,,,,,,,,,,,,,,,,,,,,,,,,,,,,,,,,,,,,,,,,,,,,,,,,,,,,,,,,,,,,,,,,,,,,,,,,,,,,,,,,,,,,,,,,,,,,,,,,,,,,,,,,,,,,,,,,,,,,,,,,,,,,,,,,,,,,,,,,,,,,,,,,,,,,,,,,,,,,,,,,,,,,,,,,,,,,,,,,,
A,3,ok,4.5,0bdc51d,4000.0,1.0,0.2,0.2,0.1318267805818353,0.5165455060909198,0.06809453109198076,0.014407398525690729,0.03037860285518922,0.0004376766379883973,-0.018706253576621812,0.018706253576621812,0.013121428189656559,,,,,,,,,,,,,,,,,,,,,,,,,,,,,,,,,,,,,,,,,,,,,,,,,,,,,,,,,,,,,,,,,,,,,,,,,,,,,,,,,,,,,,,,,,,,,,,,,,,,,,,,,,,,,,,,,,,,,,,,,,,,,,,,,,,,,,,,,,,,,,,,,,,,,,,,,,,,,,,,,,,,,,,,,,,,,,,,,,,,,
A,3,ok,5.9,0bdc51d,4000.0,1.0,0.2,0.5,0.1318267805818353,1.2913637652272993,0.17023632772995187,0.014407398525690729,0.06689243242228154,0.0009637459322606459,-0.029883989710463466,0.029883989710463466,0.01479359274677039,,,,,,,,,,,,,,,,,,,,,,,,,,,,,,,,,,,,,,,,,,,,,,,,,,,,,,,,,,,,,,,,,,,,,,,,,,,,,,,,,,,,,,,,,,,,,,,,,,,,,,,,,,,,,,,,,,,,,,,,,,,,,,,,,,,,,,,,,,,,,,,,,,,,,,,,,,,,,,,,,,,,,,,,,,,,,,,,,,,,,
A,3,ok,4.7,0bdc51d,4000.0,1.0,0.5,0.0,0.3295669514545882,0.0,0.0,0.025288205978820102,0.008675815528027502,0.00021939581010700535,-0.0036919089770359736,0.0036919089770359736,0.011912569004542295,,,,,,,,,,,,,,,,,,,,,,,,,,,,,,,,,,,,,,,,,,,,,,,,,,,,,,,,,,,,,,,,,,,,,,,,,,,,,,,,,,,,,,,,,,,,,,,,,,,,,,,,,,,,,,,,,,,,,,,,,,,,,,,,,,,,,,,,,,,,,,,,,,,,,,,,,,,,,,,,,,,,,,,,,,,,,,,,,,,,,
A,3,ok,4.7,0bdc51d,4000.0,1.0,0.5,0.2,0.3295669514545882,0.5165455060909198,0.17023632772995184,0.025288205978820102,0.03037860285518922,0.0007682203663507975,-0.009668059529662099,0.009668059529662099,0.012377658719846751,,,,,,,,,,,,,,,,,,,,,,,,,,,,,,,,,,,,,,,,,,,,,,,,,,,,,,,,,,,,,,,,,,,,,,,,,,,,,,,,,,,,,,,,,,,,,,,,,,,,,,,,,,,,,,,,,,,,,,,,,,,,,,,,,,,,,,,,,,,,,,,,,,,,,,,,,,,,,,,,,,,,,,,,,,,,,,,,,,,,,
A,3,ok,4.1,0bdc51d,4000.0,1.0,0.5,0.5,0.3295669514545882,1.2913637652272993,0.4255908193248796,0.025288205978820102,0.06689243242228154,0.00169158960951896,-0.01863228535860162,0.01863228535860162,0.013075293292803325,,,,,,,,,,,,,,,,,,,,,,,,,,,,,,,,,,,,,,,,,,,,,,,,,,,,,,,,,,,,,,,,,,,,,,,,,,,,,,,,,,,,,,,,,,,,,,,,,,,,,,,,,,,,,,,,,,,,,,,,,,,,,,,,,,,,,,,,,,,,,,,,,,,,,,,,,,,,,,,,,,,,,,,,,,,,,,,,,,,,,
A,4,ok,3.8,0bdc51d,4000.0,1.0,0.0,0.0,0.0,0.0,0.0,0.007877563585466416,0.008151095217429967,6.421077086649577e-05,-0.03838945863135046,0.03838945863135046,-0.041511129264340973,,,,,,,,,,,,,,,,,,,,,,,,,,,,,,,,,,,,,,,,,,,,,,,,,,,,,,,,,,,,,,,,,,,,,,,,,,,,,,,,,,,,,,,,,,,,,,,,,,,,,,,,,,,,,,,,,,,,,,,,,,,,,,,,,,,,,,,,,,,,,,,,,,,,,,,,,,,,,,,,,,,,,,,,,,,,,,,,,,,,,
A,4,ok,3.4,0bdc51d,4000.0,1.0,0.0,0.2,0.0,0.5043567200436967,0.0,0.007877563585466416,0.032280257454268636,0.0002542897806512274,-0.046983289322291455,0.046983289322291455,-0.04808949101297011,,,,,,,,,,,,,,,,,,,,,,,,,,,,,,,,,,,,,,,,,,,,,,,,,,,,,,,,,,,,,,,,,,,,,,,,,,,,,,,,,,,,,,,,,,,,,,,,,,,,,,,,,,,,,,,,,,,,,,,,,,,,,,,,,,,,,,,,,,,,,,,,,,,,,,,,,,,,,,,,,,,,,,,,,,,,,,,,,,,,,
A,4,ok,3.6,0bdc51d,4000.0,1.0,0.0,0.5,0.0,1.2608918001092415,0.0,0.007877563585466416,0.06826775120922553,0.0005377835509874759,-0.059874035358703726,0.059874035358703726,-0.057957033635913424,,,,,,,,,,,,,,,,,,,,,,,,,,,,,,,,,,,,,,,,,,,,,,,,,,,,,,,,,,,,,,,,,,,,,,,,,,,,,,,,,,,,,,,,,,,,,,,,,,,,,,,,,,,,,,,,,,,,,,,,,,,,,,,,,,,,,,,,,,,,,,,,,,,,,,,,,,,,,,,,,,,,,,,,,,,,,,,,,,,,,
A,4,ok,3.3,0bdc51d,4000.0,1.0,0.2,0.0,0.13307624286251024,0.0,0.0,0.013390162020358726,0.008151095217429967,0.00010914448560475839,-0.04227250658109516,0.04227250658109516,-0.039882231671326096,,,,,,,,,,,,,,,,,,,,,,,,,,,,,,,,,,,,,,,,,,,,,,,,,,,,,,,,,,,,,,,,,,,,,,,,,,,,,,,,,,,,,,,,,,,,,,,,,,,,,,,,,,,,,,,,,,,,,,,,,,,,,,,,,,,,,,,,,,,,,,,,,,,,,,,,,,,,,,,,,,,,,,,,,,,,,,,,,,,,,
A,4,ok,3.2,0bdc51d,4000.0,1.0,0.2,0.2,0.13307624286251024,0.5043567200436967,0.06711789736587406,0.013390162020358726,0.032280257454268636,0.0004322378773715495,-0.05140063471091394,0.05140063471091394,-0.04543717372984979,,,,,,,,,,,,,,,,,,,,,,,,,,,,,,,,,,,,,,,,,,,,,,,,,,,,,,,,,,,,,,,,,,,,,,,,,,,,,,,,,,,,,,,,,,,,,,,,,,,,,,,,,,,,,,,,,,,,,,,,,,,,,,,,,,,,,,,,,,,,,,,,,,,,,,,,,,,,,,,,,,,,,,,,,,,,,,,,,,,,,
A,4,ok,3.0,0bdc51d,4000.0,1.0,0.2,0.5,0.13307624286251024,1.2608918001092415,0.16779474341468514,0.013390162020358726,0.06826775120922553,0.0009141162494570701,-0.06509282690564211,0.06509282690564211,-0.05376958681763522,,,,,,,,,,,,,,,,,,,,,,,,,,,,,,,,,,,,,,,,,,,,,,,,,,,,,,,,,,,,,,,,,,,,,,,,,,,,,,,,,,,,,,,,,,,,,,,,,,,,,,,,,,,,,,,,,,,,,,,,,,,,,,,,,,,,,,,,,,,,,,,,,,,,,,,,,,,,,,,,,,,,,,,,,,,,,,,,,,,,,
A,4,ok,2.7,0bdc51d,4000.0,1.0,0.5,0.0,0.3326906071562756,0.0,0.0,0.02512288231404391,0.008151095217429967,0.00020477900587805923,-0.048097078505711766,0.048097078505711766,-0.03743888528180406,,,,,,,,,,,,,,,,,,,,,,,,,,,,,,,,,,,,,,,,,,,,,,,,,,,,,,,,,,,,,,,,,,,,,,,,,,,,,,,,,,,,,,,,,,,,,,,,,,,,,,,,,,,,,,,,,,,,,,,,,,,,,,,,,,,,,,,,,,,,,,,,,,,,,,,,,,,,,,,,,,,,,,,,,,,,,,,,,,,,,
A,4,ok,2.9,0bdc51d,4000.0,1.0,0.5,0.2,0.3326906071562756,0.5043567200436967,0.16779474341468514,0.02512288231404391,0.032280257454268636,0.0008109731090906296,-0.05802665279384711,0.05802665279384711,-0.04145869780516942,,,,,,,,,,,,,,,,,,,,,,,,,,,,,,,,,,,,,,,,,,,,,,,,,,,,,,,,,,,,,,,,,,,,,,,,,,,,,,,,,,,,,,,,,,,,,,,,,,,,,,,,,,,,,,,,,,,,,,,,,,,,,,,,,,,,,,,,,,,,,,,,,,,,,,,,,,,,,,,,,,,,,,,,,,,,,,,,,,,,,
A,4,ok,2.6,0bdc51d,4000.0,1.0,0.5,0.5,0.3326906071562756,1.2608918001092415,0.4194868585367128,0.02512288231404391,0.06826775120922553,0.0017150826794738018,-0.07292101422605013,0.07292101422605013,-0.04748841659021774,,,,,,,,,,,,,,,,,,,,,,,,,,,,,,,,,,,,,,,,,,,,,,,,,,,,,,,,,,,,,,,,,,,,,,,,,,,,,,,,,,,,,,,,,,,,,,,,,,,,,,,,,,,,,,,,,,,,,,,,,,,,,,,,,,,,,,,,,,,,,,,,,,,,,,,,,,,,,,,,,,,,,,,,,,,,,,,,,,,,,
A,5,ok,2.7,0bdc51d,4000.0,1.0,0.0,0.0,0.0,0.0,0.0,0.00843178305908893,0.012933878655494174,0.00010905565893570768,0.04214359077055496,0.04214359077055496,0.0486267985530795,,,,,,,,,,,,,,,,,,,,,,,,,,,,,,,,,,,,,,,,,,,,,,,,,,,,,,,,,,,,,,,,,,,,,,,,,,,,,,,,,,,,,,,,,,,,,,,,,,,,,,,,,,,,,,,,,,,,,,,,,,,,,,,,,,,,,,,,,,,,,,,,,,,,,,,,,,,,,,,,,,,,,,,,,,,,,,,,,,,,,
A,5,ok,3.0,0bdc51d,4000.0,1.0,0.0,0.2,0.0,0.5036331885485789,0.0,0.00843178305908893,0.04006749404386917,0.00033784041749924265,0.04242435004896672,0.04242435004896672,0.05677294450820236,,,,,,,,,,,,,,,,,,,,,,,,,,,,,,,,,,,,,,,,,,,,,,,,,,,,,,,,,,,,,,,,,,,,,,,,,,,,,,,,,,,,,,,,,,,,,,,,,,,,,,,,,,,,,,,,,,,,,,,,,,,,,,,,,,,,,,,,,,,,,,,,,,,,,,,,,,,,,,,,,,,,,,,,,,,,,,,,,,,,,
A,5,ok,2.6,0bdc51d,4000.0,1.0,0.0,0.5,0.0,1.259082971371447,0.0,0.00843178305908893,0.07616601780766294,0.0006422153386289181,0.042845488966584355,0.042845488966584355,0.06899216344088654,,,,,,,,,,,,,,,,,,,,,,,,,,,,,,,,,,,,,,,,,,,,,,,,,,,,,,,,,,,,,,,,,,,,,,,,,,,,,,,,,,,,,,,,,,,,,,,,,,,,,,,,,,,,,,,,,,,,,,,,,,,,,,,,,,,,,,,,,,,,,,,,,,,,,,,,,,,,,,,,,,,,,,,,,,,,,,,,,,,,,
A,5,ok,2.3,0bdc51d,4000.0,1.0,0.2,0.0,0.12966787525684875,0.0,0.0,0.009289019473429843,0.012933878655494174,0.00012014305069786398,0.04509874466142527,0.04509874466142527,0.04699093325167247,,,,,,,,,,,,,,,,,,,,,,,,,,,,,,,,,,,,,,,,,,,,,,,,,,,,,,,,,,,,,,,,,,,,,,,,,,,,,,,,,,,,,,,,,,,,,,,,,,,,,,,,,,,,,,,,,,,,,,,,,,,,,,,,,,,,,,,,,,,,,,,,,,,,,,,,,,,,,,,,,,,,,,,,,,,,,,,,,,,,,
A,5,ok,2.5,0bdc51d,4000.0,1.0,0.2,0.2,0.12966787525684875,0.5036331885485789,0.0653050454679261,0.009289019473429843,0.04006749404386917,0.00037218773242503496,0.04533079828662867,0.04533079828662867,0.054490604640360374,,,,,,,,,,,,,,,,,,,,,,,,,,,,,,,,,,,,,,,,,,,,,,,,,,,,,,,,,,,,,,,,,,,,,,,,,,,,,,,,,,,,,,,,,,,,,,,,,,,,,,,,,,,,,,,,,,,,,,,,,,,,,,,,,,,,,,,,,,,,,,,,,,,,,,,,,,,,,,,,,,,,,,,,,,,,,,,,,,,,,
A,5,ok,2.3,0bdc51d,4000.0,1.0,0.2,0.5,0.12966787525684875,1.259082971371447,0.16326261366981526,0.009289019473429843,0.07616601780766294,0.0007075076226289853,0.04567887872443421,0.04567887872443421,0.06574011172339178,,,,,,,,,,,,,,,,,,,,,,,,,,,,,,,,,,,,,,,,,,,,,,,,,,,,,,,,,,,,,,,,,,,,,,,,,,,,,,,,,,,,,,,,,,,,,,,,,,,,,,,,,,,,,,,,,,,,,,,,,,,,,,,,,,,,,,,,,,,,,,,,,,,,,,,,,,,,,,,,,,,,,,,,,,,,,,,,,,,,,
A,5,ok,2.3,0bdc51d,4000.0,1.0,0.5,0.0,0.3241696881421219,0.0,0.0,0.02013835809981839,0.012933878655494174,0.0002604670799839393,0.049531475497730515,0.049531475497730515,0.04453713529956205,,,,,,,,,,,,,,,,,,,,,,,,,,,,,,,,,,,,,,,,,,,,,,,,,,,,,,,,,,,,,,,,,,,,,,,,,,,,,,,,,,,,,,,,,,,,,,,,,,,,,,,,,,,,,,,,,,,,,,,,,,,,,,,,,,,,,,,,,,,,,,,,,,,,,,,,,,,,,,,,,,,,,,,,,,,,,,,,,,,,,
A,5,ok,3.2,0bdc51d,4000.0,1.0,0.5,0.2,0.3241696881421219,0.5036331885485789,0.1632626136698153,0.02013835809981839,0.04006749404386917,0.0008068935432177778,0.049690470643122264,0.049690470643122264,0.05106709483859695,,,,,,,,,,,,,,,,,,,,,,,,,,,,,,,,,,,,,,,,,,,,,,,,,,,,,,,,,,,,,,,,,,,,,,,,,,,,,,,,,,,,,,,,,,,,,,,,,,,,,,,,,,,,,,,,,,,,,,,,,,,,,,,,,,,,,,,,,,,,,,,,,,,,,,,,,,,,,,,,,,,,,,,,,,,,,,,,,,,,,
A,5,ok,3.3,0bdc51d,4000.0,1.0,0.5,0.5,0.3241696881421219,1.259082971371447,0.4081565341745382,0.02013835809981839,0.07616601780766294,0.0015338585416478608,0.049928963361209,0.049928963361209,0.060862034147149524,,,,,,,,,,,,,,,,,,,,,,,,,,,,,,,,,,,,,,,,,,,,,,,,,,,,,,,,,,,,,,,,,,,,,,,,,,,,,,,,,,,,,,,,,,,,,,,,,,,,,,,,,,,,,,,,,,,,,,,,,,,,,,,,,,,,,,,,,,,,,,,,,,,,,,,,,,,,,,,,,,,,,,,,,,,,,,,,,,,,,
A,6,ok,2.7,0bdc51d,4000.0,1.0,0.0,0.0,0.0,0.0,0.0,0.012093899365812455,0.006857069619757416,8.292870992571606e-05,0.0010180209994228306,0.0010180209994228306,0.07650263076719321,,,,,,,,,,,,,,,,,,,,,,,,,,,,,,,,,,,,,,,,,,,,,,,,,,,,,,,,,,,,,,,,,,,,,,,,,,,,,,,,,,,,,,,,,,,,,,,,,,,,,,,,,,,,,,,,,,,,,,,,,,,,,,,,,,,,,,,,,,,,,,,,,,,,,,,,,,,,,,,,,,,,,,,,,,,,,,,,,,,,,
A,6,ok,2.8,0bdc51d,4000.0,1.0,0.0,0.2,0.0,0.5088357919710699,0.0,0.012093899365812455,0.03265559522362559,0.0003949334823652338,0.01147788858219867,0.01147788858219867,0.08859021428337766,,,,,,,,,,,,,,,,,,,,,,,,,,,,,,,,,,,,,,,,,,,,,,,,,,,,,,,,,,,,,,,,,,,,,,,,,,,,,,,,,,,,,,,,,,,,,,,,,,,,,,,,,,,,,,,,,,,,,,,,,,,,,,,,,,,,,,,,,,,,,,,,,,,,,,,,,,,,,,,,,,,,,,,,,,,,,,,,,,,,,
A,6,ok,2.8,0bdc51d,4000.0,1.0,0.0,0.5,0.0,1.2720894799276747,0.0,0.012093899365812455,0.06918856967162218,0.0008367595988731023,0.02716768995636354,0.02716768995636354,0.10672158955765432,,,,,,,,,,,,,,,,,,,,,,,,,,,,,,,,,,,,,,,,,,,,,,,,,,,,,,,,,,,,,,,,,,,,,,,,,,,,,,,,,,,,,,,,,,,,,,,,,,,,,,,,,,,,,,,,,,,,,,,,,,,,,,,,,,,,,,,,,,,,,,,,,,,,,,,,,,,,,,,,,,,,,,,,,,,,,,,,,,,,,
A,6,ok,2.9,0bdc51d,4000.0,1.0,0.2,0.0,0.13098930362809297,0.0,0.0,0.015654417273955112,0.006857069619757416,0.0001073434291042433,0.0035061810721686015,0.0035061810721686015,0.07424498518756528,,,,,,,,,,,,,,,,,,,,,,,,,,,,,,,,,,,,,,,,,,,,,,,,,,,,,,,,,,,,,,,,,,,,,,,,,,,,,,,,,,,,,,,,,,,,,,,,,,,,,,,,,,,,,,,,,,,,,,,,,,,,,,,,,,,,,,,,,,,,,,,,,,,,,,,,,,,,,,,,,,,,,,,,,,,,,,,,,,,,,
A,6,ok,2.5,0bdc51d,4000.0,1.0,0.2,0.2,0.13098930362809297,0.5088357919710699,0.06665204605133962,0.015654417273955112,0.03265559522362559,0.0005112043139600106,0.014019358044968566,0.014019358044968566,0.0862682192476627,,,,,,,,,,,,,,,,,,,,,,,,,,,,,,,,,,,,,,,,,,,,,,,,,,,,,,,,,,,,,,,,,,,,,,,,,,,,,,,,,,,,,,,,,,,,,,,,,,,,,,,,,,,,,,,,,,,,,,,,,,,,,,,,,,,,,,,,,,,,,,,,,,,,,,,,,,,,,,,,,,,,,,,,,,,,,,,,,,,,,
A,6,ok,2.9,0bdc51d,4000.0,1.0,0.2,0.5,0.13098930362809297,1.2720894799276747,0.16663011512834905,0.015654417273955112,0.06918856967162218,0.001083106740227689,0.02978912350416829,0.02978912350416829,0.10430307033780917,,,,,,,,,,,,,,,,,,,,,,,,,,,,,,,,,,,,,,,,,,,,,,,,,,,,,,,,,,,,,,,,,,,,,,,,,,,,,,,,,,,,,,,,,,,,,,,,,,,,,,,,,,,,,,,,,,,,,,,,,,,,,,,,,,,,,,,,,,,,,,,,,,,,,,,,,,,,,,,,,,,,,,,,,,,,,,,,,,,,,
A,6,ok,2.8,0bdc51d,4000.0,1.0,0.5,0.0,0.32747325907023245,0.0,0.0,0.025981234897016287,0.006857069619757416,0.00017815513649611158,0.007238421181287258,0.007238421181287258,0.07085851681812327,,,,,,,,,,,,,,,,,,,,,,,,,,,,,,,,,,,,,,,,,,,,,,,,,,,,,,,,,,,,,,,,,,,,,,,,,,,,,,,,,,,,,,,,,,,,,,,,,,,,,,,,,,,,,,,,,,,,,,,,,,,,,,,,,,,,,,,,,,,,,,,,,,,,,,,,,,,,,,,,,,,,,,,,,,,,,,,,,,,,,
A,6,ok,2.4,0bdc51d,4000.0,1.0,0.5,0.2,0.32747325907023245,0.5088357919710699,0.16663011512834908,0.025981234897016287,0.03265559522362559,0.0008484326902068996,0.017831562239122967,0.017831562239122967,0.08278522669409027,,,,,,,,,,,,,,,,,,,,,,,,,,,,,,,,,,,,,,,,,,,,,,,,,,,,,,,,,,,,,,,,,,,,,,,,,,,,,,,,,,,,,,,,,,,,,,,,,,,,,,,,,,,,,,,,,,,,,,,,,,,,,,,,,,,,,,,,,,,,,,,,,,,,,,,,,,,,,,,,,,,,,,,,,,,,,,,,,,,,,
A,6,ok,2.4,0bdc51d,4000.0,1.0,0.5,0.5,0.32747325907023245,1.2720894799276747,0.41657528782087266,0.025981234897016287,0.06918856967162218,0.0017976044808269928,0.033721273825876086,0.033721273825876086,0.10067529150804133,,,,,,,,,,,,,,,,,,,,,,,,,,,,,,,,,,,,,,,,,,,,,,,,,,,,,,,,,,,,,,,,,,,,,,,,,,,,,,,,,,,,,,,,,,,,,,,,,,,,,,,,,,,,,,,,,,,,,,,,,,,,,,,,,,,,,,,,,,,,,,,,,,,,,,,,,,,,,,,,,,,,,,,,,,,,,,,,,,,,,
A,7,ok,2.4,0bdc51d,4000.0,1.0,0.0,0.0,0.0,0.0,0.0,0.005268618721872028,0.01766237049824333,9.305629587968498e-05,-0.004911909488892308,0.004911909488892308,0.001349980017543162,,,,,,,,,,,,,,,,,,,,,,,,,,,,,,,,,,,,,,,,,,,,,,,,,,,,,,,,,,,,,,,,,,,,,,,,,,,,,,,,,,,,,,,,,,,,,,,,,,,,,,,,,,,,,,,,,,,,,,,,,,,,,,,,,,,,,,,,,,,,,,,,,,,,,,,,,,,,,,,,,,,,,,,,,,,,,,,,,,,,,
A,7,ok,2.3,0bdc51d,4000.0,1.0,0.0,0.2,0.0,0.5073841382585306,0.0,0.005268618721872028,0.038623570096484316,0.0002034928645158739,-0.008473229106414015,0.008473229106414015,0.0038092434863947755,,,,,,,,,,,,,,,,,,,,,,,,,,,,,,,,,,,,,,,,,,,,,,,,,,,,,,,,,,,,,,,,,,,,,,,,,,,,,,,,,,,,,,,,,,,,,,,,,,,,,,,,,,,,,,,,,,,,,,,,,,,,,,,,,,,,,,,,,,,,,,,,,,,,,,,,,,,,,,,,,,,,,,,,,,,,,,,,,,,,,
A,7,ok,2.4,0bdc51d,4000.0,1.0,0.0,0.5,0.0,1.2684603456463264,0.0,0.005268618721872028,0.07369789327558326,0.00038828610027426464,-0.013815208532696577,0.013815208532696577,0.007498138689672196,,,,,,,,,,,,,,,,,,,,,,,,,,,,,,,,,,,,,,,,,,,,,,,,,,,,,,,,,,,,,,,,,,,,,,,,,,,,,,,,,,,,,,,,,,,,,,,,,,,,,,,,,,,,,,,,,,,,,,,,,,,,,,,,,,,,,,,,,,,,,,,,,,,,,,,,,,,,,,,,,,,,,,,,,,,,,,,,,,,,,
A,7,ok,3.0,0bdc51d,4000.0,1.0,0.2,0.0,0.1316559515169952,0.0,0.0,0.010759941193964048,0.01766237049824333,0.00019004606790710372,-0.012655290517544548,0.012655290517544548,0.0012543743113571093,,,,,,,,,,,,,,,,,,,,,,,,,,,,,,,,,,,,,,,,,,,,,,,,,,,,,,,,,,,,,,,,,,,,,,,,,,,,,,,,,,,,,,,,,,,,,,,,,,,,,,,,,,,,,,,,,,,,,,,,,,,,,,,,,,,,,,,,,,,,,,,,,,,,,,,,,,,,,,,,,,,,,,,,,,,,,,,,,,,,,
A,7,ok,2.9,0bdc51d,4000.0,1.0,0.2,0.2,0.1316559515169952,0.5073841382585306,0.06680014150705749,0.010759941193964048,0.038623570096484316,0.00041558734293911957,-0.01630323423952329,0.01630323423952329,0.0036522478813603154,,,,,,,,,,,,,,,,,,,,,,,,,,,,,,,,,,,,,,,,,,,,,,,,,,,,,,,,,,,,,,,,,,,,,,,,,,,,,,,,,,,,,,,,,,,,,,,,,,,,,,,,,,,,,,,,,,,,,,,,,,,,,,,,,,,,,,,,,,,,,,,,,,,,,,,,,,,,,,,,,,,,,,,,,,,,,,,,,,,,,
A,7,ok,2.7,0bdc51d,4000.0,1.0,0.2,0.5,0.1316559515169952,1.2684603456463264,0.16700035376764372,0.010759941193964048,0.07369789327558326,0.0007929849977643144,-0.021775149822492068,0.021775149822492068,0.007249058236365569,,,,,,,,,,,,,,,,,,,,,,,,,,,,,,,,,,,,,,,,,,,,,,,,,,,,,,,,,,,,,,,,,,,,,,,,,,,,,,,,,,,,,,,,,,,,,,,,,,,,,,,,,,,,,,,,,,,,,,,,,,,,,,,,,,,,,,,,,,,,,,,,,,,,,,,,,,,,,,,,,,,,,,,,,,,,,,,,,,,,,
A,7,ok,3.3,0bdc51d,4000.0,1.0,0.5,0.0,0.32913987879248796,0.0,0.0,0.023015717698316694,0.01766237049824333,0.00040651213327064565,-0.024270362060523132,0.024270362060523132,0.0011109657520782523,,,,,,,,,,,,,,,,,,,,,,,,,,,,,,,,,,,,,,,,,,,,,,,,,,,,,,,,,,,,,,,,,,,,,,,,,,,,,,,,,,,,,,,,,,,,,,,,,,,,,,,,,,,,,,,,,,,,,,,,,,,,,,,,,,,,,,,,,,,,,,,,,,,,,,,,,,,,,,,,,,,,,,,,,,,,,,,,,,,,,
A,7,ok,2.6,0bdc51d,4000.0,1.0,0.5,0.2,0.32913987879248796,0.5073841382585306,0.16700035376764372,0.023015717698316694,0.038623570096484316,0.0008889491858418295,-0.02804824193918809,0.02804824193918809,0.0034167544738090694,,,,,,,,,,,,,,,,,,,,,,,,,,,,,,,,,,,,,,,,,,,,,,,,,,,,,,,,,,,,,,,,,,,,,,,,,,,,,,,,,,,,,,,,,,,,,,,,,,,,,,,,,,,,,,,,,,,,,,,,,,,,,,,,,,,,,,,,,,,,,,,,,,,,,,,,,,,,,,,,,,,,,,,,,,,,,,,,,,,,,
A,7,ok,3.1,0bdc51d,4000.0,1.0,0.5,0.5,0.32913987879248796,1.2684603456463264,0.41750088441910926,0.023015717698316694,0.07369789327558326,0.0016962099065914967,-0.03371506175718508,0.03371506175718508,0.006875437556405517,,,,,,,,,,,,,,,,,,,,,,,,,,,,,,,,,,,,,,,,,,,,,,,,,,,,,,,,,,,,,,,,,,,,,,,,,,,,,,,,,,,,,,,,,,,,,,,,,,,,,,,,,,,,,,,,,,,,,,,,,,,,,,,,,,,,,,,,,,,,,,,,,,,,,,,,,,,,,,,,,,,,,,,,,,,,,,,,,,,,,
A,8,ok,3.0,0bdc51d,4000.0,1.0,0.0,0.0,0.0,0.0,0.0,0.01871532297430157,0.010895155392750423,0.00020390635203052762,0.13631487720529023,0.13631487720529023,-0.055246604499028296,,,,,,,,,,,,,,,,,,,,,,,,,,,,,,,,,,,,,,,,,,,,,,,,,,,,,,,,,,,,,,,,,,,,,,,,,,,,,,,,,,,,,,,,,,,,,,,,,,,,,,,,,,,,,,,,,,,,,,,,,,,,,,,,,,,,,,,,,,,,,,,,,,,,,,,,,,,,,,,,,,,,,,,,,,,,,,,,,,,,,
A,8,ok,3.8,0bdc51d,4000.0,1.0,0.0,0.2,0.0,0.5051862941604292,0.0,0.01871532297430157,0.02831687835917672,0.000529959524116003,0.14957018035240077,0.14957018035240077,-0.06531031426400014,,,,,,,,,,,,,,,,,,,,,,,,,,,,,,,,,,,,,,,,,,,,,,,,,,,,,,,,,,,,,,,,,,,,,,,,,,,,,,,,,,,,,,,,,,,,,,,,,,,,,,,,,,,,,,,,,,,,,,,,,,,,,,,,,,,,,,,,,,,,,,,,,,,,,,,,,,,,,,,,,,,,,,,,,,,,,,,,,,,,,
A,8,ok,5.2,0bdc51d,4000.0,1.0,0.0,0.5,0.0,1.262965735401073,0.0,0.01871532297430157,0.0646032594864674,0.0012090708664818492,0.1694531350730668,0.1694531350730668,-0.08040587891145745,,,,,,,,,,,,,,,,,,,,,,,,,,,,,,,,,,,,,,,,,,,,,,,,,,,,,,,,,,,,,,,,,,,,,,,,,,,,,,,,,,,,,,,,,,,,,,,,,,,,,,,,,,,,,,,,,,,,,,,,,,,,,,,,,,,,,,,,,,,,,,,,,,,,,,,,,,,,,,,,,,,,,,,,,,,,,,,,,,,,,
A,8,ok,5.0,0bdc51d,4000.0,1.0,0.2,0.0,0.132070678193905,0.0,0.0,0.023525734746029862,0.010895155392750423,0.00025631653578662327,0.12764446736497215,0.12764446736497215,-0.0518599976697558,,,,,,,,,,,,,,,,,,,,,,,,,,,,,,,,,,,,,,,,,,,,,,,,,,,,,,,,,,,,,,,,,,,,,,,,,,,,,,,,,,,,,,,,,,,,,,,,,,,,,,,,,,,,,,,,,,,,,,,,,,,,,,,,,,,,,,,,,,,,,,,,,,,,,,,,,,,,,,,,,,,,,,,,,,,,,,,,,,,,,
A,8,ok,4.8,0bdc51d,4000.0,1.0,0.2,0.2,0.132070678193905,0.5051862941604292,0.06672029648403346,0.023525734746029862,0.02831687835917672,0.0006661753691135848,0.13981224873627962,0.13981224873627962,-0.06203176760206408,,,,,,,,,,,,,,,,,,,,,,,,,,,,,,,,,,,,,,,,,,,,,,,,,,,,,,,,,,,,,,,,,,,,,,,,,,,,,,,,,,,,,,,,,,,,,,,,,,,,,,,,,,,,,,,,,,,,,,,,,,,,,,,,,,,,,,,,,,,,,,,,,,,,,,,,,,,,,,,,,,,,,,,,,,,,,,,,,,,,,
A,8,ok,4.9,0bdc51d,4000.0,1.0,0.2,0.5,0.132070678193905,1.262965735401073,0.1668007412100837,0.023525734746029862,0.0646032594864674,0.0015198391464075695,0.15806392079324194,0.15806392079324194,-0.07728942250052673,,,,,,,,,,,,,,,,,,,,,,,,,,,,,,,,,,,,,,,,,,,,,,,,,,,,,,,,,,,,,,,,,,,,,,,,,,,,,,,,,,,,,,,,,,,,,,,,,,,,,,,,,,,,,,,,,,,,,,,,,,,,,,,,,,,,,,,,,,,,,,,,,,,,,,,,,,,,,,,,,,,,,,,,,,,,,,,,,,,,,
A,8,ok,4.9,0bdc51d,4000.0,1.0,0.5,0.0,0.3301766954847625,0.0,0.0,0.0340066494657481,0.010895155392750423,0.0003705077303161187,0.11463885260449391,0.11463885260449391,-0.04678008742584727,,,,,,,,,,,,,,,,,,,,,,,,,,,,,,,,,,,,,,,,,,,,,,,,,,,,,,,,,,,,,,,,,,,,,,,,,,,,,,,,,,,,,,,,,,,,,,,,,,,,,,,,,,,,,,,,,,,,,,,,,,,,,,,,,,,,,,,,,,,,,,,,,,,,,,,,,,,,,,,,,,,,,,,,,,,,,,,,,,,,,
A,8,ok,5.0,0bdc51d,4000.0,1.0,0.5,0.2,0.3301766954847625,0.5051862941604292,0.16680074121008365,0.0340066494657481,0.02831687835917672,0.0009629621563247509,0.12517535131209856,0.12517535131209856,-0.057113947609160665,,,,,,,,,,,,,,,,,,,,,,,,,,,,,,,,,,,,,,,,,,,,,,,,,,,,,,,,,,,,,,,,,,,,,,,,,,,,,,,,,,,,,,,,,,,,,,,,,,,,,,,,,,,,,,,,,,,,,,,,,,,,,,,,,,,,,,,,,,,,,,,,,,,,,,,,,,,,,,,,,,,,,,,,,,,,,,,,,,,,,
A,8,ok,5.0,0bdc51d,4000.0,1.0,0.5,0.5,0.3301766954847625,1.262965735401073,0.4170018530252092,0.0340066494657481,0.0646032594864674,0.0021969403997010627,0.1409800993735053,0.1409800993735053,-0.07261473788413042,,,,,,,,,,,,,,,,,,,,,,,,,,,,,,,,,,,,,,,,,,,,,,,,,,,,,,,,,,,,,,,,,,,,,,,,,,,,,,,,,,,,,,,,,,,,,,,,,,,,,,,,,,,,,,,,,,,,,,,,,,,,,,,,,,,,,,,,,,,,,,,,,,,,,,,,,,,,,,,,,,,,,,,,,,,,,,,,,,,,,
A,9,ok,4.3,0bdc51d,4000.0,1.0,0.0,0.0,0.0,0.0,0.0,0.009425256146185024,0.00867066017358537,8.172319309256722e-05,-0.12023729124647442,0.12023729124647442,0.03903840705531225,,,,,,,,,,,,,,,,,,,,,,,,,,,,,,,,,,,,,,,,,,,,,,,,,,,,,,,,,,,,,,,,,,,,,,,,,,,,,,,,,,,,,,,,,,,,,,,,,,,,,,,,,,,,,,,,,,,,,,,,,,,,,,,,,,,,,,,,,,,,,,,,,,,,,,,,,,,,,,,,,,,,,,,,,,,,,,,,,,,,,
A,9,ok,5.2,0bdc51d,4000.0,1.0,0.0,0.2,0.0,0.5072073505843315,0.0,0.009425256146185024,0.035876792546511646,0.00033814795945441393,-0.1294045650827398,0.1294045650827398,0.04380369690459829,,,,,,,,,,,,,,,,,,,,,,,,,,,,,,,,,,,,,,,,,,,,,,,,,,,,,,,,,,,,,,,,,,,,,,,,,,,,,,,,,,,,,,,,,,,,,,,,,,,,,,,,,,,,,,,,,,,,,,,,,,,,,,,,,,,,,,,,,,,,,,,,,,,,,,,,,,,,,,,,,,,,,,,,,,,,,,,,,,,,,
A,9,ok,4.4,0bdc51d,4000.0,1.0,0.0,0.5,0.0,1.2680183764608288,0.0,0.009425256146185024,0.07136730045740808,0.0006726550872728187,-0.14315547583713806,0.14315547583713806,0.050951631678527676,,,,,,,,,,,,,,,,,,,,,,,,,,,,,,,,,,,,,,,,,,,,,,,,,,,,,,,,,,,,,,,,,,,,,,,,,,,,,,,,,,,,,,,,,,,,,,,,,,,,,,,,,,,,,,,,,,,,,,,,,,,,,,,,,,,,,,,,,,,,,,,,,,,,,,,,,,,,,,,,,,,,,,,,,,,,,,,,,,,,,
A,9,ok,5.4,0bdc51d,4000.0,1.0,0.2,0.0,0.13085769994018862,0.0,0.0,0.01159229038794695,0.00867066017358537,0.00010051281058740812,-0.1223859607939628,0.1223859607939628,0.03794524020045276,,,,,,,,,,,,,,,,,,,,,,,,,,,,,,,,,,,,,,,,,,,,,,,,,,,,,,,,,,,,,,,,,,,,,,,,,,,,,,,,,,,,,,,,,,,,,,,,,,,,,,,,,,,,,,,,,,,,,,,,,,,,,,,,,,,,,,,,,,,,,,,,,,,,,,,,,,,,,,,,,,,,,,,,,,,,,,,,,,,,,
A,9,ok,5.3,0bdc51d,4000.0,1.0,0.2,0.2,0.13085769994018862,0.5072073505843315,0.0663719872902225,0.01159229038794695,0.035876792546511646,0.0004158941973872937,-0.13179408988618668,0.13179408988618668,0.041773852388085286,,,,,,,,,,,,,,,,,,,,,,,,,,,,,,,,,,,,,,,,,,,,,,,,,,,,,,,,,,,,,,,,,,,,,,,,,,,,,,,,,,,,,,,,,,,,,,,,,,,,,,,,,,,,,,,,,,,,,,,,,,,,,,,,,,,,,,,,,,,,,,,,,,,,,,,,,,,,,,,,,,,,,,,,,,,,,,,,,,,,,
A,9,ok,5.1,0bdc51d,4000.0,1.0,0.2,0.5,0.13085769994018862,1.2680183764608288,0.16592996822555625,0.01159229038794695,0.07136730045740808,0.0008273104711061336,-0.14590628352452195,0.14590628352452195,0.04751677066953364,,,,,,,,,,,,,,,,,,,,,,,,,,,,,,,,,,,,,,,,,,,,,,,,,,,,,,,,,,,,,,,,,,,,,,,,,,,,,,,,,,,,,,,,,,,,,,,,,,,,,,,,,,,,,,,,,,,,,,,,,,,,,,,,,,,,,,,,,,,,,,,,,,,,,,,,,,,,,,,,,,,,,,,,,,,,,,,,,,,,,
A,9,ok,4.9,0bdc51d,4000.0,1.0,0.5,0.0,0.3271442498504715,0.0,0.0,0.02236807408714501,0.00867066017358537,0.0001939459691472152,-0.12560896511519548,0.12560896511519548,0.036305489918163625,,,,,,,,,,,,,,,,,,,,,,,,,,,,,,,,,,,,,,,,,,,,,,,,,,,,,,,,,,,,,,,,,,,,,,,,,,,,,,,,,,,,,,,,,,,,,,,,,,,,,,,,,,,,,,,,,,,,,,,,,,,,,,,,,,,,,,,,,,,,,,,,,,,,,,,,,,,,,,,,,,,,,,,,,,,,,,,,,,,,,
A,9,ok,5.1,0bdc51d,4000.0,1.0,0.5,0.2,0.3271442498504715,0.5072073505843315,0.16592996822555625,0.02236807408714501,0.035876792546511646,0.0008024947536895044,-0.13537837709135636,0.13537837709135636,0.03872908561331534,,,,,,,,,,,,,,,,,,,,,,,,,,,,,,,,,,,,,,,,,,,,,,,,,,,,,,,,,,,,,,,,,,,,,,,,,,,,,,,,,,,,,,,,,,,,,,,,,,,,,,,,,,,,,,,,,,,,,,,,,,,,,,,,,,,,,,,,,,,,,,,,,,,,,,,,,,,,,,,,,,,,,,,,,,,,,,,,,,,,,
A,9,ok,3.8,0bdc51d,4000.0,1.0,0.5,0.5,0.3271442498504715,1.2680183764608288,0.41482492056389064,0.02236807408714501,0.07136730045740808,0.001596349064030842,-0.15003249505559757,0.15003249505559757,0.042364479156042245,,,,,,,,,,,,,,,,,,,,,,,,,,,,,,,,,,,,,,,,,,,,,,,,,,,,,,,,,,,,,,,,,,,,,,,,,,,,,,,,,,,,,,,,,,,,,,,,,,,,,,,,,,,,,,,,,,,,,,,,,,,,,,,,,,,,,,,,,,,,,,,,,,,,,,,,,,,,,,,,,,,,,,,,,,,,,,,,,,,,,
A,10,ok,3.9,0bdc51d,4000.0,1.0,0.0,0.0,0.0,0.0,0.0,0.006900659300566936,0.011548598171406816,7.969294138002875e-05,-0.13570941317677176,0.13570941317677176,-0.034095870946847295,,,,,,,,,,,,,,,,,,,,,,,,,,,,,,,,,,,,,,,,,,,,,,,,,,,,,,,,,,,,,,,,,,,,,,,,,,,,,,,,,,,,,,,,,,,,,,,,,,,,,,,,,,,,,,,,,,,,,,,,,,,,,,,,,,,,,,,,,,,,,,,,,,,,,,,,,,,,,,,,,,,,,,,,,,,,,,,,,,,,,
A,10,ok,3.2,0bdc51d,4000.0,1.0,0.0,0.2,0.0,0.507750245856932,0.0,0.006900659300566936,0.03471916595765319,0.00023958513547360643,-0.14690367215744127,0.14690367215744127,-0.03489626777337873,,,,,,,,,,,,,,,,,,,,,,,,,,,,,,,,,,,,,,,,,,,,,,,,,,,,,,,,,,,,,,,,,,,,,,,,,,,,,,,,,,,,,,,,,,,,,,,,,,,,,,,,,,,,,,,,,,,,,,,,,,,,,,,,,,,,,,,,,,,,,,,,,,,,,,,,,,,,,,,,,,,,,,,,,,,,,,,,,,,,,
A,10,ok,3.4,0bdc51d,4000.0,1.0,0.0,0.5,0.0,1.2693756146423298,0.0,0.006900659300566936,0.07086657609767251,0.0004890260974477383,-0.1636950606284453,0.1636950606284453,-0.03609686301317605,,,,,,,,,,,,,,,,,,,,,,,,,,,,,,,,,,,,,,,,,,,,,,,,,,,,,,,,,,,,,,,,,,,,,,,,,,,,,,,,,,,,,,,,,,,,,,,,,,,,,,,,,,,,,,,,,,,,,,,,,,,,,,,,,,,,,,,,,,,,,,,,,,,,,,,,,,,,,,,,,,,,,,,,,,,,,,,,,,,,,
A,10,ok,3.4,0bdc51d,4000.0,1.0,0.2,0.0,0.13044077313708297,0.0,0.0,0.011732965419182548,0.011548598171406816,0.000135499302985151,-0.13708706531747006,0.13708706531747006,-0.03376073341889696,,,,,,,,,,,,,,,,,,,,,,,,,,,,,,,,,,,,,,,,,,,,,,,,,,,,,,,,,,,,,,,,,,,,,,,,,,,,,,,,,,,,,,,,,,,,,,,,,,,,,,,,,,,,,,,,,,,,,,,,,,,,,,,,,,,,,,,,,,,,,,,,,,,,,,,,,,,,,,,,,,,,,,,,,,,,,,,,,,,,,
A,10,ok,2.8,0bdc51d,4000.0,1.0,0.2,0.2,0.13044077313708297,0.507750245856932,0.06623133463012217,0.011732965419182548,0.03471916595765319,0.0004073587735640048,-0.14925935090635178,0.14925935090635178,-0.034204287607351946,,,,,,,,,,,,,,,,,,,,,,,,,,,,,,,,,,,,,,,,,,,,,,,,,,,,,,,,,,,,,,,,,,,,,,,,,,,,,,,,,,,,,,,,,,,,,,,,,,,,,,,,,,,,,,,,,,,,,,,,,,,,,,,,,,,,,,,,,,,,,,,,,,,,,,,,,,,,,,,,,,,,,,,,,,,,,,,,,,,,,
A,10,ok,2.8,0bdc51d,4000.0,1.0,0.2,0.5,0.13044077313708297,1.2693756146423298,0.1655783365753054,0.011732965419182548,0.07086657609767251,0.0008314750867298601,-0.1675177792896747,0.1675177792896747,-0.03486961889003415,,,,,,,,,,,,,,,,,,,,,,,,,,,,,,,,,,,,,,,,,,,,,,,,,,,,,,,,,,,,,,,,,,,,,,,,,,,,,,,,,,,,,,,,,,,,,,,,,,,,,,,,,,,,,,,,,,,,,,,,,,,,,,,,,,,,,,,,,,,,,,,,,,,,,,,,,,,,,,,,,,,,,,,,,,,,,,,,,,,,,
A,10,ok,2.7,0bdc51d,4000.0,1.0,0.5,0.0,0.3261019328427074,0.0,0.0,0.02383578725888054,0.011548598171406816,0.0002752699291519497,-0.13915354352851717,0.13915354352851717,-0.03325802712697179,,,,,,,,,,,,,,,,,,,,,,,,,,,,,,,,,,,,,,,,,,,,,,,,,,,,,,,,,,,,,,,,,,,,,,,,,,,,,,,,,,,,,,,,,,,,,,,,,,,,,,,,,,,,,,,,,,,,,,,,,,,,,,,,,,,,,,,,,,,,,,,,,,,,,,,,,,,,,,,,,,,,,,,,,,,,,,,,,,,,,
A,10,ok,2.4,0bdc51d,4000.0,1.0,0.5,0.2,0.3261019328427074,0.507750245856932,0.16557833657530538,0.02383578725888054,0.03471916595765319,0.0008275586535723889,-0.152792869029718,0.152792869029718,-0.03316631735831177,,,,,,,,,,,,,,,,,,,,,,,,,,,,,,,,,,,,,,,,,,,,,,,,,,,,,,,,,,,,,,,,,,,,,,,,,,,,,,,,,,,,,,,,,,,,,,,,,,,,,,,,,,,,,,,,,,,,,,,,,,,,,,,,,,,,,,,,,,,,,,,,,,,,,,,,,,,,,,,,,,,,,,,,,,,,,,,,,,,,,
A,10,ok,2.2,0bdc51d,4000.0,1.0,0.5,0.5,0.3261019328427074,1.2693756146423298,0.41394584143826346,0.02383578725888054,0.07086657609767251,0.0016891606316293906,-0.17325185728151937,0.17325185728151937,-0.03302875270532146,,,,,,,,,,,,,,,,,,,,,,,,,,,,,,,,,,,,,,,,,,,,,,,,,,,,,,,,,,,,,,,,,,,,,,,,,,,,,,,,,,,,,,,,,,,,,,,,,,,,,,,,,,,,,,,,,,,,,,,,,,,,,,,,,,,,,,,,,,,,,,,,,,,,,,,,,,,,,,,,,,,,,,,,,,,,,,,,,,,,,
A,11,ok,2.2,0bdc51d,4000.0,1.0,0.0,0.0,0.0,0.0,0.0,0.007276056750366886,0.007678492176205597,5.5869144831320056e-05,0.023295680070178015,0.023295680070178015,0.035622017209363754,,,,,,,,,,,,,,,,,,,,,,,,,,,,,,,,,,,,,,,,,,,,,,,,,,,,,,,,,,,,,,,,,,,,,,,,,,,,,,,,,,,,,,,,,,,,,,,,,,,,,,,,,,,,,,,,,,,,,,,,,,,,,,,,,,,,,,,,,,,,,,,,,,,,,,,,,,,,,,,,,,,,,,,,,,,,,,,,,,,,,
A,11,ok,2.2,0bdc51d,4000.0,1.0,0.0,0.2,0.0,0.5120305962590594,0.0,0.007276056750366886,0.036403679653129364,0.0002648752390783456,0.019143937418321766,0.019143937418321766,0.036422530640846995,,,,,,,,,,,,,,,,,,,,,,,,,,,,,,,,,,,,,,,,,,,,,,,,,,,,,,,,,,,,,,,,,,,,,,,,,,,,,,,,,,,,,,,,,,,,,,,,,,,,,,,,,,,,,,,,,,,,,,,,,,,,,,,,,,,,,,,,,,,,,,,,,,,,,,,,,,,,,,,,,,,,,,,,,,,,,,,,,,,,,
A,11,ok,2.3,0bdc51d,4000.0,1.0,0.0,0.5,0.0,1.2800764906476487,0.0,0.007276056750366886,0.0720692914535116,0.0005243802545744816,0.012916323440536726,0.012916323440536726,0.03762330078807219,,,,,,,,,,,,,,,,,,,,,,,,,,,,,,,,,,,,,,,,,,,,,,,,,,,,,,,,,,,,,,,,,,,,,,,,,,,,,,,,,,,,,,,,,,,,,,,,,,,,,,,,,,,,,,,,,,,,,,,,,,,,,,,,,,,,,,,,,,,,,,,,,,,,,,,,,,,,,,,,,,,,,,,,,,,,,,,,,,,,,
A,11,ok,2.3,0bdc51d,4000.0,1.0,0.2,0.0,0.1314618944656189,0.0,0.0,0.012767711937598793,0.007678492176205597,9.803677622089914e-05,0.018905660827826853,0.018905660827826853,0.034361643770733474,,,,,,,,,,,,,,,,,,,,,,,,,,,,,,,,,,,,,,,,,,,,,,,,,,,,,,,,,,,,,,,,,,,,,,,,,,,,,,,,,,,,,,,,,,,,,,,,,,,,,,,,,,,,,,,,,,,,,,,,,,,,,,,,,,,,,,,,,,,,,,,,,,,,,,,,,,,,,,,,,,,,,,,,,,,,,,,,,,,,,
A,11,ok,2.3,0bdc51d,4000.0,1.0,0.2,0.2,0.1314618944656189,0.5120305962590594,0.0673125122085764,0.012767711937598793,0.036403679653129364,0.0004647916952797821,0.014267120159307645,0.014267120159307645,0.0353043545770555,,,,,,,,,,,,,,,,,,,,,,,,,,,,,,,,,,,,,,,,,,,,,,,,,,,,,,,,,,,,,,,,,,,,,,,,,,,,,,,,,,,,,,,,,,,,,,,,,,,,,,,,,,,,,,,,,,,,,,,,,,,,,,,,,,,,,,,,,,,,,,,,,,,,,,,,,,,,,,,,,,,,,,,,,,,,,,,,,,,,,
A,11,ok,2.3,0bdc51d,4000.0,1.0,0.2,0.5,0.1314618944656189,1.2800764906476487,0.168281280521441,0.012767711937598793,0.0720692914535116,0.0009201599528252867,0.007309309156527721,0.007309309156527721,0.03671842078653853,,,,,,,,,,,,,,,,,,,,,,,,,,,,,,,,,,,,,,,,,,,,,,,,,,,,,,,,,,,,,,,,,,,,,,,,,,,,,,,,,,,,,,,,,,,,,,,,,,,,,,,,,,,,,,,,,,,,,,,,,,,,,,,,,,,,,,,,,,,,,,,,,,,,,,,,,,,,,,,,,,,,,,,,,,,,,,,,,,,,,
A,11,ok,2.3,0bdc51d,4000.0,1.0,0.5,0.0,0.3286547361640473,0.0,0.0,0.024929893923789005,0.007678492176205597,0.00019142399544744932,0.012320631964299888,0.012320631964299888,0.03247108361278794,,,,,,,,,,,,,,,,,,,,,,,,,,,,,,,,,,,,,,,,,,,,,,,,,,,,,,,,,,,,,,,,,,,,,,,,,,,,,,,,,,,,,,,,,,,,,,,,,,,,,,,,,,,,,,,,,,,,,,,,,,,,,,,,,,,,,,,,,,,,,,,,,,,,,,,,,,,,,,,,,,,,,,,,,,,,,,,,,,,,,
A,11,ok,2.6,0bdc51d,4000.0,1.0,0.5,0.2,0.3286547361640473,0.5120305962590594,0.168281280521441,0.024929893923789005,0.036403679653129364,0.0009075398721881112,0.006951894270785797,0.006951894270785797,0.033627090481367805,,,,,,,,,,,,,,,,,,,,,,,,,,,,,,,,,,,,,,,,,,,,,,,,,,,,,,,,,,,,,,,,,,,,,,,,,,,,,,,,,,,,,,,,,,,,,,,,,,,,,,,,,,,,,,,,,,,,,,,,,,,,,,,,,,,,,,,,,,,,,,,,,,,,,,,,,,,,,,,,,,,,,,,,,,,,,,,,,,,,,
A,11,ok,2.5,0bdc51d,4000.0,1.0,0.5,0.5,0.3286547361640473,1.2800764906476487,0.4207032013036025,0.024929893923789005,0.0720692914535116,0.0017966797910986777,-0.001101212269485119,0.001101212269485119,0.03536110078423804,,,,,,,,,,,,,,,,,,,,,,,,,,,,,,,,,,,,,,,,,,,,,,,,,,,,,,,,,,,,,,,,,,,,,,,,,,,,,,,,,,,,,,,,,,,,,,,,,,,,,,,,,,,,,,,,,,,,,,,,,,,,,,,,,,,,,,,,,,,,,,,,,,,,,,,,,,,,,,,,,,,,,,,,,,,,,,,,,,,,,
A,12,ok,2.6,0bdc51d,4000.0,1.0,0.0,0.0,0.0,0.0,0.0,0.00740522978802075,0.009517246252911192,7.047739545198683e-05,0.10162840943870588,0.10162840943870588,-0.01763574026027226,,,,,,,,,,,,,,,,,,,,,,,,,,,,,,,,,,,,,,,,,,,,,,,,,,,,,,,,,,,,,,,,,,,,,,,,,,,,,,,,,,,,,,,,,,,,,,,,,,,,,,,,,,,,,,,,,,,,,,,,,,,,,,,,,,,,,,,,,,,,,,,,,,,,,,,,,,,,,,,,,,,,,,,,,,,,,,,,,,,,,
A,12,ok,2.7,0bdc51d,4000.0,1.0,0.0,0.2,0.0,0.5114910381922614,0.0,0.00740522978802075,0.027837880395270694,0.0002061459011384174,0.10704700610403517,0.10704700610403517,-0.021222784636358627,,,,,,,,,,,,,,,,,,,,,,,,,,,,,,,,,,,,,,,,,,,,,,,,,,,,,,,,,,,,,,,,,,,,,,,,,,,,,,,,,,,,,,,,,,,,,,,,,,,,,,,,,,,,,,,,,,,,,,,,,,,,,,,,,,,,,,,,,,,,,,,,,,,,,,,,,,,,,,,,,,,,,,,,,,,,,,,,,,,,,
A,12,ok,3.5,0bdc51d,4000.0,1.0,0.0,0.5,0.0,1.2787275954806536,0.0,0.00740522978802075,0.0643910214098097,0.0004768303098250047,0.1151749011020291,0.1151749011020291,-0.02660335120048818,,,,,,,,,,,,,,,,,,,,,,,,,,,,,,,,,,,,,,,,,,,,,,,,,,,,,,,,,,,,,,,,,,,,,,,,,,,,,,,,,,,,,,,,,,,,,,,,,,,,,,,,,,,,,,,,,,,,,,,,,,,,,,,,,,,,,,,,,,,,,,,,,,,,,,,,,,,,,,,,,,,,,,,,,,,,,,,,,,,,,
A,12,ok,3.4,0bdc51d,4000.0,1.0,0.2,0.0,0.1319041482680308,0.0,0.0,0.013524096349519784,0.009517246252911192,0.0001287121553064771,0.0940552513790065,0.0940552513790065,-0.015217603393465895,,,,,,,,,,,,,,,,,,,,,,,,,,,,,,,,,,,,,,,,,,,,,,,,,,,,,,,,,,,,,,,,,,,,,,,,,,,,,,,,,,,,,,,,,,,,,,,,,,,,,,,,,,,,,,,,,,,,,,,,,,,,,,,,,,,,,,,,,,,,,,,,,,,,,,,,,,,,,,,,,,,,,,,,,,,,,,,,,,,,,
A,12,ok,2.7,0bdc51d,4000.0,1.0,0.2,0.2,0.1319041482680308,0.5114910381922614,0.06746778973948105,0.013524096349519784,0.027837880395270694,0.00037648217663204875,0.09849899340711277,0.09849899340711277,-0.01904545984431172,,,,,,,,,,,,,,,,,,,,,,,,,,,,,,,,,,,,,,,,,,,,,,,,,,,,,,,,,,,,,,,,,,,,,,,,,,,,,,,,,,,,,,,,,,,,,,,,,,,,,,,,,,,,,,,,,,,,,,,,,,,,,,,,,,,,,,,,,,,,,,,,,,,,,,,,,,,,,,,,,,,,,,,,,,,,,,,,,,,,,
A,12,ok,3.2,0bdc51d,4000.0,1.0,0.2,0.5,0.1319041482680308,1.2787275954806536,0.16866947434870264,0.013524096349519784,0.0643910214098097,0.0008708303775902577,0.10516460644927239,0.10516460644927239,-0.024787244520580565,,,,,,,,,,,,,,,,,,,,,,,,,,,,,,,,,,,,,,,,,,,,,,,,,,,,,,,,,,,,,,,,,,,,,,,,,,,,,,,,,,,,,,,,,,,,,,,,,,,,,,,,,,,,,,,,,,,,,,,,,,,,,,,,,,,,,,,,,,,,,,,,,,,,,,,,,,,,,,,,,,,,,,,,,,,,,,,,,,,,,
A,12,ok,4.4,0bdc51d,4000.0,1.0,0.5,0.0,0.3297603706700769,0.0,0.0,0.025601617160105346,0.009517246252911192,0.00024365689498547947,0.08269551428945743,0.08269551428945743,-0.011590398093256349,,,,,,,,,,,,,,,,,,,,,,,,,,,,,,,,,,,,,,,,,,,,,,,,,,,,,,,,,,,,,,,,,,,,,,,,,,,,,,,,,,,,,,,,,,,,,,,,,,,,,,,,,,,,,,,,,,,,,,,,,,,,,,,,,,,,,,,,,,,,,,,,,,,,,,,,,,,,,,,,,,,,,,,,,,,,,,,,,,,,,
A,12,ok,5.1,0bdc51d,4000.0,1.0,0.5,0.2,0.3297603706700769,0.5114910381922614,0.16866947434870258,0.025601617160105346,0.027837880395270694,0.0007126947564285224,0.08567697436172894,0.08567697436172894,-0.015779472656241467,,,,,,,,,,,,,,,,,,,,,,,,,,,,,,,,,,,,,,,,,,,,,,,,,,,,,,,,,,,,,,,,,,,,,,,,,,,,,,,,,,,,,,,,,,,,,,,,,,,,,,,,,,,,,,,,,,,,,,,,,,,,,,,,,,,,,,,,,,,,,,,,,,,,,,,,,,,,,,,,,,,,,,,,,,,,,,,,,,,,,
A,12,ok,4.9,0bdc51d,4000.0,1.0,0.5,0.5,0.3297603706700769,1.2787275954806536,0.4216736858717565,0.025601617160105346,0.0643910214098097,0.001648514278682095,0.09014916447013643,0.09014916447013643,-0.02206308450071881,,,,,,,,,,,,,,,,,,,,,,,,,,,,,,,,,,,,,,,,,,,,,,,,,,,,,,,,,,,,,,,,,,,,,,,,,,,,,,,,,,,,,,,,,,,,,,,,,,,,,,,,,,,,,,,,,,,,,,,,,,,,,,,,,,,,,,,,,,,,,,,,,,,,,,,,,,,,,,,,,,,,,,,,,,,,,,,,,,,,,
A,13,ok,4.2,0bdc51d,4000.0,1.0,0.0,0.0,0.0,0.0,0.0,0.007406887466869993,0.012730350077275087,9.42922704362363e-05,0.05311960582685282,0.05311960582685282,-0.0026811099778953906,,,,,,,,,,,,,,,,,,,,,,,,,,,,,,,,,,,,,,,,,,,,,,,,,,,,,,,,,,,,,,,,,,,,,,,,,,,,,,,,,,,,,,,,,,,,,,,,,,,,,,,,,,,,,,,,,,,,,,,,,,,,,,,,,,,,,,,,,,,,,,,,,,,,,,,,,,,,,,,,,,,,,,,,,,,,,,,,,,,,,
A,13,ok,4.9,0bdc51d,4000.0,1.0,0.0,0.2,0.0,0.5034111745210227,0.0,0.007406887466869993,0.03957154615083092,0.0002931019892292571,0.06213524134998982,0.06213524134998982,-0.0024622557195173034,,,,,,,,,,,,,,,,,,,,,,,,,,,,,,,,,,,,,,,,,,,,,,,,,,,,,,,,,,,,,,,,,,,,,,,,,,,,,,,,,,,,,,,,,,,,,,,,,,,,,,,,,,,,,,,,,,,,,,,,,,,,,,,,,,,,,,,,,,,,,,,,,,,,,,,,,,,,,,,,,,,,,,,,,,,,,,,,,,,,,
A,13,ok,4.5,0bdc51d,4000.0,1.0,0.0,0.5,0.0,1.2585279363025568,0.0,0.007406887466869993,0.07497140882463417,0.0005553047883967693,0.07565869463469488,0.07565869463469488,-0.0021339743319506166,,,,,,,,,,,,,,,,,,,,,,,,,,,,,,,,,,,,,,,,,,,,,,,,,,,,,,,,,,,,,,,,,,,,,,,,,,,,,,,,,,,,,,,,,,,,,,,,,,,,,,,,,,,,,,,,,,,,,,,,,,,,,,,,,,,,,,,,,,,,,,,,,,,,,,,,,,,,,,,,,,,,,,,,,,,,,,,,,,,,,
A,13,ok,4.8,0bdc51d,4000.0,1.0,0.2,0.0,0.13254020193538574,0.0,0.0,0.010702138516884344,0.012730350077275087,0.0001362419698954273,0.05327689520640533,0.05327689520640533,0.0010445910219789578,,,,,,,,,,,,,,,,,,,,,,,,,,,,,,,,,,,,,,,,,,,,,,,,,,,,,,,,,,,,,,,,,,,,,,,,,,,,,,,,,,,,,,,,,,,,,,,,,,,,,,,,,,,,,,,,,,,,,,,,,,,,,,,,,,,,,,,,,,,,,,,,,,,,,,,,,,,,,,,,,,,,,,,,,,,,,,,,,,,,,
A,13,ok,5.5,0bdc51d,4000.0,1.0,0.2,0.2,0.13254020193538574,0.5034111745210227,0.06672221872754606,0.010702138516884344,0.03957154615083092,0.000423500168233474,0.06126836084479681,0.06126836084479681,0.001613710702039306,,,,,,,,,,,,,,,,,,,,,,,,,,,,,,,,,,,,,,,,,,,,,,,,,,,,,,,,,,,,,,,,,,,,,,,,,,,,,,,,,,,,,,,,,,,,,,,,,,,,,,,,,,,,,,,,,,,,,,,,,,,,,,,,,,,,,,,,,,,,,,,,,,,,,,,,,,,,,,,,,,,,,,,,,,,,,,,,,,,,,
A,13,ok,5.2,0bdc51d,4000.0,1.0,0.2,0.5,0.13254020193538574,1.2585279363025568,0.16680554681886514,0.010702138516884344,0.07497140882463417,0.0008023544020472001,0.07325555930238448,0.07325555930238448,0.0024673902221299393,,,,,,,,,,,,,,,,,,,,,,,,,,,,,,,,,,,,,,,,,,,,,,,,,,,,,,,,,,,,,,,,,,,,,,,,,,,,,,,,,,,,,,,,,,,,,,,,,,,,,,,,,,,,,,,,,,,,,,,,,,,,,,,,,,,,,,,,,,,,,,,,,,,,,,,,,,,,,,,,,,,,,,,,,,,,,,,,,,,,,
A,13,ok,5.1,0bdc51d,4000.0,1.0,0.5,0.0,0.33135050483846434,0.0,0.0,0.022483304526725433,0.012730350077275087,0.0002862203375191984,0.053512829275732976,0.053512829275732976,0.006633142521790258,,,,,,,,,,,,,,,,,,,,,,,,,,,,,,,,,,,,,,,,,,,,,,,,,,,,,,,,,,,,,,,,,,,,,,,,,,,,,,,,,,,,,,,,,,,,,,,,,,,,,,,,,,,,,,,,,,,,,,,,,,,,,,,,,,,,,,,,,,,,,,,,,,,,,,,,,,,,,,,,,,,,,,,,,,,,,,,,,,,,,
A,13,ok,5.2,0bdc51d,4000.0,1.0,0.5,0.2,0.33135050483846434,0.5034111745210227,0.16680554681886514,0.022483304526725433,0.03957154615083092,0.0008896991227025012,0.05996804008700751,0.05996804008700751,0.007727660334374331,,,,,,,,,,,,,,,,,,,,,,,,,,,,,,,,,,,,,,,,,,,,,,,,,,,,,,,,,,,,,,,,,,,,,,,,,,,,,,,,,,,,,,,,,,,,,,,,,,,,,,,,,,,,,,,,,,,,,,,,,,,,,,,,,,,,,,,,,,,,,,,,,,,,,,,,,,,,,,,,,,,,,,,,,,,,,,,,,,,,,
A,13,ok,5.3,0bdc51d,4000.0,1.0,0.5,0.5,0.33135050483846434,1.2585279363025568,0.41701386704716287,0.022483304526725433,0.07497140882463417,0.0016856050154018805,0.06965085630391865,0.06965085630391865,0.00936943705325044,,,,,,,,,,,,,,,,,,,,,,,,,,,,,,,,,,,,,,,,,,,,,,,,,,,,,,,,,,,,,,,,,,,,,,,,,,,,,,,,,,,,,,,,,,,,,,,,,,,,,,,,,,,,,,,,,,,,,,,,,,,,,,,,,,,,,,,,,,,,,,,,,,,,,,,,,,,,,,,,,,,,,,,,,,,,,,,,,,,,,
A,14,ok,4.5,0bdc51d,4000.0,1.0,0.0,0.0,0.0,0.0,0.0,0.007224444441842012,0.01368888453579259,9.889458579962383e-05,0.010878013556159694,0.010878013556159694,0.01317115493928056,,,,,,,,,,,,,,,,,,,,,,,,,,,,,,,,,,,,,,,,,,,,,,,,,,,,,,,,,,,,,,,,,,,,,,,,,,,,,,,,,,,,,,,,,,,,,,,,,,,,,,,,,,,,,,,,,,,,,,,,,,,,,,,,,,,,,,,,,,,,,,,,,,,,,,,,,,,,,,,,,,,,,,,,,,,,,,,,,,,,,
A,14,ok,5.0,0bdc51d,4000.0,1.0,0.0,0.2,0.0,0.5146196351132329,0.0,0.007224444441842012,0.04015372990359134,0.00029008839082122584,0.008131602419121808,0.008131602419121808,0.018435406361052564,,,,,,,,,,,,,,,,,,,,,,,,,,,,,,,,,,,,,,,,,,,,,,,,,,,,,,,,,,,,,,,,,,,,,,,,,,,,,,,,,,,,,,,,,,,,,,,,,,,,,,,,,,,,,,,,,,,,,,,,,,,,,,,,,,,,,,,,,,,,,,,,,,,,,,,,,,,,,,,,,,,,,,,,,,,,,,,,,,,,,
A,14,ok,4.8,0bdc51d,4000.0,1.0,0.0,0.5,0.0,1.2865490877830823,0.0,0.007224444441842012,0.07630727459022763,0.0005512776657854822,0.004011985713565647,0.004011985713565647,0.02633178349371046,,,,,,,,,,,,,,,,,,,,,,,,,,,,,,,,,,,,,,,,,,,,,,,,,,,,,,,,,,,,,,,,,,,,,,,,,,,,,,,,,,,,,,,,,,,,,,,,,,,,,,,,,,,,,,,,,,,,,,,,,,,,,,,,,,,,,,,,,,,,,,,,,,,,,,,,,,,,,,,,,,,,,,,,,,,,,,,,,,,,,
A,14,ok,3.9,0bdc51d,4000.0,1.0,0.2,0.0,0.1325574726236255,0.0,0.0,0.01152942557765537,0.01368888453579259,0.00015782497549653813,0.015969371662793108,0.015969371662793108,0.01834354968684382,,,,,,,,,,,,,,,,,,,,,,,,,,,,,,,,,,,,,,,,,,,,,,,,,,,,,,,,,,,,,,,,,,,,,,,,,,,,,,,,,,,,,,,,,,,,,,,,,,,,,,,,,,,,,,,,,,,,,,,,,,,,,,,,,,,,,,,,,,,,,,,,,,,,,,,,,,,,,,,,,,,,,,,,,,,,,,,,,,,,,
A,14,ok,4.5,0bdc51d,4000.0,1.0,0.2,0.2,0.1325574726236255,0.5146196351132329,0.06821667819310252,0.01152942557765537,0.04015372990359134,0.00046294944058873134,0.013269766139034633,0.013269766139034633,0.025006517438095566,,,,,,,,,,,,,,,,,,,,,,,,,,,,,,,,,,,,,,,,,,,,,,,,,,,,,,,,,,,,,,,,,,,,,,,,,,,,,,,,,,,,,,,,,,,,,,,,,,,,,,,,,,,,,,,,,,,,,,,,,,,,,,,,,,,,,,,,,,,,,,,,,,,,,,,,,,,,,,,,,,,,,,,,,,,,,,,,,,,,,
A,14,ok,4.2,0bdc51d,4000.0,1.0,0.2,0.5,0.1325574726236255,1.2865490877830823,0.17054169548275627,0.01152942557765537,0.07630727459022763,0.0008797790434217421,0.00922035785339581,0.00922035785339581,0.03500096906497263,,,,,,,,,,,,,,,,,,,,,,,,,,,,,,,,,,,,,,,,,,,,,,,,,,,,,,,,,,,,,,,,,,,,,,,,,,,,,,,,,,,,,,,,,,,,,,,,,,,,,,,,,,,,,,,,,,,,,,,,,,,,,,,,,,,,,,,,,,,,,,,,,,,,,,,,,,,,,,,,,,,,,,,,,,,,,,,,,,,,,
A,14,ok,3.9,0bdc51d,4000.0,1.0,0.5,0.0,0.33139368155906374,0.0,0.0,0.0232489285457909,0.01368888453579259,0.00031825189844422394,0.023606408822744118,0.023606408822744118,0.02610214180818904,,,,,,,,,,,,,,,,,,,,,,,,,,,,,,,,,,,,,,,,,,,,,,,,,,,,,,,,,,,,,,,,,,,,,,,,,,,,,,,,,,,,,,,,,,,,,,,,,,,,,,,,,,,,,,,,,,,,,,,,,,,,,,,,,,,,,,,,,,,,,,,,,,,,,,,,,,,,,,,,,,,,,,,,,,,,,,,,,,,,,
A,14,ok,3.9,0bdc51d,4000.0,1.0,0.5,0.2,0.33139368155906374,0.5146196351132329,0.1705416954827563,0.0232489285457909,0.04015372990359134,0.0009335311973755824,0.020977011718903427,0.020977011718903427,0.03486318405366018,,,,,,,,,,,,,,,,,,,,,,,,,,,,,,,,,,,,,,,,,,,,,,,,,,,,,,,,,,,,,,,,,,,,,,,,,,,,,,,,,,,,,,,,,,,,,,,,,,,,,,,,,,,,,,,,,,,,,,,,,,,,,,,,,,,,,,,,,,,,,,,,,,,,,,,,,,,,,,,,,,,,,,,,,,,,,,,,,,,,,
A,14,ok,4.0,0bdc51d,4000.0,1.0,0.5,0.5,0.33139368155906374,1.2865490877830823,0.4263542387068907,0.0232489285457909,0.07630727459022763,0.0017740623744722478,0.017032916063141723,0.017032916063141723,0.048004747421866556,,,,,,,,,,,,,,,,,,,,,,,,,,,,,,,,,,,,,,,,,,,,,,,,,,,,,,,,,,,,,,,,,,,,,,,,,,,,,,,,,,,,,,,,,,,,,,,,,,,,,,,,,,,,,,,,,,,,,,,,,,,,,,,,,,,,,,,,,,,,,,,,,,,,,,,,,,,,,,,,,,,,,,,,,,,,,,,,,,,,,
A,15,ok,3.1,0bdc51d,4000.0,1.0,0.0,0.0,0.0,0.0,0.0,0.0067107553027970415,0.009265114226003379,6.217591442317248e-05,0.027780464337538113,0.027780464337538113,0.016141134361327802,,,,,,,,,,,,,,,,,,,,,,,,,,,,,,,,,,,,,,,,,,,,,,,,,,,,,,,,,,,,,,,,,,,,,,,,,,,,,,,,,,,,,,,,,,,,,,,,,,,,,,,,,,,,,,,,,,,,,,,,,,,,,,,,,,,,,,,,,,,,,,,,,,,,,,,,,,,,,,,,,,,,,,,,,,,,,,,,,,,,,
A,15,ok,3.0,0bdc51d,4000.0,1.0,0.0,0.2,0.0,0.5014347173253489,0.0,0.0067107553027970415,0.030351568551347942,0.00020368194960416612,0.022929923504033667,0.022929923504033667,0.021935257214354964,,,,,,,,,,,,,,,,,,,,,,,,,,,,,,,,,,,,,,,,,,,,,,,,,,,,,,,,,,,,,,,,,,,,,,,,,,,,,,,,,,,,,,,,,,,,,,,,,,,,,,,,,,,,,,,,,,,,,,,,,,,,,,,,,,,,,,,,,,,,,,,,,,,,,,,,,,,,,,,,,,,,,,,,,,,,,,,,,,,,,
A,15,ok,3.7,0bdc51d,4000.0,1.0,0.0,0.5,0.0,1.2535867933133724,0.0,0.0067107553027970415,0.06654999666010437,0.0004466007429879208,0.015654112253776997,0.015654112253776997,0.030626441493895706,,,,,,,,,,,,,,,,,,,,,,,,,,,,,,,,,,,,,,,,,,,,,,,,,,,,,,,,,,,,,,,,,,,,,,,,,,,,,,,,,,,,,,,,,,,,,,,,,,,,,,,,,,,,,,,,,,,,,,,,,,,,,,,,,,,,,,,,,,,,,,,,,,,,,,,,,,,,,,,,,,,,,,,,,,,,,,,,,,,,,
A,15,ok,2.8,0bdc51d,4000.0,1.0,0.2,0.0,0.13099896031131114,0.0,0.0,0.011579709742973388,0.009265114226003379,0.00010728733347261267,0.03088488462788508,0.03088488462788508,0.015004146582622502,,,,,,,,,,,,,,,,,,,,,,,,,,,,,,,,,,,,,,,,,,,,,,,,,,,,,,,,,,,,,,,,,,,,,,,,,,,,,,,,,,,,,,,,,,,,,,,,,,,,,,,,,,,,,,,,,,,,,,,,,,,,,,,,,,,,,,,,,,,,,,,,,,,,,,,,,,,,,,,,,,,,,,,,,,,,,,,,,,,,,
A,15,ok,2.9,0bdc51d,4000.0,1.0,0.2,0.2,0.13099896031131114,0.5014347173253489,0.0656874266336169,0.011579709742973388,0.030351568551347942,0.00035146235406856844,0.026296110709024045,0.026296110709024045,0.020543371593947146,,,,,,,,,,,,,,,,,,,,,,,,,,,,,,,,,,,,,,,,,,,,,,,,,,,,,,,,,,,,,,,,,,,,,,,,,,,,,,,,,,,,,,,,,,,,,,,,,,,,,,,,,,,,,,,,,,,,,,,,,,,,,,,,,,,,,,,,,,,,,,,,,,,,,,,,,,,,,,,,,,,,,,,,,,,,,,,,,,,,,
A,15,ok,2.6,0bdc51d,4000.0,1.0,0.2,0.5,0.13099896031131114,1.2535867933133724,0.16421856658404227,0.011579709742973388,0.06654999666010437,0.000770629644719857,0.01941294983073183,0.01941294983073183,0.028852209110934446,,,,,,,,,,,,,,,,,,,,,,,,,,,,,,,,,,,,,,,,,,,,,,,,,,,,,,,,,,,,,,,,,,,,,,,,,,,,,,,,,,,,,,,,,,,,,,,,,,,,,,,,,,,,,,,,,,,,,,,,,,,,,,,,,,,,,,,,,,,,,,,,,,,,,,,,,,,,,,,,,,,,,,,,,,,,,,,,,,,,,
A,15,ok,3.2,0bdc51d,4000.0,1.0,0.5,0.0,0.3274974007782778,0.0,0.0,0.023531156992424897,0.009265114226003379,0.0002180188574048348,0.03554151506340553,0.03554151506340553,0.013298664914564329,,,,,,,,,,,,,,,,,,,,,,,,,,,,,,,,,,,,,,,,,,,,,,,,,,,,,,,,,,,,,,,,,,,,,,,,,,,,,,,,,,,,,,,,,,,,,,,,,,,,,,,,,,,,,,,,,,,,,,,,,,,,,,,,,,,,,,,,,,,,,,,,,,,,,,,,,,,,,,,,,,,,,,,,,,,,,,,,,,,,,
A,15,ok,2.6,0bdc51d,4000.0,1.0,0.5,0.2,0.3274974007782778,0.5014347173253489,0.16421856658404224,0.023531156992424897,0.030351568551347942,0.0007142075245481147,0.03134539151650895,0.03134539151650895,0.018455543163335753,,,,,,,,,,,,,,,,,,,,,,,,,,,,,,,,,,,,,,,,,,,,,,,,,,,,,,,,,,,,,,,,,,,,,,,,,,,,,,,,,,,,,,,,,,,,,,,,,,,,,,,,,,,,,,,,,,,,,,,,,,,,,,,,,,,,,,,,,,,,,,,,,,,,,,,,,,,,,,,,,,,,,,,,,,,,,,,,,,,,,
A,15,ok,3.4,0bdc51d,4000.0,1.0,0.5,0.5,0.3274974007782778,1.2535867933133724,0.41054641646010565,0.023531156992424897,0.06654999666010437,0.0015659984192542685,0.02505120619616452,0.02505120619616452,0.026190860536492444,,,,,,,,,,,,,,,,,,,,,,,,,,,,,,,,,,,,,,,,,,,,,,,,,,,,,,,,,,,,,,,,,,,,,,,,,,,,,,,,,,,,,,,,,,,,,,,,,,,,,,,,,,,,,,,,,,,,,,,,,,,,,,,,,,,,,,,,,,,,,,,,,,,,,,,,,,,,,,,,,,,,,,,,,,,,,,,,,,,,,
A,16,ok,2.6,0bdc51d,4000.0,1.0,0.0,0.0,0.0,0.0,0.0,0.00758263992863731,0.011164932481310608,8.465966283332545e-05,-0.060018238628327,0.060018238628327,0.01187142028696242,,,,,,,,,,,,,,,,,,,,,,,,,,,,,,,,,,,,,,,,,,,,,,,,,,,,,,,,,,,,,,,,,,,,,,,,,,,,,,,,,,,,,,,,,,,,,,,,,,,,,,,,,,,,,,,,,,,,,,,,,,,,,,,,,,,,,,,,,,,,,,,,,,,,,,,,,,,,,,,,,,,,,,,,,,,,,,,,,,,,,
A,16,ok,3.1,0bdc51d,4000.0,1.0,0.0,0.2,0.0,0.5072266927362469,0.0,0.00758263992863731,0.02913467289970912,0.00022091773403712172,-0.06322087648635666,0.06322087648635666,0.014627177533784841,,,,,,,,,,,,,,,,,,,,,,,,,,,,,,,,,,,,,,,,,,,,,,,,,,,,,,,,,,,,,,,,,,,,,,,,,,,,,,,,,,,,,,,,,,,,,,,,,,,,,,,,,,,,,,,,,,,,,,,,,,,,,,,,,,,,,,,,,,,,,,,,,,,,,,,,,,,,,,,,,,,,,,,,,,,,,,,,,,,,,
A,16,ok,2.3,0bdc51d,4000.0,1.0,0.0,0.5,0.0,1.268066731840617,0.0,0.00758263992863731,0.06565892856227246,0.0004978680133878318,-0.06802483327340081,0.06802483327340081,0.018760813404018584,,,,,,,,,,,,,,,,,,,,,,,,,,,,,,,,,,,,,,,,,,,,,,,,,,,,,,,,,,,,,,,,,,,,,,,,,,,,,,,,,,,,,,,,,,,,,,,,,,,,,,,,,,,,,,,,,,,,,,,,,,,,,,,,,,,,,,,,,,,,,,,,,,,,,,,,,,,,,,,,,,,,,,,,,,,,,,,,,,,,,
A,16,ok,2.3,0bdc51d,4000.0,1.0,0.2,0.0,0.13234242150215936,0.0,0.0,0.012607950465506194,0.011164932481310608,0.0001407669156750853,-0.06243067645738032,0.06243067645738032,0.007364782066616837,,,,,,,,,,,,,,,,,,,,,,,,,,,,,,,,,,,,,,,,,,,,,,,,,,,,,,,,,,,,,,,,,,,,,,,,,,,,,,,,,,,,,,,,,,,,,,,,,,,,,,,,,,,,,,,,,,,,,,,,,,,,,,,,,,,,,,,,,,,,,,,,,,,,,,,,,,,,,,,,,,,,,,,,,,,,,,,,,,,,,
A,16,ok,2.3,0bdc51d,4000.0,1.0,0.2,0.2,0.13234242150215936,0.5072266927362469,0.06712760876724666,0.012607950465506194,0.02913467289970912,0.0003673285127482583,-0.0657575313366876,0.0657575313366876,0.009311778863016706,,,,,,,,,,,,,,,,,,,,,,,,,,,,,,,,,,,,,,,,,,,,,,,,,,,,,,,,,,,,,,,,,,,,,,,,,,,,,,,,,,,,,,,,,,,,,,,,,,,,,,,,,,,,,,,,,,,,,,,,,,,,,,,,,,,,,,,,,,,,,,,,,,,,,,,,,,,,,,,,,,,,,,,,,,,,,,,,,,,,,
A,16,ok,2.3,0bdc51d,4000.0,1.0,0.2,0.5,0.13234242150215936,1.268066731840617,0.1678190219181166,0.012607950465506194,0.06565892856227246,0.0008278245189313409,-0.07074781365564853,0.07074781365564853,0.012232274057616288,,,,,,,,,,,,,,,,,,,,,,,,,,,,,,,,,,,,,,,,,,,,,,,,,,,,,,,,,,,,,,,,,,,,,,,,,,,,,,,,,,,,,,,,,,,,,,,,,,,,,,,,,,,,,,,,,,,,,,,,,,,,,,,,,,,,,,,,,,,,,,,,,,,,,,,,,,,,,,,,,,,,,,,,,,,,,,,,,,,,,
A,16,ok,2.3,0bdc51d,4000.0,1.0,0.5,0.0,0.3308560537553984,0.0,0.0,0.024754391902216732,0.011164932481310608,0.0002763811142041519,-0.06604933320096085,0.06604933320096085,0.0006048247360986858,,,,,,,,,,,,,,,,,,,,,,,,,,,,,,,,,,,,,,,,,,,,,,,,,,,,,,,,,,,,,,,,,,,,,,,,,,,,,,,,,,,,,,,,,,,,,,,,,,,,,,,,,,,,,,,,,,,,,,,,,,,,,,,,,,,,,,,,,,,,,,,,,,,,,,,,,,,,,,,,,,,,,,,,,,,,,,,,,,,,,
A,16,ok,2.3,0bdc51d,4000.0,1.0,0.5,0.2,0.3308560537553984,0.5072266927362469,0.16781902191811665,0.024754391902216732,0.02913467289970912,0.0007212111109022927,-0.06956251361218424,0.06956251361218424,0.0013386808568641717,,,,,,,,,,,,,,,,,,,,,,,,,,,,,,,,,,,,,,,,,,,,,,,,,,,,,,,,,,,,,,,,,,,,,,,,,,,,,,,,,,,,,,,,,,,,,,,,,,,,,,,,,,,,,,,,,,,,,,,,,,,,,,,,,,,,,,,,,,,,,,,,,,,,,,,,,,,,,,,,,,,,,,,,,,,,,,,,,,,,,
A,16,ok,2.3,0bdc51d,4000.0,1.0,0.5,0.5,0.3308560537553984,1.268066731840617,0.4195475547952915,0.024754391902216732,0.06565892856227246,0.0016253468495101443,-0.07483228422901944,0.07483228422901944,0.0024394650380127336,,,,,,,,,,,,,,,,,,,,,,,,,,,,,,,,,,,,,,,,,,,,,,,,,,,,,,,,,,,,,,,,,,,,,,,,,,,,,,,,,,,,,,,,,,,,,,,,,,,,,,,,,,,,,,,,,,,,,,,,,,,,,,,,,,,,,,,,,,,,,,,,,,,,,,,,,,,,,,,,,,,,,,,,,,,,,,,,,,,,,
A,17,ok,2.4,0bdc51d,4000.0,1.0,0.0,0.0,0.0,0.0,0.0,0.010328024822678809,0.010781147456936532,0.00011134795855220101,-0.060362451270617346,0.060362451270617346,0.014546827508691518,,,,,,,,,,,,,,,,,,,,,,,,,,,,,,,,,,,,,,,,,,,,,,,,,,,,,,,,,,,,,,,,,,,,,,,,,,,,,,,,,,,,,,,,,,,,,,,,,,,,,,,,,,,,,,,,,,,,,,,,,,,,,,,,,,,,,,,,,,,,,,,,,,,,,,,,,,,,,,,,,,,,,,,,,,,,,,,,,,,,,
A,17,ok,2.6,0bdc51d,4000.0,1.0,0.0,0.2,0.0,0.5086933269866241,0.0,0.010328024822678809,0.03723905181699941,0.00038460585153899225,-0.055562845753285295,0.055562845753285295,0.02350632880140502,,,,,,,,,,,,,,,,,,,,,,,,,,,,,,,,,,,,,,,,,,,,,,,,,,,,,,,,,,,,,,,,,,,,,,,,,,,,,,,,,,,,,,,,,,,,,,,,,,,,,,,,,,,,,,,,,,,,,,,,,,,,,,,,,,,,,,,,,,,,,,,,,,,,,,,,,,,,,,,,,,,,,,,,,,,,,,,,,,,,,
A,17,ok,2.5,0bdc51d,4000.0,1.0,0.0,0.5,0.0,1.2717333174665602,0.0,0.010328024822678809,0.07343674276480297,0.0007584565021715635,-0.048363437477286775,0.048363437477286775,0.036945580740474826,,,,,,,,,,,,,,,,,,,,,,,,,,,,,,,,,,,,,,,,,,,,,,,,,,,,,,,,,,,,,,,,,,,,,,,,,,,,,,,,,,,,,,,,,,,,,,,,,,,,,,,,,,,,,,,,,,,,,,,,,,,,,,,,,,,,,,,,,,,,,,,,,,,,,,,,,,,,,,,,,,,,,,,,,,,,,,,,,,,,,
A,17,ok,3.0,0bdc51d,4000.0,1.0,0.2,0.0,0.13180031773752238,0.0,0.0,0.013088217540006514,0.010781147456936532,0.00014110600324727333,-0.05747531687383889,0.05747531687383889,0.01797894072320827,,,,,,,,,,,,,,,,,,,,,,,,,,,,,,,,,,,,,,,,,,,,,,,,,,,,,,,,,,,,,,,,,,,,,,,,,,,,,,,,,,,,,,,,,,,,,,,,,,,,,,,,,,,,,,,,,,,,,,,,,,,,,,,,,,,,,,,,,,,,,,,,,,,,,,,,,,,,,,,,,,,,,,,,,,,,,,,,,,,,,
A,17,ok,3.1,0bdc51d,4000.0,1.0,0.2,0.2,0.13180031773752238,0.5086933269866241,0.06704594212779441,0.013088217540006514,0.03723905181699941,0.0004873928111644631,-0.05249909027524602,0.05249909027524602,0.02766697476967006,,,,,,,,,,,,,,,,,,,,,,,,,,,,,,,,,,,,,,,,,,,,,,,,,,,,,,,,,,,,,,,,,,,,,,,,,,,,,,,,,,,,,,,,,,,,,,,,,,,,,,,,,,,,,,,,,,,,,,,,,,,,,,,,,,,,,,,,,,,,,,,,,,,,,,,,,,,,,,,,,,,,,,,,,,,,,,,,,,,,,
A,17,ok,2.7,0bdc51d,4000.0,1.0,0.2,0.5,0.13180031773752238,1.2717333174665602,0.16761485531948606,0.013088217540006514,0.07343674276480297,0.0009611560647352407,-0.04503475037735627,0.04503475037735627,0.04219902583936275,,,,,,,,,,,,,,,,,,,,,,,,,,,,,,,,,,,,,,,,,,,,,,,,,,,,,,,,,,,,,,,,,,,,,,,,,,,,,,,,,,,,,,,,,,,,,,,,,,,,,,,,,,,,,,,,,,,,,,,,,,,,,,,,,,,,,,,,,,,,,,,,,,,,,,,,,,,,,,,,,,,,,,,,,,,,,,,,,,,,,
A,17,ok,2.4,0bdc51d,4000.0,1.0,0.5,0.0,0.32950079434380597,0.0,0.0,0.023744892171410396,0.010781147456936532,0.0002559971838490334,-0.05314461527867165,0.05314461527867165,0.023127110544982843,,,,,,,,,,,,,,,,,,,,,,,,,,,,,,,,,,,,,,,,,,,,,,,,,,,,,,,,,,,,,,,,,,,,,,,,,,,,,,,,,,,,,,,,,,,,,,,,,,,,,,,,,,,,,,,,,,,,,,,,,,,,,,,,,,,,,,,,,,,,,,,,,,,,,,,,,,,,,,,,,,,,,,,,,,,,,,,,,,,,,
A,17,ok,3.2,0bdc51d,4000.0,1.0,0.5,0.2,0.32950079434380597,0.5086933269866241,0.16761485531948606,0.023744892171410396,0.03723905181699941,0.0008842372699602154,-0.047903457058187104,0.047903457058187104,0.033907943722067735,,,,,,,,,,,,,,,,,,,,,,,,,,,,,,,,,,,,,,,,,,,,,,,,,,,,,,,,,,,,,,,,,,,,,,,,,,,,,,,,,,,,,,,,,,,,,,,,,,,,,,,,,,,,,,,,,,,,,,,,,,,,,,,,,,,,,,,,,,,,,,,,,,,,,,,,,,,,,,,,,,,,,,,,,,,,,,,,,,,,,
A,17,ok,3.1,0bdc51d,4000.0,1.0,0.5,0.5,0.32950079434380597,1.2717333174665602,0.41903713829871514,0.023744892171410396,0.07343674276480297,0.001743747538369849,-0.040041719727459846,0.040041719727459846,0.050079193487694296,,,,,,,,,,,,,,,,,,,,,,,,,,,,,,,,,,,,,,,,,,,,,,,,,,,,,,,,,,,,,,,,,,,,,,,,,,,,,,,,,,,,,,,,,,,,,,,,,,,,,,,,,,,,,,,,,,,,,,,,,,,,,,,,,,,,,,,,,,,,,,,,,,,,,,,,,,,,,,,,,,,,,,,,,,,,,,,,,,,,,
A,18,ok,2.8,0bdc51d,4000.0,1.0,0.0,0.0,0.0,0.0,0.0,0.008926913979430632,0.008867706986763159,7.916125746563072e-05,0.006839516614753904,0.006839516614753904,-0.019566753254861013,,,,,,,,,,,,,,,,,,,,,,,,,,,,,,,,,,,,,,,,,,,,,,,,,,,,,,,,,,,,,,,,,,,,,,,,,,,,,,,,,,,,,,,,,,,,,,,,,,,,,,,,,,,,,,,,,,,,,,,,,,,,,,,,,,,,,,,,,,,,,,,,,,,,,,,,,,,,,,,,,,,,,,,,,,,,,,,,,,,,,
A,18,ok,2.5,0bdc51d,4000.0,1.0,0.0,0.2,0.0,0.5137798610739783,0.0,0.008926913979430632,0.034023533577886476,0.0003037251575260623,0.014036405022852971,0.014036405022852971,-0.025089821761067777,,,,,,,,,,,,,,,,,,,,,,,,,,,,,,,,,,,,,,,,,,,,,,,,,,,,,,,,,,,,,,,,,,,,,,,,,,,,,,,,,,,,,,,,,,,,,,,,,,,,,,,,,,,,,,,,,,,,,,,,,,,,,,,,,,,,,,,,,,,,,,,,,,,,,,,,,,,,,,,,,,,,,,,,,,,,,,,,,,,,,
A,18,ok,2.6,0bdc51d,4000.0,1.0,0.0,0.5,0.0,1.2844496526849458,0.0,0.008926913979430632,0.06946004593977806,0.0006200638551116987,0.024831737635002238,0.024831737635002238,-0.033374424520377866,,,,,,,,,,,,,,,,,,,,,,,,,,,,,,,,,,,,,,,,,,,,,,,,,,,,,,,,,,,,,,,,,,,,,,,,,,,,,,,,,,,,,,,,,,,,,,,,,,,,,,,,,,,,,,,,,,,,,,,,,,,,,,,,,,,,,,,,,,,,,,,,,,,,,,,,,,,,,,,,,,,,,,,,,,,,,,,,,,,,,
A,18,ok,2.5,0bdc51d,4000.0,1.0,0.2,0.0,0.13140148666017212,0.0,0.0,0.013462049904427408,0.008867706986763159,0.00011937751399364523,0.0006927781661776322,0.0006927781661776322,-0.022196808593265782,,,,,,,,,,,,,,,,,,,,,,,,,,,,,,,,,,,,,,,,,,,,,,,,,,,,,,,,,,,,,,,,,,,,,,,,,,,,,,,,,,,,,,,,,,,,,,,,,,,,,,,,,,,,,,,,,,,,,,,,,,,,,,,,,,,,,,,,,,,,,,,,,,,,,,,,,,,,,,,,,,,,,,,,,,,,,,,,,,,,,
A,18,ok,3.0,0bdc51d,4000.0,1.0,0.2,0.2,0.13140148666017212,0.5137798610739783,0.06751143756117745,0.013462049904427408,0.034023533577886476,0.00045802650695046934,0.007527519290142948,0.007527519290142948,-0.027797054233934748,,,,,,,,,,,,,,,,,,,,,,,,,,,,,,,,,,,,,,,,,,,,,,,,,,,,,,,,,,,,,,,,,,,,,,,,,,,,,,,,,,,,,,,,,,,,,,,,,,,,,,,,,,,,,,,,,,,,,,,,,,,,,,,,,,,,,,,,,,,,,,,,,,,,,,,,,,,,,,,,,,,,,,,,,,,,,,,,,,,,,
A,18,ok,2.3,0bdc51d,4000.0,1.0,0.2,0.5,0.13140148666017212,1.2844496526849458,0.1687785939029436,0.013462049904427408,0.06946004593977806,0.0009350746048051126,0.017779630976091365,0.017779630976091365,-0.03619742269493853,,,,,,,,,,,,,,,,,,,,,,,,,,,,,,,,,,,,,,,,,,,,,,,,,,,,,,,,,,,,,,,,,,,,,,,,,,,,,,,,,,,,,,,,,,,,,,,,,,,,,,,,,,,,,,,,,,,,,,,,,,,,,,,,,,,,,,,,,,,,,,,,,,,,,,,,,,,,,,,,,,,,,,,,,,,,,,,,,,,,,
A,18,ok,3.3,0bdc51d,4000.0,1.0,0.5,0.0,0.32850371665043027,0.0,0.0,0.02516959775137257,0.008867706986763159,0.00022319661783386482,-0.00852732950668722,0.00852732950668722,-0.02614189160087288,,,,,,,,,,,,,,,,,,,,,,,,,,,,,,,,,,,,,,,,,,,,,,,,,,,,,,,,,,,,,,,,,,,,,,,,,,,,,,,,,,,,,,,,,,,,,,,,,,,,,,,,,,,,,,,,,,,,,,,,,,,,,,,,,,,,,,,,,,,,,,,,,,,,,,,,,,,,,,,,,,,,,,,,,,,,,,,,,,,,,
A,18,ok,2.5,0bdc51d,4000.0,1.0,0.5,0.2,0.32850371665043027,0.5137798610739783,0.1687785939029436,0.02516959775137257,0.034023533577886476,0.0008563586542357206,-0.0022358093089218656,0.0022358093089218656,-0.03185790294323554,,,,,,,,,,,,,,,,,,,,,,,,,,,,,,,,,,,,,,,,,,,,,,,,,,,,,,,,,,,,,,,,,,,,,,,,,,,,,,,,,,,,,,,,,,,,,,,,,,,,,,,,,,,,,,,,,,,,,,,,,,,,,,,,,,,,,,,,,,,,,,,,,,,,,,,,,,,,,,,,,,,,,,,,,,,,,,,,,,,,,
A,18,ok,3.2,0bdc51d,4000.0,1.0,0.5,0.5,0.32850371665043027,1.2844496526849458,0.421946484757359,0.02516959775137257,0.06946004593977806,0.0017482814160960734,0.0072014709877255,0.0072014709877255,-0.040431919956779416,,,,,,,,,,,,,,,,,,,,,,,,,,,,,,,,,,,,,,,,,,,,,,,,,,,,,,,,,,,,,,,,,,,,,,,,,,,,,,,,,,,,,,,,,,,,,,,,,,,,,,,,,,,,,,,,,,,,,,,,,,,,,,,,,,,,,,,,,,,,,,,,,,,,,,,,,,,,,,,,,,,,,,,,,,,,,,,,,,,,,
A,19,ok,2.6,0bdc51d,4000.0,1.0,0.0,0.0,0.0,0.0,0.0,0.006753518452793187,0.011160307103091651,7.537133995956834e-05,0.04391715509962513,0.04391715509962513,0.0578682021108432,,,,,,,,,,,,,,,,,,,,,,,,,,,,,,,,,,,,,,,,,,,,,,,,,,,,,,,,,,,,,,,,,,,,,,,,,,,,,,,,,,,,,,,,,,,,,,,,,,,,,,,,,,,,,,,,,,,,,,,,,,,,,,,,,,,,,,,,,,,,,,,,,,,,,,,,,,,,,,,,,,,,,,,,,,,,,,,,,,,,,
A,19,ok,3.3,0bdc51d,4000.0,1.0,0.0,0.2,0.0,0.5071927885785529,0.0,0.006753518452793187,0.030055315881444278,0.00020297913040986205,0.06051740597781796,0.06051740597781796,0.06290703260070729,,,,,,,,,,,,,,,,,,,,,,,,,,,,,,,,,,,,,,,,,,,,,,,,,,,,,,,,,,,,,,,,,,,,,,,,,,,,,,,,,,,,,,,,,,,,,,,,,,,,,,,,,,,,,,,,,,,,,,,,,,,,,,,,,,,,,,,,,,,,,,,,,,,,,,,,,,,,,,,,,,,,,,,,,,,,,,,,,,,,,
A,19,ok,2.6,0bdc51d,4000.0,1.0,0.0,0.5,0.0,1.2679819714463822,0.0,0.006753518452793187,0.06661555266257368,0.0004498893641497077,0.08541778229510699,0.08541778229510699,0.07046527833550376,,,,,,,,,,,,,,,,,,,,,,,,,,,,,,,,,,,,,,,,,,,,,,,,,,,,,,,,,,,,,,,,,,,,,,,,,,,,,,,,,,,,,,,,,,,,,,,,,,,,,,,,,,,,,,,,,,,,,,,,,,,,,,,,,,,,,,,,,,,,,,,,,,,,,,,,,,,,,,,,,,,,,,,,,,,,,,,,,,,,,
A,19,ok,2.9,0bdc51d,4000.0,1.0,0.2,0.0,0.13152647080231114,0.0,0.0,0.013292527521140036,0.011160307103091651,0.0001483486893122204,0.048254676843556776,0.048254676843556776,0.0641419636270757,,,,,,,,,,,,,,,,,,,,,,,,,,,,,,,,,,,,,,,,,,,,,,,,,,,,,,,,,,,,,,,,,,,,,,,,,,,,,,,,,,,,,,,,,,,,,,,,,,,,,,,,,,,,,,,,,,,,,,,,,,,,,,,,,,,,,,,,,,,,,,,,,,,,,,,,,,,,,,,,,,,,,,,,,,,,,,,,,,,,,
A,19,ok,2.7,0bdc51d,4000.0,1.0,0.2,0.2,0.13152647080231114,0.5071927885785529,0.0667092774981198,0.013292527521140036,0.030055315881444278,0.00039951111351065527,0.06616412173777153,0.06616412173777153,0.07020949402791499,,,,,,,,,,,,,,,,,,,,,,,,,,,,,,,,,,,,,,,,,,,,,,,,,,,,,,,,,,,,,,,,,,,,,,,,,,,,,,,,,,,,,,,,,,,,,,,,,,,,,,,,,,,,,,,,,,,,,,,,,,,,,,,,,,,,,,,,,,,,,,,,,,,,,,,,,,,,,,,,,,,,,,,,,,,,,,,,,,,,,
A,19,ok,2.7,0bdc51d,4000.0,1.0,0.2,0.5,0.13152647080231114,1.2679819714463822,0.1667731937452995,0.013292527521140036,0.06661555266257368,0.0008854890671032141,0.093028289079093,0.093028289079093,0.07931078962917315,,,,,,,,,,,,,,,,,,,,,,,,,,,,,,,,,,,,,,,,,,,,,,,,,,,,,,,,,,,,,,,,,,,,,,,,,,,,,,,,,,,,,,,,,,,,,,,,,,,,,,,,,,,,,,,,,,,,,,,,,,,,,,,,,,,,,,,,,,,,,,,,,,,,,,,,,,,,,,,,,,,,,,,,,,,,,,,,,,,,,
A,19,ok,2.6,0bdc51d,4000.0,1.0,0.5,0.0,0.32881617700577787,0.0,0.0,0.025421575814605423,0.011160307103091651,0.0002837125931355238,0.05476095945945447,0.05476095945945447,0.07355260590142443,,,,,,,,,,,,,,,,,,,,,,,,,,,,,,,,,,,,,,,,,,,,,,,,,,,,,,,,,,,,,,,,,,,,,,,,,,,,,,,,,,,,,,,,,,,,,,,,,,,,,,,,,,,,,,,,,,,,,,,,,,,,,,,,,,,,,,,,,,,,,,,,,,,,,,,,,,,,,,,,,,,,,,,,,,,,,,,,,,,,,
A,19,ok,3.5,0bdc51d,4000.0,1.0,0.5,0.2,0.32881617700577787,0.5071927885785529,0.1667731937452995,0.025421575814605423,0.030055315881444278,0.0007640534913120502,0.07463419537770122,0.07463419537770122,0.08116318616872586,,,,,,,,,,,,,,,,,,,,,,,,,,,,,,,,,,,,,,,,,,,,,,,,,,,,,,,,,,,,,,,,,,,,,,,,,,,,,,,,,,,,,,,,,,,,,,,,,,,,,,,,,,,,,,,,,,,,,,,,,,,,,,,,,,,,,,,,,,,,,,,,,,,,,,,,,,,,,,,,,,,,,,,,,,,,,,,,,,,,,
A,19,ok,3.1,0bdc51d,4000.0,1.0,0.5,0.5,0.32881617700577787,1.2679819714463822,0.4169329843632488,0.025421575814605423,0.06661555266257368,0.001693472322443457,0.10444404925507156,0.10444404925507156,0.09257905656967802,,,,,,,,,,,,,,,,,,,,,,,,,,,,,,,,,,,,,,,,,,,,,,,,,,,,,,,,,,,,,,,,,,,,,,,,,,,,,,,,,,,,,,,,,,,,,,,,,,,,,,,,,,,,,,,,,,,,,,,,,,,,,,,,,,,,,,,,,,,,,,,,,,,,,,,,,,,,,,,,,,,,,,,,,,,,,,,,,,,,,
B,0,ok,25.3,220521e,1500.0,1.0,,,,,,,,,,,,S1,,,0.07659075417462596,pehe,sieve1_sieve1,0.5558485417527479,6.0,sieve3_sieve3,5.401655110833136,4.845806569080389,9.717854244594166,1.0,0.0,sieve3_sieve3,5.401655110833136,4.845806569080389,9.717854244594166,1.0,0.0,kernel_sieve1,0.9282717215895202,0.3724231798367723,1.6700083779310575,1.0,0.0,sieve3_sieve3,5.401655110833136,4.845806569080389,9.717854244594166,1.0,0.0,sieve3_sieve3,5.401655110833136,4.845806569080389,9.717854244594166,1.0,0.0,kernel_kernel,0.9953068645821198,0.4394583228293719,1.7906080340551849,1.0,0.0,sieve1_sieve1,0.5558485417527479,0.0,0.999999999998201,0.0,1.0,sieve2_sieve2,0.6676063087158585,0.11175776696311057,1.2010579475651868,0.0,0.0,kernel_kernel,0.9953068645821198,0.4394583228293719,1.7906080340551849,1.0,0.0,kernel_sieve1,0.9282717215895202,0.3724231798367723,1.6700083779310575,1.0,0.0,sieve1_sieve1,0.5558485417527479,0.0,0.999999999998201,0.0,1.0,-0.08571428571428573,-0.06666666666666665,1.0,0.08827348295047496,0.21483446221182986,1.0,0.14712247158412492,0.07161148740394328,1.0,-0.028571428571428574,0.06666666666666665,1.0,-0.11595420713048968,0.0,1.0,ate_err,sieve1_kernel,0.10325466778648584,6.0,sieve3_sieve3,0.1760210285275301,0.07276636074104426,1.7047270820706018,1.0,0.0,sieve3_sieve3,0.1760210285275301,0.07276636074104426,1.7047270820706018,1.0,0.0,kernel_sieve1,0.2066432252861443,0.10338855749965845,2.0012966940288663,1.0,0.0,sieve3_sieve3,0.1760210285275301,0.07276636074104426,1.7047270820706018,1.0,0.0,sieve3_sieve3,0.1760210285275301,0.07276636074104426,1.7047270820706018,1.0,0.0,kernel_kernel,0.4025369462044755,0.29928227841798966,3.8984866721275893,1.0,0.0,sieve1_sieve1,0.19072737167463916,0.08747270388815331,1.8471549593010723,1.0,0.0,sieve2_sieve2,2.731179921405321,2.627925253618835,26.450909967833258,1.0,0.0,kernel_kernel,0.4025369462044755,0.29928227841798966,3.8984866721275893,1.0,0.0,kernel_sieve1,0.2066432252861443,0.10338855749965845,2.0012966940288663,1.0,0.0,sieve1_kernel,0.10325466778648584,0.0,0.9999999999903152,0.0,1.0,0.3142857142857143,0.3333333333333333,0.0,0.7061878636037997,0.5012804118276031,0.0,0.0,-0.07161148740394328,0.0,0.2,0.2,0.0,0.08696565534786727,0.13801311186847084,0.0,,,,,,,
B,1,ok,62.2,0bdc51d,1500.0,1.0,,,,,,,,,,,,S1,,,0.06363799995383063,pehe,kernel_sieve1,0.5229769742585931,6.0,sieve1_sieve1,0.7613735809349459,0.23839660667635276,1.4558453209395381,0.0,0.0,sieve1_kernel,0.6966265620092913,0.17364958775069816,1.332040598910771,0.0,0.0,kernel_sieve1,0.5229769742585931,0.0,0.9999999999980879,0.0,1.0,sieve1_sieve1,0.7613735809349459,0.23839660667635276,1.4558453209395381,0.0,0.0,sieve1_sieve1,0.7613735809349459,0.23839660667635276,1.4558453209395381,0.0,0.0,kernel_kernel,1.0964545281652076,0.5734775539066145,2.096563677048149,1.0,0.0,sieve1_sieve1,0.7613735809349459,0.23839660667635276,1.4558453209395381,0.0,0.0,kernel_sieve1,0.5229769742585931,0.0,0.9999999999980879,0.0,1.0,kernel_kernel,1.0964545281652076,0.5734775539066145,2.096563677048149,1.0,0.0,kernel_sieve1,0.5229769742585931,0.0,0.9999999999980879,0.0,1.0,kernel_sieve1,0.5229769742585931,0.0,0.9999999999980879,0.0,1.0,-0.14285714285714288,-0.06666666666666665,0.0,-0.08827348295047496,-0.07161148740394328,0.0,0.14712247158412492,0.07161148740394328,1.0,-0.3142857142857143,-0.3333333333333333,0.0,-0.34786262139146906,-0.2760262237369417,0.0,ate_err,sieve1_kernel,0.054403223274326624,6.0,sieve1_sieve1,0.07382204532615792,0.0194188220518313,1.3569424913034203,0.0,0.0,sieve1_kernel,0.054403223274326624,0.0,0.9999999999816188,0.0,1.0,kernel_sieve1,0.08755977098194266,0.03315654770761604,1.609459250949446,1.0,0.0,sieve1_sieve1,0.07382204532615792,0.0194188220518313,1.3569424913034203,0.0,0.0,sieve1_sieve1,0.07382204532615792,0.0194188220518313,1.3569424913034203,0.0,0.0,kernel_kernel,0.23999195279948093,0.18558872952515432,4.411355400486426,1.0,0.0,sieve1_sieve1,0.07382204532615792,0.0194188220518313,1.3569424913034203,0.0,0.0,kernel_sieve1,0.08755977098194266,0.03315654770761604,1.609459250949446,1.0,0.0,kernel_kernel,0.23999195279948093,0.18558872952515432,4.411355400486426,1.0,0.0,kernel_sieve1,0.08755977098194266,0.03315654770761604,1.609459250949446,1.0,0.0,sieve1_kernel,0.054403223274326624,0.0,0.9999999999816188,0.0,1.0,0.028571428571428574,0.06666666666666665,0.0,0.5296408977028497,0.3580574370197165,1.0,0.058848988633649964,0.07161148740394328,0.0,0.08571428571428573,0.06666666666666665,0.0,-0.14494275891311212,-0.13801311186847084,0.0,,,,,,,
B,2,ok,60.4,0bdc51d,1500.0,1.0,,,,,,,,,,,,S1,,,0.06908121196767815,pehe,sieve1_kernel,0.5595046506698039,6.0,sieve1_sieve1,0.5763728771660362,0.01686822649623232,1.03014850095528,0.0,0.0,sieve2_sieve2,0.6683926757785641,0.10888802510876017,1.1946150491818284,0.0,0.0,kernel_sieve1,0.6825746827125804,0.12307003204277644,1.2199624826964794,0.0,0.0,sieve1_sieve1,0.5763728771660362,0.01686822649623232,1.03014850095528,0.0,0.0,sieve1_sieve1,0.5763728771660362,0.01686822649623232,1.03014850095528,0.0,0.0,kernel_kernel,0.8140787618584219,0.25457411118861795,1.4549990976525446,0.0,0.0,sieve1_sieve1,0.5763728771660362,0.01686822649623232,1.03014850095528,0.0,0.0,sieve3_sieve3,1.2133207338289325,0.6538160831591285,2.1685623745472933,1.0,0.0,kernel_kernel,0.8140787618584219,0.25457411118861795,1.4549990976525446,0.0,0.0,kernel_sieve1,0.6825746827125804,0.12307003204277644,1.2199624826964794,0.0,0.0,sieve1_kernel,0.5595046506698039,0.0,0.9999999999982128,0.0,1.0,-0.028571428571428574,-0.06666666666666665,0.0,0.6179143806533246,0.3580574370197165,0.0,-0.08827348295047496,-0.07161148740394328,0.0,0.028571428571428574,0.06666666666666665,0.0,0.17393131069573453,0.13801311186847084,0.0,ate_err,kernel_sieve1,0.07510494850600934,6.0,sieve1_sieve1,0.07659394663619787,0.0014889981301885319,1.0198255662081914,0.0,0.0,sieve2_sieve2,0.3302621727171518,0.25515722421114245,4.397342375999756,1.0,0.0,kernel_sieve1,0.07510494850600934,0.0,0.9999999999866852,0.0,1.0,sieve1_sieve1,0.07659394663619787,0.0014889981301885319,1.0198255662081914,0.0,0.0,sieve1_sieve1,0.07659394663619787,0.0014889981301885319,1.0198255662081914,0.0,0.0,kernel_kernel,0.20484663099256906,0.1297416824865597,2.727471825287934,1.0,0.0,sieve1_sieve1,0.07659394663619787,0.0014889981301885319,1.0198255662081914,0.0,0.0,sieve3_sieve3,0.4610947324741286,0.3859897839681192,6.139338906957587,1.0,0.0,kernel_kernel,0.20484663099256906,0.1297416824865597,2.727471825287934,1.0,0.0,kernel_sieve1,0.07510494850600934,0.0,0.9999999999866852,0.0,1.0,kernel_sieve1,0.07510494850600934,0.0,0.9999999999866852,0.0,1.0,0.14285714285714288,0.06666666666666665,0.0,-0.26482044885142486,-0.21483446221182986,0.0,0.44136741475237473,0.21483446221182986,1.0,-0.08571428571428573,-0.06666666666666665,0.0,-0.28988551782622424,-0.2760262237369417,0.0,,,,,,,
B,3,ok,62.3,0bdc51d,1500.0,1.0,,,,,,,,,,,,S1,,,0.07476697977860065,pehe,sieve1_sieve1,0.5079645154385112,6.0,sieve1_sieve1,0.5079645154385112,0.0,0.9999999999980314,0.0,1.0,sieve1_kernel,0.6291077325011298,0.12114321706261866,1.2384875584405748,0.0,0.0,kernel_sieve1,0.5671419111211745,0.059177395682663336,1.116499074015949,0.0,0.0,sieve1_sieve1,0.5079645154385112,0.0,0.9999999999980314,0.0,1.0,sieve1_sieve1,0.5079645154385112,0.0,0.9999999999980314,0.0,1.0,kernel_kernel,0.9244400428959274,0.41647552745741623,1.8198909860781614,1.0,0.0,sieve1_sieve1,0.5079645154385112,0.0,0.9999999999980314,0.0,1.0,sieve1_sieve1,0.5079645154385112,0.0,0.9999999999980314,0.0,1.0,kernel_kernel,0.9244400428959274,0.41647552745741623,1.8198909860781614,1.0,0.0,kernel_sieve1,0.5671419111211745,0.059177395682663336,1.116499074015949,0.0,0.0,sieve1_sieve1,0.5079645154385112,0.0,0.9999999999980314,0.0,1.0,0.7142857142857143,0.6,1.0,0.5002164033860248,0.5012804118276031,1.0,0.7356123579206245,0.6445033866354897,1.0,0.5428571428571429,0.4666666666666666,1.0,0.3768511731740915,0.2760262237369417,1.0,ate_err,sieve1_sieve1,0.06170855322444827,6.0,sieve1_sieve1,0.06170855322444827,0.0,0.9999999999837949,0.0,1.0,sieve1_kernel,0.09301186913789661,0.031303315913448336,1.5072767756859193,1.0,0.0,kernel_sieve1,0.1409186943872357,0.07921014116278743,2.283616889742954,1.0,0.0,sieve1_sieve1,0.06170855322444827,0.0,0.9999999999837949,0.0,1.0,sieve1_sieve1,0.06170855322444827,0.0,0.9999999999837949,0.0,1.0,kernel_kernel,0.276239550804604,0.21453099758015573,4.476519645427116,1.0,0.0,sieve1_sieve1,0.06170855322444827,0.0,0.9999999999837949,0.0,1.0,sieve1_sieve1,0.06170855322444827,0.0,0.9999999999837949,0.0,1.0,kernel_kernel,0.276239550804604,0.21453099758015573,4.476519645427116,1.0,0.0,kernel_sieve1,0.1409186943872357,0.07921014116278743,2.283616889742954,1.0,0.0,sieve1_sieve1,0.06170855322444827,0.0,0.9999999999837949,0.0,1.0,0.48571428571428577,0.3333333333333333,1.0,0.6473388749701496,0.5012804118276031,1.0,0.41194292043554975,0.3580574370197165,1.0,0.3142857142857143,0.2,1.0,0.3188740696088466,0.2760262237369417,1.0,,,,,,,
B,4,ok,62.8,0bdc51d,1500.0,1.0,,,,,,,,,,,,S1,,,0.06951198213224447,pehe,sieve1_sieve1,0.5194737424691347,6.0,sieve1_sieve1,0.5194737424691347,0.0,0.999999999998075,0.0,1.0,sieve1_kernel,0.5386577105193268,0.01918396805019207,1.0369296202691034,0.0,0.0,kernel_sieve1,1.055141346297347,0.5356676038282122,2.031173589795077,1.0,0.0,sieve1_sieve1,0.5194737424691347,0.0,0.999999999998075,0.0,1.0,sieve1_sieve1,0.5194737424691347,0.0,0.999999999998075,0.0,1.0,kernel_kernel,0.8070289445892975,0.28755520212016283,1.5535509855643856,1.0,0.0,sieve1_sieve1,0.5194737424691347,0.0,0.999999999998075,0.0,1.0,kernel_sieve1,1.055141346297347,0.5356676038282122,2.031173589795077,1.0,0.0,kernel_kernel,0.8070289445892975,0.28755520212016283,1.5535509855643856,1.0,0.0,kernel_sieve1,1.055141346297347,0.5356676038282122,2.031173589795077,1.0,0.0,sieve1_sieve1,0.5194737424691347,0.0,0.999999999998075,0.0,1.0,0.14285714285714288,0.2,1.0,0.5296408977028497,0.3580574370197165,1.0,-0.058848988633649964,-0.07161148740394328,1.0,0.2571428571428572,0.2,1.0,0.05797710356524484,0.0,1.0,ate_err,sieve2_sieve2,0.07515900801734916,6.0,sieve1_sieve1,0.1594686941868832,0.08430968616953403,2.1217509170417848,1.0,0.0,sieve1_kernel,0.12205341416593658,0.04689440614858742,1.6239359377406726,1.0,0.0,kernel_sieve1,0.13377964033540343,0.05862063231805427,1.7799548432403836,1.0,0.0,sieve1_sieve1,0.1594686941868832,0.08430968616953403,2.1217509170417848,1.0,0.0,sieve1_sieve1,0.1594686941868832,0.08430968616953403,2.1217509170417848,1.0,0.0,kernel_kernel,0.371864068575295,0.2967050605579459,4.947697932422271,1.0,0.0,sieve1_sieve1,0.1594686941868832,0.08430968616953403,2.1217509170417848,1.0,0.0,kernel_sieve1,0.13377964033540343,0.05862063231805427,1.7799548432403836,1.0,0.0,kernel_kernel,0.371864068575295,0.2967050605579459,4.947697932422271,1.0,0.0,kernel_sieve1,0.13377964033540343,0.05862063231805427,1.7799548432403836,1.0,0.0,sieve2_sieve2,0.07515900801734916,0.0,0.9999999999866948,0.0,1.0,-0.2571428571428572,-0.2,0.0,0.3825184261187248,0.21483446221182986,0.0,-0.14712247158412492,-0.07161148740394328,0.0,-0.08571428571428573,0.06666666666666665,0.0,-0.23190841426097936,-0.13801311186847084,0.0,,,,,,,
B,5,ok,62.7,0bdc51d,1500.0,1.0,,,,,,,,,,,,S1,,,0.07609415639899847,pehe,kernel_sieve1,0.627211498755512,6.0,sieve1_sieve1,1.0698257491533318,0.4426142503978199,1.7056858033922078,1.0,0.0,sieve2_sieve2,1.8410241978460997,1.2138126990905878,2.935252624507126,1.0,0.0,kernel_sieve1,0.627211498755512,0.0,0.9999999999984057,0.0,1.0,sieve1_sieve1,1.0698257491533318,0.4426142503978199,1.7056858033922078,1.0,0.0,sieve1_sieve1,1.0698257491533318,0.4426142503978199,1.7056858033922078,1.0,0.0,kernel_kernel,0.8377812556342324,0.21056975687872048,1.3357236869782982,0.0,0.0,sieve1_sieve1,1.0698257491533318,0.4426142503978199,1.7056858033922078,1.0,0.0,sieve2_sieve2,1.8410241978460997,1.2138126990905878,2.935252624507126,1.0,0.0,kernel_kernel,0.8377812556342324,0.21056975687872048,1.3357236869782982,0.0,0.0,kernel_sieve1,0.627211498755512,0.0,0.9999999999984057,0.0,1.0,kernel_sieve1,0.627211498755512,0.0,0.9999999999984057,0.0,1.0,-0.2571428571428572,-0.06666666666666665,0.0,-0.6179143806533246,-0.5012804118276031,0.0,0.029424494316824982,0.07161148740394328,1.0,-0.5428571428571429,-0.2,0.0,-0.6667366910003157,-0.41403933560541256,0.0,ate_err,sieve1_sieve1,0.02235574265799702,6.0,sieve1_sieve1,0.02235574265799702,0.0,0.9999999999552688,0.0,1.0,sieve2_sieve2,0.5962567456198672,0.5739010029618702,26.67130118264736,1.0,0.0,kernel_sieve1,0.12737981404082258,0.10502407138282556,5.697856518739218,1.0,0.0,sieve1_sieve1,0.02235574265799702,0.0,0.9999999999552688,0.0,1.0,sieve1_sieve1,0.02235574265799702,0.0,0.9999999999552688,0.0,1.0,kernel_kernel,0.27546512966891057,0.25310938701091357,12.321895714703544,1.0,0.0,sieve1_sieve1,0.02235574265799702,0.0,0.9999999999552688,0.0,1.0,sieve2_sieve2,0.5962567456198672,0.5739010029618702,26.67130118264736,1.0,0.0,kernel_kernel,0.27546512966891057,0.25310938701091357,12.321895714703544,1.0,0.0,kernel_sieve1,0.12737981404082258,0.10502407138282556,5.697856518739218,1.0,0.0,sieve1_sieve1,0.02235574265799702,0.0,0.9999999999552688,0.0,1.0,0.48571428571428577,0.3333333333333333,1.0,0.0,0.07161148740394328,1.0,0.41194292043554975,0.3580574370197165,1.0,0.3142857142857143,0.2,1.0,0.3188740696088466,0.2760262237369417,1.0,,,,,,,
B,6,ok,59.6,0bdc51d,1500.0,1.0,,,,,,,,,,,,S1,,,0.07862520856870155,pehe,sieve1_kernel,0.5180711250804318,6.0,sieve3_sieve3,0.7635730005953129,0.245501875514881,1.4738767779719288,0.0,0.0,sieve3_sieve3,0.7635730005953129,0.245501875514881,1.4738767779719288,0.0,0.0,kernel_sieve1,1.0701708470848432,0.5520997220044114,2.0656832532726677,1.0,0.0,sieve3_sieve3,0.7635730005953129,0.245501875514881,1.4738767779719288,0.0,0.0,sieve3_sieve3,0.7635730005953129,0.245501875514881,1.4738767779719288,0.0,0.0,kernel_kernel,0.7672355179297959,0.2491643928493641,1.48094630406047,0.0,0.0,sieve1_sieve1,0.6848265088365079,0.16675538375607601,1.3218773942069537,0.0,0.0,sieve1_kernel,0.5180711250804318,0.0,0.9999999999980698,0.0,1.0,kernel_kernel,0.7672355179297959,0.2491643928493641,1.48094630406047,0.0,0.0,kernel_sieve1,1.0701708470848432,0.5520997220044114,2.0656832532726677,1.0,0.0,sieve1_kernel,0.5180711250804318,0.0,0.9999999999980698,0.0,1.0,-0.028571428571428574,-0.06666666666666665,0.0,0.44136741475237473,0.21483446221182986,0.0,-0.26482044885142486,-0.21483446221182986,0.0,0.14285714285714288,0.06666666666666665,0.0,0.02898855178262242,0.0,0.0,ate_err,sieve1_kernel,0.10594298423509026,6.0,sieve3_sieve3,0.29952019764675525,0.193577213411665,2.827182940016914,1.0,0.0,sieve3_sieve3,0.29952019764675525,0.193577213411665,2.827182940016914,1.0,0.0,kernel_sieve1,0.12109577057804773,0.01515278634295747,1.143027746964254,0.0,0.0,sieve3_sieve3,0.29952019764675525,0.193577213411665,2.827182940016914,1.0,0.0,sieve3_sieve3,0.29952019764675525,0.193577213411665,2.827182940016914,1.0,0.0,kernel_kernel,0.3352606093041383,0.22931762506904807,3.164538093027677,1.0,0.0,sieve1_sieve1,0.1507548070091134,0.04481182277402314,1.4229805597429797,0.0,0.0,sieve1_kernel,0.10594298423509026,0.0,0.9999999999905609,0.0,1.0,kernel_kernel,0.3352606093041383,0.22931762506904807,3.164538093027677,1.0,0.0,kernel_sieve1,0.12109577057804773,0.01515278634295747,1.143027746964254,0.0,0.0,sieve1_kernel,0.10594298423509026,0.0,0.9999999999905609,0.0,1.0,0.08571428571428573,-0.06666666666666665,0.0,-0.29424494316824984,-0.21483446221182986,0.0,0.17654696590094993,0.21483446221182986,0.0,-0.14285714285714288,-0.2,0.0,-0.2608969660436018,-0.2760262237369417,0.0,,,,,,,
B,7,ok,58.7,0bdc51d,1500.0,1.0,,,,,,,,,,,,S1,,,0.0778991408791253,pehe,kernel_sieve1,0.5540086619907643,6.0,sieve1_sieve1,0.6445276065866546,0.09051894459589038,1.1633890420945008,0.0,0.0,sieve1_kernel,0.610267352330798,0.056258690340033723,1.1015483948152964,0.0,0.0,kernel_sieve1,0.5540086619907643,0.0,0.999999999998195,0.0,1.0,sieve1_sieve1,0.6445276065866546,0.09051894459589038,1.1633890420945008,0.0,0.0,sieve1_sieve1,0.6445276065866546,0.09051894459589038,1.1633890420945008,0.0,0.0,kernel_kernel,0.6462860693179566,0.09227740732719236,1.166563112920361,0.0,0.0,sieve1_sieve1,0.6445276065866546,0.09051894459589038,1.1633890420945008,0.0,0.0,sieve1_sieve1,0.6445276065866546,0.09051894459589038,1.1633890420945008,0.0,0.0,kernel_kernel,0.6462860693179566,0.09227740732719236,1.166563112920361,0.0,0.0,kernel_sieve1,0.5540086619907643,0.0,0.999999999998195,0.0,1.0,kernel_sieve1,0.5540086619907643,0.0,0.999999999998195,0.0,1.0,-0.2571428571428572,-0.06666666666666665,0.0,-0.029424494316824982,-0.07161148740394328,0.0,0.26482044885142486,0.21483446221182986,1.0,-0.3142857142857143,-0.2,0.0,-0.3768511731740915,-0.2760262237369417,0.0,ate_err,kernel_sieve1,0.13426326878322495,6.0,sieve1_sieve1,0.20974623088569233,0.07548296210246738,1.5622011350161327,1.0,0.0,sieve1_kernel,0.19057614288042912,0.056312874097204174,1.4194212952367846,0.0,0.0,kernel_sieve1,0.13426326878322495,0.0,0.999999999992552,0.0,1.0,sieve1_sieve1,0.20974623088569233,0.07548296210246738,1.5622011350161327,1.0,0.0,sieve1_sieve1,0.20974623088569233,0.07548296210246738,1.5622011350161327,1.0,0.0,kernel_kernel,0.3044367073102276,0.17017343852700265,2.2674608630264252,1.0,0.0,sieve1_sieve1,0.20974623088569233,0.07548296210246738,1.5622011350161327,1.0,0.0,sieve1_sieve1,0.20974623088569233,0.07548296210246738,1.5622011350161327,1.0,0.0,kernel_kernel,0.3044367073102276,0.17017343852700265,2.2674608630264252,1.0,0.0,kernel_sieve1,0.13426326878322495,0.0,0.999999999992552,0.0,1.0,kernel_sieve1,0.13426326878322495,0.0,0.999999999992552,0.0,1.0,-0.14285714285714288,-0.06666666666666665,0.0,0.17654696590094993,0.21483446221182986,0.0,0.29424494316824984,0.21483446221182986,1.0,-0.2,-0.2,0.0,-0.11595420713048968,0.0,0.0,,,,,,,
B,8,ok,59.1,0bdc51d,1500.0,1.0,,,,,,,,,,,,S1,,,0.07992810308766995,pehe,sieve1_sieve1,0.6094716408648831,6.0,sieve3_sieve3,8.143970082051457,7.534498441186574,13.362344588308043,1.0,0.0,sieve3_sieve3,8.143970082051457,7.534498441186574,13.362344588308043,1.0,0.0,sieve3_sieve3,8.143970082051457,7.534498441186574,13.362344588308043,1.0,0.0,sieve3_sieve3,8.143970082051457,7.534498441186574,13.362344588308043,1.0,0.0,sieve3_sieve3,8.143970082051457,7.534498441186574,13.362344588308043,1.0,0.0,kernel_kernel,0.7588203977817854,0.1493487569169023,1.2450462776310984,0.0,0.0,sieve1_sieve1,0.6094716408648831,0.0,0.9999999999983593,0.0,1.0,kernel_kernel,0.7588203977817854,0.1493487569169023,1.2450462776310984,0.0,0.0,kernel_kernel,0.7588203977817854,0.1493487569169023,1.2450462776310984,0.0,0.0,kernel_sieve1,0.6181080310795823,0.008636390214699197,1.014170290518242,0.0,0.0,sieve1_sieve1,0.6094716408648831,0.0,0.9999999999983593,0.0,1.0,-0.028571428571428574,0.06666666666666665,1.0,-0.6179143806533246,-0.5012804118276031,0.0,-0.08827348295047496,-0.07161148740394328,0.0,-0.2,-0.06666666666666665,1.0,-0.23190841426097936,-0.13801311186847084,1.0,ate_err,sieve1_sieve1,0.2416086319686821,6.0,sieve3_sieve3,0.7419366561184554,0.5003280241497733,3.070820152698668,1.0,0.0,sieve3_sieve3,0.7419366561184554,0.5003280241497733,3.070820152698668,1.0,0.0,sieve3_sieve3,0.7419366561184554,0.5003280241497733,3.070820152698668,1.0,0.0,sieve3_sieve3,0.7419366561184554,0.5003280241497733,3.070820152698668,1.0,0.0,sieve3_sieve3,0.7419366561184554,0.5003280241497733,3.070820152698668,1.0,0.0,kernel_kernel,0.2584077952542641,0.01679916328558201,1.0695304764057023,0.0,0.0,sieve1_sieve1,0.2416086319686821,0.0,0.9999999999958611,0.0,1.0,kernel_kernel,0.2584077952542641,0.01679916328558201,1.0695304764057023,0.0,0.0,kernel_kernel,0.2584077952542641,0.01679916328558201,1.0695304764057023,0.0,0.0,kernel_sieve1,0.30789773996959685,0.06628910800091475,1.2743656443873783,0.0,0.0,sieve1_sieve1,0.2416086319686821,0.0,0.9999999999958611,0.0,1.0,-0.14285714285714288,-0.06666666666666665,1.0,-0.44136741475237473,-0.21483446221182986,0.0,-0.26482044885142486,-0.21483446221182986,0.0,-0.2571428571428572,-0.2,1.0,-0.28988551782622424,-0.2760262237369417,1.0,,,,,,,
B,9,ok,64.1,0bdc51d,1500.0,1.0,,,,,,,,,,,,S1,,,0.07052076301660948,pehe,kernel_sieve1,0.49250670985510014,6.0,sieve1_sieve1,0.5186031834941094,0.026096473639009243,1.0529870418326566,0.0,0.0,sieve1_kernel,0.5471020548458972,0.0545953449907971,1.1108519821095406,0.0,0.0,kernel_sieve1,0.49250670985510014,0.0,0.9999999999979696,0.0,1.0,sieve1_sieve1,0.5186031834941094,0.026096473639009243,1.0529870418326566,0.0,0.0,sieve1_sieve1,0.5186031834941094,0.026096473639009243,1.0529870418326566,0.0,0.0,kernel_kernel,1.2917136907469575,0.7992069808918574,2.622733182913119,1.0,0.0,sieve1_sieve1,0.5186031834941094,0.026096473639009243,1.0529870418326566,0.0,0.0,sieve1_kernel,0.5471020548458972,0.0545953449907971,1.1108519821095406,0.0,0.0,kernel_kernel,1.2917136907469575,0.7992069808918574,2.622733182913119,1.0,0.0,kernel_sieve1,0.49250670985510014,0.0,0.9999999999979696,0.0,1.0,kernel_sieve1,0.49250670985510014,0.0,0.9999999999979696,0.0,1.0,0.2571428571428572,0.2,0.0,0.058848988633649964,0.07161148740394328,0.0,0.5296408977028497,0.3580574370197165,1.0,0.08571428571428573,0.06666666666666665,0.0,-0.14494275891311212,-0.13801311186847084,0.0,ate_err,sieve1_sieve1,0.03286441202259393,6.0,sieve1_sieve1,0.03286441202259393,0.0,0.999999999969572,0.0,1.0,sieve1_kernel,0.04392726363462251,0.01106285161202858,1.3366210112959382,0.0,0.0,kernel_sieve1,0.06306366945149901,0.03019925742890508,1.9189045404562393,1.0,0.0,sieve1_sieve1,0.03286441202259393,0.0,0.999999999969572,0.0,1.0,sieve1_sieve1,0.03286441202259393,0.0,0.999999999969572,0.0,1.0,kernel_kernel,0.352618284451993,0.31975387242939907,10.729487087699676,1.0,0.0,sieve1_sieve1,0.03286441202259393,0.0,0.999999999969572,0.0,1.0,sieve1_kernel,0.04392726363462251,0.01106285161202858,1.3366210112959382,0.0,0.0,kernel_kernel,0.352618284451993,0.31975387242939907,10.729487087699676,1.0,0.0,kernel_sieve1,0.06306366945149901,0.03019925742890508,1.9189045404562393,1.0,0.0,sieve1_sieve1,0.03286441202259393,0.0,0.999999999969572,0.0,1.0,0.48571428571428577,0.3333333333333333,1.0,0.6767633692869747,0.5012804118276031,1.0,0.44136741475237473,0.3580574370197165,1.0,0.4285714285714286,0.2,1.0,0.4058397249567139,0.2760262237369417,1.0,,,,,,,
B,10,ok,64.2,0bdc51d,1500.0,1.0,,,,,,,,,,,,S1,,,0.07961733066812263,pehe,sieve2_sieve2,0.6004735284708073,6.0,sieve1_sieve1,0.8087273866047547,0.20825385813394748,1.3468160514301926,0.0,0.0,sieve1_kernel,0.733752611974721,0.1332790835039137,1.2219566345282635,0.0,0.0,kernel_sieve1,1.061137890837509,0.46066436236670183,1.7671684770818843,1.0,0.0,sieve1_sieve1,0.8087273866047547,0.20825385813394748,1.3468160514301926,0.0,0.0,sieve1_sieve1,0.8087273866047547,0.20825385813394748,1.3468160514301926,0.0,0.0,kernel_kernel,1.006077120745716,0.4056035922749087,1.6754728943774784,1.0,0.0,sieve1_sieve1,0.8087273866047547,0.20825385813394748,1.3468160514301926,0.0,0.0,sieve2_sieve2,0.6004735284708073,0.0,0.9999999999983347,0.0,1.0,kernel_kernel,1.006077120745716,0.4056035922749087,1.6754728943774784,1.0,0.0,kernel_sieve1,1.061137890837509,0.46066436236670183,1.7671684770818843,1.0,0.0,sieve2_sieve2,0.6004735284708073,0.0,0.9999999999983347,0.0,1.0,0.08571428571428573,0.06666666666666665,0.0,0.44136741475237473,0.21483446221182986,0.0,-0.26482044885142486,-0.21483446221182986,0.0,0.3714285714285715,0.2,0.0,0.5797710356524485,0.41403933560541256,0.0,ate_err,sieve1_kernel,0.07483490811072467,6.0,sieve1_sieve1,0.11919519237943782,0.04436028426871315,1.5927752887928388,1.0,0.0,sieve1_kernel,0.07483490811072467,0.0,0.9999999999866371,0.0,1.0,kernel_sieve1,0.07505015802581465,0.0002152499150899767,1.0028763303052182,0.0,0.0,sieve1_sieve1,0.11919519237943782,0.04436028426871315,1.5927752887928388,1.0,0.0,sieve1_sieve1,0.11919519237943782,0.04436028426871315,1.5927752887928388,1.0,0.0,kernel_kernel,0.26465444368318686,0.18981953557246217,3.5365105718854006,1.0,0.0,sieve1_sieve1,0.11919519237943782,0.04436028426871315,1.5927752887928388,1.0,0.0,sieve2_sieve2,0.4982801405694135,0.4234452324586888,6.6583918273208385,1.0,0.0,kernel_kernel,0.26465444368318686,0.18981953557246217,3.5365105718854006,1.0,0.0,kernel_sieve1,0.07505015802581465,0.0002152499150899767,1.0028763303052182,0.0,0.0,sieve1_kernel,0.07483490811072467,0.0,0.9999999999866371,0.0,1.0,-0.2,-0.2,0.0,0.20597146021777488,0.07161148740394328,1.0,-0.029424494316824982,-0.07161148740394328,0.0,-0.3714285714285715,-0.3333333333333333,0.0,-0.3768511731740915,-0.2760262237369417,0.0,,,,,,,
B,11,ok,63.9,0bdc51d,1500.0,1.0,,,,,,,,,,,,S1,,,0.07793718142173325,pehe,sieve1_sieve1,0.5020932027886962,6.0,sieve1_sieve1,0.5020932027886962,0.0,0.9999999999980084,0.0,1.0,sieve2_sieve2,1.3016829846691853,0.7995897818804891,2.5925126598744272,1.0,0.0,kernel_sieve1,0.5864053917813365,0.08431218899264037,1.1679213909353696,0.0,0.0,sieve1_sieve1,0.5020932027886962,0.0,0.9999999999980084,0.0,1.0,sieve1_sieve1,0.5020932027886962,0.0,0.9999999999980084,0.0,1.0,kernel_kernel,0.6904691844186699,0.1883759816299737,1.3751813021612957,0.0,0.0,sieve1_sieve1,0.5020932027886962,0.0,0.9999999999980084,0.0,1.0,sieve2_sieve2,1.3016829846691853,0.7995897818804891,2.5925126598744272,1.0,0.0,kernel_kernel,0.6904691844186699,0.1883759816299737,1.3751813021612957,0.0,0.0,kernel_sieve1,0.5864053917813365,0.08431218899264037,1.1679213909353696,0.0,0.0,sieve1_sieve1,0.5020932027886962,0.0,0.9999999999980084,0.0,1.0,0.14285714285714288,0.06666666666666665,1.0,0.08827348295047496,0.07161148740394328,1.0,0.20597146021777488,0.07161148740394328,1.0,0.028571428571428574,-0.06666666666666665,1.0,0.05797710356524484,0.0,1.0,ate_err,sieve1_sieve1,0.07100755457580492,6.0,sieve1_sieve1,0.07100755457580492,0.0,0.9999999999859169,0.0,1.0,sieve2_sieve2,1.7154318802856754,1.6444243257098705,24.158441880014163,1.0,0.0,kernel_sieve1,0.10744158463587321,0.03643403006006829,1.5131007577462707,1.0,0.0,sieve1_sieve1,0.07100755457580492,0.0,0.9999999999859169,0.0,1.0,sieve1_sieve1,0.07100755457580492,0.0,0.9999999999859169,0.0,1.0,kernel_kernel,0.3033073530715908,0.23229979849578586,4.271480054189447,1.0,0.0,sieve1_sieve1,0.07100755457580492,0.0,0.9999999999859169,0.0,1.0,sieve2_sieve2,1.7154318802856754,1.6444243257098705,24.158441880014163,1.0,0.0,kernel_kernel,0.3033073530715908,0.23229979849578586,4.271480054189447,1.0,0.0,kernel_sieve1,0.10744158463587321,0.03643403006006829,1.5131007577462707,1.0,0.0,sieve1_sieve1,0.07100755457580492,0.0,0.9999999999859169,0.0,1.0,0.2571428571428572,0.2,1.0,-0.08827348295047496,-0.07161148740394328,1.0,0.26482044885142486,0.21483446221182986,1.0,0.08571428571428573,0.06666666666666665,1.0,0.11595420713048968,0.13801311186847084,1.0,,,,,,,
C,0,ok,63.8,0bdc51d,1500.0,1.0,,,,,,,,,,,,S2,,,0.07269000393396396,pehe,sieve1_kernel,0.5177881631669112,6.0,sieve1_sieve1,0.5245333184733758,0.006745155306464579,1.0130268626926437,0.0,0.0,sieve3_sieve3,0.7456484395078029,0.22786027634089168,1.4400646684269605,0.0,0.0,kernel_sieve1,0.7752530933488395,0.2574649301819283,1.497239891707289,0.0,0.0,sieve3_sieve3,0.7456484395078029,0.22786027634089168,1.4400646684269605,0.0,0.0,sieve3_sieve3,0.7456484395078029,0.22786027634089168,1.4400646684269605,0.0,0.0,kernel_kernel,0.8321614176145348,0.31437325444762354,1.607146468013555,1.0,0.0,sieve1_sieve1,0.5245333184733758,0.006745155306464579,1.0130268626926437,0.0,0.0,sieve2_sieve2,1.4103464326315904,0.8925582694646792,2.7237904088090086,1.0,0.0,kernel_kernel,0.8321614176145348,0.31437325444762354,1.607146468013555,1.0,0.0,kernel_sieve1,0.7752530933488395,0.2574649301819283,1.497239891707289,0.0,0.0,sieve1_kernel,0.5177881631669112,0.0,0.9999999999980688,0.0,1.0,0.2,0.2,0.0,0.6179143806533246,0.3580574370197165,0.0,0.08827348295047496,0.07161148740394328,0.0,0.14285714285714288,0.06666666666666665,0.0,0.28988551782622424,0.13801311186847084,0.0,ate_err,kernel_sieve1,0.20596916466633894,6.0,sieve1_sieve1,0.21574869698636054,0.0097795323200216,1.0474805650390266,0.0,0.0,sieve3_sieve3,0.6931924017828361,0.4872232371164972,3.365515429954829,1.0,0.0,kernel_sieve1,0.20596916466633894,0.0,0.9999999999951449,0.0,1.0,sieve3_sieve3,0.6931924017828361,0.4872232371164972,3.365515429954829,1.0,0.0,sieve3_sieve3,0.6931924017828361,0.4872232371164972,3.365515429954829,1.0,0.0,kernel_kernel,0.5568362557769763,0.3508670911106373,2.7034932955926836,1.0,0.0,sieve1_sieve1,0.21574869698636054,0.0097795323200216,1.0474805650390266,0.0,0.0,sieve2_sieve2,1.3794328260384774,1.1734636613721385,6.6972783439035695,1.0,0.0,kernel_kernel,0.5568362557769763,0.3508670911106373,2.7034932955926836,1.0,0.0,kernel_sieve1,0.20596916466633894,0.0,0.9999999999951449,0.0,1.0,kernel_sieve1,0.20596916466633894,0.0,0.9999999999951449,0.0,1.0,-0.028571428571428574,0.06666666666666665,0.0,-0.26482044885142486,-0.21483446221182986,0.0,0.5002164033860248,0.3580574370197165,1.0,-0.2,-0.06666666666666665,0.0,-0.4058397249567139,-0.2760262237369417,0.0,,,,,,,
C,1,ok,62.7,0bdc51d,1500.0,1.0,,,,,,,,,,,,S2,,,0.07112259064674048,pehe,sieve1_kernel,0.45737627906743533,6.0,sieve1_sieve1,0.6022765324415893,0.14490025337415396,1.3168075390098515,0.0,0.0,sieve2_sieve2,2.677117123497697,2.2197408444302615,5.853204999940828,1.0,0.0,kernel_sieve1,1.3235074044585982,0.8661311253911628,2.8936948963646785,1.0,0.0,sieve1_sieve1,0.6022765324415893,0.14490025337415396,1.3168075390098515,0.0,0.0,sieve1_sieve1,0.6022765324415893,0.14490025337415396,1.3168075390098515,0.0,0.0,kernel_kernel,0.8646004949767662,0.40722421590933083,1.8903483511163892,1.0,0.0,sieve1_sieve1,0.6022765324415893,0.14490025337415396,1.3168075390098515,0.0,0.0,kernel_sieve1,1.3235074044585982,0.8661311253911628,2.8936948963646785,1.0,0.0,kernel_kernel,0.8646004949767662,0.40722421590933083,1.8903483511163892,1.0,0.0,kernel_sieve1,1.3235074044585982,0.8661311253911628,2.8936948963646785,1.0,0.0,sieve1_kernel,0.45737627906743533,0.0,0.9999999999978136,0.0,1.0,-0.14285714285714288,-0.06666666666666665,0.0,0.0,0.07161148740394328,0.0,-0.29424494316824984,-0.21483446221182986,0.0,-0.14285714285714288,-0.06666666666666665,0.0,0.14494275891311212,0.13801311186847084,0.0,ate_err,sieve1_sieve1,0.12220955156455167,6.0,sieve1_sieve1,0.12220955156455167,0.0,0.9999999999918173,0.0,1.0,sieve2_sieve2,0.3459293336693596,0.22371978210480792,2.8306243598628003,1.0,0.0,kernel_sieve1,0.12672576558602378,0.004516214021472106,1.0369546730400174,0.0,0.0,sieve1_sieve1,0.12220955156455167,0.0,0.9999999999918173,0.0,1.0,sieve1_sieve1,0.12220955156455167,0.0,0.9999999999918173,0.0,1.0,kernel_kernel,0.49138576784521043,0.3691762162806588,4.020845846747398,1.0,0.0,sieve1_sieve1,0.12220955156455167,0.0,0.9999999999918173,0.0,1.0,kernel_sieve1,0.12672576558602378,0.004516214021472106,1.0369546730400174,0.0,0.0,kernel_kernel,0.49138576784521043,0.3691762162806588,4.020845846747398,1.0,0.0,kernel_sieve1,0.12672576558602378,0.004516214021472106,1.0369546730400174,0.0,0.0,sieve1_sieve1,0.12220955156455167,0.0,0.9999999999918173,0.0,1.0,0.2571428571428572,0.2,1.0,0.17654696590094993,0.07161148740394328,1.0,0.5296408977028497,0.3580574370197165,1.0,0.2571428571428572,0.2,1.0,0.11595420713048968,0.0,1.0,,,,,,,
C,2,ok,63.3,0bdc51d,1500.0,1.0,,,,,,,,,,,,S2,,,0.0683545814250607,pehe,sieve1_kernel,0.4418352671928412,6.0,sieve1_sieve1,0.8579529669980467,0.41611769980520547,1.94179376500891,1.0,0.0,sieve1_kernel,0.4418352671928412,0.0,0.9999999999977368,0.0,1.0,kernel_sieve1,0.6172833615560587,0.17544809436321745,1.397089384639921,0.0,0.0,sieve1_sieve1,0.8579529669980467,0.41611769980520547,1.94179376500891,1.0,0.0,sieve1_sieve1,0.8579529669980467,0.41611769980520547,1.94179376500891,1.0,0.0,kernel_kernel,0.7304696384404794,0.2886343712476382,1.6532624094943718,1.0,0.0,sieve1_sieve1,0.8579529669980467,0.41611769980520547,1.94179376500891,1.0,0.0,sieve3_sieve3,1.5350174081865848,1.0931821409937437,3.474184887810562,1.0,0.0,kernel_kernel,0.7304696384404794,0.2886343712476382,1.6532624094943718,1.0,0.0,kernel_sieve1,0.6172833615560587,0.17544809436321745,1.397089384639921,0.0,0.0,sieve1_kernel,0.4418352671928412,0.0,0.9999999999977368,0.0,1.0,-0.6571428571428573,-0.4666666666666666,0.0,-0.029424494316824982,-0.07161148740394328,1.0,-0.26482044885142486,-0.21483446221182986,0.0,-0.6,-0.3333333333333333,0.0,-0.6377481392176932,-0.41403933560541256,0.0,ate_err,kernel_sieve1,0.09721719715034179,6.0,sieve1_sieve1,0.13204480069920851,0.03482760354886673,1.3582452957746687,0.0,0.0,sieve1_kernel,0.1007232218548421,0.0035060247045003157,1.03606383239009,0.0,0.0,kernel_sieve1,0.09721719715034179,0.0,0.9999999999897137,0.0,1.0,sieve1_sieve1,0.13204480069920851,0.03482760354886673,1.3582452957746687,0.0,0.0,sieve1_sieve1,0.13204480069920851,0.03482760354886673,1.3582452957746687,0.0,0.0,kernel_kernel,0.5530181487174184,0.4558009515670766,5.688480689856894,1.0,0.0,sieve1_sieve1,0.13204480069920851,0.03482760354886673,1.3582452957746687,0.0,0.0,sieve3_sieve3,0.9278542842167772,0.8306370870664354,9.544137368745062,1.0,0.0,kernel_kernel,0.5530181487174184,0.4558009515670766,5.688480689856894,1.0,0.0,kernel_sieve1,0.09721719715034179,0.0,0.9999999999897137,0.0,1.0,kernel_sieve1,0.09721719715034179,0.0,0.9999999999897137,0.0,1.0,-0.3142857142857143,-0.2,0.0,-0.029424494316824982,-0.07161148740394328,0.0,0.20597146021777488,0.07161148740394328,1.0,-0.3714285714285715,-0.3333333333333333,0.0,-0.4638168285219587,-0.41403933560541256,0.0,,,,,,,
C,3,ok,63.8,0bdc51d,1500.0,1.0,,,,,,,,,,,,S2,,,0.07447068254903245,pehe,sieve1_kernel,0.5008264947265991,6.0,sieve1_sieve1,0.5265696256780001,0.025743130951401016,1.0514012961003647,0.0,0.0,sieve1_kernel,0.5008264947265991,0.0,0.9999999999980034,0.0,1.0,kernel_sieve1,0.6000166930489292,0.09919019832233011,1.198053017093834,0.0,0.0,sieve1_sieve1,0.5265696256780001,0.025743130951401016,1.0514012961003647,0.0,0.0,sieve1_sieve1,0.5265696256780001,0.025743130951401016,1.0514012961003647,0.0,0.0,kernel_kernel,1.0017317771811816,0.5009052824545824,2.0001573154112506,1.0,0.0,sieve1_sieve1,0.5265696256780001,0.025743130951401016,1.0514012961003647,0.0,0.0,sieve1_sieve1,0.5265696256780001,0.025743130951401016,1.0514012961003647,0.0,0.0,kernel_kernel,1.0017317771811816,0.5009052824545824,2.0001573154112506,1.0,0.0,kernel_sieve1,0.6000166930489292,0.09919019832233011,1.198053017093834,0.0,0.0,sieve1_kernel,0.5008264947265991,0.0,0.9999999999980034,0.0,1.0,0.08571428571428573,0.06666666666666665,0.0,0.5296408977028497,0.3580574370197165,1.0,0.17654696590094993,0.21483446221182986,0.0,-0.028571428571428574,-0.06666666666666665,0.0,-0.14494275891311212,-0.13801311186847084,0.0,ate_err,sieve1_kernel,0.07380605139491499,6.0,sieve1_sieve1,0.07829991579808637,0.004493864403171385,1.0608874789692395,0.0,0.0,sieve1_kernel,0.07380605139491499,0.0,0.999999999986451,0.0,1.0,kernel_sieve1,0.15369074355381437,0.07988469215889939,2.0823596527251804,1.0,0.0,sieve1_sieve1,0.07829991579808637,0.004493864403171385,1.0608874789692395,0.0,0.0,sieve1_sieve1,0.07829991579808637,0.004493864403171385,1.0608874789692395,0.0,0.0,kernel_kernel,0.7639914055272747,0.6901853541323597,10.351338285651195,1.0,0.0,sieve1_sieve1,0.07829991579808637,0.004493864403171385,1.0608874789692395,0.0,0.0,sieve1_sieve1,0.07829991579808637,0.004493864403171385,1.0608874789692395,0.0,0.0,kernel_kernel,0.7639914055272747,0.6901853541323597,10.351338285651195,1.0,0.0,kernel_sieve1,0.15369074355381437,0.07988469215889939,2.0823596527251804,1.0,0.0,sieve1_kernel,0.07380605139491499,0.0,0.999999999986451,0.0,1.0,0.2571428571428572,0.2,0.0,0.6767633692869747,0.5012804118276031,1.0,0.26482044885142486,0.3580574370197165,0.0,0.2,0.06666666666666665,0.0,0.05797710356524484,0.0,0.0,,,,,,,
C,4,ok,63.8,0bdc51d,1500.0,1.0,,,,,,,,,,,,S2,,,0.07760455767233078,pehe,sieve1_sieve1,0.4463235504861912,6.0,sieve3_sieve3,0.738334238589779,0.29201068810358777,1.654257853487317,1.0,0.0,sieve2_sieve2,0.6652679028367781,0.21894435235058685,1.490550749810524,0.0,0.0,sieve3_sieve3,0.738334238589779,0.29201068810358777,1.654257853487317,1.0,0.0,sieve3_sieve3,0.738334238589779,0.29201068810358777,1.654257853487317,1.0,0.0,sieve1_sieve1,0.4463235504861912,0.0,0.9999999999977596,0.0,1.0,kernel_kernel,1.1894349842390077,0.7431114337528165,2.6649612886003036,1.0,0.0,sieve1_sieve1,0.4463235504861912,0.0,0.9999999999977596,0.0,1.0,kernel_sieve1,1.3369269307056202,0.890603380219429,2.995420988308319,1.0,0.0,kernel_kernel,1.1894349842390077,0.7431114337528165,2.6649612886003036,1.0,0.0,kernel_sieve1,1.3369269307056202,0.890603380219429,2.995420988308319,1.0,0.0,sieve1_sieve1,0.4463235504861912,0.0,0.9999999999977596,0.0,1.0,0.3142857142857143,0.2,1.0,0.7944613465542746,0.6445033866354897,1.0,-0.08827348295047496,-0.07161148740394328,0.0,0.3142857142857143,0.2,1.0,0.753702346348183,0.5520524474738834,1.0,ate_err,sieve1_kernel,0.1353407959213515,6.0,sieve3_sieve3,0.4891290084452867,0.35378821252393516,3.614054469769134,1.0,0.0,sieve2_sieve2,0.14959620070589633,0.014255404784544817,1.1053296952067837,0.0,0.0,sieve3_sieve3,0.4891290084452867,0.35378821252393516,3.614054469769134,1.0,0.0,sieve3_sieve3,0.4891290084452867,0.35378821252393516,3.614054469769134,1.0,0.0,sieve1_sieve1,0.16879386605826538,0.03345307013691387,1.2471765435390727,0.0,0.0,kernel_kernel,0.5808749449819428,0.4455341490605913,4.291942728896065,1.0,0.0,sieve1_sieve1,0.16879386605826538,0.03345307013691387,1.2471765435390727,0.0,0.0,kernel_sieve1,0.300100026179759,0.1647592302584075,2.217365607572857,1.0,0.0,kernel_kernel,0.5808749449819428,0.4455341490605913,4.291942728896065,1.0,0.0,kernel_sieve1,0.300100026179759,0.1647592302584075,2.217365607572857,1.0,0.0,sieve1_kernel,0.1353407959213515,0.0,0.9999999999926112,0.0,1.0,0.028571428571428574,-0.06666666666666665,0.0,0.7944613465542746,0.6445033866354897,0.0,-0.26482044885142486,-0.3580574370197165,0.0,0.028571428571428574,-0.06666666666666665,0.0,0.2608969660436018,0.13801311186847084,0.0,,,,,,,
C,5,ok,54.2,0bdc51d,1500.0,1.0,,,,,,,,,,,,S2,,,0.081655772980644,pehe,sieve1_sieve1,0.47825979022285553,6.0,sieve3_sieve3,0.8991585268961967,0.42089873667334116,1.8800629809905913,1.0,0.0,sieve3_sieve3,0.8991585268961967,0.42089873667334116,1.8800629809905913,1.0,0.0,kernel_sieve1,0.5323983249813247,0.05413853475846914,1.113199009960944,0.0,0.0,sieve3_sieve3,0.8991585268961967,0.42089873667334116,1.8800629809905913,1.0,0.0,sieve3_sieve3,0.8991585268961967,0.42089873667334116,1.8800629809905913,1.0,0.0,kernel_kernel,1.3195053264811896,0.841245536258334,2.7589719091031646,1.0,0.0,sieve1_sieve1,0.47825979022285553,0.0,0.9999999999979091,0.0,1.0,sieve2_sieve2,0.7636574665227215,0.28539767629986595,1.5967419426276293,1.0,0.0,kernel_kernel,1.3195053264811896,0.841245536258334,2.7589719091031646,1.0,0.0,kernel_sieve1,0.5323983249813247,0.05413853475846914,1.113199009960944,0.0,0.0,sieve1_sieve1,0.47825979022285553,0.0,0.9999999999979091,0.0,1.0,0.3714285714285715,0.3333333333333333,1.0,-0.14712247158412492,-0.21483446221182986,0.0,0.6767633692869747,0.5012804118276031,1.0,0.08571428571428573,0.06666666666666665,0.0,0.17393131069573453,0.13801311186847084,1.0,ate_err,sieve1_kernel,0.04805529613558864,6.0,sieve3_sieve3,0.2878124093799345,0.23975711324434587,5.9891922955147106,1.0,0.0,sieve3_sieve3,0.2878124093799345,0.23975711324434587,5.9891922955147106,1.0,0.0,kernel_sieve1,0.11525399412329573,0.06719869798770708,2.398361957768541,1.0,0.0,sieve3_sieve3,0.2878124093799345,0.23975711324434587,5.9891922955147106,1.0,0.0,sieve3_sieve3,0.2878124093799345,0.23975711324434587,5.9891922955147106,1.0,0.0,kernel_kernel,0.5389312486468126,0.490875952511224,11.214814848190642,1.0,0.0,sieve1_sieve1,0.0518268831506552,0.003771587015066559,1.0784843153051538,0.0,0.0,sieve2_sieve2,0.9493285780243058,0.9012732818887171,19.754920983652,1.0,0.0,kernel_kernel,0.5389312486468126,0.490875952511224,11.214814848190642,1.0,0.0,kernel_sieve1,0.11525399412329573,0.06719869798770708,2.398361957768541,1.0,0.0,sieve1_kernel,0.04805529613558864,0.0,0.9999999999791906,0.0,1.0,0.14285714285714288,0.06666666666666665,0.0,-0.17654696590094993,-0.07161148740394328,0.0,0.17654696590094993,0.21483446221182986,0.0,-0.2571428571428572,-0.2,0.0,-0.14494275891311212,-0.13801311186847084,0.0,,,,,,,
C,6,ok,57.5,0bdc51d,1500.0,1.0,,,,,,,,,,,,S2,,,0.07721035879252809,pehe,sieve1_sieve1,0.4318377380695945,6.0,sieve3_sieve3,0.5233860795863957,0.09154834151680119,1.211997084656912,0.0,0.0,sieve1_kernel,0.46211618802217985,0.03027844995258533,1.0701153402823622,0.0,0.0,sieve3_sieve3,0.5233860795863957,0.09154834151680119,1.211997084656912,0.0,0.0,sieve1_sieve1,0.4318377380695945,0.0,0.9999999999976844,0.0,1.0,sieve1_sieve1,0.4318377380695945,0.0,0.9999999999976844,0.0,1.0,kernel_kernel,0.7357859625451598,0.3039482244755653,1.7038482227898237,1.0,0.0,sieve1_sieve1,0.4318377380695945,0.0,0.9999999999976844,0.0,1.0,sieve1_kernel,0.46211618802217985,0.03027844995258533,1.0701153402823622,0.0,0.0,kernel_kernel,0.7357859625451598,0.3039482244755653,1.7038482227898237,1.0,0.0,kernel_sieve1,0.6123239993884503,0.18048626131885576,1.4179492559502775,0.0,0.0,sieve1_sieve1,0.4318377380695945,0.0,0.9999999999976844,0.0,1.0,0.3142857142857143,0.2,1.0,0.7944613465542746,0.6445033866354897,1.0,0.26482044885142486,0.21483446221182986,0.0,0.5428571428571429,0.4666666666666666,1.0,0.5217939320872036,0.41403933560541256,1.0,ate_err,sieve1_kernel,0.1045143651844147,6.0,sieve3_sieve3,0.2582115238014268,0.1536971586170121,2.4705840517075734,1.0,0.0,sieve1_kernel,0.1045143651844147,0.0,0.9999999999904319,0.0,1.0,sieve3_sieve3,0.2582115238014268,0.1536971586170121,2.4705840517075734,1.0,0.0,sieve1_sieve1,0.10696750027146125,0.0024531350870465457,1.0234717503349375,0.0,0.0,sieve1_sieve1,0.10696750027146125,0.0024531350870465457,1.0234717503349375,0.0,0.0,kernel_kernel,0.5738832855883956,0.4693689204039809,5.490951263687939,1.0,0.0,sieve1_sieve1,0.10696750027146125,0.0024531350870465457,1.0234717503349375,0.0,0.0,sieve1_kernel,0.1045143651844147,0.0,0.9999999999904319,0.0,1.0,kernel_kernel,0.5738832855883956,0.4693689204039809,5.490951263687939,1.0,0.0,kernel_sieve1,0.13886059058943898,0.03434622540502427,1.3286268384550968,0.0,0.0,sieve1_kernel,0.1045143651844147,0.0,0.9999999999904319,0.0,1.0,0.14285714285714288,0.06666666666666665,0.0,0.7356123579206245,0.6445033866354897,1.0,0.08827348295047496,0.07161148740394328,0.0,0.3714285714285715,0.3333333333333333,0.0,0.28988551782622424,0.2760262237369417,0.0,,,,,,,
C,7,ok,56.9,0bdc51d,1500.0,1.0,,,,,,,,,,,,S2,,,0.06983701946568319,pehe,sieve1_sieve1,0.5066187027606763,6.0,sieve1_sieve1,0.5066187027606763,0.0,0.9999999999980261,0.0,1.0,sieve1_kernel,0.5180817378496242,0.01146303508894786,1.0226265533140815,0.0,0.0,sieve3_sieve3,1.0461562629101209,0.5395375601494445,2.064977580194575,1.0,0.0,sieve1_sieve1,0.5066187027606763,0.0,0.9999999999980261,0.0,1.0,sieve1_sieve1,0.5066187027606763,0.0,0.9999999999980261,0.0,1.0,kernel_kernel,1.1415668601288151,0.6349481573681388,2.2533057976460675,1.0,0.0,sieve1_sieve1,0.5066187027606763,0.0,0.9999999999980261,0.0,1.0,sieve1_sieve1,0.5066187027606763,0.0,0.9999999999980261,0.0,1.0,kernel_kernel,1.1415668601288151,0.6349481573681388,2.2533057976460675,1.0,0.0,kernel_sieve1,0.9757091554076881,0.46909045264701177,1.9259240728557971,1.0,0.0,sieve1_sieve1,0.5066187027606763,0.0,0.9999999999980261,0.0,1.0,0.3142857142857143,0.2,1.0,0.5296408977028497,0.3580574370197165,1.0,0.17654696590094993,0.07161148740394328,0.0,0.3142857142857143,0.2,1.0,0.3188740696088466,0.2760262237369417,1.0,ate_err,sieve1_sieve1,0.13097876403269101,6.0,sieve1_sieve1,0.13097876403269101,0.0,0.9999999999923651,0.0,1.0,sieve1_kernel,0.14193521011806734,0.010956446085376326,1.083650553318384,0.0,0.0,sieve3_sieve3,0.2917375791282037,0.16075881509551268,2.2273654915018244,1.0,0.0,sieve1_sieve1,0.13097876403269101,0.0,0.9999999999923651,0.0,1.0,sieve1_sieve1,0.13097876403269101,0.0,0.9999999999923651,0.0,1.0,kernel_kernel,0.5354189490549522,0.4044401850222612,4.087830214348557,1.0,0.0,sieve1_sieve1,0.13097876403269101,0.0,0.9999999999923651,0.0,1.0,sieve1_sieve1,0.13097876403269101,0.0,0.9999999999923651,0.0,1.0,kernel_kernel,0.5354189490549522,0.4044401850222612,4.087830214348557,1.0,0.0,kernel_sieve1,0.13141414902385226,0.0004353849911612473,1.0033240883999275,0.0,0.0,sieve1_sieve1,0.13097876403269101,0.0,0.9999999999923651,0.0,1.0,0.3714285714285715,0.3333333333333333,1.0,0.29424494316824984,0.21483446221182986,1.0,0.35309393180189985,0.21483446221182986,0.0,0.3714285714285715,0.3333333333333333,1.0,0.23190841426097936,0.13801311186847084,1.0,,,,,,,
C,8,ok,56.2,0bdc51d,1500.0,1.0,,,,,,,,,,,,S2,,,0.0688033291069948,pehe,sieve1_kernel,0.5118575826677348,6.0,sieve1_sieve1,0.5906583258259089,0.07880074315817409,1.153950524179638,0.0,0.0,sieve1_kernel,0.5118575826677348,0.0,0.9999999999980463,0.0,1.0,kernel_sieve1,0.632880738406794,0.1210231557390592,1.2364391186842751,0.0,0.0,sieve1_sieve1,0.5906583258259089,0.07880074315817409,1.153950524179638,0.0,0.0,sieve1_sieve1,0.5906583258259089,0.07880074315817409,1.153950524179638,0.0,0.0,kernel_kernel,1.349847792502655,0.8379902098349202,2.63715501773909,1.0,0.0,sieve1_sieve1,0.5906583258259089,0.07880074315817409,1.153950524179638,0.0,0.0,kernel_kernel,1.349847792502655,0.8379902098349202,2.63715501773909,1.0,0.0,kernel_kernel,1.349847792502655,0.8379902098349202,2.63715501773909,1.0,0.0,kernel_sieve1,0.632880738406794,0.1210231557390592,1.2364391186842751,0.0,0.0,sieve1_kernel,0.5118575826677348,0.0,0.9999999999980463,0.0,1.0,0.028571428571428574,0.06666666666666665,0.0,0.5296408977028497,0.3580574370197165,1.0,0.058848988633649964,0.07161148740394328,0.0,-0.028571428571428574,-0.06666666666666665,0.0,0.02898855178262242,0.0,0.0,ate_err,sieve1_kernel,0.1731114456448896,6.0,sieve1_sieve1,0.1806063840106991,0.0074949383658095,1.0432954524574929,0.0,0.0,sieve1_kernel,0.1731114456448896,0.0,0.9999999999942233,0.0,1.0,kernel_sieve1,0.1953745408568804,0.022263095211990824,1.1286055646287616,0.0,0.0,sieve1_sieve1,0.1806063840106991,0.0074949383658095,1.0432954524574929,0.0,0.0,sieve1_sieve1,0.1806063840106991,0.0074949383658095,1.0432954524574929,0.0,0.0,kernel_kernel,0.6657691694055837,0.49265772376069417,3.8458991947156207,1.0,0.0,sieve1_sieve1,0.1806063840106991,0.0074949383658095,1.0432954524574929,0.0,0.0,kernel_kernel,0.6657691694055837,0.49265772376069417,3.8458991947156207,1.0,0.0,kernel_kernel,0.6657691694055837,0.49265772376069417,3.8458991947156207,1.0,0.0,kernel_sieve1,0.1953745408568804,0.022263095211990824,1.1286055646287616,0.0,0.0,sieve1_kernel,0.1731114456448896,0.0,0.9999999999942233,0.0,1.0,0.2,0.06666666666666665,0.0,0.7650368522374495,0.6445033866354897,1.0,0.058848988633649964,0.07161148740394328,0.0,0.2571428571428572,0.2,0.0,0.3768511731740915,0.2760262237369417,0.0,,,,,,,
C,9,ok,57.0,0bdc51d,1500.0,1.0,,,,,,,,,,,,S2,,,0.0781884106945043,pehe,sieve1_sieve1,0.41341425403036763,6.0,sieve1_sieve1,0.41341425403036763,0.0,0.9999999999975812,0.0,1.0,sieve3_sieve3,0.817871590218116,0.4044573361877483,1.9783342790983214,1.0,0.0,kernel_sieve1,0.5004378123687394,0.08702355833837178,1.2104996561893313,0.0,0.0,sieve1_sieve1,0.41341425403036763,0.0,0.9999999999975812,0.0,1.0,sieve3_sieve3,0.817871590218116,0.4044573361877483,1.9783342790983214,1.0,0.0,kernel_kernel,0.7001848529424547,0.28677059891208706,1.693664033387026,1.0,0.0,sieve1_sieve1,0.41341425403036763,0.0,0.9999999999975812,0.0,1.0,sieve1_kernel,0.454434357869419,0.04102010383905136,1.0992227612813248,0.0,0.0,kernel_kernel,0.7001848529424547,0.28677059891208706,1.693664033387026,1.0,0.0,kernel_sieve1,0.5004378123687394,0.08702355833837178,1.2104996561893313,0.0,0.0,sieve1_sieve1,0.41341425403036763,0.0,0.9999999999975812,0.0,1.0,0.08571428571428573,0.06666666666666665,1.0,0.08827348295047496,0.07161148740394328,1.0,0.26482044885142486,0.21483446221182986,1.0,0.08571428571428573,0.06666666666666665,1.0,-0.11595420713048968,0.0,1.0,ate_err,sieve1_sieve1,0.029270067145878282,6.0,sieve1_sieve1,0.029270067145878282,0.0,0.9999999999658354,0.0,1.0,sieve3_sieve3,0.25052938656028273,0.22125931941440444,8.5592351156257,1.0,0.0,kernel_sieve1,0.13516986897177094,0.10589980182589266,4.618023877208191,1.0,0.0,sieve1_sieve1,0.029270067145878282,0.0,0.9999999999658354,0.0,1.0,sieve3_sieve3,0.25052938656028273,0.22125931941440444,8.5592351156257,1.0,0.0,kernel_kernel,0.485339838952276,0.45606977180639774,16.58143920602651,1.0,0.0,sieve1_sieve1,0.029270067145878282,0.0,0.9999999999658354,0.0,1.0,sieve1_kernel,0.037865064506653244,0.008594997360774962,1.2936446068485237,0.0,0.0,kernel_kernel,0.485339838952276,0.45606977180639774,16.58143920602651,1.0,0.0,kernel_sieve1,0.13516986897177094,0.10589980182589266,4.618023877208191,1.0,0.0,sieve1_sieve1,0.029270067145878282,0.0,0.9999999999658354,0.0,1.0,0.3142857142857143,0.2,1.0,0.35309393180189985,0.21483446221182986,1.0,0.41194292043554975,0.3580574370197165,1.0,0.3142857142857143,0.2,1.0,0.14494275891311212,0.13801311186847084,1.0,,,,,,,
C,10,ok,57.1,0bdc51d,1500.0,1.0,,,,,,,,,,,,S2,,,0.06134134909527049,pehe,sieve1_sieve1,0.39198220783784093,6.0,sieve1_sieve1,0.39198220783784093,0.0,0.9999999999974489,0.0,1.0,sieve1_kernel,0.7504983650680082,0.3585161572301672,1.91462354683345,1.0,0.0,kernel_sieve1,0.43466755671930524,0.0426853488814643,1.1088961387196787,0.0,0.0,sieve1_sieve1,0.39198220783784093,0.0,0.9999999999974489,0.0,1.0,sieve1_sieve1,0.39198220783784093,0.0,0.9999999999974489,0.0,1.0,kernel_kernel,1.1900794624817406,0.7980972546438996,3.036054797086679,1.0,0.0,sieve1_sieve1,0.39198220783784093,0.0,0.9999999999974489,0.0,1.0,sieve2_sieve2,1.2971123991657465,0.9051301913279055,3.3091103964061546,1.0,0.0,kernel_kernel,1.1900794624817406,0.7980972546438996,3.036054797086679,1.0,0.0,kernel_sieve1,0.43466755671930524,0.0426853488814643,1.1088961387196787,0.0,0.0,sieve1_sieve1,0.39198220783784093,0.0,0.9999999999974489,0.0,1.0,0.3714285714285715,0.3333333333333333,1.0,0.26482044885142486,0.21483446221182986,1.0,0.5002164033860248,0.3580574370197165,1.0,0.14285714285714288,0.2,1.0,0.02898855178262242,0.0,1.0,ate_err,kernel_sieve1,0.09253898775999943,6.0,sieve1_sieve1,0.23923011080586828,0.14669112304586884,2.5851818416657877,1.0,0.0,sieve1_kernel,0.19499345533880663,0.1024544675788072,2.107149214149786,1.0,0.0,kernel_sieve1,0.09253898775999943,0.0,0.9999999999891936,0.0,1.0,sieve1_sieve1,0.23923011080586828,0.14669112304586884,2.5851818416657877,1.0,0.0,sieve1_sieve1,0.23923011080586828,0.14669112304586884,2.5851818416657877,1.0,0.0,kernel_kernel,0.45343670468159986,0.36089771692160044,4.899953151126868,1.0,0.0,sieve1_sieve1,0.23923011080586828,0.14669112304586884,2.5851818416657877,1.0,0.0,sieve2_sieve2,0.22370862172142247,0.13116963396142306,2.4174526557303073,1.0,0.0,kernel_kernel,0.45343670468159986,0.36089771692160044,4.899953151126868,1.0,0.0,kernel_sieve1,0.09253898775999943,0.0,0.9999999999891936,0.0,1.0,kernel_sieve1,0.09253898775999943,0.0,0.9999999999891936,0.0,1.0,-0.14285714285714288,-0.06666666666666665,0.0,-0.08827348295047496,-0.07161148740394328,0.0,0.14712247158412492,0.07161148740394328,1.0,-0.2571428571428572,-0.2,0.0,-0.43482827673933633,-0.41403933560541256,0.0,,,,,,,
C,11,ok,56.6,0bdc51d,1500.0,1.0,,,,,,,,,,,,S2,,,0.08045715738232345,pehe,sieve1_sieve1,0.42794525388708043,6.0,sieve3_sieve3,0.7594117888070205,0.3314665349199401,1.7745535951325864,1.0,0.0,sieve2_sieve2,0.9613597976940368,0.5334145438069564,2.246455099010069,1.0,0.0,sieve3_sieve3,0.7594117888070205,0.3314665349199401,1.7745535951325864,1.0,0.0,sieve3_sieve3,0.7594117888070205,0.3314665349199401,1.7745535951325864,1.0,0.0,sieve3_sieve3,0.7594117888070205,0.3314665349199401,1.7745535951325864,1.0,0.0,kernel_kernel,0.788079864742496,0.3601346108554156,1.8415436497599313,1.0,0.0,sieve1_sieve1,0.42794525388708043,0.0,0.9999999999976633,0.0,1.0,sieve2_sieve2,0.9613597976940368,0.5334145438069564,2.246455099010069,1.0,0.0,kernel_kernel,0.788079864742496,0.3601346108554156,1.8415436497599313,1.0,0.0,kernel_sieve1,0.846594111273226,0.4186488573861456,1.9782766687596773,1.0,0.0,sieve1_sieve1,0.42794525388708043,0.0,0.9999999999976633,0.0,1.0,0.2,0.06666666666666665,1.0,-0.08827348295047496,-0.07161148740394328,0.0,0.08827348295047496,0.07161148740394328,0.0,0.2,0.06666666666666665,1.0,0.4058397249567139,0.2760262237369417,1.0,ate_err,sieve1_kernel,0.07699418158384001,6.0,sieve3_sieve3,0.4378661799534751,0.36087199836963507,5.687003497413498,1.0,0.0,sieve2_sieve2,2.9442618574512274,2.8672676758673874,38.24005654514218,1.0,0.0,sieve3_sieve3,0.4378661799534751,0.36087199836963507,5.687003497413498,1.0,0.0,sieve3_sieve3,0.4378661799534751,0.36087199836963507,5.687003497413498,1.0,0.0,sieve3_sieve3,0.4378661799534751,0.36087199836963507,5.687003497413498,1.0,0.0,kernel_kernel,0.46953242360106356,0.39253824201722354,6.098284492883206,1.0,0.0,sieve1_sieve1,0.08140763032933662,0.004413448745496609,1.0573218476208286,0.0,0.0,sieve2_sieve2,2.9442618574512274,2.8672676758673874,38.24005654514218,1.0,0.0,kernel_kernel,0.46953242360106356,0.39253824201722354,6.098284492883206,1.0,0.0,kernel_sieve1,0.12291429666749516,0.04592011508365515,1.5964101979843204,1.0,0.0,sieve1_kernel,0.07699418158384001,0.0,0.999999999987012,0.0,1.0,-0.028571428571428574,-0.06666666666666665,0.0,-0.29424494316824984,-0.21483446221182986,0.0,0.0,-0.07161148740394328,0.0,-0.028571428571428574,-0.06666666666666665,0.0,0.02898855178262242,0.0,0.0,,,,,,,
D,0,ok,54.9,0bdc51d,1500.0,1.0,,,,,,,,,,,,nonlinear,,,0.10528756782279823,pehe,sieve1_sieve1,0.6600969509721227,6.0,sieve2_sieve2,2.5533314426660163,1.8932344916938937,3.868115795568916,1.0,0.0,sieve3_sieve3,1.541561158417827,0.8814642074457043,2.3353556718376587,1.0,0.0,kernel_sieve1,0.9526843204476266,0.2925873694755039,1.4432490849157358,0.0,0.0,sieve1_sieve1,0.6600969509721227,0.0,0.9999999999984851,0.0,1.0,sieve2_sieve2,2.5533314426660163,1.8932344916938937,3.868115795568916,1.0,0.0,kernel_kernel,1.4019130508388968,0.7418160998667741,2.123798706799327,1.0,0.0,sieve1_sieve1,0.6600969509721227,0.0,0.9999999999984851,0.0,1.0,sieve2_sieve2,2.5533314426660163,1.8932344916938937,3.868115795568916,1.0,0.0,kernel_kernel,1.4019130508388968,0.7418160998667741,2.123798706799327,1.0,0.0,kernel_kernel,1.4019130508388968,0.7418160998667741,2.123798706799327,1.0,0.0,sieve1_sieve1,0.6600969509721227,0.0,0.9999999999984851,0.0,1.0,-0.4285714285714286,-0.2,0.0,-0.44136741475237473,-0.21483446221182986,0.0,0.44136741475237473,0.3580574370197165,1.0,0.3714285714285715,0.3333333333333333,1.0,-0.05797710356524484,0.0,1.0,ate_err,sieve1_kernel,0.04723950098135665,6.0,sieve2_sieve2,0.04946151808597277,0.002222017104616114,1.0470372687562048,0.0,0.0,sieve3_sieve3,12.907278079245053,12.860038578263696,273.2306186736764,1.0,0.0,kernel_sieve1,0.2901823699187531,0.24294286893739647,6.142790755286185,1.0,0.0,sieve1_sieve1,0.35215160192060946,0.3049121009392528,7.454600378867964,1.0,0.0,sieve2_sieve2,0.04946151808597277,0.002222017104616114,1.0470372687562048,0.0,0.0,kernel_kernel,1.0712934043630704,1.0240539033817138,22.67791534807247,1.0,0.0,sieve1_sieve1,0.35215160192060946,0.3049121009392528,7.454600378867964,1.0,0.0,sieve2_sieve2,0.04946151808597277,0.002222017104616114,1.0470372687562048,0.0,0.0,kernel_kernel,1.0712934043630704,1.0240539033817138,22.67791534807247,1.0,0.0,kernel_kernel,1.0712934043630704,1.0240539033817138,22.67791534807247,1.0,0.0,sieve1_kernel,0.04723950098135665,0.0,0.9999999999788313,0.0,1.0,0.08571428571428573,0.06666666666666665,0.0,-0.11769797726729993,-0.07161148740394328,0.0,0.35309393180189985,0.21483446221182986,0.0,0.5428571428571429,0.3333333333333333,0.0,0.43482827673933633,0.2760262237369417,0.0,,,,,,,
D,1,ok,47.7,0bdc51d,1500.0,1.0,,,,,,,,,,,,nonlinear,,,0.08292379986762247,pehe,sieve1_kernel,0.6114573087502637,6.0,sieve2_sieve2,2.2910950732145188,1.679637764464255,3.746942003021374,1.0,0.0,sieve2_sieve2,2.2910950732145188,1.679637764464255,3.746942003021374,1.0,0.0,sieve2_sieve2,2.2910950732145188,1.679637764464255,3.746942003021374,1.0,0.0,sieve2_sieve2,2.2910950732145188,1.679637764464255,3.746942003021374,1.0,0.0,sieve2_sieve2,2.2910950732145188,1.679637764464255,3.746942003021374,1.0,0.0,kernel_kernel,1.2631703041837365,0.6517129954334728,2.0658356456044666,1.0,0.0,sieve1_sieve1,1.1030082269208656,0.4915509181706019,1.8039006340008623,1.0,0.0,kernel_sieve1,0.9273237899164516,0.3158664811661879,1.5165797785789163,1.0,0.0,kernel_kernel,1.2631703041837365,0.6517129954334728,2.0658356456044666,1.0,0.0,kernel_kernel,1.2631703041837365,0.6517129954334728,2.0658356456044666,1.0,0.0,sieve1_kernel,0.6114573087502637,0.0,0.9999999999983646,0.0,1.0,-0.48571428571428577,-0.3333333333333333,0.0,-0.6179143806533246,-0.5012804118276031,0.0,-0.14712247158412492,-0.07161148740394328,0.0,-0.08571428571428573,-0.06666666666666665,0.0,-0.3188740696088466,-0.2760262237369417,0.0,ate_err,kernel_sieve1,0.06496845920496774,6.0,sieve2_sieve2,2.4005593767096443,2.3355909175046765,36.949612258761064,1.0,0.0,sieve2_sieve2,2.4005593767096443,2.3355909175046765,36.949612258761064,1.0,0.0,sieve2_sieve2,2.4005593767096443,2.3355909175046765,36.949612258761064,1.0,0.0,sieve2_sieve2,2.4005593767096443,2.3355909175046765,36.949612258761064,1.0,0.0,sieve2_sieve2,2.4005593767096443,2.3355909175046765,36.949612258761064,1.0,0.0,kernel_kernel,0.8815567481167759,0.8165882889118081,13.568995769501019,1.0,0.0,sieve1_sieve1,0.11030109931593324,0.045332640110965494,1.697763817458694,1.0,0.0,kernel_sieve1,0.06496845920496774,0.0,0.9999999999846079,0.0,1.0,kernel_kernel,0.8815567481167759,0.8165882889118081,13.568995769501019,1.0,0.0,kernel_kernel,0.8815567481167759,0.8165882889118081,13.568995769501019,1.0,0.0,kernel_sieve1,0.06496845920496774,0.0,0.9999999999846079,0.0,1.0,-0.3142857142857143,-0.2,0.0,-0.6767633692869747,-0.5012804118276031,0.0,0.3825184261187248,0.3580574370197165,1.0,0.14285714285714288,0.06666666666666665,0.0,-0.23190841426097936,-0.13801311186847084,0.0,,,,,,,
D,2,ok,55.5,0bdc51d,1500.0,1.0,,,,,,,,,,,,nonlinear,,,0.08783398529146255,pehe,sieve1_kernel,0.5337637682468181,6.0,sieve1_sieve1,1.0847561238558654,0.5509923556090472,2.0322775512035696,1.0,0.0,sieve1_kernel,0.5337637682468181,0.0,0.9999999999981265,0.0,1.0,sieve2_sieve2,7.801192626328865,7.267428858082047,14.615440557042255,1.0,0.0,sieve2_sieve2,7.801192626328865,7.267428858082047,14.615440557042255,1.0,0.0,sieve1_sieve1,1.0847561238558654,0.5509923556090472,2.0322775512035696,1.0,0.0,kernel_kernel,1.2930145044798569,0.7592507362330387,2.4224471224872097,1.0,0.0,sieve1_sieve1,1.0847561238558654,0.5509923556090472,2.0322775512035696,1.0,0.0,sieve3_sieve3,32.947120070324196,32.413356302077375,61.726033182206116,1.0,0.0,kernel_kernel,1.2930145044798569,0.7592507362330387,2.4224471224872097,1.0,0.0,kernel_kernel,1.2930145044798569,0.7592507362330387,2.4224471224872097,1.0,0.0,sieve1_kernel,0.5337637682468181,0.0,0.9999999999981265,0.0,1.0,0.2571428571428572,0.2,0.0,0.44136741475237473,0.21483446221182986,1.0,0.14712247158412492,0.07161148740394328,0.0,0.08571428571428573,0.06666666666666665,0.0,0.23190841426097936,0.13801311186847084,0.0,ate_err,sieve1_sieve1,0.22366754776034048,6.0,sieve1_sieve1,0.22366754776034048,0.0,0.999999999995529,0.0,1.0,sieve1_kernel,0.4168424020986148,0.1931748543382743,1.86366956794017,1.0,0.0,sieve2_sieve2,2.88268374493519,2.6590161971748496,12.888252112510726,1.0,0.0,sieve2_sieve2,2.88268374493519,2.6590161971748496,12.888252112510726,1.0,0.0,sieve1_sieve1,0.22366754776034048,0.0,0.999999999995529,0.0,1.0,kernel_kernel,0.9861668400827894,0.762499292322449,4.409074315667183,1.0,0.0,sieve1_sieve1,0.22366754776034048,0.0,0.999999999995529,0.0,1.0,sieve3_sieve3,13.206018683332028,12.982351135571687,59.04307001846874,1.0,0.0,kernel_kernel,0.9861668400827894,0.762499292322449,4.409074315667183,1.0,0.0,kernel_kernel,0.9861668400827894,0.762499292322449,4.409074315667183,1.0,0.0,sieve1_sieve1,0.22366754776034048,0.0,0.999999999995529,0.0,1.0,0.3714285714285715,0.3333333333333333,1.0,0.44136741475237473,0.21483446221182986,1.0,0.26482044885142486,0.21483446221182986,0.0,0.14285714285714288,0.2,1.0,0.34786262139146906,0.2760262237369417,1.0,,,,,,,
D,3,ok,54.2,0bdc51d,1500.0,1.0,,,,,,,,,,,,nonlinear,,,0.10297520364521201,pehe,sieve1_kernel,0.44175371940708613,6.0,sieve2_sieve2,10.837028533361718,10.395274813954632,24.531833139701575,1.0,0.0,sieve1_kernel,0.44175371940708613,0.0,0.9999999999977364,0.0,1.0,sieve2_sieve2,10.837028533361718,10.395274813954632,24.531833139701575,1.0,0.0,sieve2_sieve2,10.837028533361718,10.395274813954632,24.531833139701575,1.0,0.0,sieve1_sieve1,0.6023781994699335,0.1606244800628474,1.3636064010441635,0.0,0.0,kernel_kernel,1.2986419978469628,0.8568882784398766,2.939742079788342,1.0,0.0,sieve1_sieve1,0.6023781994699335,0.1606244800628474,1.3636064010441635,0.0,0.0,sieve1_sieve1,0.6023781994699335,0.1606244800628474,1.3636064010441635,0.0,0.0,kernel_kernel,1.2986419978469628,0.8568882784398766,2.939742079788342,1.0,0.0,kernel_kernel,1.2986419978469628,0.8568882784398766,2.939742079788342,1.0,0.0,sieve1_kernel,0.44175371940708613,0.0,0.9999999999977364,0.0,1.0,-0.08571428571428573,-0.06666666666666665,0.0,0.44136741475237473,0.21483446221182986,1.0,-0.14712247158412492,-0.07161148740394328,0.0,-0.08571428571428573,-0.06666666666666665,0.0,0.11595420713048968,0.0,0.0,ate_err,sieve1_kernel,0.0414887299847464,6.0,sieve2_sieve2,3.0091207813813607,2.967632051396614,72.52863084541646,1.0,0.0,sieve1_kernel,0.0414887299847464,0.0,0.9999999999758971,0.0,1.0,sieve2_sieve2,3.0091207813813607,2.967632051396614,72.52863084541646,1.0,0.0,sieve2_sieve2,3.0091207813813607,2.967632051396614,72.52863084541646,1.0,0.0,sieve1_sieve1,0.10006026245122657,0.05857153246648017,2.4117456110515465,1.0,0.0,kernel_kernel,1.1180281388171869,1.0765394088324405,26.94775519041652,1.0,0.0,sieve1_sieve1,0.10006026245122657,0.05857153246648017,2.4117456110515465,1.0,0.0,sieve1_sieve1,0.10006026245122657,0.05857153246648017,2.4117456110515465,1.0,0.0,kernel_kernel,1.1180281388171869,1.0765394088324405,26.94775519041652,1.0,0.0,kernel_kernel,1.1180281388171869,1.0765394088324405,26.94775519041652,1.0,0.0,sieve1_kernel,0.0414887299847464,0.0,0.9999999999758971,0.0,1.0,-0.08571428571428573,-0.06666666666666665,0.0,0.44136741475237473,0.21483446221182986,1.0,-0.14712247158412492,-0.07161148740394328,0.0,-0.08571428571428573,-0.06666666666666665,0.0,0.11595420713048968,0.0,0.0,,,,,,,
D,4,ok,51.8,0bdc51d,1500.0,1.0,,,,,,,,,,,,nonlinear,,,0.10694332668023243,pehe,sieve1_kernel,0.5420362777794825,6.0,sieve1_sieve1,1.0858904823628683,0.5438542045833858,2.0033538840044938,1.0,0.0,sieve1_kernel,0.5420362777794825,0.0,0.9999999999981551,0.0,1.0,kernel_sieve1,1.2391763436573258,0.6971400658778433,2.286150197790222,1.0,0.0,sieve1_sieve1,1.0858904823628683,0.5438542045833858,2.0033538840044938,1.0,0.0,sieve1_sieve1,1.0858904823628683,0.5438542045833858,2.0033538840044938,1.0,0.0,kernel_kernel,1.1542846497371204,0.6122483719576379,2.129533939063375,1.0,0.0,sieve1_sieve1,1.0858904823628683,0.5438542045833858,2.0033538840044938,1.0,0.0,kernel_sieve1,1.2391763436573258,0.6971400658778433,2.286150197790222,1.0,0.0,kernel_kernel,1.1542846497371204,0.6122483719576379,2.129533939063375,1.0,0.0,kernel_kernel,1.1542846497371204,0.6122483719576379,2.129533939063375,1.0,0.0,sieve1_kernel,0.5420362777794825,0.0,0.9999999999981551,0.0,1.0,0.4285714285714286,0.2,1.0,0.5002164033860248,0.3580574370197165,1.0,0.6179143806533246,0.5012804118276031,0.0,0.5428571428571429,0.3333333333333333,1.0,0.753702346348183,0.5520524474738834,1.0,ate_err,sieve1_sieve1,0.04909704205187948,6.0,sieve1_sieve1,0.04909704205187948,0.0,0.9999999999796322,0.0,1.0,sieve1_kernel,0.21388527260481904,0.16478823055293956,4.356377974348354,1.0,0.0,kernel_sieve1,0.32331717559221573,0.27422013354033625,6.585267911740797,1.0,0.0,sieve1_sieve1,0.04909704205187948,0.0,0.9999999999796322,0.0,1.0,sieve1_sieve1,0.04909704205187948,0.0,0.9999999999796322,0.0,1.0,kernel_kernel,0.990472097543083,0.9413750554912035,20.173763145981482,1.0,0.0,sieve1_sieve1,0.04909704205187948,0.0,0.9999999999796322,0.0,1.0,kernel_sieve1,0.32331717559221573,0.27422013354033625,6.585267911740797,1.0,0.0,kernel_kernel,0.990472097543083,0.9413750554912035,20.173763145981482,1.0,0.0,kernel_kernel,0.990472097543083,0.9413750554912035,20.173763145981482,1.0,0.0,sieve1_sieve1,0.04909704205187948,0.0,0.9999999999796322,0.0,1.0,0.48571428571428577,0.3333333333333333,1.0,0.44136741475237473,0.21483446221182986,1.0,0.7944613465542746,0.6445033866354897,1.0,0.6,0.4666666666666666,1.0,0.6377481392176932,0.5520524474738834,1.0,,,,,,,
D,5,ok,52.4,0bdc51d,1500.0,1.0,,,,,,,,,,,,nonlinear,,,0.09505603828718319,pehe,sieve1_sieve1,0.5329421004025354,6.0,sieve2_sieve2,0.911576668173331,0.3786345677707956,1.7104609815646006,1.0,0.0,sieve2_sieve2,0.911576668173331,0.3786345677707956,1.7104609815646006,1.0,0.0,kernel_sieve1,1.2439486480682593,0.7110065476657239,2.3341159332812342,1.0,0.0,sieve1_sieve1,0.5329421004025354,0.0,0.9999999999981236,0.0,1.0,sieve1_sieve1,0.5329421004025354,0.0,0.9999999999981236,0.0,1.0,kernel_kernel,1.6759349173360716,1.1429928169335362,3.1446847904623785,1.0,0.0,sieve1_sieve1,0.5329421004025354,0.0,0.9999999999981236,0.0,1.0,sieve2_sieve2,0.911576668173331,0.3786345677707956,1.7104609815646006,1.0,0.0,kernel_kernel,1.6759349173360716,1.1429928169335362,3.1446847904623785,1.0,0.0,kernel_kernel,1.6759349173360716,1.1429928169335362,3.1446847904623785,1.0,0.0,sieve1_sieve1,0.5329421004025354,0.0,0.9999999999981236,0.0,1.0,0.4285714285714286,0.3333333333333333,1.0,0.08827348295047496,0.07161148740394328,0.0,0.6179143806533246,0.5012804118276031,1.0,0.8857142857142858,0.7333333333333333,1.0,0.9276336570439174,0.8280786712108251,1.0,ate_err,sieve1_kernel,0.18435209890906634,6.0,sieve2_sieve2,5.932726963797844,5.748374864888778,32.18149941808932,1.0,0.0,sieve2_sieve2,5.932726963797844,5.748374864888778,32.18149941808932,1.0,0.0,kernel_sieve1,0.3675750835985334,0.18322298468946707,1.9938752299090985,1.0,0.0,sieve1_sieve1,0.24009852961189226,0.05574643070282592,1.3023910822356357,0.0,0.0,sieve1_sieve1,0.24009852961189226,0.05574643070282592,1.3023910822356357,0.0,0.0,kernel_kernel,0.9718860093682995,0.7875339104592332,5.2719009716424265,1.0,0.0,sieve1_sieve1,0.24009852961189226,0.05574643070282592,1.3023910822356357,0.0,0.0,sieve2_sieve2,5.932726963797844,5.748374864888778,32.18149941808932,1.0,0.0,kernel_kernel,0.9718860093682995,0.7875339104592332,5.2719009716424265,1.0,0.0,kernel_kernel,0.9718860093682995,0.7875339104592332,5.2719009716424265,1.0,0.0,sieve1_kernel,0.18435209890906634,0.0,0.9999999999945756,0.0,1.0,-0.3142857142857143,-0.2,0.0,-0.5002164033860248,-0.3580574370197165,0.0,0.26482044885142486,0.21483446221182986,0.0,0.2571428571428572,0.2,0.0,0.28988551782622424,0.2760262237369417,0.0,,,,,,,
D,6,ok,55.7,0bdc51d,1500.0,1.0,,,,,,,,,,,,nonlinear,,,0.09580736590583289,pehe,sieve1_kernel,0.7446398359158206,6.0,sieve1_sieve1,1.1056903696016003,0.36105053368577966,1.484865993289554,0.0,0.0,sieve3_sieve3,10.968694944085629,10.224055108169807,14.730201655919572,1.0,0.0,kernel_sieve1,0.9318757734436984,0.18723593752787782,1.2514449650633421,0.0,0.0,sieve1_sieve1,1.1056903696016003,0.36105053368577966,1.484865993289554,0.0,0.0,sieve1_sieve1,1.1056903696016003,0.36105053368577966,1.484865993289554,0.0,0.0,kernel_kernel,1.3873787079033755,0.6427388719875549,1.863154025590368,1.0,0.0,sieve1_sieve1,1.1056903696016003,0.36105053368577966,1.484865993289554,0.0,0.0,sieve1_kernel,0.7446398359158206,0.0,0.9999999999986571,0.0,1.0,kernel_kernel,1.3873787079033755,0.6427388719875549,1.863154025590368,1.0,0.0,kernel_kernel,1.3873787079033755,0.6427388719875549,1.863154025590368,1.0,0.0,sieve1_kernel,0.7446398359158206,0.0,0.9999999999986571,0.0,1.0,-0.3142857142857143,-0.2,0.0,-0.5590653920196746,-0.3580574370197165,0.0,0.6767633692869747,0.5012804118276031,0.0,0.3714285714285715,0.2,1.0,0.14494275891311212,0.0,1.0,ate_err,sieve1_sieve1,0.3856471510552679,6.0,sieve1_sieve1,0.3856471510552679,0.0,0.999999999997407,0.0,1.0,sieve3_sieve3,16.460404486721437,16.07475733566617,42.6825517617263,1.0,0.0,kernel_sieve1,0.48796180571918235,0.10231465466391443,1.2653063931178534,0.0,0.0,sieve1_sieve1,0.3856471510552679,0.0,0.999999999997407,0.0,1.0,sieve1_sieve1,0.3856471510552679,0.0,0.999999999997407,0.0,1.0,kernel_kernel,0.9938575982699502,0.6082104472146823,2.577116401736211,1.0,0.0,sieve1_sieve1,0.3856471510552679,0.0,0.999999999997407,0.0,1.0,sieve1_kernel,0.439600915561031,0.05395376450576306,1.1399044809665686,0.0,0.0,kernel_kernel,0.9938575982699502,0.6082104472146823,2.577116401736211,1.0,0.0,kernel_kernel,0.9938575982699502,0.6082104472146823,2.577116401736211,1.0,0.0,sieve1_sieve1,0.3856471510552679,0.0,0.999999999997407,0.0,1.0,0.14285714285714288,0.2,1.0,-0.5002164033860248,-0.3580574370197165,0.0,0.8533103351879247,0.7877263614433762,1.0,0.7142857142857143,0.6,1.0,0.5217939320872036,0.41403933560541256,1.0,,,,,,,
D,7,ok,55.2,0bdc51d,1500.0,1.0,,,,,,,,,,,,nonlinear,,,0.09711260440689026,pehe,sieve1_kernel,0.5425820026052602,6.0,sieve1_sieve1,0.7530235741608898,0.2104415715556296,1.3878521044630785,0.0,0.0,sieve1_kernel,0.5425820026052602,0.0,0.999999999998157,0.0,1.0,kernel_sieve1,0.935792316950339,0.3932103143450788,1.7247020956377406,1.0,0.0,sieve1_sieve1,0.7530235741608898,0.2104415715556296,1.3878521044630785,0.0,0.0,sieve1_sieve1,0.7530235741608898,0.2104415715556296,1.3878521044630785,0.0,0.0,kernel_kernel,1.2147439157015438,0.6721619130962836,2.238820878441589,1.0,0.0,sieve1_sieve1,0.7530235741608898,0.2104415715556296,1.3878521044630785,0.0,0.0,sieve1_sieve1,0.7530235741608898,0.2104415715556296,1.3878521044630785,0.0,0.0,kernel_kernel,1.2147439157015438,0.6721619130962836,2.238820878441589,1.0,0.0,kernel_kernel,1.2147439157015438,0.6721619130962836,2.238820878441589,1.0,0.0,sieve1_kernel,0.5425820026052602,0.0,0.999999999998157,0.0,1.0,0.14285714285714288,0.06666666666666665,0.0,0.5002164033860248,0.3580574370197165,1.0,0.26482044885142486,0.21483446221182986,0.0,0.2571428571428572,0.2,0.0,0.11595420713048968,0.0,0.0,ate_err,sieve1_kernel,0.05467871458752405,6.0,sieve1_sieve1,0.10885938871499468,0.05418067412747063,1.990891511151984,1.0,0.0,sieve1_kernel,0.05467871458752405,0.0,0.9999999999817114,0.0,1.0,kernel_sieve1,0.12527269293389676,0.07059397834637271,2.2910687253095916,1.0,0.0,sieve1_sieve1,0.10885938871499468,0.05418067412747063,1.990891511151984,1.0,0.0,sieve1_sieve1,0.10885938871499468,0.05418067412747063,1.990891511151984,1.0,0.0,kernel_kernel,0.8374117016949096,0.7827329871073856,15.315131454656862,1.0,0.0,sieve1_sieve1,0.10885938871499468,0.05418067412747063,1.990891511151984,1.0,0.0,sieve1_sieve1,0.10885938871499468,0.05418067412747063,1.990891511151984,1.0,0.0,kernel_kernel,0.8374117016949096,0.7827329871073856,15.315131454656862,1.0,0.0,kernel_kernel,0.8374117016949096,0.7827329871073856,15.315131454656862,1.0,0.0,sieve1_kernel,0.05467871458752405,0.0,0.9999999999817114,0.0,1.0,0.2571428571428572,0.2,0.0,0.44136741475237473,0.21483446221182986,1.0,0.44136741475237473,0.3580574370197165,0.0,0.4285714285714286,0.3333333333333333,0.0,0.23190841426097936,0.13801311186847084,0.0,,,,,,,
D,8,ok,54.7,0bdc51d,1500.0,1.0,,,,,,,,,,,,nonlinear,,,0.10400501501814963,pehe,sieve1_kernel,0.7518698213191906,6.0,sieve1_sieve1,1.27255281162379,0.5206829903045995,1.6925174751519412,1.0,0.0,sieve2_sieve2,1.0079361292918023,0.25606630797261176,1.3405726639247084,0.0,0.0,kernel_sieve1,1.2285492497726025,0.47667942845341194,1.6339919690025884,1.0,0.0,sieve1_sieve1,1.27255281162379,0.5206829903045995,1.6925174751519412,1.0,0.0,sieve1_sieve1,1.27255281162379,0.5206829903045995,1.6925174751519412,1.0,0.0,kernel_kernel,1.3909223902930365,0.639052568973846,1.8499510830887569,1.0,0.0,sieve1_sieve1,1.27255281162379,0.5206829903045995,1.6925174751519412,1.0,0.0,kernel_kernel,1.3909223902930365,0.639052568973846,1.8499510830887569,1.0,0.0,kernel_kernel,1.3909223902930365,0.639052568973846,1.8499510830887569,1.0,0.0,kernel_kernel,1.3909223902930365,0.639052568973846,1.8499510830887569,1.0,0.0,sieve1_kernel,0.7518698213191906,0.0,0.9999999999986701,0.0,1.0,0.3714285714285715,0.2,0.0,0.11769797726729993,0.07161148740394328,0.0,0.35309393180189985,0.21483446221182986,0.0,0.5428571428571429,0.3333333333333333,0.0,0.550782483869826,0.41403933560541256,0.0,ate_err,sieve1_sieve1,0.3924801087548171,6.0,sieve1_sieve1,0.3924801087548171,0.0,0.9999999999974521,0.0,1.0,sieve2_sieve2,1.5522044547824376,1.1597243460276205,3.9548614570634135,1.0,0.0,kernel_sieve1,0.6220218680119913,0.22954175925717424,1.5848494079963285,1.0,0.0,sieve1_sieve1,0.3924801087548171,0.0,0.9999999999974521,0.0,1.0,sieve1_sieve1,0.3924801087548171,0.0,0.9999999999974521,0.0,1.0,kernel_kernel,0.92382074296291,0.5313406342080929,2.353802708349911,1.0,0.0,sieve1_sieve1,0.3924801087548171,0.0,0.9999999999974521,0.0,1.0,kernel_kernel,0.92382074296291,0.5313406342080929,2.353802708349911,1.0,0.0,kernel_kernel,0.92382074296291,0.5313406342080929,2.353802708349911,1.0,0.0,kernel_kernel,0.92382074296291,0.5313406342080929,2.353802708349911,1.0,0.0,sieve1_sieve1,0.3924801087548171,0.0,0.9999999999974521,0.0,1.0,0.3714285714285715,0.3333333333333333,1.0,-0.44136741475237473,-0.21483446221182986,0.0,0.6179143806533246,0.5012804118276031,1.0,0.5428571428571429,0.4666666666666666,1.0,0.6377481392176932,0.5520524474738834,1.0,,,,,,,
D,9,ok,15.6,0bdc51d,1500.0,1.0,,,,,,,,,,,,nonlinear,,,0.09145163896668376,pehe,sieve1_kernel,0.4227073480723376,6.0,sieve2_sieve2,1.8224978374940346,1.399790489421697,4.311488422902553,1.0,0.0,sieve2_sieve2,1.8224978374940346,1.399790489421697,4.311488422902553,1.0,0.0,sieve2_sieve2,1.8224978374940346,1.399790489421697,4.311488422902553,1.0,0.0,sieve2_sieve2,1.8224978374940346,1.399790489421697,4.311488422902553,1.0,0.0,sieve2_sieve2,1.8224978374940346,1.399790489421697,4.311488422902553,1.0,0.0,kernel_kernel,1.4140735737725114,0.9913662257001739,3.3452779570020077,1.0,0.0,sieve1_sieve1,0.8832282248613509,0.46052087678901327,2.0894555746121433,1.0,0.0,sieve1_kernel,0.4227073480723376,0.0,0.9999999999976343,0.0,1.0,kernel_kernel,1.4140735737725114,0.9913662257001739,3.3452779570020077,1.0,0.0,kernel_kernel,1.4140735737725114,0.9913662257001739,3.3452779570020077,1.0,0.0,sieve1_kernel,0.4227073480723376,0.0,0.9999999999976343,0.0,1.0,-0.2,-0.06666666666666665,0.0,-0.44136741475237473,-0.21483446221182986,0.0,0.14712247158412492,0.07161148740394328,0.0,0.2571428571428572,0.2,0.0,0.05797710356524484,0.0,0.0,ate_err,sieve1_sieve1,0.03945773694898547,6.0,sieve2_sieve2,25.573388015901184,25.533930278952198,648.1210021830865,1.0,0.0,sieve2_sieve2,25.573388015901184,25.533930278952198,648.1210021830865,1.0,0.0,sieve2_sieve2,25.573388015901184,25.533930278952198,648.1210021830865,1.0,0.0,sieve2_sieve2,25.573388015901184,25.533930278952198,648.1210021830865,1.0,0.0,sieve2_sieve2,25.573388015901184,25.533930278952198,648.1210021830865,1.0,0.0,kernel_kernel,0.9266343966804911,0.8871766597315056,23.48422561220487,1.0,0.0,sieve1_sieve1,0.03945773694898547,0.0,0.9999999999746565,0.0,1.0,sieve1_kernel,0.05691730312052501,0.017459566171539542,1.4424877735048607,0.0,0.0,kernel_kernel,0.9266343966804911,0.8871766597315056,23.48422561220487,1.0,0.0,kernel_kernel,0.9266343966804911,0.8871766597315056,23.48422561220487,1.0,0.0,sieve1_sieve1,0.03945773694898547,0.0,0.9999999999746565,0.0,1.0,-0.2,-0.06666666666666665,1.0,-0.5002164033860248,-0.3580574370197165,0.0,-0.029424494316824982,0.07161148740394328,0.0,0.08571428571428573,0.2,1.0,-0.05797710356524484,0.0,1.0,,,,,,,
D,10,ok,58.7,0bdc51d,1500.0,1.0,,,,,,,,,,,,nonlinear,,,0.10055612261915368,pehe,sieve1_kernel,0.5355859085606456,6.0,sieve1_sieve1,0.6916652730686301,0.15607936450798454,1.2914179817130493,0.0,0.0,sieve3_sieve3,1.7992870329344408,1.2637011243737952,3.3594741836404087,1.0,0.0,kernel_sieve1,1.0331735413582521,0.49758763279760654,1.9290528836595306,1.0,0.0,sieve1_sieve1,0.6916652730686301,0.15607936450798454,1.2914179817130493,0.0,0.0,sieve1_sieve1,0.6916652730686301,0.15607936450798454,1.2914179817130493,0.0,0.0,kernel_kernel,1.3553900239960015,0.8198041154353559,2.530667820660179,1.0,0.0,sieve1_sieve1,0.6916652730686301,0.15607936450798454,1.2914179817130493,0.0,0.0,sieve2_sieve2,3.8865227886726688,3.350936880112023,7.256581486824784,1.0,0.0,kernel_kernel,1.3553900239960015,0.8198041154353559,2.530667820660179,1.0,0.0,kernel_kernel,1.3553900239960015,0.8198041154353559,2.530667820660179,1.0,0.0,sieve1_kernel,0.5355859085606456,0.0,0.9999999999981329,0.0,1.0,-0.08571428571428573,-0.06666666666666665,0.0,-0.44136741475237473,-0.21483446221182986,0.0,0.6767633692869747,0.5012804118276031,0.0,0.5428571428571429,0.3333333333333333,1.0,0.5797710356524485,0.41403933560541256,1.0,ate_err,sieve1_sieve1,0.050342996997628564,6.0,sieve1_sieve1,0.050342996997628564,0.0,0.9999999999801363,0.0,1.0,sieve3_sieve3,6.028664125484056,5.978321128486428,119.75179240219425,1.0,0.0,kernel_sieve1,0.3849017086427966,0.33455871164516804,7.645585912441447,1.0,0.0,sieve1_sieve1,0.050342996997628564,0.0,0.9999999999801363,0.0,1.0,sieve1_sieve1,0.050342996997628564,0.0,0.9999999999801363,0.0,1.0,kernel_kernel,0.735450747718974,0.6851077507213454,14.60879946696477,1.0,0.0,sieve1_sieve1,0.050342996997628564,0.0,0.9999999999801363,0.0,1.0,sieve2_sieve2,6.832964447496473,6.782621450498844,135.72820163413425,1.0,0.0,kernel_kernel,0.735450747718974,0.6851077507213454,14.60879946696477,1.0,0.0,kernel_kernel,0.735450747718974,0.6851077507213454,14.60879946696477,1.0,0.0,sieve1_sieve1,0.050342996997628564,0.0,0.9999999999801363,0.0,1.0,0.028571428571428574,-0.06666666666666665,1.0,-0.5590653920196746,-0.3580574370197165,0.0,0.9121593238215745,0.7877263614433762,1.0,0.48571428571428577,0.3333333333333333,1.0,0.4928053803045812,0.41403933560541256,1.0,,,,,,,
D,11,ok,56.0,0bdc51d,1500.0,1.0,,,,,,,,,,,,nonlinear,,,0.09533378575686374,pehe,sieve1_sieve1,0.7651214384306458,6.0,sieve2_sieve2,13.457951097905246,12.6928296594746,17.589300759225228,1.0,0.0,sieve2_sieve2,13.457951097905246,12.6928296594746,17.589300759225228,1.0,0.0,kernel_sieve1,0.8029872912137208,0.03786585278307497,1.0494899905820085,0.0,0.0,sieve1_sieve1,0.7651214384306458,0.0,0.999999999998693,0.0,1.0,sieve1_sieve1,0.7651214384306458,0.0,0.999999999998693,0.0,1.0,kernel_kernel,1.8174534626736893,1.0523320242430434,2.3753790854418155,1.0,0.0,sieve1_sieve1,0.7651214384306458,0.0,0.999999999998693,0.0,1.0,sieve2_sieve2,13.457951097905246,12.6928296594746,17.589300759225228,1.0,0.0,kernel_kernel,1.8174534626736893,1.0523320242430434,2.3753790854418155,1.0,0.0,kernel_kernel,1.8174534626736893,1.0523320242430434,2.3753790854418155,1.0,0.0,sieve1_sieve1,0.7651214384306458,0.0,0.999999999998693,0.0,1.0,0.028571428571428574,0.06666666666666665,1.0,-0.5590653920196746,-0.3580574370197165,0.0,0.7944613465542746,0.6445033866354897,1.0,0.48571428571428577,0.3333333333333333,1.0,0.20291986247835694,0.13801311186847084,1.0,ate_err,sieve1_sieve1,0.4015711034207876,6.0,sieve2_sieve2,3.4831270934027163,3.0815559899819287,8.673749340335966,1.0,0.0,sieve2_sieve2,3.4831270934027163,3.0815559899819287,8.673749340335966,1.0,0.0,kernel_sieve1,0.42646815817187944,0.02489705475109183,1.0619991193040137,0.0,0.0,sieve1_sieve1,0.4015711034207876,0.0,0.9999999999975099,0.0,1.0,sieve1_sieve1,0.4015711034207876,0.0,0.9999999999975099,0.0,1.0,kernel_kernel,0.9876043488201915,0.5860332453994039,2.459351134593138,1.0,0.0,sieve1_sieve1,0.4015711034207876,0.0,0.9999999999975099,0.0,1.0,sieve2_sieve2,3.4831270934027163,3.0815559899819287,8.673749340335966,1.0,0.0,kernel_kernel,0.9876043488201915,0.5860332453994039,2.459351134593138,1.0,0.0,kernel_kernel,0.9876043488201915,0.5860332453994039,2.459351134593138,1.0,0.0,sieve1_sieve1,0.4015711034207876,0.0,0.9999999999975099,0.0,1.0,0.028571428571428574,0.06666666666666665,1.0,-0.5590653920196746,-0.3580574370197165,0.0,0.7944613465542746,0.6445033866354897,1.0,0.48571428571428577,0.3333333333333333,1.0,0.20291986247835694,0.13801311186847084,1.0,,,,,,,
E,0,ok,156.4,0bdc51d,1500.0,1.0,,,,,,,,,,,,hamd,,,0.07451466049986133,pehe,sieve1_kernel,0.6499715467438016,6.0,sieve1_sieve1,1.2600202317973155,0.6100486850535138,1.9385775240589682,1.0,0.0,sieve1_kernel,0.6499715467438016,0.0,0.9999999999984615,0.0,1.0,kernel_sieve1,4.36958690688124,3.7196153601374387,6.722735677838635,1.0,0.0,sieve1_sieve1,1.2600202317973155,0.6100486850535138,1.9385775240589682,1.0,0.0,sieve1_sieve1,1.2600202317973155,0.6100486850535138,1.9385775240589682,1.0,0.0,kernel_kernel,1.0865842056274935,0.43661265888369183,1.6717411878555957,1.0,0.0,sieve1_sieve1,1.2600202317973155,0.6100486850535138,1.9385775240589682,1.0,0.0,sieve2_sieve2,0.9697838289194974,0.3198122821756958,1.4920404343488343,0.0,0.0,kernel_kernel,1.0865842056274935,0.43661265888369183,1.6717411878555957,1.0,0.0,kernel_sieve1,4.36958690688124,3.7196153601374387,6.722735677838635,1.0,0.0,sieve1_kernel,0.6499715467438016,0.0,0.9999999999984615,0.0,1.0,-0.48571428571428577,-0.3333333333333333,0.0,0.5002164033860248,0.5012804118276031,1.0,-0.6179143806533246,-0.5012804118276031,0.0,0.08571428571428573,0.06666666666666665,1.0,0.14494275891311212,0.13801311186847084,1.0,ate_err,sieve1_sieve1,0.125131583351516,6.0,sieve1_sieve1,0.125131583351516,0.0,0.9999999999920084,0.0,1.0,sieve1_kernel,0.22205171133566745,0.09692012798415145,1.7745456853216002,1.0,0.0,kernel_sieve1,0.28210278948784423,0.15697120613632823,2.254449132103722,1.0,0.0,sieve1_sieve1,0.125131583351516,0.0,0.9999999999920084,0.0,1.0,sieve1_sieve1,0.125131583351516,0.0,0.9999999999920084,0.0,1.0,kernel_kernel,0.37162126060923856,0.24648967725772256,2.9698438288143536,1.0,0.0,sieve1_sieve1,0.125131583351516,0.0,0.9999999999920084,0.0,1.0,sieve2_sieve2,0.8247748390019191,0.6996432556504031,6.591260310983153,1.0,0.0,kernel_kernel,0.37162126060923856,0.24648967725772256,2.9698438288143536,1.0,0.0,kernel_sieve1,0.28210278948784423,0.15697120613632823,2.254449132103722,1.0,0.0,sieve1_sieve1,0.125131583351516,0.0,0.9999999999920084,0.0,1.0,0.48571428571428577,0.3333333333333333,1.0,0.5296408977028497,0.3580574370197165,1.0,0.35309393180189985,0.21483446221182986,1.0,0.6,0.4666666666666666,1.0,0.550782483869826,0.41403933560541256,1.0,,,,,,,
E,1,ok,160.2,0bdc51d,1500.0,1.0,,,,,,,,,,,,hamd,,,0.08122822774225184,pehe,kernel_sieve1,0.5496014257528206,6.0,sieve1_sieve1,0.7601517624608192,0.2105503367079986,1.3830964164953041,0.0,0.0,sieve1_kernel,0.5551691158076646,0.005567690054844032,1.010130414138223,0.0,0.0,kernel_sieve1,0.5496014257528206,0.0,0.9999999999981806,0.0,1.0,sieve1_sieve1,0.7601517624608192,0.2105503367079986,1.3830964164953041,0.0,0.0,sieve1_sieve1,0.7601517624608192,0.2105503367079986,1.3830964164953041,0.0,0.0,kernel_kernel,0.7116844721281063,0.1620830463752857,1.2949101635825933,0.0,0.0,sieve1_sieve1,0.7601517624608192,0.2105503367079986,1.3830964164953041,0.0,0.0,kernel_sieve1,0.5496014257528206,0.0,0.9999999999981806,0.0,1.0,kernel_kernel,0.7116844721281063,0.1620830463752857,1.2949101635825933,0.0,0.0,kernel_sieve1,0.5496014257528206,0.0,0.9999999999981806,0.0,1.0,kernel_sieve1,0.5496014257528206,0.0,0.9999999999981806,0.0,1.0,-0.08571428571428573,0.06666666666666665,0.0,-0.26482044885142486,-0.21483446221182986,0.0,0.26482044885142486,0.21483446221182986,1.0,-0.14285714285714288,-0.06666666666666665,0.0,-0.20291986247835694,-0.13801311186847084,0.0,ate_err,kernel_sieve1,0.09977895964232292,6.0,sieve1_sieve1,0.2356668451696611,0.1358878855273382,2.3618891799643214,1.0,0.0,sieve1_kernel,0.2003474500792979,0.100568490436975,2.0079127984043366,1.0,0.0,kernel_sieve1,0.09977895964232292,0.0,0.9999999999899778,0.0,1.0,sieve1_sieve1,0.2356668451696611,0.1358878855273382,2.3618891799643214,1.0,0.0,sieve1_sieve1,0.2356668451696611,0.1358878855273382,2.3618891799643214,1.0,0.0,kernel_kernel,0.4019774734913411,0.3021985138490182,4.028679742986686,1.0,0.0,sieve1_sieve1,0.2356668451696611,0.1358878855273382,2.3618891799643214,1.0,0.0,kernel_sieve1,0.09977895964232292,0.0,0.9999999999899778,0.0,1.0,kernel_kernel,0.4019774734913411,0.3021985138490182,4.028679742986686,1.0,0.0,kernel_sieve1,0.09977895964232292,0.0,0.9999999999899778,0.0,1.0,kernel_sieve1,0.09977895964232292,0.0,0.9999999999899778,0.0,1.0,0.5428571428571429,0.3333333333333333,0.0,0.08827348295047496,0.07161148740394328,0.0,0.6179143806533246,0.5012804118276031,1.0,0.4285714285714286,0.2,0.0,0.28988551782622424,0.13801311186847084,0.0,,,,,,,
E,2,ok,159.3,0bdc51d,1500.0,1.0,,,,,,,,,,,,hamd,,,0.08251585641862741,pehe,sieve1_sieve1,0.523083970639267,6.0,sieve1_sieve1,0.523083970639267,0.0,0.9999999999980883,0.0,1.0,sieve2_sieve2,0.6612962105817852,0.1382122399425182,1.264225722253242,0.0,0.0,kernel_sieve1,0.625890326351379,0.10280635571211194,1.1965389143645035,0.0,0.0,sieve2_sieve2,0.6612962105817852,0.1382122399425182,1.264225722253242,0.0,0.0,sieve1_sieve1,0.523083970639267,0.0,0.9999999999980883,0.0,1.0,kernel_kernel,0.7217014248028518,0.19861745416358478,1.3797047229710986,0.0,0.0,sieve1_sieve1,0.523083970639267,0.0,0.9999999999980883,0.0,1.0,sieve3_sieve3,0.90731307657128,0.384229105932013,1.7345457469490178,1.0,0.0,kernel_kernel,0.7217014248028518,0.19861745416358478,1.3797047229710986,0.0,0.0,kernel_sieve1,0.625890326351379,0.10280635571211194,1.1965389143645035,0.0,0.0,sieve1_sieve1,0.523083970639267,0.0,0.9999999999980883,0.0,1.0,0.8285714285714287,0.7333333333333333,1.0,0.35309393180189985,0.21483446221182986,1.0,0.7061878636037997,0.6445033866354897,1.0,0.6571428571428573,0.6,1.0,0.7826908981308054,0.6900655593423541,1.0,ate_err,sieve1_kernel,0.08141588724336472,6.0,sieve1_sieve1,0.09611058059842592,0.014694693355061197,1.180489261388947,0.0,0.0,sieve2_sieve2,0.199680800006624,0.11826491276325928,2.4526023945092494,1.0,0.0,kernel_sieve1,0.0872822653506314,0.005866378107266673,1.0720544638745888,0.0,0.0,sieve2_sieve2,0.199680800006624,0.11826491276325928,2.4526023945092494,1.0,0.0,sieve1_sieve1,0.09611058059842592,0.014694693355061197,1.180489261388947,0.0,0.0,kernel_kernel,0.3693614840247572,0.2879455967813925,4.536724913604904,1.0,0.0,sieve1_sieve1,0.09611058059842592,0.014694693355061197,1.180489261388947,0.0,0.0,sieve3_sieve3,0.2979227510293046,0.21650686378593986,3.6592704582965236,1.0,0.0,kernel_kernel,0.3693614840247572,0.2879455967813925,4.536724913604904,1.0,0.0,kernel_sieve1,0.0872822653506314,0.005866378107266673,1.0720544638745888,0.0,0.0,sieve1_kernel,0.08141588724336472,0.0,0.9999999999877173,0.0,1.0,0.5428571428571429,0.3333333333333333,0.0,0.26482044885142486,0.21483446221182986,0.0,0.44136741475237473,0.3580574370197165,0.0,0.4285714285714286,0.2,0.0,0.3768511731740915,0.2760262237369417,0.0,,,,,,,
E,3,ok,157.4,0bdc51d,1500.0,1.0,,,,,,,,,,,,hamd,,,0.08289810592127664,pehe,kernel_sieve1,0.5500363260149885,6.0,sieve1_sieve1,0.5948700297064375,0.04483370369144901,1.0815104413470062,0.0,0.0,sieve1_kernel,0.6561547512921004,0.1061184252771119,1.1929298489151556,0.0,0.0,kernel_sieve1,0.5500363260149885,0.0,0.999999999998182,0.0,1.0,sieve1_sieve1,0.5948700297064375,0.04483370369144901,1.0815104413470062,0.0,0.0,sieve1_sieve1,0.5948700297064375,0.04483370369144901,1.0815104413470062,0.0,0.0,kernel_kernel,0.6308526625047902,0.08081633648980169,1.1469290893460962,0.0,0.0,sieve1_sieve1,0.5948700297064375,0.04483370369144901,1.0815104413470062,0.0,0.0,sieve1_sieve1,0.5948700297064375,0.04483370369144901,1.0815104413470062,0.0,0.0,kernel_kernel,0.6308526625047902,0.08081633648980169,1.1469290893460962,0.0,0.0,kernel_sieve1,0.5500363260149885,0.0,0.999999999998182,0.0,1.0,kernel_sieve1,0.5500363260149885,0.0,0.999999999998182,0.0,1.0,0.7142857142857143,0.4666666666666666,1.0,0.26482044885142486,0.21483446221182986,0.0,0.7944613465542746,0.6445033866354897,1.0,0.3714285714285715,0.3333333333333333,0.0,0.3188740696088466,0.2760262237369417,0.0,ate_err,kernel_sieve1,0.16544986095759737,6.0,sieve1_sieve1,0.17883778977832654,0.013387928820729172,1.0809183443380432,0.0,0.0,sieve1_kernel,0.17558703465826175,0.010137173700664387,1.0612703669917325,0.0,0.0,kernel_sieve1,0.16544986095759737,0.0,0.9999999999939558,0.0,1.0,sieve1_sieve1,0.17883778977832654,0.013387928820729172,1.0809183443380432,0.0,0.0,sieve1_sieve1,0.17883778977832654,0.013387928820729172,1.0809183443380432,0.0,0.0,kernel_kernel,0.3054505483410533,0.14000068738345592,1.8461819585178743,1.0,0.0,sieve1_sieve1,0.17883778977832654,0.013387928820729172,1.0809183443380432,0.0,0.0,sieve1_sieve1,0.17883778977832654,0.013387928820729172,1.0809183443380432,0.0,0.0,kernel_kernel,0.3054505483410533,0.14000068738345592,1.8461819585178743,1.0,0.0,kernel_sieve1,0.16544986095759737,0.0,0.9999999999939558,0.0,1.0,kernel_sieve1,0.16544986095759737,0.0,0.9999999999939558,0.0,1.0,0.7142857142857143,0.6,1.0,0.5296408977028497,0.5012804118276031,0.0,0.7061878636037997,0.6445033866354897,1.0,0.6,0.4666666666666666,0.0,0.4928053803045812,0.41403933560541256,0.0,,,,,,,
E,4,ok,146.7,0bdc51d,1500.0,1.0,,,,,,,,,,,,hamd,,,0.09567313873099689,pehe,sieve1_kernel,0.504962922038906,6.0,sieve1_sieve1,0.5358552290656758,0.030892307026769816,1.0611773769467543,0.0,0.0,sieve2_sieve2,1.1202735569581401,0.6153106349192341,2.2185263671094004,1.0,0.0,kernel_sieve1,0.614160960329299,0.10919803829039298,1.2162496166020746,0.0,0.0,sieve2_sieve2,1.1202735569581401,0.6153106349192341,2.2185263671094004,1.0,0.0,sieve2_sieve2,1.1202735569581401,0.6153106349192341,2.2185263671094004,1.0,0.0,kernel_kernel,0.6518104561577216,0.14684753411881557,1.2908085479317837,0.0,0.0,sieve1_sieve1,0.5358552290656758,0.030892307026769816,1.0611773769467543,0.0,0.0,kernel_sieve1,0.614160960329299,0.10919803829039298,1.2162496166020746,0.0,0.0,kernel_kernel,0.6518104561577216,0.14684753411881557,1.2908085479317837,0.0,0.0,kernel_sieve1,0.614160960329299,0.10919803829039298,1.2162496166020746,0.0,0.0,sieve1_kernel,0.504962922038906,0.0,0.9999999999980197,0.0,1.0,0.3714285714285715,0.3333333333333333,0.0,0.08827348295047496,0.21483446221182986,0.0,0.26482044885142486,0.21483446221182986,0.0,0.08571428571428573,0.2,0.0,0.08827348295047496,0.21483446221182986,0.0,ate_err,sieve1_sieve1,0.04056826944506819,6.0,sieve1_sieve1,0.04056826944506819,0.0,0.9999999999753503,0.0,1.0,sieve2_sieve2,0.69468463708763,0.6541163676425618,17.123842021685196,1.0,0.0,kernel_sieve1,0.060814895724532074,0.020246626279463886,1.499075424091726,0.0,0.0,sieve2_sieve2,0.69468463708763,0.6541163676425618,17.123842021685196,1.0,0.0,sieve2_sieve2,0.69468463708763,0.6541163676425618,17.123842021685196,1.0,0.0,kernel_kernel,0.349197863374183,0.3086295939291148,8.607659832234395,1.0,0.0,sieve1_sieve1,0.04056826944506819,0.0,0.9999999999753503,0.0,1.0,kernel_sieve1,0.060814895724532074,0.020246626279463886,1.499075424091726,0.0,0.0,kernel_kernel,0.349197863374183,0.3086295939291148,8.607659832234395,1.0,0.0,kernel_sieve1,0.060814895724532074,0.020246626279463886,1.499075424091726,0.0,0.0,sieve1_sieve1,0.04056826944506819,0.0,0.9999999999753503,0.0,1.0,0.6,0.4666666666666666,1.0,-0.11769797726729993,-0.07161148740394328,1.0,0.5296408977028497,0.3580574370197165,1.0,0.028571428571428574,0.06666666666666665,1.0,-0.11769797726729993,-0.07161148740394328,1.0,,,,,,,
E,5,ok,153.5,0bdc51d,1500.0,1.0,,,,,,,,,,,,hamd,,,0.08397876349098654,pehe,sieve1_sieve1,0.5739852183505417,6.0,sieve1_sieve1,0.5739852183505417,0.0,0.9999999999982578,0.0,1.0,sieve2_sieve2,0.8999163787679044,0.3259311604173627,1.5678389442718081,1.0,0.0,kernel_sieve1,0.6562326842442665,0.08224746589372478,1.1432919581604133,0.0,0.0,sieve2_sieve2,0.8999163787679044,0.3259311604173627,1.5678389442718081,1.0,0.0,sieve1_sieve1,0.5739852183505417,0.0,0.9999999999982578,0.0,1.0,kernel_kernel,0.6081290132482223,0.0341437948976806,1.0594854951051527,0.0,0.0,sieve1_sieve1,0.5739852183505417,0.0,0.9999999999982578,0.0,1.0,sieve2_sieve2,0.8999163787679044,0.3259311604173627,1.5678389442718081,1.0,0.0,kernel_kernel,0.6081290132482223,0.0341437948976806,1.0594854951051527,0.0,0.0,kernel_sieve1,0.6562326842442665,0.08224746589372478,1.1432919581604133,0.0,0.0,sieve1_sieve1,0.5739852183505417,0.0,0.9999999999982578,0.0,1.0,0.2571428571428572,0.2,1.0,-0.44136741475237473,-0.3580574370197165,1.0,0.44136741475237473,0.3580574370197165,1.0,-0.08571428571428573,-0.06666666666666665,1.0,0.23190841426097936,0.13801311186847084,1.0,ate_err,sieve1_kernel,0.07407452398147517,6.0,sieve1_sieve1,0.09867333666188915,0.024598812680413987,1.3320819541848647,0.0,0.0,sieve2_sieve2,0.714715892050672,0.6406413680691968,9.648605939334313,1.0,0.0,kernel_sieve1,0.0800906427031315,0.006016118721656333,1.0812171094353524,0.0,0.0,sieve2_sieve2,0.714715892050672,0.6406413680691968,9.648605939334313,1.0,0.0,sieve1_sieve1,0.09867333666188915,0.024598812680413987,1.3320819541848647,0.0,0.0,kernel_kernel,0.1924810179759063,0.11840649399443114,2.5984779601343666,1.0,0.0,sieve1_sieve1,0.09867333666188915,0.024598812680413987,1.3320819541848647,0.0,0.0,sieve2_sieve2,0.714715892050672,0.6406413680691968,9.648605939334313,1.0,0.0,kernel_kernel,0.1924810179759063,0.11840649399443114,2.5984779601343666,1.0,0.0,kernel_sieve1,0.0800906427031315,0.006016118721656333,1.0812171094353524,0.0,0.0,sieve1_kernel,0.07407452398147517,0.0,0.9999999999865,0.0,1.0,0.08571428571428573,0.06666666666666665,0.0,-0.26482044885142486,-0.21483446221182986,0.0,0.26482044885142486,0.21483446221182986,0.0,-0.028571428571428574,0.06666666666666665,0.0,0.08696565534786727,0.13801311186847084,0.0,,,,,,,
E,6,ok,120.1,0bdc51d,1500.0,1.0,,,,,,,,,,,,hamd,,,0.0876653437432899,pehe,kernel_sieve1,0.5904575880179045,6.0,sieve1_sieve1,0.7473299129937275,0.15687232497582304,1.2656792429430181,0.0,0.0,sieve2_sieve2,1.111931257768628,0.5214736697507235,1.8831687158079637,1.0,0.0,kernel_sieve1,0.5904575880179045,0.0,0.9999999999983065,0.0,1.0,sieve2_sieve2,1.111931257768628,0.5214736697507235,1.8831687158079637,1.0,0.0,sieve1_sieve1,0.7473299129937275,0.15687232497582304,1.2656792429430181,0.0,0.0,kernel_kernel,0.6464412498362628,0.05598366181835834,1.0948140272109874,0.0,0.0,sieve1_sieve1,0.7473299129937275,0.15687232497582304,1.2656792429430181,0.0,0.0,sieve1_kernel,0.9207789409209031,0.3303213529029986,1.5594328188926971,1.0,0.0,kernel_kernel,0.6464412498362628,0.05598366181835834,1.0948140272109874,0.0,0.0,kernel_sieve1,0.5904575880179045,0.0,0.9999999999983065,0.0,1.0,kernel_sieve1,0.5904575880179045,0.0,0.9999999999983065,0.0,1.0,0.3142857142857143,0.2,1.0,-0.3825184261187248,-0.3580574370197165,0.0,0.44136741475237473,0.3580574370197165,1.0,-0.3142857142857143,-0.2,0.0,-0.17393131069573453,-0.13801311186847084,0.0,ate_err,sieve1_kernel,0.05824808253427926,6.0,sieve1_sieve1,0.16399939742782732,0.10575131489354805,2.8155329804804716,1.0,0.0,sieve2_sieve2,0.23464840653356855,0.1764003239992893,4.028431431909342,1.0,0.0,kernel_sieve1,0.07498898785681131,0.01674090532253205,1.2874069770690313,0.0,0.0,sieve2_sieve2,0.23464840653356855,0.1764003239992893,4.028431431909342,1.0,0.0,sieve1_sieve1,0.16399939742782732,0.10575131489354805,2.8155329804804716,1.0,0.0,kernel_kernel,0.22237972970423794,0.16413164716995868,3.8178034370410163,1.0,0.0,sieve1_sieve1,0.16399939742782732,0.10575131489354805,2.8155329804804716,1.0,0.0,sieve1_kernel,0.05824808253427926,0.0,0.9999999999828321,0.0,1.0,kernel_kernel,0.22237972970423794,0.16413164716995868,3.8178034370410163,1.0,0.0,kernel_sieve1,0.07498898785681131,0.01674090532253205,1.2874069770690313,0.0,0.0,sieve1_kernel,0.05824808253427926,0.0,0.9999999999828321,0.0,1.0,0.48571428571428577,0.3333333333333333,0.0,0.26482044885142486,0.21483446221182986,0.0,0.44136741475237473,0.3580574370197165,0.0,0.2571428571428572,0.2,0.0,0.3188740696088466,0.2760262237369417,0.0,,,,,,,
E,7,ok,114.5,0bdc51d,1500.0,1.0,,,,,,,,,,,,hamd,,,0.0816463523377959,pehe,sieve1_sieve1,0.5774565995321593,6.0,sieve1_sieve1,0.5774565995321593,0.0,0.9999999999982683,0.0,1.0,sieve1_kernel,0.8777854577485258,0.30032885821636646,1.5200890568367653,1.0,0.0,kernel_sieve1,0.6464626903454727,0.06900609081331333,1.1195000470478662,0.0,0.0,sieve1_sieve1,0.5774565995321593,0.0,0.9999999999982683,0.0,1.0,sieve1_sieve1,0.5774565995321593,0.0,0.9999999999982683,0.0,1.0,kernel_kernel,0.6504225972454036,0.0729659977132443,1.1263575440496016,0.0,0.0,sieve1_sieve1,0.5774565995321593,0.0,0.9999999999982683,0.0,1.0,sieve1_sieve1,0.5774565995321593,0.0,0.9999999999982683,0.0,1.0,kernel_kernel,0.6504225972454036,0.0729659977132443,1.1263575440496016,0.0,0.0,kernel_sieve1,0.6464626903454727,0.06900609081331333,1.1195000470478662,0.0,0.0,sieve1_sieve1,0.5774565995321593,0.0,0.9999999999982683,0.0,1.0,0.6,0.4666666666666666,1.0,0.029424494316824982,0.07161148740394328,1.0,0.6179143806533246,0.5012804118276031,1.0,0.3714285714285715,0.3333333333333333,1.0,0.34786262139146906,0.2760262237369417,1.0,ate_err,sieve1_kernel,0.11409048925096492,6.0,sieve1_sieve1,0.14650284225518442,0.032412353004219505,1.284093382504811,0.0,0.0,sieve1_kernel,0.11409048925096492,0.0,0.999999999991235,0.0,1.0,kernel_sieve1,0.15794349984198489,0.04385301059101997,1.3843704315543086,0.0,0.0,sieve1_sieve1,0.14650284225518442,0.032412353004219505,1.284093382504811,0.0,0.0,sieve1_sieve1,0.14650284225518442,0.032412353004219505,1.284093382504811,0.0,0.0,kernel_kernel,0.2754151478521401,0.16132465860117517,2.414006195064123,1.0,0.0,sieve1_sieve1,0.14650284225518442,0.032412353004219505,1.284093382504811,0.0,0.0,sieve1_sieve1,0.14650284225518442,0.032412353004219505,1.284093382504811,0.0,0.0,kernel_kernel,0.2754151478521401,0.16132465860117517,2.414006195064123,1.0,0.0,kernel_sieve1,0.15794349984198489,0.04385301059101997,1.3843704315543086,0.0,0.0,sieve1_kernel,0.11409048925096492,0.0,0.999999999991235,0.0,1.0,0.5428571428571429,0.4666666666666666,0.0,0.44136741475237473,0.21483446221182986,1.0,0.44136741475237473,0.3580574370197165,0.0,0.7714285714285715,0.6,1.0,0.753702346348183,0.5520524474738834,1.0,,,,,,,
E,8,ok,93.1,0bdc51d,1500.0,1.0,,,,,,,,,,,,hamd,,,0.07645201820838819,pehe,sieve1_sieve1,0.5510339460832595,6.0,sieve1_sieve1,0.5510339460832595,0.0,0.9999999999981852,0.0,1.0,sieve1_kernel,0.7399480936224313,0.1889141475391718,1.3428357706101914,0.0,0.0,kernel_sieve1,0.5714873821454806,0.020453436062221053,1.0371182868252793,0.0,0.0,sieve1_sieve1,0.5510339460832595,0.0,0.9999999999981852,0.0,1.0,sieve1_sieve1,0.5510339460832595,0.0,0.9999999999981852,0.0,1.0,kernel_kernel,0.6206300571955338,0.06959611111227426,1.1263009504329742,0.0,0.0,sieve1_sieve1,0.5510339460832595,0.0,0.9999999999981852,0.0,1.0,kernel_kernel,0.6206300571955338,0.06959611111227426,1.1263009504329742,0.0,0.0,kernel_kernel,0.6206300571955338,0.06959611111227426,1.1263009504329742,0.0,0.0,kernel_sieve1,0.5714873821454806,0.020453436062221053,1.0371182868252793,0.0,0.0,sieve1_sieve1,0.5510339460832595,0.0,0.9999999999981852,0.0,1.0,0.7714285714285715,0.6,1.0,0.44136741475237473,0.3580574370197165,1.0,0.7944613465542746,0.6445033866354897,1.0,0.5428571428571429,0.4666666666666666,1.0,0.4638168285219587,0.2760262237369417,1.0,ate_err,sieve1_kernel,0.08334227907087365,6.0,sieve1_sieve1,0.16642176009002305,0.0830794810191494,1.9968467618518373,1.0,0.0,sieve1_kernel,0.08334227907087365,0.0,0.9999999999880013,0.0,1.0,kernel_sieve1,0.14857294241066835,0.0652306633397947,1.7826839398349108,1.0,0.0,sieve1_sieve1,0.16642176009002305,0.0830794810191494,1.9968467618518373,1.0,0.0,sieve1_sieve1,0.16642176009002305,0.0830794810191494,1.9968467618518373,1.0,0.0,kernel_kernel,0.22216669757036786,0.13882441849949423,2.6657142094563224,1.0,0.0,sieve1_sieve1,0.16642176009002305,0.0830794810191494,1.9968467618518373,1.0,0.0,kernel_kernel,0.22216669757036786,0.13882441849949423,2.6657142094563224,1.0,0.0,kernel_kernel,0.22216669757036786,0.13882441849949423,2.6657142094563224,1.0,0.0,kernel_sieve1,0.14857294241066835,0.0652306633397947,1.7826839398349108,1.0,0.0,sieve1_kernel,0.08334227907087365,0.0,0.9999999999880013,0.0,1.0,0.3142857142857143,0.2,0.0,0.44136741475237473,0.3580574370197165,1.0,0.26482044885142486,0.21483446221182986,0.0,0.4285714285714286,0.3333333333333333,1.0,0.08696565534786727,0.13801311186847084,0.0,,,,,,,
E,9,ok,92.2,0bdc51d,1500.0,1.0,,,,,,,,,,,,hamd,,,0.07203667639939292,pehe,kernel_sieve1,0.5544689001188486,6.0,sieve1_sieve1,0.5703350986706294,0.01586619855178073,1.0286151280033042,0.0,0.0,sieve1_kernel,0.8886303992930024,0.3341614991741537,1.6026695078856985,1.0,0.0,kernel_sieve1,0.5544689001188486,0.0,0.9999999999981966,0.0,1.0,sieve1_sieve1,0.5703350986706294,0.01586619855178073,1.0286151280033042,0.0,0.0,sieve1_sieve1,0.5703350986706294,0.01586619855178073,1.0286151280033042,0.0,0.0,kernel_kernel,0.6757372838987328,0.12126838377988414,1.2187108848714003,0.0,0.0,sieve1_sieve1,0.5703350986706294,0.01586619855178073,1.0286151280033042,0.0,0.0,sieve1_kernel,0.8886303992930024,0.3341614991741537,1.6026695078856985,1.0,0.0,kernel_kernel,0.6757372838987328,0.12126838377988414,1.2187108848714003,0.0,0.0,kernel_sieve1,0.5544689001188486,0.0,0.9999999999981966,0.0,1.0,kernel_sieve1,0.5544689001188486,0.0,0.9999999999981966,0.0,1.0,0.6,0.4666666666666666,0.0,-0.29424494316824984,-0.21483446221182986,0.0,0.8827348295047495,0.7877263614433762,1.0,0.3142857142857143,0.2,0.0,0.3188740696088466,0.2760262237369417,0.0,ate_err,sieve1_kernel,0.09239411712736008,6.0,sieve1_sieve1,0.14164678985802034,0.049252672730660266,1.5330715229545964,1.0,0.0,sieve1_kernel,0.09239411712736008,0.0,0.9999999999891768,0.0,1.0,kernel_sieve1,0.2070249107789229,0.11463079365156283,2.24067199528851,1.0,0.0,sieve1_sieve1,0.14164678985802034,0.049252672730660266,1.5330715229545964,1.0,0.0,sieve1_sieve1,0.14164678985802034,0.049252672730660266,1.5330715229545964,1.0,0.0,kernel_kernel,0.3238263560398587,0.23143223891249864,3.504837386886629,1.0,0.0,sieve1_sieve1,0.14164678985802034,0.049252672730660266,1.5330715229545964,1.0,0.0,sieve1_kernel,0.09239411712736008,0.0,0.9999999999891768,0.0,1.0,kernel_kernel,0.3238263560398587,0.23143223891249864,3.504837386886629,1.0,0.0,kernel_sieve1,0.2070249107789229,0.11463079365156283,2.24067199528851,1.0,0.0,sieve1_kernel,0.09239411712736008,0.0,0.9999999999891768,0.0,1.0,0.14285714285714288,0.06666666666666665,0.0,0.5296408977028497,0.3580574370197165,1.0,0.17654696590094993,0.07161148740394328,0.0,0.5428571428571429,0.3333333333333333,1.0,0.20291986247835694,0.13801311186847084,0.0,,,,,,,
F,0,ok,25.3,0bdc51d,1500.0,0.0,,,,,,,,,,,,S1,,,0.07357966067538382,pehe,sieve1_sieve1,0.5195024192255496,6.0,sieve1_sieve1,0.5195024192255496,0.0,0.9999999999980751,0.0,1.0,sieve2_sieve2,0.7292367462174655,0.20973432699191585,1.4037215597632335,0.0,0.0,kernel_sieve1,0.6145278711528752,0.09502545192732559,1.1829162837543707,0.0,0.0,sieve3_sieve3,1.1777839126320704,0.6582814934065208,2.267138456035661,1.0,0.0,sieve3_sieve3,1.1777839126320704,0.6582814934065208,2.267138456035661,1.0,0.0,kernel_kernel,0.8902834562703831,0.37078103704483345,1.713723407863746,1.0,0.0,sieve1_sieve1,0.5195024192255496,0.0,0.9999999999980751,0.0,1.0,sieve2_sieve2,0.7292367462174655,0.20973432699191585,1.4037215597632335,0.0,0.0,kernel_kernel,0.8902834562703831,0.37078103704483345,1.713723407863746,1.0,0.0,kernel_sieve1,0.6145278711528752,0.09502545192732559,1.1829162837543707,0.0,0.0,sieve1_sieve1,0.5195024192255496,0.0,0.9999999999980751,0.0,1.0,0.2,0.06666666666666665,1.0,-0.17654696590094993,-0.07161148740394328,0.0,0.29424494316824984,0.21483446221182986,1.0,-0.2571428571428572,-0.2,0.0,-0.17393131069573453,-0.13801311186847084,1.0,ate_err,sieve1_kernel,0.10073182746746684,6.0,sieve1_sieve1,0.19517689965447294,0.0944450721870061,1.9375891866507757,1.0,0.0,sieve2_sieve2,0.28928188431969754,0.1885500568522307,2.871802205814786,1.0,0.0,kernel_sieve1,0.11038509655333785,0.00965326908587101,1.095831370555576,0.0,0.0,sieve3_sieve3,0.17221388802475082,0.07148206055728398,1.7096273576359047,1.0,0.0,sieve3_sieve3,0.17221388802475082,0.07148206055728398,1.7096273576359047,1.0,0.0,kernel_kernel,0.2979397265412825,0.19720789907381564,2.957751626560629,1.0,0.0,sieve1_sieve1,0.19517689965447294,0.0944450721870061,1.9375891866507757,1.0,0.0,sieve2_sieve2,0.28928188431969754,0.1885500568522307,2.871802205814786,1.0,0.0,kernel_kernel,0.2979397265412825,0.19720789907381564,2.957751626560629,1.0,0.0,kernel_sieve1,0.11038509655333785,0.00965326908587101,1.095831370555576,0.0,0.0,sieve1_kernel,0.10073182746746684,0.0,0.9999999999900726,0.0,1.0,0.028571428571428574,-0.06666666666666665,0.0,-0.058848988633649964,-0.07161148740394328,0.0,0.17654696590094993,0.21483446221182986,0.0,0.028571428571428574,-0.06666666666666665,0.0,-0.05797710356524484,0.0,0.0,,,,,,,
F,0,ok,25.4,0bdc51d,1500.0,0.5,,,,,,,,,,,,S1,,,0.06911205772903244,pehe,sieve1_sieve1,0.5727051418514577,6.0,sieve1_sieve1,0.5727051418514577,0.0,0.999999999998254,0.0,1.0,sieve1_kernel,0.6244760478720689,0.051770906020611185,1.0903971384858784,0.0,0.0,kernel_sieve1,0.6548904457806901,0.0821853039292324,1.14350369487237,0.0,0.0,sieve1_sieve1,0.5727051418514577,0.0,0.999999999998254,0.0,1.0,sieve1_sieve1,0.5727051418514577,0.0,0.999999999998254,0.0,1.0,kernel_kernel,1.124668737382569,0.5519635955311113,1.963783202198506,1.0,0.0,sieve1_sieve1,0.5727051418514577,0.0,0.999999999998254,0.0,1.0,sieve2_sieve2,1.078778317590056,0.5060731757385983,1.883653976111803,1.0,0.0,kernel_kernel,1.124668737382569,0.5519635955311113,1.963783202198506,1.0,0.0,kernel_sieve1,0.6548904457806901,0.0821853039292324,1.14350369487237,0.0,0.0,sieve1_sieve1,0.5727051418514577,0.0,0.999999999998254,0.0,1.0,0.6,0.4666666666666666,1.0,0.6767633692869747,0.5012804118276031,1.0,0.5002164033860248,0.5012804118276031,1.0,0.48571428571428577,0.3333333333333333,1.0,0.4638168285219587,0.41403933560541256,1.0,ate_err,sieve1_kernel,0.14236393581889192,6.0,sieve1_sieve1,0.2127999127586668,0.07043597693977488,1.4947599722719462,0.0,0.0,sieve1_kernel,0.14236393581889192,0.0,0.9999999999929757,0.0,1.0,kernel_sieve1,0.1873955616658375,0.04503162584694559,1.3163134370134033,0.0,0.0,sieve1_sieve1,0.2127999127586668,0.07043597693977488,1.4947599722719462,0.0,0.0,sieve1_sieve1,0.2127999127586668,0.07043597693977488,1.4947599722719462,0.0,0.0,kernel_kernel,0.3538350834511937,0.21147114763230176,2.4854263926703952,1.0,0.0,sieve1_sieve1,0.2127999127586668,0.07043597693977488,1.4947599722719462,0.0,0.0,sieve2_sieve2,1.1271199578720292,0.9847560220531373,7.917173344364236,1.0,0.0,kernel_kernel,0.3538350834511937,0.21147114763230176,2.4854263926703952,1.0,0.0,kernel_sieve1,0.1873955616658375,0.04503162584694559,1.3163134370134033,0.0,0.0,sieve1_kernel,0.14236393581889192,0.0,0.9999999999929757,0.0,1.0,0.14285714285714288,0.06666666666666665,0.0,0.23539595453459985,0.21483446221182986,1.0,0.0,-0.07161148740394328,0.0,-0.028571428571428574,-0.06666666666666665,0.0,0.02898855178262242,0.0,0.0,,,,,,,
F,0,ok,49.6,0bdc51d,1500.0,1.0,,,,,,,,,,,,S1,,,0.07659075417464682,pehe,sieve1_sieve1,0.5558485417527479,6.0,sieve3_sieve3,5.401655110833136,4.845806569080389,9.717854244594166,1.0,0.0,sieve3_sieve3,5.401655110833136,4.845806569080389,9.717854244594166,1.0,0.0,kernel_sieve1,0.9256461604558612,0.36979761870311334,1.6652848589570308,1.0,0.0,sieve3_sieve3,5.401655110833136,4.845806569080389,9.717854244594166,1.0,0.0,sieve3_sieve3,5.401655110833136,4.845806569080389,9.717854244594166,1.0,0.0,kernel_kernel,0.9974431094509928,0.4415945676982449,1.7944512480035977,1.0,0.0,sieve1_sieve1,0.5558485417527479,0.0,0.999999999998201,0.0,1.0,sieve2_sieve2,0.6676063087158585,0.11175776696311057,1.2010579475651868,0.0,0.0,kernel_kernel,0.9974431094509928,0.4415945676982449,1.7944512480035977,1.0,0.0,kernel_sieve1,0.9256461604558612,0.36979761870311334,1.6652848589570308,1.0,0.0,sieve1_sieve1,0.5558485417527479,0.0,0.999999999998201,0.0,1.0,-0.08571428571428573,-0.06666666666666665,1.0,0.08827348295047496,0.21483446221182986,1.0,0.14712247158412492,0.07161148740394328,1.0,-0.028571428571428574,0.06666666666666665,1.0,-0.11595420713048968,0.0,1.0,ate_err,sieve1_kernel,0.10325466709745341,6.0,sieve3_sieve3,0.17602102852698545,0.07276636142953204,1.7047270934412024,1.0,0.0,sieve3_sieve3,0.17602102852698545,0.07276636142953204,1.7047270934412024,1.0,0.0,kernel_sieve1,0.20664525340287998,0.10339058630542657,2.001316349273041,1.0,0.0,sieve3_sieve3,0.17602102852698545,0.07276636142953204,1.7047270934412024,1.0,0.0,sieve3_sieve3,0.17602102852698545,0.07276636142953204,1.7047270934412024,1.0,0.0,kernel_kernel,0.40252965425095705,0.29927498715350365,3.8984160770877763,1.0,0.0,sieve1_sieve1,0.19072737167463916,0.08747270457718574,1.8471549716273883,1.0,0.0,sieve2_sieve2,2.7311799214086387,2.6279252543111853,26.450910144375907,1.0,0.0,kernel_kernel,0.40252965425095705,0.29927498715350365,3.8984160770877763,1.0,0.0,kernel_sieve1,0.20664525340287998,0.10339058630542657,2.001316349273041,1.0,0.0,sieve1_kernel,0.10325466709745341,0.0,0.9999999999903152,0.0,1.0,0.3142857142857143,0.3333333333333333,0.0,0.7061878636037997,0.5012804118276031,0.0,0.0,-0.07161148740394328,0.0,0.2,0.2,0.0,0.08696565534786727,0.13801311186847084,0.0,,,,,,,
F,0,ok,46.9,0bdc51d,1500.0,2.0,,,,,,,,,,,,S1,,,0.08964078805183462,pehe,sieve1_kernel,0.5782551511212284,6.0,sieve3_sieve3,0.8283966212227782,0.25014147010154986,1.4325797524070414,0.0,0.0,sieve3_sieve3,0.8283966212227782,0.25014147010154986,1.4325797524070414,0.0,0.0,kernel_sieve1,1.415469493597503,0.8372143424762746,2.447828594091173,1.0,0.0,sieve3_sieve3,0.8283966212227782,0.25014147010154986,1.4325797524070414,0.0,0.0,sieve3_sieve3,0.8283966212227782,0.25014147010154986,1.4325797524070414,0.0,0.0,kernel_kernel,1.0184362390017865,0.4401810878805581,1.7612229428917185,1.0,0.0,sieve1_sieve1,0.929120632896806,0.35086548177557764,1.6067658560302451,1.0,0.0,sieve2_sieve2,6.806889386817024,6.228634235695795,11.771428881535758,1.0,0.0,kernel_kernel,1.0184362390017865,0.4401810878805581,1.7612229428917185,1.0,0.0,kernel_sieve1,1.415469493597503,0.8372143424762746,2.447828594091173,1.0,0.0,sieve1_kernel,0.5782551511212284,0.0,0.9999999999982707,0.0,1.0,0.14285714285714288,0.2,0.0,0.7061878636037997,0.5012804118276031,0.0,-0.23539595453459985,-0.21483446221182986,0.0,0.08571428571428573,0.06666666666666665,0.0,0.0,0.0,0.0,ate_err,sieve1_kernel,0.06029110872624918,6.0,sieve3_sieve3,0.491994571821003,0.4317034630947538,8.160317204427873,1.0,0.0,sieve3_sieve3,0.491994571821003,0.4317034630947538,8.160317204427873,1.0,0.0,kernel_sieve1,0.1902910397674402,0.129999931041191,3.156204020534726,1.0,0.0,sieve3_sieve3,0.491994571821003,0.4317034630947538,8.160317204427873,1.0,0.0,sieve3_sieve3,0.491994571821003,0.4317034630947538,8.160317204427873,1.0,0.0,kernel_kernel,0.43507696332033635,0.3747858545940872,7.216270732200002,1.0,0.0,sieve1_sieve1,0.13770528153527767,0.07741417280902849,2.2840064553837003,1.0,0.0,sieve2_sieve2,0.7616589384997631,0.7013678297735139,12.633022589540198,1.0,0.0,kernel_kernel,0.43507696332033635,0.3747858545940872,7.216270732200002,1.0,0.0,kernel_sieve1,0.1902910397674402,0.129999931041191,3.156204020534726,1.0,0.0,sieve1_kernel,0.06029110872624918,0.0,0.9999999999834138,0.0,1.0,-0.14285714285714288,-0.06666666666666665,0.0,0.08827348295047496,0.07161148740394328,0.0,0.029424494316824982,0.07161148740394328,0.0,-0.3142857142857143,-0.2,0.0,-0.4058397249567139,-0.2760262237369417,0.0,,,,,,,
F,1,ok,51.3,0bdc51d,1500.0,0.0,,,,,,,,,,,,S1,,,0.0769665499476537,pehe,sieve1_sieve1,0.4992309965656049,6.0,sieve3_sieve3,0.8525771788865502,0.3533461823209453,1.7077809365805348,1.0,0.0,sieve3_sieve3,0.8525771788865502,0.3533461823209453,1.7077809365805348,1.0,0.0,kernel_sieve1,0.5280528822345878,0.028821885668982916,1.057732564416476,0.0,0.0,sieve3_sieve3,0.8525771788865502,0.3533461823209453,1.7077809365805348,1.0,0.0,sieve3_sieve3,0.8525771788865502,0.3533461823209453,1.7077809365805348,1.0,0.0,kernel_kernel,0.977955505707589,0.47872450914198417,1.9589238497476091,1.0,0.0,sieve1_sieve1,0.4992309965656049,0.0,0.9999999999979969,0.0,1.0,kernel_sieve1,0.5280528822345878,0.028821885668982916,1.057732564416476,0.0,0.0,kernel_kernel,0.977955505707589,0.47872450914198417,1.9589238497476091,1.0,0.0,kernel_sieve1,0.5280528822345878,0.028821885668982916,1.057732564416476,0.0,0.0,sieve1_sieve1,0.4992309965656049,0.0,0.9999999999979969,0.0,1.0,0.2571428571428572,0.2,1.0,0.08827348295047496,0.07161148740394328,1.0,0.6767633692869747,0.5012804118276031,1.0,0.2571428571428572,0.2,1.0,0.08696565534786727,0.0,1.0,ate_err,kernel_kernel,0.028519352918658675,6.0,sieve3_sieve3,0.09154803078368669,0.06302867786502801,3.210031834929246,1.0,0.0,sieve3_sieve3,0.09154803078368669,0.06302867786502801,3.210031834929246,1.0,0.0,kernel_sieve1,0.06706219591486198,0.03854284299620331,2.3514627454480337,1.0,0.0,sieve3_sieve3,0.09154803078368669,0.06302867786502801,3.210031834929246,1.0,0.0,sieve3_sieve3,0.09154803078368669,0.06302867786502801,3.210031834929246,1.0,0.0,kernel_kernel,0.028519352918658675,0.0,0.9999999999649362,0.0,1.0,sieve1_sieve1,0.06727427936965748,0.0387549264509988,2.35889922044075,1.0,0.0,kernel_sieve1,0.06706219591486198,0.03854284299620331,2.3514627454480337,1.0,0.0,kernel_kernel,0.028519352918658675,0.0,0.9999999999649362,0.0,1.0,kernel_sieve1,0.06706219591486198,0.03854284299620331,2.3514627454480337,1.0,0.0,kernel_kernel,0.028519352918658675,0.0,0.9999999999649362,0.0,1.0,-0.8285714285714287,-0.7333333333333333,0.0,-0.44136741475237473,-0.3580574370197165,0.0,-0.44136741475237473,-0.21483446221182986,0.0,-0.8285714285714287,-0.7333333333333333,0.0,-0.7247137945655605,-0.5520524474738834,0.0,,,,,,,
F,1,ok,51.6,0bdc51d,1500.0,0.5,,,,,,,,,,,,S1,,,0.06862910977147717,pehe,kernel_sieve1,0.513166700552419,6.0,sieve1_sieve1,0.553285813786335,0.04011911323391604,1.0781794944793768,0.0,0.0,sieve1_kernel,0.7049780801808655,0.19181137962844652,1.3737798641661465,0.0,0.0,kernel_sieve1,0.513166700552419,0.0,0.9999999999980513,0.0,1.0,sieve1_sieve1,0.553285813786335,0.04011911323391604,1.0781794944793768,0.0,0.0,sieve1_sieve1,0.553285813786335,0.04011911323391604,1.0781794944793768,0.0,0.0,kernel_kernel,1.1072904134299462,0.5941237128775272,2.1577596758242517,1.0,0.0,sieve1_sieve1,0.553285813786335,0.04011911323391604,1.0781794944793768,0.0,0.0,kernel_sieve1,0.513166700552419,0.0,0.9999999999980513,0.0,1.0,kernel_kernel,1.1072904134299462,0.5941237128775272,2.1577596758242517,1.0,0.0,kernel_sieve1,0.513166700552419,0.0,0.9999999999980513,0.0,1.0,kernel_sieve1,0.513166700552419,0.0,0.9999999999980513,0.0,1.0,0.2571428571428572,0.2,0.0,0.058848988633649964,0.07161148740394328,0.0,0.5296408977028497,0.3580574370197165,1.0,-0.028571428571428574,-0.06666666666666665,0.0,0.02898855178262242,0.0,0.0,ate_err,sieve1_kernel,0.02048535758931414,6.0,sieve1_sieve1,0.02491034923718864,0.0044249916478745,1.2160075374503945,0.0,0.0,sieve1_kernel,0.02048535758931414,0.0,0.9999999999511847,0.0,1.0,kernel_sieve1,0.038500268633143674,0.018014911043829535,1.8794042751466211,1.0,0.0,sieve1_sieve1,0.02491034923718864,0.0044249916478745,1.2160075374503945,0.0,0.0,sieve1_sieve1,0.02491034923718864,0.0044249916478745,1.2160075374503945,0.0,0.0,kernel_kernel,0.11593439779631488,0.09544904020700075,5.659378767746327,1.0,0.0,sieve1_sieve1,0.02491034923718864,0.0044249916478745,1.2160075374503945,0.0,0.0,kernel_sieve1,0.038500268633143674,0.018014911043829535,1.8794042751466211,1.0,0.0,kernel_kernel,0.11593439779631488,0.09544904020700075,5.659378767746327,1.0,0.0,kernel_sieve1,0.038500268633143674,0.018014911043829535,1.8794042751466211,1.0,0.0,sieve1_kernel,0.02048535758931414,0.0,0.9999999999511847,0.0,1.0,-0.08571428571428573,-0.06666666666666665,0.0,0.44136741475237473,0.21483446221182986,1.0,-0.029424494316824982,-0.07161148740394328,0.0,-0.08571428571428573,-0.06666666666666665,0.0,-0.28988551782622424,-0.2760262237369417,0.0,,,,,,,
F,1,ok,44.6,0bdc51d,1500.0,1.0,,,,,,,,,,,,S1,,,0.06363799995383063,pehe,kernel_sieve1,0.5229769742585931,6.0,sieve1_sieve1,0.7613735809349459,0.23839660667635276,1.4558453209395381,0.0,0.0,sieve1_kernel,0.6966265620092913,0.17364958775069816,1.332040598910771,0.0,0.0,kernel_sieve1,0.5229769742585931,0.0,0.9999999999980879,0.0,1.0,sieve1_sieve1,0.7613735809349459,0.23839660667635276,1.4558453209395381,0.0,0.0,sieve1_sieve1,0.7613735809349459,0.23839660667635276,1.4558453209395381,0.0,0.0,kernel_kernel,1.0964545281652076,0.5734775539066145,2.096563677048149,1.0,0.0,sieve1_sieve1,0.7613735809349459,0.23839660667635276,1.4558453209395381,0.0,0.0,kernel_sieve1,0.5229769742585931,0.0,0.9999999999980879,0.0,1.0,kernel_kernel,1.0964545281652076,0.5734775539066145,2.096563677048149,1.0,0.0,kernel_sieve1,0.5229769742585931,0.0,0.9999999999980879,0.0,1.0,kernel_sieve1,0.5229769742585931,0.0,0.9999999999980879,0.0,1.0,-0.14285714285714288,-0.06666666666666665,0.0,-0.08827348295047496,-0.07161148740394328,0.0,0.14712247158412492,0.07161148740394328,1.0,-0.3142857142857143,-0.3333333333333333,0.0,-0.34786262139146906,-0.2760262237369417,0.0,ate_err,sieve1_kernel,0.054403223274326624,6.0,sieve1_sieve1,0.07382204532615792,0.0194188220518313,1.3569424913034203,0.0,0.0,sieve1_kernel,0.054403223274326624,0.0,0.9999999999816188,0.0,1.0,kernel_sieve1,0.08755977098194266,0.03315654770761604,1.609459250949446,1.0,0.0,sieve1_sieve1,0.07382204532615792,0.0194188220518313,1.3569424913034203,0.0,0.0,sieve1_sieve1,0.07382204532615792,0.0194188220518313,1.3569424913034203,0.0,0.0,kernel_kernel,0.23999195279948093,0.18558872952515432,4.411355400486426,1.0,0.0,sieve1_sieve1,0.07382204532615792,0.0194188220518313,1.3569424913034203,0.0,0.0,kernel_sieve1,0.08755977098194266,0.03315654770761604,1.609459250949446,1.0,0.0,kernel_kernel,0.23999195279948093,0.18558872952515432,4.411355400486426,1.0,0.0,kernel_sieve1,0.08755977098194266,0.03315654770761604,1.609459250949446,1.0,0.0,sieve1_kernel,0.054403223274326624,0.0,0.9999999999816188,0.0,1.0,0.028571428571428574,0.06666666666666665,0.0,0.5296408977028497,0.3580574370197165,1.0,0.058848988633649964,0.07161148740394328,0.0,0.08571428571428573,0.06666666666666665,0.0,-0.14494275891311212,-0.13801311186847084,0.0,,,,,,,
F,1,ok,42.6,0bdc51d,1500.0,2.0,,,,,,,,,,,,S1,,,0.08348233491398947,pehe,sieve1_sieve1,0.589766856268771,6.0,sieve1_sieve1,0.589766856268771,0.0,0.9999999999983045,0.0,1.0,sieve1_kernel,0.7226568878737145,0.1328900316049435,1.225326381418689,0.0,0.0,kernel_sieve1,0.9085512985831566,0.31878444231438563,1.5405262078131554,1.0,0.0,sieve1_sieve1,0.589766856268771,0.0,0.9999999999983045,0.0,1.0,sieve1_sieve1,0.589766856268771,0.0,0.9999999999983045,0.0,1.0,kernel_kernel,0.9552646997453046,0.3654978434765336,1.619732763192694,1.0,0.0,sieve1_sieve1,0.589766856268771,0.0,0.9999999999983045,0.0,1.0,kernel_sieve1,0.9085512985831566,0.31878444231438563,1.5405262078131554,1.0,0.0,kernel_kernel,0.9552646997453046,0.3654978434765336,1.619732763192694,1.0,0.0,kernel_sieve1,0.9085512985831566,0.31878444231438563,1.5405262078131554,1.0,0.0,sieve1_sieve1,0.589766856268771,0.0,0.9999999999983045,0.0,1.0,0.5428571428571429,0.4666666666666666,1.0,0.6179143806533246,0.5012804118276031,1.0,0.3236694374850748,0.21483446221182986,1.0,0.3714285714285715,0.3333333333333333,1.0,0.17393131069573453,0.13801311186847084,1.0,ate_err,sieve1_kernel,0.08820260412229942,6.0,sieve1_sieve1,0.20035594298603068,0.11215333886373126,2.2715422631507662,1.0,0.0,sieve1_kernel,0.08820260412229942,0.0,0.9999999999886624,0.0,1.0,kernel_sieve1,0.21127760410653088,0.12307499998423145,2.3953669645760516,1.0,0.0,sieve1_sieve1,0.20035594298603068,0.11215333886373126,2.2715422631507662,1.0,0.0,sieve1_sieve1,0.20035594298603068,0.11215333886373126,2.2715422631507662,1.0,0.0,kernel_kernel,0.41398219271320463,0.3257795885909052,4.693537076688735,1.0,0.0,sieve1_sieve1,0.20035594298603068,0.11215333886373126,2.2715422631507662,1.0,0.0,kernel_sieve1,0.21127760410653088,0.12307499998423145,2.3953669645760516,1.0,0.0,kernel_kernel,0.41398219271320463,0.3257795885909052,4.693537076688735,1.0,0.0,kernel_sieve1,0.21127760410653088,0.12307499998423145,2.3953669645760516,1.0,0.0,sieve1_kernel,0.08820260412229942,0.0,0.9999999999886624,0.0,1.0,0.028571428571428574,0.06666666666666665,0.0,0.44136741475237473,0.21483446221182986,1.0,0.029424494316824982,0.07161148740394328,0.0,-0.08571428571428573,-0.06666666666666665,0.0,-0.28988551782622424,-0.2760262237369417,0.0,,,,,,,
F,2,ok,22.7,0bdc51d,1500.0,0.0,,,,,,,,,,,,S1,,,0.06739708525574648,pehe,sieve1_kernel,0.5063344748663456,6.0,sieve1_sieve1,0.5891185306638537,0.08278405579750803,1.163496779116604,0.0,0.0,sieve2_sieve2,0.6809872847973606,0.17465280993101495,1.3449356474803975,0.0,0.0,kernel_sieve1,0.5512180647881634,0.044883589921817735,1.0886441515414822,0.0,0.0,sieve3_sieve3,1.3110913336028203,0.8047568587364746,2.5893779678863713,1.0,0.0,sieve3_sieve3,1.3110913336028203,0.8047568587364746,2.5893779678863713,1.0,0.0,kernel_kernel,0.5267206353581658,0.020386160491820182,1.0402622406782813,0.0,0.0,sieve1_sieve1,0.5891185306638537,0.08278405579750803,1.163496779116604,0.0,0.0,sieve3_sieve3,1.3110913336028203,0.8047568587364746,2.5893779678863713,1.0,0.0,kernel_kernel,0.5267206353581658,0.020386160491820182,1.0402622406782813,0.0,0.0,kernel_sieve1,0.5512180647881634,0.044883589921817735,1.0886441515414822,0.0,0.0,sieve1_kernel,0.5063344748663456,0.0,0.999999999998025,0.0,1.0,-0.6571428571428573,-0.4666666666666666,0.0,-0.6767633692869747,-0.5012804118276031,0.0,-0.5002164033860248,-0.3580574370197165,0.0,-0.8857142857142858,-0.7333333333333333,0.0,-0.753702346348183,-0.5520524474738834,0.0,ate_err,kernel_sieve1,0.06632860714023751,6.0,sieve1_sieve1,0.1086492296982473,0.04232062255800978,1.6380447951649868,1.0,0.0,sieve2_sieve2,0.3086178710196305,0.24228926387939298,4.652862231261269,1.0,0.0,kernel_sieve1,0.06632860714023751,0.0,0.9999999999849235,0.0,1.0,sieve3_sieve3,0.718066483390257,0.6517378762500196,10.825894200691334,1.0,0.0,sieve3_sieve3,0.718066483390257,0.6517378762500196,10.825894200691334,1.0,0.0,kernel_kernel,0.10827870637827354,0.041950099238036026,1.6324586184617014,1.0,0.0,sieve1_sieve1,0.1086492296982473,0.04232062255800978,1.6380447951649868,1.0,0.0,sieve3_sieve3,0.718066483390257,0.6517378762500196,10.825894200691334,1.0,0.0,kernel_kernel,0.10827870637827354,0.041950099238036026,1.6324586184617014,1.0,0.0,kernel_sieve1,0.06632860714023751,0.0,0.9999999999849235,0.0,1.0,kernel_sieve1,0.06632860714023751,0.0,0.9999999999849235,0.0,1.0,-0.3714285714285715,-0.2,0.0,-0.7944613465542746,-0.6445033866354897,0.0,-0.029424494316824982,-0.07161148740394328,1.0,-0.7142857142857143,-0.4666666666666666,0.0,-0.8406680016960504,-0.6900655593423541,0.0,,,,,,,
F,2,ok,20.5,0bdc51d,1500.0,0.5,,,,,,,,,,,,S1,,,0.06775526591138326,pehe,sieve1_kernel,0.49101853520782657,6.0,sieve1_sieve1,0.5606068871327192,0.06958835192489266,1.141722454314881,0.0,0.0,sieve2_sieve2,0.6555761312814742,0.16455759607364762,1.3351352021826681,0.0,0.0,kernel_sieve1,0.5473056544935972,0.05628711928577068,1.1146333900833951,0.0,0.0,sieve2_sieve2,0.6555761312814742,0.16455759607364762,1.3351352021826681,0.0,0.0,sieve3_sieve3,0.6616922196448797,0.1706736844370531,1.3475911237515033,0.0,0.0,kernel_kernel,0.5630099387264654,0.07199140351863886,1.1466164683315294,0.0,0.0,sieve1_sieve1,0.5606068871327192,0.06958835192489266,1.141722454314881,0.0,0.0,sieve3_sieve3,0.6616922196448797,0.1706736844370531,1.3475911237515033,0.0,0.0,kernel_kernel,0.5630099387264654,0.07199140351863886,1.1466164683315294,0.0,0.0,kernel_sieve1,0.5473056544935972,0.05628711928577068,1.1146333900833951,0.0,0.0,sieve1_kernel,0.49101853520782657,0.0,0.9999999999979634,0.0,1.0,-0.2,-0.2,0.0,-0.5590653920196746,-0.3580574370197165,0.0,-0.029424494316824982,-0.07161148740394328,0.0,-0.4285714285714286,-0.3333333333333333,0.0,-0.6377481392176932,-0.5520524474738834,0.0,ate_err,kernel_sieve1,0.08298716384949903,6.0,sieve1_sieve1,0.11946041188959144,0.036473248040092415,1.4395046938198632,0.0,0.0,sieve2_sieve2,0.4320162889271671,0.34902912507766803,5.205820621915002,1.0,0.0,kernel_sieve1,0.08298716384949903,0.0,0.9999999999879499,0.0,1.0,sieve2_sieve2,0.4320162889271671,0.34902912507766803,5.205820621915002,1.0,0.0,sieve3_sieve3,0.5091238479690442,0.4261366841195452,6.134971052706757,1.0,0.0,kernel_kernel,0.11501624260748806,0.032029078757989035,1.3859522035804146,0.0,0.0,sieve1_sieve1,0.11946041188959144,0.036473248040092415,1.4395046938198632,0.0,0.0,sieve3_sieve3,0.5091238479690442,0.4261366841195452,6.134971052706757,1.0,0.0,kernel_kernel,0.11501624260748806,0.032029078757989035,1.3859522035804146,0.0,0.0,kernel_sieve1,0.08298716384949903,0.0,0.9999999999879499,0.0,1.0,kernel_sieve1,0.08298716384949903,0.0,0.9999999999879499,0.0,1.0,-0.3714285714285715,-0.2,0.0,-0.7944613465542746,-0.6445033866354897,0.0,-0.029424494316824982,-0.07161148740394328,1.0,-0.6,-0.3333333333333333,0.0,-0.753702346348183,-0.5520524474738834,0.0,,,,,,,
F,2,ok,14.7,0bdc51d,1500.0,1.0,,,,,,,,,,,,S1,,,0.06908121196767815,pehe,sieve1_kernel,0.5595046506698039,6.0,sieve1_sieve1,0.5763728771660362,0.01686822649623232,1.03014850095528,0.0,0.0,sieve2_sieve2,0.6683926757785641,0.10888802510876017,1.1946150491818284,0.0,0.0,kernel_sieve1,0.6825746827125804,0.12307003204277644,1.2199624826964794,0.0,0.0,sieve1_sieve1,0.5763728771660362,0.01686822649623232,1.03014850095528,0.0,0.0,sieve1_sieve1,0.5763728771660362,0.01686822649623232,1.03014850095528,0.0,0.0,kernel_kernel,0.8140787618584219,0.25457411118861795,1.4549990976525446,0.0,0.0,sieve1_sieve1,0.5763728771660362,0.01686822649623232,1.03014850095528,0.0,0.0,sieve3_sieve3,1.2133207338289325,0.6538160831591285,2.1685623745472933,1.0,0.0,kernel_kernel,0.8140787618584219,0.25457411118861795,1.4549990976525446,0.0,0.0,kernel_sieve1,0.6825746827125804,0.12307003204277644,1.2199624826964794,0.0,0.0,sieve1_kernel,0.5595046506698039,0.0,0.9999999999982128,0.0,1.0,-0.028571428571428574,-0.06666666666666665,0.0,0.6179143806533246,0.3580574370197165,0.0,-0.08827348295047496,-0.07161148740394328,0.0,0.028571428571428574,0.06666666666666665,0.0,0.17393131069573453,0.13801311186847084,0.0,ate_err,kernel_sieve1,0.07510494850600934,6.0,sieve1_sieve1,0.07659394663619787,0.0014889981301885319,1.0198255662081914,0.0,0.0,sieve2_sieve2,0.3302621727171518,0.25515722421114245,4.397342375999756,1.0,0.0,kernel_sieve1,0.07510494850600934,0.0,0.9999999999866852,0.0,1.0,sieve1_sieve1,0.07659394663619787,0.0014889981301885319,1.0198255662081914,0.0,0.0,sieve1_sieve1,0.07659394663619787,0.0014889981301885319,1.0198255662081914,0.0,0.0,kernel_kernel,0.20484663099256906,0.1297416824865597,2.727471825287934,1.0,0.0,sieve1_sieve1,0.07659394663619787,0.0014889981301885319,1.0198255662081914,0.0,0.0,sieve3_sieve3,0.4610947324741286,0.3859897839681192,6.139338906957587,1.0,0.0,kernel_kernel,0.20484663099256906,0.1297416824865597,2.727471825287934,1.0,0.0,kernel_sieve1,0.07510494850600934,0.0,0.9999999999866852,0.0,1.0,kernel_sieve1,0.07510494850600934,0.0,0.9999999999866852,0.0,1.0,0.14285714285714288,0.06666666666666665,0.0,-0.26482044885142486,-0.21483446221182986,0.0,0.44136741475237473,0.21483446221182986,1.0,-0.08571428571428573,-0.06666666666666665,0.0,-0.28988551782622424,-0.2760262237369417,0.0,,,,,,,
F,2,ok,14.8,0bdc51d,1500.0,2.0,,,,,,,,,,,,S1,,,0.0782694299736823,pehe,sieve1_sieve1,0.6131571804435076,6.0,sieve1_sieve1,0.6131571804435076,0.0,0.9999999999983691,0.0,1.0,sieve1_kernel,0.6884189798951953,0.07526179945168765,1.1227447086179871,0.0,0.0,kernel_sieve1,0.7408507906350119,0.12769361019150427,1.2082559158777737,0.0,0.0,sieve1_sieve1,0.6131571804435076,0.0,0.9999999999983691,0.0,1.0,sieve1_sieve1,0.6131571804435076,0.0,0.9999999999983691,0.0,1.0,kernel_kernel,0.8465257096492619,0.23336852920575424,1.3806014781325304,0.0,0.0,sieve1_sieve1,0.6131571804435076,0.0,0.9999999999983691,0.0,1.0,sieve3_sieve3,0.7595988045139692,0.14644162407046157,1.2388321114714809,0.0,0.0,kernel_kernel,0.8465257096492619,0.23336852920575424,1.3806014781325304,0.0,0.0,kernel_sieve1,0.7408507906350119,0.12769361019150427,1.2082559158777737,0.0,0.0,sieve1_sieve1,0.6131571804435076,0.0,0.9999999999983691,0.0,1.0,0.48571428571428577,0.3333333333333333,1.0,0.6473388749701496,0.5012804118276031,1.0,0.41194292043554975,0.3580574370197165,1.0,0.3714285714285715,0.3333333333333333,1.0,0.23190841426097936,0.13801311186847084,1.0,ate_err,kernel_sieve1,0.17975862672081555,6.0,sieve1_sieve1,0.19971864247041568,0.01996001574960013,1.1110378740236435,0.0,0.0,sieve1_kernel,0.22594145966923626,0.04618283294842071,1.2569158086576322,0.0,0.0,kernel_sieve1,0.17975862672081555,0.0,0.999999999994437,0.0,1.0,sieve1_sieve1,0.19971864247041568,0.01996001574960013,1.1110378740236435,0.0,0.0,sieve1_sieve1,0.19971864247041568,0.01996001574960013,1.1110378740236435,0.0,0.0,kernel_kernel,0.32045195127619364,0.14069332455537809,1.7826791243354747,1.0,0.0,sieve1_sieve1,0.19971864247041568,0.01996001574960013,1.1110378740236435,0.0,0.0,sieve3_sieve3,0.2989711523983651,0.11921252567754953,1.6631811104177836,1.0,0.0,kernel_kernel,0.32045195127619364,0.14069332455537809,1.7826791243354747,1.0,0.0,kernel_sieve1,0.17975862672081555,0.0,0.999999999994437,0.0,1.0,kernel_sieve1,0.17975862672081555,0.0,0.999999999994437,0.0,1.0,0.48571428571428577,0.3333333333333333,0.0,0.17654696590094993,0.21483446221182986,0.0,0.6473388749701496,0.5012804118276031,1.0,0.08571428571428573,0.06666666666666665,0.0,0.14494275891311212,0.13801311186847084,0.0,,,,,,,
F,3,ok,15.7,0bdc51d,1500.0,0.0,,,,,,,,,,,,S1,,,0.0720691805944717,pehe,sieve1_sieve1,0.49939318075179534,6.0,sieve3_sieve3,0.6594035326917768,0.16001035193998142,1.3204095652603398,0.0,0.0,sieve3_sieve3,0.6594035326917768,0.16001035193998142,1.3204095652603398,0.0,0.0,kernel_sieve1,0.5477348764864751,0.04834169573467978,1.0968008727328005,0.0,0.0,sieve3_sieve3,0.6594035326917768,0.16001035193998142,1.3204095652603398,0.0,0.0,sieve3_sieve3,0.6594035326917768,0.16001035193998142,1.3204095652603398,0.0,0.0,kernel_kernel,0.8378333744913447,0.3384401937395493,1.6777028737724808,1.0,0.0,sieve1_sieve1,0.49939318075179534,0.0,0.9999999999979976,0.0,1.0,sieve1_sieve1,0.49939318075179534,0.0,0.9999999999979976,0.0,1.0,kernel_kernel,0.8378333744913447,0.3384401937395493,1.6777028737724808,1.0,0.0,kernel_sieve1,0.5477348764864751,0.04834169573467978,1.0968008727328005,0.0,0.0,sieve1_sieve1,0.49939318075179534,0.0,0.9999999999979976,0.0,1.0,0.5428571428571429,0.4666666666666666,1.0,0.26482044885142486,0.21483446221182986,1.0,0.7356123579206245,0.6445033866354897,1.0,0.3714285714285715,0.3333333333333333,1.0,0.20291986247835694,0.13801311186847084,1.0,ate_err,kernel_kernel,0.0640252452838503,6.0,sieve3_sieve3,0.2771397501195287,0.2131145048356784,4.328601146102999,1.0,0.0,sieve3_sieve3,0.2771397501195287,0.2131145048356784,4.328601146102999,1.0,0.0,kernel_sieve1,0.10041031158516822,0.03638506630131792,1.5682924936630798,1.0,0.0,sieve3_sieve3,0.2771397501195287,0.2131145048356784,4.328601146102999,1.0,0.0,sieve3_sieve3,0.2771397501195287,0.2131145048356784,4.328601146102999,1.0,0.0,kernel_kernel,0.0640252452838503,0.0,0.999999999984381,0.0,1.0,sieve1_sieve1,0.09856062827966228,0.03453538299581198,1.5394025878567583,1.0,0.0,sieve1_sieve1,0.09856062827966228,0.03453538299581198,1.5394025878567583,1.0,0.0,kernel_kernel,0.0640252452838503,0.0,0.999999999984381,0.0,1.0,kernel_sieve1,0.10041031158516822,0.03638506630131792,1.5682924936630798,1.0,0.0,kernel_kernel,0.0640252452838503,0.0,0.999999999984381,0.0,1.0,-0.6,-0.4666666666666666,0.0,-0.26482044885142486,-0.21483446221182986,0.0,-0.44136741475237473,-0.21483446221182986,0.0,-0.7142857142857143,-0.6,0.0,-0.5217939320872036,-0.41403933560541256,0.0,,,,,,,
F,3,ok,15.4,0bdc51d,1500.0,0.5,,,,,,,,,,,,S1,,,0.06966727434735377,pehe,sieve1_sieve1,0.49307903830231925,6.0,sieve1_sieve1,0.49307903830231925,0.0,0.999999999997972,0.0,1.0,sieve1_kernel,0.6116773073239257,0.11859826902160642,1.2405258788301001,0.0,0.0,kernel_sieve1,0.5602397392771103,0.0671607009747911,1.136206765562151,0.0,0.0,sieve1_sieve1,0.49307903830231925,0.0,0.999999999997972,0.0,1.0,sieve1_sieve1,0.49307903830231925,0.0,0.999999999997972,0.0,1.0,kernel_kernel,0.5807354045467876,0.08765636624446838,1.1777734590890199,0.0,0.0,sieve1_sieve1,0.49307903830231925,0.0,0.999999999997972,0.0,1.0,sieve1_sieve1,0.49307903830231925,0.0,0.999999999997972,0.0,1.0,kernel_kernel,0.5807354045467876,0.08765636624446838,1.1777734590890199,0.0,0.0,kernel_sieve1,0.5602397392771103,0.0671607009747911,1.136206765562151,0.0,0.0,sieve1_sieve1,0.49307903830231925,0.0,0.999999999997972,0.0,1.0,0.3142857142857143,0.2,1.0,0.029424494316824982,0.07161148740394328,1.0,0.5002164033860248,0.3580574370197165,1.0,-0.028571428571428574,-0.06666666666666665,1.0,0.11595420713048968,0.13801311186847084,1.0,ate_err,sieve1_sieve1,0.06342216817714509,6.0,sieve1_sieve1,0.06342216817714509,0.0,0.9999999999842325,0.0,1.0,sieve1_kernel,0.09104436802166271,0.027622199844517623,1.435529100265545,0.0,0.0,kernel_sieve1,0.08298514337694315,0.019562975199798063,1.3084564240037972,0.0,0.0,sieve1_sieve1,0.06342216817714509,0.0,0.9999999999842325,0.0,1.0,sieve1_sieve1,0.06342216817714509,0.0,0.9999999999842325,0.0,1.0,kernel_kernel,0.18868678343994857,0.12526461526280347,2.9750919727302687,1.0,0.0,sieve1_sieve1,0.06342216817714509,0.0,0.9999999999842325,0.0,1.0,sieve1_sieve1,0.06342216817714509,0.0,0.9999999999842325,0.0,1.0,kernel_kernel,0.18868678343994857,0.12526461526280347,2.9750919727302687,1.0,0.0,kernel_sieve1,0.08298514337694315,0.019562975199798063,1.3084564240037972,0.0,0.0,sieve1_sieve1,0.06342216817714509,0.0,0.9999999999842325,0.0,1.0,0.6,0.4666666666666666,1.0,0.41194292043554975,0.3580574370197165,1.0,0.6473388749701496,0.5012804118276031,1.0,0.3142857142857143,0.2,1.0,0.3188740696088466,0.2760262237369417,1.0,,,,,,,
F,3,ok,14.3,0bdc51d,1500.0,1.0,,,,,,,,,,,,S1,,,0.07476697977860065,pehe,sieve1_sieve1,0.5079645154385112,6.0,sieve1_sieve1,0.5079645154385112,0.0,0.9999999999980314,0.0,1.0,sieve1_kernel,0.6291077325011298,0.12114321706261866,1.2384875584405748,0.0,0.0,kernel_sieve1,0.5671419111211745,0.059177395682663336,1.116499074015949,0.0,0.0,sieve1_sieve1,0.5079645154385112,0.0,0.9999999999980314,0.0,1.0,sieve1_sieve1,0.5079645154385112,0.0,0.9999999999980314,0.0,1.0,kernel_kernel,0.9244400428959274,0.41647552745741623,1.8198909860781614,1.0,0.0,sieve1_sieve1,0.5079645154385112,0.0,0.9999999999980314,0.0,1.0,sieve1_sieve1,0.5079645154385112,0.0,0.9999999999980314,0.0,1.0,kernel_kernel,0.9244400428959274,0.41647552745741623,1.8198909860781614,1.0,0.0,kernel_sieve1,0.5671419111211745,0.059177395682663336,1.116499074015949,0.0,0.0,sieve1_sieve1,0.5079645154385112,0.0,0.9999999999980314,0.0,1.0,0.7142857142857143,0.6,1.0,0.5002164033860248,0.5012804118276031,1.0,0.7356123579206245,0.6445033866354897,1.0,0.5428571428571429,0.4666666666666666,1.0,0.3768511731740915,0.2760262237369417,1.0,ate_err,sieve1_sieve1,0.06170855322444827,6.0,sieve1_sieve1,0.06170855322444827,0.0,0.9999999999837949,0.0,1.0,sieve1_kernel,0.09301186913789661,0.031303315913448336,1.5072767756859193,1.0,0.0,kernel_sieve1,0.1409186943872357,0.07921014116278743,2.283616889742954,1.0,0.0,sieve1_sieve1,0.06170855322444827,0.0,0.9999999999837949,0.0,1.0,sieve1_sieve1,0.06170855322444827,0.0,0.9999999999837949,0.0,1.0,kernel_kernel,0.276239550804604,0.21453099758015573,4.476519645427116,1.0,0.0,sieve1_sieve1,0.06170855322444827,0.0,0.9999999999837949,0.0,1.0,sieve1_sieve1,0.06170855322444827,0.0,0.9999999999837949,0.0,1.0,kernel_kernel,0.276239550804604,0.21453099758015573,4.476519645427116,1.0,0.0,kernel_sieve1,0.1409186943872357,0.07921014116278743,2.283616889742954,1.0,0.0,sieve1_sieve1,0.06170855322444827,0.0,0.9999999999837949,0.0,1.0,0.48571428571428577,0.3333333333333333,1.0,0.6473388749701496,0.5012804118276031,1.0,0.41194292043554975,0.3580574370197165,1.0,0.3142857142857143,0.2,1.0,0.3188740696088466,0.2760262237369417,1.0,,,,,,,
F,3,ok,16.0,0bdc51d,1500.0,2.0,,,,,,,,,,,,S1,,,0.08252339343422282,pehe,sieve1_kernel,0.6686880786432892,6.0,sieve3_sieve3,0.6932011059927233,0.02451302734943417,1.0366583884643679,0.0,0.0,sieve3_sieve3,0.6932011059927233,0.02451302734943417,1.0366583884643679,0.0,0.0,kernel_sieve1,1.9310954736167283,1.2624073949734391,2.887886796982934,1.0,0.0,sieve3_sieve3,0.6932011059927233,0.02451302734943417,1.0366583884643679,0.0,0.0,sieve3_sieve3,0.6932011059927233,0.02451302734943417,1.0366583884643679,0.0,0.0,kernel_kernel,0.9898242119266226,0.32113613328333346,1.480248031239634,0.0,0.0,sieve1_sieve1,3.942714823440668,3.274026744797379,5.896194278555411,1.0,0.0,sieve1_sieve1,3.942714823440668,3.274026744797379,5.896194278555411,1.0,0.0,kernel_kernel,0.9898242119266226,0.32113613328333346,1.480248031239634,0.0,0.0,kernel_sieve1,1.9310954736167283,1.2624073949734391,2.887886796982934,1.0,0.0,sieve1_kernel,0.6686880786432892,0.0,0.9999999999985045,0.0,1.0,-0.2,-0.2,0.0,0.44136741475237473,0.3580574370197165,0.0,-0.6767633692869747,-0.5012804118276031,0.0,-0.08571428571428573,-0.06666666666666665,0.0,-0.17393131069573453,-0.13801311186847084,0.0,ate_err,sieve1_sieve1,0.058016569814704155,6.0,sieve3_sieve3,0.27123122849069,0.21321465867598582,4.675064888398005,1.0,0.0,sieve3_sieve3,0.27123122849069,0.21321465867598582,4.675064888398005,1.0,0.0,kernel_sieve1,0.2565451378954722,0.19852856808076802,4.421928747432247,1.0,0.0,sieve3_sieve3,0.27123122849069,0.21321465867598582,4.675064888398005,1.0,0.0,sieve3_sieve3,0.27123122849069,0.21321465867598582,4.675064888398005,1.0,0.0,kernel_kernel,0.4222586315669501,0.36424206175224594,7.278241938609949,1.0,0.0,sieve1_sieve1,0.058016569814704155,0.0,0.9999999999827636,0.0,1.0,sieve1_sieve1,0.058016569814704155,0.0,0.9999999999827636,0.0,1.0,kernel_kernel,0.4222586315669501,0.36424206175224594,7.278241938609949,1.0,0.0,kernel_sieve1,0.2565451378954722,0.19852856808076802,4.421928747432247,1.0,0.0,sieve1_sieve1,0.058016569814704155,0.0,0.9999999999827636,0.0,1.0,0.3142857142857143,0.2,1.0,0.35309393180189985,0.21483446221182986,1.0,0.41194292043554975,0.3580574370197165,1.0,0.14285714285714288,0.06666666666666665,1.0,0.05797710356524484,0.0,1.0,,,,,,,
F,4,ok,12.4,0bdc51d,1500.0,0.0,,,,,,,,,,,,S1,,,0.06847059741457961,pehe,sieve1_sieve1,0.5095586640438496,6.0,sieve1_sieve1,0.5095586640438496,0.0,0.9999999999980376,0.0,1.0,sieve3_sieve3,0.733518066140385,0.2239594020965353,1.4395164245030345,0.0,0.0,kernel_sieve1,0.7218995577529218,0.21234089370907216,1.4167153042252711,0.0,0.0,sieve3_sieve3,0.733518066140385,0.2239594020965353,1.4395164245030345,0.0,0.0,sieve3_sieve3,0.733518066140385,0.2239594020965353,1.4395164245030345,0.0,0.0,kernel_kernel,1.1455961348689345,0.6360374708250849,2.2482124546274087,1.0,0.0,sieve1_sieve1,0.5095586640438496,0.0,0.9999999999980376,0.0,1.0,kernel_sieve1,0.7218995577529218,0.21234089370907216,1.4167153042252711,0.0,0.0,kernel_kernel,1.1455961348689345,0.6360374708250849,2.2482124546274087,1.0,0.0,kernel_sieve1,0.7218995577529218,0.21234089370907216,1.4167153042252711,0.0,0.0,sieve1_sieve1,0.5095586640438496,0.0,0.9999999999980376,0.0,1.0,0.4285714285714286,0.2,1.0,0.17654696590094993,0.07161148740394328,0.0,0.29424494316824984,0.21483446221182986,1.0,0.2571428571428572,0.2,1.0,0.3188740696088466,0.2760262237369417,1.0,ate_err,sieve1_sieve1,0.07545038381224055,6.0,sieve1_sieve1,0.07545038381224055,0.0,0.9999999999867462,0.0,1.0,sieve3_sieve3,0.35533974413555675,0.2798893603233162,4.709581663827127,1.0,0.0,kernel_sieve1,0.09999487486023449,0.024544491047993944,1.3253063776023721,0.0,0.0,sieve3_sieve3,0.35533974413555675,0.2798893603233162,4.709581663827127,1.0,0.0,sieve3_sieve3,0.35533974413555675,0.2798893603233162,4.709581663827127,1.0,0.0,kernel_kernel,0.18153458626790778,0.10608420245566723,2.406012760879433,1.0,0.0,sieve1_sieve1,0.07545038381224055,0.0,0.9999999999867462,0.0,1.0,kernel_sieve1,0.09999487486023449,0.024544491047993944,1.3253063776023721,0.0,0.0,kernel_kernel,0.18153458626790778,0.10608420245566723,2.406012760879433,1.0,0.0,kernel_sieve1,0.09999487486023449,0.024544491047993944,1.3253063776023721,0.0,0.0,sieve1_sieve1,0.07545038381224055,0.0,0.9999999999867462,0.0,1.0,0.14285714285714288,0.06666666666666665,1.0,-0.5002164033860248,-0.3580574370197165,0.0,0.20597146021777488,0.07161148740394328,1.0,-0.2571428571428572,-0.2,1.0,-0.23190841426097936,-0.13801311186847084,1.0,,,,,,,
F,4,ok,13.2,0bdc51d,1500.0,0.5,,,,,,,,,,,,S1,,,0.06784548642070948,pehe,sieve1_sieve1,0.5086553742694578,6.0,sieve1_sieve1,0.5086553742694578,0.0,0.9999999999980341,0.0,1.0,sieve3_sieve3,0.745658098081563,0.2370027238121052,1.465939682935677,0.0,0.0,kernel_sieve1,0.7608775107751633,0.25222213650570546,1.4958605556197193,0.0,0.0,sieve1_sieve1,0.5086553742694578,0.0,0.9999999999980341,0.0,1.0,sieve1_sieve1,0.5086553742694578,0.0,0.9999999999980341,0.0,1.0,kernel_kernel,1.1907910808212565,0.6821357065517987,2.34105671748609,1.0,0.0,sieve1_sieve1,0.5086553742694578,0.0,0.9999999999980341,0.0,1.0,kernel_sieve1,0.7608775107751633,0.25222213650570546,1.4958605556197193,0.0,0.0,kernel_kernel,1.1907910808212565,0.6821357065517987,2.34105671748609,1.0,0.0,kernel_sieve1,0.7608775107751633,0.25222213650570546,1.4958605556197193,0.0,0.0,sieve1_sieve1,0.5086553742694578,0.0,0.9999999999980341,0.0,1.0,0.48571428571428577,0.3333333333333333,1.0,0.6179143806533246,0.5012804118276031,1.0,0.20597146021777488,0.07161148740394328,1.0,0.6,0.4666666666666666,1.0,0.4928053803045812,0.41403933560541256,1.0,ate_err,sieve1_sieve1,0.1343668195453194,6.0,sieve1_sieve1,0.1343668195453194,0.0,0.9999999999925576,0.0,1.0,sieve3_sieve3,0.41120496216671043,0.27683814262139106,3.0603162563132513,1.0,0.0,kernel_sieve1,0.17190994302588394,0.037543123480564544,1.2794076960839469,0.0,0.0,sieve1_sieve1,0.1343668195453194,0.0,0.9999999999925576,0.0,1.0,sieve1_sieve1,0.1343668195453194,0.0,0.9999999999925576,0.0,1.0,kernel_kernel,0.21135861278958123,0.07699179324426184,1.572997065073204,1.0,0.0,sieve1_sieve1,0.1343668195453194,0.0,0.9999999999925576,0.0,1.0,kernel_sieve1,0.17190994302588394,0.037543123480564544,1.2794076960839469,0.0,0.0,kernel_kernel,0.21135861278958123,0.07699179324426184,1.572997065073204,1.0,0.0,kernel_sieve1,0.17190994302588394,0.037543123480564544,1.2794076960839469,0.0,0.0,sieve1_sieve1,0.1343668195453194,0.0,0.9999999999925576,0.0,1.0,0.2571428571428572,0.2,1.0,0.08827348295047496,0.07161148740394328,1.0,0.26482044885142486,0.21483446221182986,1.0,0.08571428571428573,0.06666666666666665,1.0,0.02898855178262242,0.0,1.0,,,,,,,
F,4,ok,12.9,0bdc51d,1500.0,1.0,,,,,,,,,,,,S1,,,0.06951198213224447,pehe,sieve1_sieve1,0.5194737424691347,6.0,sieve1_sieve1,0.5194737424691347,0.0,0.999999999998075,0.0,1.0,sieve1_kernel,0.5386577105193268,0.01918396805019207,1.0369296202691034,0.0,0.0,kernel_sieve1,1.0468662826937964,0.5273925402246618,2.01524388454337,1.0,0.0,sieve1_sieve1,0.5194737424691347,0.0,0.999999999998075,0.0,1.0,sieve1_sieve1,0.5194737424691347,0.0,0.999999999998075,0.0,1.0,kernel_kernel,0.8050888450283973,0.2856151025592626,1.549816245187182,1.0,0.0,sieve1_sieve1,0.5194737424691347,0.0,0.999999999998075,0.0,1.0,kernel_sieve1,1.0468662826937964,0.5273925402246618,2.01524388454337,1.0,0.0,kernel_kernel,0.8050888450283973,0.2856151025592626,1.549816245187182,1.0,0.0,kernel_sieve1,1.0468662826937964,0.5273925402246618,2.01524388454337,1.0,0.0,sieve1_sieve1,0.5194737424691347,0.0,0.999999999998075,0.0,1.0,0.14285714285714288,0.2,1.0,0.5296408977028497,0.3580574370197165,1.0,-0.058848988633649964,-0.07161148740394328,1.0,0.2571428571428572,0.2,1.0,0.05797710356524484,0.0,1.0,ate_err,sieve2_sieve2,0.07515900801734916,6.0,sieve1_sieve1,0.1594686941868832,0.08430968616953403,2.1217509170417848,1.0,0.0,sieve1_kernel,0.12205341416593658,0.04689440614858742,1.6239359377406726,1.0,0.0,kernel_sieve1,0.1337783108894923,0.058619302872143134,1.7799371547962943,1.0,0.0,sieve1_sieve1,0.1594686941868832,0.08430968616953403,2.1217509170417848,1.0,0.0,sieve1_sieve1,0.1594686941868832,0.08430968616953403,2.1217509170417848,1.0,0.0,kernel_kernel,0.37186363597202204,0.2967046279546729,4.947692176581628,1.0,0.0,sieve1_sieve1,0.1594686941868832,0.08430968616953403,2.1217509170417848,1.0,0.0,kernel_sieve1,0.1337783108894923,0.058619302872143134,1.7799371547962943,1.0,0.0,kernel_kernel,0.37186363597202204,0.2967046279546729,4.947692176581628,1.0,0.0,kernel_sieve1,0.1337783108894923,0.058619302872143134,1.7799371547962943,1.0,0.0,sieve2_sieve2,0.07515900801734916,0.0,0.9999999999866948,0.0,1.0,-0.2571428571428572,-0.2,0.0,0.3825184261187248,0.21483446221182986,0.0,-0.14712247158412492,-0.07161148740394328,0.0,-0.08571428571428573,0.06666666666666665,0.0,-0.23190841426097936,-0.13801311186847084,0.0,,,,,,,
F,4,ok,12.5,0bdc51d,1500.0,2.0,,,,,,,,,,,,S1,,,0.07795688158726045,pehe,sieve1_sieve1,0.5310969660008875,6.0,sieve1_sieve1,0.5310969660008875,0.0,0.9999999999981172,0.0,1.0,sieve1_kernel,0.5777709394749773,0.04667397347408975,1.0878822069432117,0.0,0.0,kernel_sieve1,1.2940238590003745,0.762926892999487,2.4365114881785552,1.0,0.0,sieve1_sieve1,0.5310969660008875,0.0,0.9999999999981172,0.0,1.0,sieve1_sieve1,0.5310969660008875,0.0,0.9999999999981172,0.0,1.0,kernel_kernel,0.9478800129748501,0.4167830469739626,1.7847588550740872,1.0,0.0,sieve1_sieve1,0.5310969660008875,0.0,0.9999999999981172,0.0,1.0,kernel_sieve1,1.2940238590003745,0.762926892999487,2.4365114881785552,1.0,0.0,kernel_kernel,0.9478800129748501,0.4167830469739626,1.7847588550740872,1.0,0.0,kernel_sieve1,1.2940238590003745,0.762926892999487,2.4365114881785552,1.0,0.0,sieve1_sieve1,0.5310969660008875,0.0,0.9999999999981172,0.0,1.0,0.028571428571428574,-0.06666666666666665,1.0,0.7944613465542746,0.6445033866354897,1.0,-0.08827348295047496,-0.07161148740394328,1.0,0.3142857142857143,0.2,1.0,0.08696565534786727,0.0,1.0,ate_err,sieve1_sieve1,0.14031451274443177,6.0,sieve1_sieve1,0.14031451274443177,0.0,0.9999999999928731,0.0,1.0,sieve1_kernel,0.1697949850130177,0.02948047226858594,1.2101028018468156,0.0,0.0,kernel_sieve1,0.2954612715373025,0.15514675879287074,2.10570714145121,1.0,0.0,sieve1_sieve1,0.14031451274443177,0.0,0.9999999999928731,0.0,1.0,sieve1_sieve1,0.14031451274443177,0.0,0.9999999999928731,0.0,1.0,kernel_kernel,0.5293577098556284,0.3890431971111966,3.7726511641459743,1.0,0.0,sieve1_sieve1,0.14031451274443177,0.0,0.9999999999928731,0.0,1.0,kernel_sieve1,0.2954612715373025,0.15514675879287074,2.10570714145121,1.0,0.0,kernel_kernel,0.5293577098556284,0.3890431971111966,3.7726511641459743,1.0,0.0,kernel_sieve1,0.2954612715373025,0.15514675879287074,2.10570714145121,1.0,0.0,sieve1_sieve1,0.14031451274443177,0.0,0.9999999999928731,0.0,1.0,0.2571428571428572,0.2,1.0,0.44136741475237473,0.21483446221182986,1.0,0.26482044885142486,0.21483446221182986,1.0,0.14285714285714288,0.2,1.0,0.02898855178262242,0.0,1.0,,,,,,,
F,5,ok,11.7,0bdc51d,1500.0,0.0,,,,,,,,,,,,S1,,,0.06712612327457965,pehe,sieve3_sieve3,0.6756577731837401,6.0,sieve1_sieve1,0.7421074213617448,0.0664496481780047,1.098348085102006,0.0,0.0,sieve1_kernel,0.688667376457257,0.013009603273516857,1.0192547230104312,0.0,0.0,kernel_sieve1,1.1862742934325445,0.5106165202488044,1.7557324736175135,1.0,0.0,sieve1_sieve1,0.7421074213617448,0.0664496481780047,1.098348085102006,0.0,0.0,sieve1_sieve1,0.7421074213617448,0.0664496481780047,1.098348085102006,0.0,0.0,kernel_kernel,0.894145595400013,0.21848782221627294,1.3233705448032098,0.0,0.0,sieve1_sieve1,0.7421074213617448,0.0664496481780047,1.098348085102006,0.0,0.0,sieve2_sieve2,0.8356140051235128,0.1599562319397727,1.2367414958978606,0.0,0.0,kernel_kernel,0.894145595400013,0.21848782221627294,1.3233705448032098,0.0,0.0,kernel_sieve1,1.1862742934325445,0.5106165202488044,1.7557324736175135,1.0,0.0,sieve3_sieve3,0.6756577731837401,0.0,0.99999999999852,0.0,1.0,0.3142857142857143,0.2,1.0,0.7944613465542746,0.6445033866354897,0.0,-0.14712247158412492,-0.07161148740394328,0.0,0.4285714285714286,0.3333333333333333,1.0,0.6957252427829381,0.5520524474738834,1.0,ate_err,kernel_kernel,0.15035003659733662,6.0,sieve1_sieve1,0.19827540734744528,0.047925370750108665,1.3187586237650366,0.0,0.0,sieve1_kernel,0.17585727332064835,0.025507236723311733,1.169652347943585,0.0,0.0,kernel_sieve1,0.2671073357519372,0.11675729915460056,1.7765698086627022,1.0,0.0,sieve1_sieve1,0.19827540734744528,0.047925370750108665,1.3187586237650366,0.0,0.0,sieve1_sieve1,0.19827540734744528,0.047925370750108665,1.3187586237650366,0.0,0.0,kernel_kernel,0.15035003659733662,0.0,0.9999999999933488,0.0,1.0,sieve1_sieve1,0.19827540734744528,0.047925370750108665,1.3187586237650366,0.0,0.0,sieve2_sieve2,0.6859391501343932,0.5355891135370566,4.562281231542992,1.0,0.0,kernel_kernel,0.15035003659733662,0.0,0.9999999999933488,0.0,1.0,kernel_sieve1,0.2671073357519372,0.11675729915460056,1.7765698086627022,1.0,0.0,kernel_kernel,0.15035003659733662,0.0,0.9999999999933488,0.0,1.0,-0.48571428571428577,-0.3333333333333333,0.0,0.029424494316824982,0.07161148740394328,0.0,-0.44136741475237473,-0.21483446221182986,0.0,-0.6,-0.4666666666666666,0.0,-0.4058397249567139,-0.2760262237369417,0.0,,,,,,,
F,5,ok,13.2,0bdc51d,1500.0,0.5,,,,,,,,,,,,S1,,,0.0710886026915892,pehe,sieve1_sieve1,0.6096872740847342,6.0,sieve1_sieve1,0.6096872740847342,0.0,0.9999999999983599,0.0,1.0,sieve2_sieve2,1.0458982440984679,0.43621097001373366,1.7154667459097952,1.0,0.0,kernel_sieve1,0.823143646064426,0.2134563719796918,1.3501079669061218,0.0,0.0,sieve1_sieve1,0.6096872740847342,0.0,0.9999999999983599,0.0,1.0,sieve1_sieve1,0.6096872740847342,0.0,0.9999999999983599,0.0,1.0,kernel_kernel,1.2910872945354162,0.6814000204506819,2.1176221801110833,1.0,0.0,sieve1_sieve1,0.6096872740847342,0.0,0.9999999999983599,0.0,1.0,sieve2_sieve2,1.0458982440984679,0.43621097001373366,1.7154667459097952,1.0,0.0,kernel_kernel,1.2910872945354162,0.6814000204506819,2.1176221801110833,1.0,0.0,kernel_sieve1,0.823143646064426,0.2134563719796918,1.3501079669061218,0.0,0.0,sieve1_sieve1,0.6096872740847342,0.0,0.9999999999983599,0.0,1.0,0.2571428571428572,0.2,1.0,0.35309393180189985,0.21483446221182986,1.0,0.29424494316824984,0.21483446221182986,1.0,0.2,0.06666666666666665,1.0,0.20291986247835694,0.13801311186847084,1.0,ate_err,sieve1_sieve1,0.11120109229904314,6.0,sieve1_sieve1,0.11120109229904314,0.0,0.9999999999910072,0.0,1.0,sieve2_sieve2,0.6506701008932001,0.5394690085941569,5.851292351855321,1.0,0.0,kernel_sieve1,0.20021144998049403,0.0890103576814509,1.8004449941937877,1.0,0.0,sieve1_sieve1,0.11120109229904314,0.0,0.9999999999910072,0.0,1.0,sieve1_sieve1,0.11120109229904314,0.0,0.9999999999910072,0.0,1.0,kernel_kernel,0.16282377940147372,0.05162268710243058,1.4642282376340519,0.0,0.0,sieve1_sieve1,0.11120109229904314,0.0,0.9999999999910072,0.0,1.0,sieve2_sieve2,0.6506701008932001,0.5394690085941569,5.851292351855321,1.0,0.0,kernel_kernel,0.16282377940147372,0.05162268710243058,1.4642282376340519,0.0,0.0,kernel_sieve1,0.20021144998049403,0.0890103576814509,1.8004449941937877,1.0,0.0,sieve1_sieve1,0.11120109229904314,0.0,0.9999999999910072,0.0,1.0,0.08571428571428573,0.06666666666666665,1.0,-0.08827348295047496,-0.07161148740394328,1.0,0.029424494316824982,0.07161148740394328,1.0,-0.028571428571428574,-0.06666666666666665,1.0,0.11595420713048968,0.13801311186847084,1.0,,,,,,,
F,5,ok,13.1,0bdc51d,1500.0,1.0,,,,,,,,,,,,S1,,,0.07609415639899847,pehe,kernel_sieve1,0.627211498755512,6.0,sieve1_sieve1,1.0698257491533318,0.4426142503978199,1.7056858033922078,1.0,0.0,sieve2_sieve2,1.8410241978460997,1.2138126990905878,2.935252624507126,1.0,0.0,kernel_sieve1,0.627211498755512,0.0,0.9999999999984057,0.0,1.0,sieve1_sieve1,1.0698257491533318,0.4426142503978199,1.7056858033922078,1.0,0.0,sieve1_sieve1,1.0698257491533318,0.4426142503978199,1.7056858033922078,1.0,0.0,kernel_kernel,0.8377812556342324,0.21056975687872048,1.3357236869782982,0.0,0.0,sieve1_sieve1,1.0698257491533318,0.4426142503978199,1.7056858033922078,1.0,0.0,sieve2_sieve2,1.8410241978460997,1.2138126990905878,2.935252624507126,1.0,0.0,kernel_kernel,0.8377812556342324,0.21056975687872048,1.3357236869782982,0.0,0.0,kernel_sieve1,0.627211498755512,0.0,0.9999999999984057,0.0,1.0,kernel_sieve1,0.627211498755512,0.0,0.9999999999984057,0.0,1.0,-0.2571428571428572,-0.06666666666666665,0.0,-0.6179143806533246,-0.5012804118276031,0.0,0.029424494316824982,0.07161148740394328,1.0,-0.5428571428571429,-0.2,0.0,-0.6667366910003157,-0.41403933560541256,0.0,ate_err,sieve1_sieve1,0.02235574265799702,6.0,sieve1_sieve1,0.02235574265799702,0.0,0.9999999999552688,0.0,1.0,sieve2_sieve2,0.5962567456198672,0.5739010029618702,26.67130118264736,1.0,0.0,kernel_sieve1,0.12737981404082258,0.10502407138282556,5.697856518739218,1.0,0.0,sieve1_sieve1,0.02235574265799702,0.0,0.9999999999552688,0.0,1.0,sieve1_sieve1,0.02235574265799702,0.0,0.9999999999552688,0.0,1.0,kernel_kernel,0.27546512966891057,0.25310938701091357,12.321895714703544,1.0,0.0,sieve1_sieve1,0.02235574265799702,0.0,0.9999999999552688,0.0,1.0,sieve2_sieve2,0.5962567456198672,0.5739010029618702,26.67130118264736,1.0,0.0,kernel_kernel,0.27546512966891057,0.25310938701091357,12.321895714703544,1.0,0.0,kernel_sieve1,0.12737981404082258,0.10502407138282556,5.697856518739218,1.0,0.0,sieve1_sieve1,0.02235574265799702,0.0,0.9999999999552688,0.0,1.0,0.48571428571428577,0.3333333333333333,1.0,0.0,0.07161148740394328,1.0,0.41194292043554975,0.3580574370197165,1.0,0.3142857142857143,0.2,1.0,0.3188740696088466,0.2760262237369417,1.0,,,,,,,
F,5,ok,15.1,0bdc51d,1500.0,2.0,,,,,,,,,,,,S1,,,0.07977883748443518,pehe,sieve1_kernel,0.5519729852357864,6.0,sieve1_sieve1,0.5897696257630246,0.03779664052723819,1.0684755260441308,0.0,0.0,sieve3_sieve3,0.6358278777621521,0.08385489252636569,1.1519184720415139,0.0,0.0,kernel_sieve1,0.6136173751570236,0.06164438992123722,1.1116800850204525,0.0,0.0,sieve3_sieve3,0.6358278777621521,0.08385489252636569,1.1519184720415139,0.0,0.0,sieve3_sieve3,0.6358278777621521,0.08385489252636569,1.1519184720415139,0.0,0.0,kernel_kernel,0.7455179626865818,0.19354497745079535,1.3506421194993232,0.0,0.0,sieve1_sieve1,0.5897696257630246,0.03779664052723819,1.0684755260441308,0.0,0.0,sieve2_sieve2,1.2245533927883805,0.6725804075525941,2.2185024005532976,1.0,0.0,kernel_kernel,0.7455179626865818,0.19354497745079535,1.3506421194993232,0.0,0.0,kernel_sieve1,0.6136173751570236,0.06164438992123722,1.1116800850204525,0.0,0.0,sieve1_kernel,0.5519729852357864,0.0,0.9999999999981883,0.0,1.0,0.2571428571428572,0.2,0.0,0.35309393180189985,0.21483446221182986,0.0,0.17654696590094993,0.21483446221182986,0.0,-0.028571428571428574,-0.06666666666666665,0.0,0.02898855178262242,0.0,0.0,ate_err,sieve1_sieve1,0.06153341429151052,6.0,sieve1_sieve1,0.06153341429151052,0.0,0.9999999999837487,0.0,1.0,sieve3_sieve3,0.1398771580413161,0.07834374374980557,2.2731902601143505,1.0,0.0,kernel_sieve1,0.2900739366856408,0.22854052239413028,4.7140881100262115,1.0,0.0,sieve3_sieve3,0.1398771580413161,0.07834374374980557,2.2731902601143505,1.0,0.0,sieve3_sieve3,0.1398771580413161,0.07834374374980557,2.2731902601143505,1.0,0.0,kernel_kernel,0.47506578495738805,0.41353237066587756,7.720452219652148,1.0,0.0,sieve1_sieve1,0.06153341429151052,0.0,0.9999999999837487,0.0,1.0,sieve2_sieve2,2.9481591203786395,2.8866257060871288,47.911515300679035,1.0,0.0,kernel_kernel,0.47506578495738805,0.41353237066587756,7.720452219652148,1.0,0.0,kernel_sieve1,0.2900739366856408,0.22854052239413028,4.7140881100262115,1.0,0.0,sieve1_sieve1,0.06153341429151052,0.0,0.9999999999837487,0.0,1.0,0.5428571428571429,0.4666666666666666,1.0,0.6179143806533246,0.3580574370197165,1.0,0.3236694374850748,0.21483446221182986,1.0,0.3142857142857143,0.2,1.0,0.4058397249567139,0.2760262237369417,1.0,,,,,,,
F,6,ok,14.6,0bdc51d,1500.0,0.0,,,,,,,,,,,,S1,,,0.07260991965423172,pehe,sieve1_sieve1,0.5250528889022066,6.0,sieve1_sieve1,0.5250528889022066,0.0,0.9999999999980955,0.0,1.0,sieve3_sieve3,0.6955880739712743,0.17053518506906773,1.3247962037201664,0.0,0.0,kernel_sieve1,0.9433785244870676,0.418325635584861,1.7967304712058814,1.0,0.0,sieve1_sieve1,0.5250528889022066,0.0,0.9999999999980955,0.0,1.0,sieve3_sieve3,0.6955880739712743,0.17053518506906773,1.3247962037201664,0.0,0.0,kernel_kernel,0.7662044834884039,0.24115159458619728,1.4592901014009154,0.0,0.0,sieve1_sieve1,0.5250528889022066,0.0,0.9999999999980955,0.0,1.0,sieve1_kernel,0.5954764886590987,0.07042359975689216,1.1341266779866719,0.0,0.0,kernel_kernel,0.7662044834884039,0.24115159458619728,1.4592901014009154,0.0,0.0,kernel_sieve1,0.9433785244870676,0.418325635584861,1.7967304712058814,1.0,0.0,sieve1_sieve1,0.5250528889022066,0.0,0.9999999999980955,0.0,1.0,0.3714285714285715,0.3333333333333333,1.0,0.08827348295047496,0.07161148740394328,0.0,0.08827348295047496,0.07161148740394328,1.0,0.3142857142857143,0.2,1.0,0.4058397249567139,0.2760262237369417,1.0,ate_err,sieve1_kernel,0.07607220956556983,6.0,sieve1_sieve1,0.10131194070487758,0.025239731139307747,1.3317864865778715,0.0,0.0,sieve3_sieve3,0.5230472189915019,0.44697500942593205,6.87566750028195,1.0,0.0,kernel_sieve1,0.08951317064676685,0.013440961081197023,1.176686876282133,0.0,0.0,sieve1_sieve1,0.10131194070487758,0.025239731139307747,1.3317864865778715,0.0,0.0,sieve3_sieve3,0.5230472189915019,0.44697500942593205,6.87566750028195,1.0,0.0,kernel_kernel,0.09433117013422042,0.01825896056865059,1.2400214305813269,0.0,0.0,sieve1_sieve1,0.10131194070487758,0.025239731139307747,1.3317864865778715,0.0,0.0,sieve1_kernel,0.07607220956556983,0.0,0.9999999999868545,0.0,1.0,kernel_kernel,0.09433117013422042,0.01825896056865059,1.2400214305813269,0.0,0.0,kernel_sieve1,0.08951317064676685,0.013440961081197023,1.176686876282133,0.0,0.0,sieve1_kernel,0.07607220956556983,0.0,0.9999999999868545,0.0,1.0,-0.48571428571428577,-0.3333333333333333,0.0,-0.7356123579206245,-0.6445033866354897,0.0,-0.26482044885142486,-0.21483446221182986,0.0,-0.6571428571428573,-0.4666666666666666,0.0,-0.753702346348183,-0.5520524474738834,0.0,,,,,,,
F,6,ok,13.6,0bdc51d,1500.0,0.5,,,,,,,,,,,,S1,,,0.07304612536474361,pehe,sieve1_kernel,0.5173632945328852,6.0,sieve3_sieve3,0.666951629442012,0.14958833490912682,1.289135964009386,0.0,0.0,sieve3_sieve3,0.666951629442012,0.14958833490912682,1.289135964009386,0.0,0.0,sieve3_sieve3,0.666951629442012,0.14958833490912682,1.289135964009386,0.0,0.0,sieve3_sieve3,0.666951629442012,0.14958833490912682,1.289135964009386,0.0,0.0,sieve3_sieve3,0.666951629442012,0.14958833490912682,1.289135964009386,0.0,0.0,kernel_kernel,0.8712698812356652,0.35390658670277997,1.684058166555147,1.0,0.0,sieve1_sieve1,0.6902444688510797,0.1728811743181945,1.3341581750072753,0.0,0.0,sieve1_kernel,0.5173632945328852,0.0,0.9999999999980672,0.0,1.0,kernel_kernel,0.8712698812356652,0.35390658670277997,1.684058166555147,1.0,0.0,kernel_sieve1,0.8957410476495701,0.37837775311668487,1.7313579396013814,1.0,0.0,sieve1_kernel,0.5173632945328852,0.0,0.9999999999980672,0.0,1.0,0.2,0.2,0.0,0.6473388749701496,0.5012804118276031,0.0,0.0,0.07161148740394328,0.0,0.3142857142857143,0.3333333333333333,0.0,0.6377481392176932,0.5520524474738834,0.0,ate_err,sieve1_kernel,0.13492723176214697,6.0,sieve3_sieve3,0.38513710473681906,0.2502098729746721,2.8544060357874517,1.0,0.0,sieve3_sieve3,0.38513710473681906,0.2502098729746721,2.8544060357874517,1.0,0.0,sieve3_sieve3,0.38513710473681906,0.2502098729746721,2.8544060357874517,1.0,0.0,sieve3_sieve3,0.38513710473681906,0.2502098729746721,2.8544060357874517,1.0,0.0,sieve3_sieve3,0.38513710473681906,0.2502098729746721,2.8544060357874517,1.0,0.0,kernel_kernel,0.21605761841414192,0.08113038665199496,1.6012899367372504,1.0,0.0,sieve1_sieve1,0.19982544968030228,0.06489821791815531,1.4809868035466591,0.0,0.0,sieve1_kernel,0.13492723176214697,0.0,0.9999999999925886,0.0,1.0,kernel_kernel,0.21605761841414192,0.08113038665199496,1.6012899367372504,1.0,0.0,kernel_sieve1,0.19795594175176845,0.06302870998962148,1.4671311281273665,0.0,0.0,sieve1_kernel,0.13492723176214697,0.0,0.9999999999925886,0.0,1.0,-0.2,-0.2,0.0,-0.5590653920196746,-0.3580574370197165,0.0,-0.26482044885142486,-0.21483446221182986,0.0,-0.4285714285714286,-0.3333333333333333,0.0,-0.43482827673933633,-0.2760262237369417,0.0,,,,,,,
F,6,ok,14.9,0bdc51d,1500.0,1.0,,,,,,,,,,,,S1,,,0.07862520856870155,pehe,sieve1_kernel,0.5180711250804318,6.0,sieve3_sieve3,0.7635730005953129,0.245501875514881,1.4738767779719288,0.0,0.0,sieve3_sieve3,0.7635730005953129,0.245501875514881,1.4738767779719288,0.0,0.0,kernel_sieve1,1.0701708470848432,0.5520997220044114,2.0656832532726677,1.0,0.0,sieve3_sieve3,0.7635730005953129,0.245501875514881,1.4738767779719288,0.0,0.0,sieve3_sieve3,0.7635730005953129,0.245501875514881,1.4738767779719288,0.0,0.0,kernel_kernel,0.7672355179297959,0.2491643928493641,1.48094630406047,0.0,0.0,sieve1_sieve1,0.6848265088365079,0.16675538375607601,1.3218773942069537,0.0,0.0,sieve1_kernel,0.5180711250804318,0.0,0.9999999999980698,0.0,1.0,kernel_kernel,0.7672355179297959,0.2491643928493641,1.48094630406047,0.0,0.0,kernel_sieve1,1.0701708470848432,0.5520997220044114,2.0656832532726677,1.0,0.0,sieve1_kernel,0.5180711250804318,0.0,0.9999999999980698,0.0,1.0,-0.028571428571428574,-0.06666666666666665,0.0,0.44136741475237473,0.21483446221182986,0.0,-0.26482044885142486,-0.21483446221182986,0.0,0.14285714285714288,0.06666666666666665,0.0,0.02898855178262242,0.0,0.0,ate_err,sieve1_kernel,0.10594298423509026,6.0,sieve3_sieve3,0.29952019764675525,0.193577213411665,2.827182940016914,1.0,0.0,sieve3_sieve3,0.29952019764675525,0.193577213411665,2.827182940016914,1.0,0.0,kernel_sieve1,0.12109577057804773,0.01515278634295747,1.143027746964254,0.0,0.0,sieve3_sieve3,0.29952019764675525,0.193577213411665,2.827182940016914,1.0,0.0,sieve3_sieve3,0.29952019764675525,0.193577213411665,2.827182940016914,1.0,0.0,kernel_kernel,0.3352606093041383,0.22931762506904807,3.164538093027677,1.0,0.0,sieve1_sieve1,0.1507548070091134,0.04481182277402314,1.4229805597429797,0.0,0.0,sieve1_kernel,0.10594298423509026,0.0,0.9999999999905609,0.0,1.0,kernel_kernel,0.3352606093041383,0.22931762506904807,3.164538093027677,1.0,0.0,kernel_sieve1,0.12109577057804773,0.01515278634295747,1.143027746964254,0.0,0.0,sieve1_kernel,0.10594298423509026,0.0,0.9999999999905609,0.0,1.0,0.08571428571428573,-0.06666666666666665,0.0,-0.29424494316824984,-0.21483446221182986,0.0,0.17654696590094993,0.21483446221182986,0.0,-0.14285714285714288,-0.2,0.0,-0.2608969660436018,-0.2760262237369417,0.0,,,,,,,
F,6,ok,30.1,0bdc51d,1500.0,2.0,,,,,,,,,,,,S1,,,0.07666121557152034,pehe,sieve1_kernel,0.491829462489677,6.0,sieve1_sieve1,0.5143668137189384,0.022537351229261426,1.0458235078356832,0.0,0.0,sieve3_sieve3,2.6270641915090307,2.135234729019354,5.341412810459334,1.0,0.0,kernel_sieve1,0.9166582164264576,0.4248287539367806,1.8637724787457879,1.0,0.0,sieve1_sieve1,0.5143668137189384,0.022537351229261426,1.0458235078356832,0.0,0.0,sieve1_sieve1,0.5143668137189384,0.022537351229261426,1.0458235078356832,0.0,0.0,kernel_kernel,0.9067736519956967,0.4149441895060197,1.8436749344044945,1.0,0.0,sieve1_sieve1,0.5143668137189384,0.022537351229261426,1.0458235078356832,0.0,0.0,sieve1_kernel,0.491829462489677,0.0,0.9999999999979668,0.0,1.0,kernel_kernel,0.9067736519956967,0.4149441895060197,1.8436749344044945,1.0,0.0,kernel_sieve1,0.9166582164264576,0.4248287539367806,1.8637724787457879,1.0,0.0,sieve1_kernel,0.491829462489677,0.0,0.9999999999979668,0.0,1.0,-0.2571428571428572,-0.2,0.0,-0.08827348295047496,-0.07161148740394328,0.0,-0.26482044885142486,-0.21483446221182986,0.0,-0.14285714285714288,-0.2,0.0,-0.3768511731740915,-0.41403933560541256,0.0,ate_err,sieve1_kernel,0.0625434152941981,6.0,sieve1_sieve1,0.10933975235638771,0.04679633706218961,1.7482216447617385,1.0,0.0,sieve3_sieve3,0.4246541441447846,0.3621107288505865,6.789749842416876,1.0,0.0,kernel_sieve1,0.17043861793471096,0.10789520264051286,2.7251248933282466,1.0,0.0,sieve1_sieve1,0.10933975235638771,0.04679633706218961,1.7482216447617385,1.0,0.0,sieve1_sieve1,0.10933975235638771,0.04679633706218961,1.7482216447617385,1.0,0.0,kernel_kernel,0.43169621836264677,0.36915280306844866,6.90234481639814,1.0,0.0,sieve1_sieve1,0.10933975235638771,0.04679633706218961,1.7482216447617385,1.0,0.0,sieve1_kernel,0.0625434152941981,0.0,0.999999999984011,0.0,1.0,kernel_kernel,0.43169621836264677,0.36915280306844866,6.90234481639814,1.0,0.0,kernel_sieve1,0.17043861793471096,0.10789520264051286,2.7251248933282466,1.0,0.0,sieve1_kernel,0.0625434152941981,0.0,0.999999999984011,0.0,1.0,0.2571428571428572,0.2,0.0,0.35309393180189985,0.21483446221182986,0.0,0.17654696590094993,0.21483446221182986,0.0,0.2,0.2,0.0,-0.02898855178262242,0.0,0.0,,,,,,,
F,7,ok,29.6,0bdc51d,1500.0,0.0,,,,,,,,,,,,S1,,,0.0694073929301694,pehe,sieve1_sieve1,0.5666217776097848,6.0,sieve1_sieve1,0.5666217776097848,0.0,0.9999999999982352,0.0,1.0,sieve1_kernel,0.6208941087492238,0.05427233113943897,1.095782289497032,0.0,0.0,kernel_sieve1,0.5781691984905551,0.01154742088077032,1.0203794159279602,0.0,0.0,sieve1_sieve1,0.5666217776097848,0.0,0.9999999999982352,0.0,1.0,sieve1_sieve1,0.5666217776097848,0.0,0.9999999999982352,0.0,1.0,kernel_kernel,0.8402853387462543,0.2736635611364695,1.482973955377074,0.0,0.0,sieve1_sieve1,0.5666217776097848,0.0,0.9999999999982352,0.0,1.0,sieve1_sieve1,0.5666217776097848,0.0,0.9999999999982352,0.0,1.0,kernel_kernel,0.8402853387462543,0.2736635611364695,1.482973955377074,0.0,0.0,kernel_sieve1,0.5781691984905551,0.01154742088077032,1.0203794159279602,0.0,0.0,sieve1_sieve1,0.5666217776097848,0.0,0.9999999999982352,0.0,1.0,0.5428571428571429,0.4666666666666666,1.0,0.5002164033860248,0.5012804118276031,1.0,0.7356123579206245,0.6445033866354897,1.0,0.5428571428571429,0.4666666666666666,1.0,0.3768511731740915,0.2760262237369417,1.0,ate_err,kernel_kernel,0.11907848953707967,6.0,sieve1_sieve1,0.16649486316806736,0.04741637363098769,1.3981942818885402,0.0,0.0,sieve1_kernel,0.1526737716313164,0.033595282094236734,1.2821272105781407,0.0,0.0,kernel_sieve1,0.20052750787349427,0.0814490183364146,1.6839943859832747,1.0,0.0,sieve1_sieve1,0.16649486316806736,0.04741637363098769,1.3981942818885402,0.0,0.0,sieve1_sieve1,0.16649486316806736,0.04741637363098769,1.3981942818885402,0.0,0.0,kernel_kernel,0.11907848953707967,0.0,0.9999999999916022,0.0,1.0,sieve1_sieve1,0.16649486316806736,0.04741637363098769,1.3981942818885402,0.0,0.0,sieve1_sieve1,0.16649486316806736,0.04741637363098769,1.3981942818885402,0.0,0.0,kernel_kernel,0.11907848953707967,0.0,0.9999999999916022,0.0,1.0,kernel_sieve1,0.20052750787349427,0.0814490183364146,1.6839943859832747,1.0,0.0,kernel_kernel,0.11907848953707967,0.0,0.9999999999916022,0.0,1.0,-0.6,-0.4666666666666666,0.0,0.029424494316824982,0.07161148740394328,0.0,-0.44136741475237473,-0.21483446221182986,0.0,-0.6,-0.4666666666666666,0.0,-0.4058397249567139,-0.2760262237369417,0.0,,,,,,,
F,7,ok,36.8,0bdc51d,1500.0,0.5,,,,,,,,,,,,S1,,,0.07637483648085963,pehe,kernel_sieve1,0.5427901550692301,6.0,sieve1_sieve1,0.9633481828198238,0.4205580277505937,1.7748077665394997,1.0,0.0,sieve1_kernel,0.6790849492285053,0.13629479415927515,1.2511003430794363,0.0,0.0,sieve3_sieve3,1.9493972029573996,1.4066070478881696,3.591438025815285,1.0,0.0,sieve1_sieve1,0.9633481828198238,0.4205580277505937,1.7748077665394997,1.0,0.0,sieve1_sieve1,0.9633481828198238,0.4205580277505937,1.7748077665394997,1.0,0.0,kernel_kernel,0.8354383690648887,0.29264821399565855,1.5391553462438787,1.0,0.0,sieve1_sieve1,0.9633481828198238,0.4205580277505937,1.7748077665394997,1.0,0.0,sieve1_sieve1,0.9633481828198238,0.4205580277505937,1.7748077665394997,1.0,0.0,kernel_kernel,0.8354383690648887,0.29264821399565855,1.5391553462438787,1.0,0.0,kernel_sieve1,0.5427901550692301,0.0,0.9999999999981577,0.0,1.0,kernel_sieve1,0.5427901550692301,0.0,0.9999999999981577,0.0,1.0,-0.5428571428571429,-0.2,0.0,-0.26482044885142486,-0.21483446221182986,0.0,-0.26482044885142486,-0.21483446221182986,1.0,-0.5428571428571429,-0.2,0.0,-0.6667366910003157,-0.41403933560541256,0.0,ate_err,sieve1_kernel,0.16328091214497778,6.0,sieve1_sieve1,0.17629397497848007,0.013013062833502287,1.0796973918229231,0.0,0.0,sieve1_kernel,0.16328091214497778,0.0,0.9999999999938756,0.0,1.0,sieve3_sieve3,1.1820340744010414,1.0187531622560635,7.2392667266843125,1.0,0.0,sieve1_sieve1,0.17629397497848007,0.013013062833502287,1.0796973918229231,0.0,0.0,sieve1_sieve1,0.17629397497848007,0.013013062833502287,1.0796973918229231,0.0,0.0,kernel_kernel,0.18179875813173094,0.018517845986753156,1.1134109660607339,0.0,0.0,sieve1_sieve1,0.17629397497848007,0.013013062833502287,1.0796973918229231,0.0,0.0,sieve1_sieve1,0.17629397497848007,0.013013062833502287,1.0796973918229231,0.0,0.0,kernel_kernel,0.18179875813173094,0.018517845986753156,1.1134109660607339,0.0,0.0,kernel_sieve1,0.1823668355282221,0.01908592338324433,1.1168901075539128,0.0,0.0,sieve1_kernel,0.16328091214497778,0.0,0.9999999999938756,0.0,1.0,-0.3142857142857143,-0.3333333333333333,0.0,0.5002164033860248,0.3580574370197165,1.0,-0.6179143806533246,-0.5012804118276031,0.0,-0.3142857142857143,-0.3333333333333333,0.0,-0.11595420713048968,-0.13801311186847084,0.0,,,,,,,
F,7,ok,33.6,0bdc51d,1500.0,1.0,,,,,,,,,,,,S1,,,0.0778991408791253,pehe,kernel_sieve1,0.5540086619907643,6.0,sieve1_sieve1,0.6445276065866546,0.09051894459589038,1.1633890420945008,0.0,0.0,sieve1_kernel,0.610267352330798,0.056258690340033723,1.1015483948152964,0.0,0.0,kernel_sieve1,0.5540086619907643,0.0,0.999999999998195,0.0,1.0,sieve1_sieve1,0.6445276065866546,0.09051894459589038,1.1633890420945008,0.0,0.0,sieve1_sieve1,0.6445276065866546,0.09051894459589038,1.1633890420945008,0.0,0.0,kernel_kernel,0.6462860693179566,0.09227740732719236,1.166563112920361,0.0,0.0,sieve1_sieve1,0.6445276065866546,0.09051894459589038,1.1633890420945008,0.0,0.0,sieve1_sieve1,0.6445276065866546,0.09051894459589038,1.1633890420945008,0.0,0.0,kernel_kernel,0.6462860693179566,0.09227740732719236,1.166563112920361,0.0,0.0,kernel_sieve1,0.5540086619907643,0.0,0.999999999998195,0.0,1.0,kernel_sieve1,0.5540086619907643,0.0,0.999999999998195,0.0,1.0,-0.2571428571428572,-0.06666666666666665,0.0,-0.029424494316824982,-0.07161148740394328,0.0,0.26482044885142486,0.21483446221182986,1.0,-0.3142857142857143,-0.2,0.0,-0.3768511731740915,-0.2760262237369417,0.0,ate_err,kernel_sieve1,0.13426326878322495,6.0,sieve1_sieve1,0.20974623088569233,0.07548296210246738,1.5622011350161327,1.0,0.0,sieve1_kernel,0.19057614288042912,0.056312874097204174,1.4194212952367846,0.0,0.0,kernel_sieve1,0.13426326878322495,0.0,0.999999999992552,0.0,1.0,sieve1_sieve1,0.20974623088569233,0.07548296210246738,1.5622011350161327,1.0,0.0,sieve1_sieve1,0.20974623088569233,0.07548296210246738,1.5622011350161327,1.0,0.0,kernel_kernel,0.3044367073102276,0.17017343852700265,2.2674608630264252,1.0,0.0,sieve1_sieve1,0.20974623088569233,0.07548296210246738,1.5622011350161327,1.0,0.0,sieve1_sieve1,0.20974623088569233,0.07548296210246738,1.5622011350161327,1.0,0.0,kernel_kernel,0.3044367073102276,0.17017343852700265,2.2674608630264252,1.0,0.0,kernel_sieve1,0.13426326878322495,0.0,0.999999999992552,0.0,1.0,kernel_sieve1,0.13426326878322495,0.0,0.999999999992552,0.0,1.0,-0.14285714285714288,-0.06666666666666665,0.0,0.17654696590094993,0.21483446221182986,0.0,0.29424494316824984,0.21483446221182986,1.0,-0.2,-0.2,0.0,-0.11595420713048968,0.0,0.0,,,,,,,
F,7,ok,45.6,0bdc51d,1500.0,2.0,,,,,,,,,,,,S1,,,0.07992569935096125,pehe,sieve1_kernel,0.5196186879013831,6.0,sieve1_sieve1,0.6255269966421454,0.10590830874076229,1.2038192836506652,0.0,0.0,sieve1_kernel,0.5196186879013831,0.0,0.9999999999980755,0.0,1.0,sieve3_sieve3,0.97938971323549,0.45977102533410685,1.884823883430999,1.0,0.0,sieve1_sieve1,0.6255269966421454,0.10590830874076229,1.2038192836506652,0.0,0.0,sieve1_sieve1,0.6255269966421454,0.10590830874076229,1.2038192836506652,0.0,0.0,kernel_kernel,0.7264549029715133,0.20683621507013017,1.3980538419510944,0.0,0.0,sieve1_sieve1,0.6255269966421454,0.10590830874076229,1.2038192836506652,0.0,0.0,sieve1_sieve1,0.6255269966421454,0.10590830874076229,1.2038192836506652,0.0,0.0,kernel_kernel,0.7264549029715133,0.20683621507013017,1.3980538419510944,0.0,0.0,kernel_sieve1,0.583085302090481,0.06346661418909794,1.1221407460234012,0.0,0.0,sieve1_kernel,0.5196186879013831,0.0,0.9999999999980755,0.0,1.0,-0.3142857142857143,-0.2,0.0,0.20597146021777488,0.07161148740394328,1.0,-0.26482044885142486,-0.21483446221182986,0.0,-0.2571428571428572,-0.06666666666666665,0.0,-0.4638168285219587,-0.41403933560541256,0.0,ate_err,sieve1_kernel,0.12648963709805136,6.0,sieve1_sieve1,0.15535683229931332,0.028867195201261964,1.2282178671890462,0.0,0.0,sieve1_kernel,0.12648963709805136,0.0,0.9999999999920942,0.0,1.0,sieve3_sieve3,0.7655770600691673,0.6390874229711159,6.052488390567996,1.0,0.0,sieve1_sieve1,0.15535683229931332,0.028867195201261964,1.2282178671890462,0.0,0.0,sieve1_sieve1,0.15535683229931332,0.028867195201261964,1.2282178671890462,0.0,0.0,kernel_kernel,0.42427150794941615,0.29778187085136476,3.354199740625219,1.0,0.0,sieve1_sieve1,0.15535683229931332,0.028867195201261964,1.2282178671890462,0.0,0.0,sieve1_sieve1,0.15535683229931332,0.028867195201261964,1.2282178671890462,0.0,0.0,kernel_kernel,0.42427150794941615,0.29778187085136476,3.354199740625219,1.0,0.0,kernel_sieve1,0.18151837254187284,0.055028735443821475,1.4350454053380644,0.0,0.0,sieve1_kernel,0.12648963709805136,0.0,0.9999999999920942,0.0,1.0,-0.14285714285714288,-0.06666666666666665,0.0,0.44136741475237473,0.21483446221182986,1.0,-0.26482044885142486,-0.21483446221182986,0.0,-0.028571428571428574,0.06666666666666665,0.0,-0.28988551782622424,-0.2760262237369417,0.0,,,,,,,
F,8,ok,47.2,0bdc51d,1500.0,0.0,,,,,,,,,,,,S1,,,0.08461529000987994,pehe,sieve1_sieve1,0.5725204726202462,6.0,sieve1_sieve1,0.5725204726202462,0.0,0.9999999999982534,0.0,1.0,sieve3_sieve3,0.7008705728925093,0.12835010027226312,1.2241842980454847,0.0,0.0,kernel_sieve1,0.5930906227689525,0.020570150148706334,1.0359291084448514,0.0,0.0,sieve3_sieve3,0.7008705728925093,0.12835010027226312,1.2241842980454847,0.0,0.0,sieve3_sieve3,0.7008705728925093,0.12835010027226312,1.2241842980454847,0.0,0.0,kernel_kernel,0.8114794729383716,0.23895900031812545,1.4173807081920895,0.0,0.0,sieve1_sieve1,0.5725204726202462,0.0,0.9999999999982534,0.0,1.0,kernel_kernel,0.8114794729383716,0.23895900031812545,1.4173807081920895,0.0,0.0,kernel_kernel,0.8114794729383716,0.23895900031812545,1.4173807081920895,0.0,0.0,kernel_sieve1,0.5930906227689525,0.020570150148706334,1.0359291084448514,0.0,0.0,sieve1_sieve1,0.5725204726202462,0.0,0.9999999999982534,0.0,1.0,0.6,0.4666666666666666,1.0,-0.29424494316824984,-0.21483446221182986,0.0,0.6473388749701496,0.5012804118276031,1.0,0.2,0.2,1.0,0.14494275891311212,0.13801311186847084,1.0,ate_err,kernel_kernel,0.11749859535271834,6.0,sieve1_sieve1,0.14058665434649564,0.023088058993777305,1.1964964680920047,0.0,0.0,sieve3_sieve3,0.22907303765801057,0.11157444230529223,1.9495810734452441,1.0,0.0,kernel_sieve1,0.19391226338916276,0.07641366803644442,1.6503368640740625,1.0,0.0,sieve3_sieve3,0.22907303765801057,0.11157444230529223,1.9495810734452441,1.0,0.0,sieve3_sieve3,0.22907303765801057,0.11157444230529223,1.9495810734452441,1.0,0.0,kernel_kernel,0.11749859535271834,0.0,0.9999999999914893,0.0,1.0,sieve1_sieve1,0.14058665434649564,0.023088058993777305,1.1964964680920047,0.0,0.0,kernel_kernel,0.11749859535271834,0.0,0.9999999999914893,0.0,1.0,kernel_kernel,0.11749859535271834,0.0,0.9999999999914893,0.0,1.0,kernel_sieve1,0.19391226338916276,0.07641366803644442,1.6503368640740625,1.0,0.0,kernel_kernel,0.11749859535271834,0.0,0.9999999999914893,0.0,1.0,-0.2571428571428572,-0.2,0.0,-0.6767633692869747,-0.5012804118276031,0.0,-0.20597146021777488,-0.07161148740394328,0.0,-0.5428571428571429,-0.4666666666666666,0.0,-0.4928053803045812,-0.41403933560541256,0.0,,,,,,,
F,8,ok,44.8,0bdc51d,1500.0,0.5,,,,,,,,,,,,S1,,,0.08036131841887223,pehe,kernel_sieve1,0.5615710506203389,6.0,sieve3_sieve3,2.243446734751441,1.6818756841311022,3.9949472685054284,1.0,0.0,sieve2_sieve2,6.391578081609615,5.830007030989276,11.381601801833952,1.0,0.0,kernel_sieve1,0.5615710506203389,0.0,0.9999999999982193,0.0,1.0,sieve3_sieve3,2.243446734751441,1.6818756841311022,3.9949472685054284,1.0,0.0,sieve3_sieve3,2.243446734751441,1.6818756841311022,3.9949472685054284,1.0,0.0,kernel_kernel,0.7732087898969293,0.21163773927659046,1.3768672531132582,0.0,0.0,sieve1_sieve1,0.5800488037482456,0.018477753127906782,1.0329036781836642,0.0,0.0,kernel_kernel,0.7732087898969293,0.21163773927659046,1.3768672531132582,0.0,0.0,kernel_kernel,0.7732087898969293,0.21163773927659046,1.3768672531132582,0.0,0.0,kernel_sieve1,0.5615710506203389,0.0,0.9999999999982193,0.0,1.0,kernel_sieve1,0.5615710506203389,0.0,0.9999999999982193,0.0,1.0,0.08571428571428573,0.06666666666666665,0.0,-0.7356123579206245,-0.6445033866354897,0.0,0.5002164033860248,0.3580574370197165,1.0,-0.4285714285714286,-0.2,0.0,-0.4638168285219587,-0.2760262237369417,0.0,ate_err,sieve1_sieve1,0.1643895656838197,6.0,sieve3_sieve3,0.6760177789631846,0.5116282132793649,4.112291288969628,1.0,0.0,sieve2_sieve2,5.07253174402648,4.90814217834266,30.85677441202033,1.0,0.0,kernel_sieve1,0.19192735313601536,0.02753778745219565,1.1675154218972341,0.0,0.0,sieve3_sieve3,0.6760177789631846,0.5116282132793649,4.112291288969628,1.0,0.0,sieve3_sieve3,0.6760177789631846,0.5116282132793649,4.112291288969628,1.0,0.0,kernel_kernel,0.21177153811426855,0.04738197243044884,1.2882298048058183,0.0,0.0,sieve1_sieve1,0.1643895656838197,0.0,0.9999999999939169,0.0,1.0,kernel_kernel,0.21177153811426855,0.04738197243044884,1.2882298048058183,0.0,0.0,kernel_kernel,0.21177153811426855,0.04738197243044884,1.2882298048058183,0.0,0.0,kernel_sieve1,0.19192735313601536,0.02753778745219565,1.1675154218972341,0.0,0.0,sieve1_sieve1,0.1643895656838197,0.0,0.9999999999939169,0.0,1.0,0.028571428571428574,0.06666666666666665,1.0,-0.5002164033860248,-0.3580574370197165,0.0,0.26482044885142486,0.21483446221182986,1.0,-0.4285714285714286,-0.2,0.0,-0.4928053803045812,-0.2760262237369417,0.0,,,,,,,
F,8,ok,41.4,0bdc51d,1500.0,1.0,,,,,,,,,,,,S1,,,0.07992810308766995,pehe,sieve1_sieve1,0.6094716408648831,6.0,sieve3_sieve3,8.143970082051457,7.534498441186574,13.362344588308043,1.0,0.0,sieve3_sieve3,8.143970082051457,7.534498441186574,13.362344588308043,1.0,0.0,sieve3_sieve3,8.143970082051457,7.534498441186574,13.362344588308043,1.0,0.0,sieve3_sieve3,8.143970082051457,7.534498441186574,13.362344588308043,1.0,0.0,sieve3_sieve3,8.143970082051457,7.534498441186574,13.362344588308043,1.0,0.0,kernel_kernel,0.7588203977817854,0.1493487569169023,1.2450462776310984,0.0,0.0,sieve1_sieve1,0.6094716408648831,0.0,0.9999999999983593,0.0,1.0,kernel_kernel,0.7588203977817854,0.1493487569169023,1.2450462776310984,0.0,0.0,kernel_kernel,0.7588203977817854,0.1493487569169023,1.2450462776310984,0.0,0.0,kernel_sieve1,0.6181080310795823,0.008636390214699197,1.014170290518242,0.0,0.0,sieve1_sieve1,0.6094716408648831,0.0,0.9999999999983593,0.0,1.0,-0.028571428571428574,0.06666666666666665,1.0,-0.6179143806533246,-0.5012804118276031,0.0,-0.08827348295047496,-0.07161148740394328,0.0,-0.2,-0.06666666666666665,1.0,-0.23190841426097936,-0.13801311186847084,1.0,ate_err,sieve1_sieve1,0.2416086319686821,6.0,sieve3_sieve3,0.7419366561184554,0.5003280241497733,3.070820152698668,1.0,0.0,sieve3_sieve3,0.7419366561184554,0.5003280241497733,3.070820152698668,1.0,0.0,sieve3_sieve3,0.7419366561184554,0.5003280241497733,3.070820152698668,1.0,0.0,sieve3_sieve3,0.7419366561184554,0.5003280241497733,3.070820152698668,1.0,0.0,sieve3_sieve3,0.7419366561184554,0.5003280241497733,3.070820152698668,1.0,0.0,kernel_kernel,0.2584077952542641,0.01679916328558201,1.0695304764057023,0.0,0.0,sieve1_sieve1,0.2416086319686821,0.0,0.9999999999958611,0.0,1.0,kernel_kernel,0.2584077952542641,0.01679916328558201,1.0695304764057023,0.0,0.0,kernel_kernel,0.2584077952542641,0.01679916328558201,1.0695304764057023,0.0,0.0,kernel_sieve1,0.30789773996959685,0.06628910800091475,1.2743656443873783,0.0,0.0,sieve1_sieve1,0.2416086319686821,0.0,0.9999999999958611,0.0,1.0,-0.14285714285714288,-0.06666666666666665,1.0,-0.44136741475237473,-0.21483446221182986,0.0,-0.26482044885142486,-0.21483446221182986,0.0,-0.2571428571428572,-0.2,1.0,-0.28988551782622424,-0.2760262237369417,1.0,,,,,,,
F,8,ok,27.4,0bdc51d,1500.0,2.0,,,,,,,,,,,,S1,,,0.08282099598674414,pehe,sieve1_sieve1,0.6288812691701002,6.0,sieve1_sieve1,0.6288812691701002,0.0,0.9999999999984099,0.0,1.0,sieve2_sieve2,4.0152858157422795,3.3864045465721793,6.38480745504576,1.0,0.0,kernel_sieve1,0.6822885824182615,0.05340731324816128,1.0849243185721766,0.0,0.0,sieve3_sieve3,2.717161471350319,2.088280202180219,4.320627127170899,1.0,0.0,sieve3_sieve3,2.717161471350319,2.088280202180219,4.320627127170899,1.0,0.0,kernel_kernel,0.7929416246651866,0.16406035549508635,1.2608765176140908,0.0,0.0,sieve1_sieve1,0.6288812691701002,0.0,0.9999999999984099,0.0,1.0,kernel_kernel,0.7929416246651866,0.16406035549508635,1.2608765176140908,0.0,0.0,kernel_kernel,0.7929416246651866,0.16406035549508635,1.2608765176140908,0.0,0.0,kernel_sieve1,0.6822885824182615,0.05340731324816128,1.0849243185721766,0.0,0.0,sieve1_sieve1,0.6288812691701002,0.0,0.9999999999984099,0.0,1.0,0.14285714285714288,0.2,1.0,-0.6179143806533246,-0.5012804118276031,0.0,0.5002164033860248,0.3580574370197165,1.0,-0.08571428571428573,0.06666666666666665,1.0,-0.20291986247835694,-0.13801311186847084,1.0,ate_err,sieve1_kernel,0.22913829531275406,6.0,sieve1_sieve1,0.2752707739306079,0.04613247861785383,1.2013302863831017,0.0,0.0,sieve2_sieve2,0.6005209453502713,0.37138265003751725,2.620779492698901,1.0,0.0,kernel_sieve1,0.37475872838959917,0.1456204330768451,1.6355132950450304,1.0,0.0,sieve3_sieve3,0.7430433403742502,0.5139050450614961,3.242772402390518,1.0,0.0,sieve3_sieve3,0.7430433403742502,0.5139050450614961,3.242772402390518,1.0,0.0,kernel_kernel,0.40170746525697315,0.1725691699442191,1.7531223434604148,1.0,0.0,sieve1_sieve1,0.2752707739306079,0.04613247861785383,1.2013302863831017,0.0,0.0,kernel_kernel,0.40170746525697315,0.1725691699442191,1.7531223434604148,1.0,0.0,kernel_kernel,0.40170746525697315,0.1725691699442191,1.7531223434604148,1.0,0.0,kernel_sieve1,0.37475872838959917,0.1456204330768451,1.6355132950450304,1.0,0.0,sieve1_kernel,0.22913829531275406,0.0,0.9999999999956358,0.0,1.0,-0.2,-0.2,0.0,-0.44136741475237473,-0.21483446221182986,0.0,-0.029424494316824982,-0.07161148740394328,0.0,-0.4285714285714286,-0.3333333333333333,0.0,-0.34786262139146906,-0.2760262237369417,0.0,,,,,,,
F,9,ok,28.7,0bdc51d,1500.0,0.0,,,,,,,,,,,,S1,,,0.06972513818853468,pehe,sieve1_sieve1,0.5355383643571889,6.0,sieve1_sieve1,0.5355383643571889,0.0,0.9999999999981327,0.0,1.0,sieve1_kernel,0.8830191760087265,0.34748081165153755,1.648843920018639,1.0,0.0,kernel_sieve1,1.332459599329713,0.7969212349725241,2.4880749690577018,1.0,0.0,sieve1_sieve1,0.5355383643571889,0.0,0.9999999999981327,0.0,1.0,sieve1_sieve1,0.5355383643571889,0.0,0.9999999999981327,0.0,1.0,kernel_kernel,1.2206679810352268,0.6851296166780378,2.2793287321219746,1.0,0.0,sieve1_sieve1,0.5355383643571889,0.0,0.9999999999981327,0.0,1.0,sieve1_kernel,0.8830191760087265,0.34748081165153755,1.648843920018639,1.0,0.0,kernel_kernel,1.2206679810352268,0.6851296166780378,2.2793287321219746,1.0,0.0,kernel_sieve1,1.332459599329713,0.7969212349725241,2.4880749690577018,1.0,0.0,sieve1_sieve1,0.5355383643571889,0.0,0.9999999999981327,0.0,1.0,0.08571428571428573,0.06666666666666665,1.0,0.7061878636037997,0.5012804118276031,1.0,0.0,0.07161148740394328,1.0,0.2571428571428572,0.2,1.0,0.4058397249567139,0.41403933560541256,1.0,ate_err,kernel_sieve1,0.047273805380746194,6.0,sieve1_sieve1,0.0846714496192618,0.03739764423851561,1.7910859710895188,1.0,0.0,sieve1_kernel,0.07965927255107132,0.03238546717032512,1.6850615665019026,1.0,0.0,kernel_sieve1,0.047273805380746194,0.0,0.9999999999788467,0.0,1.0,sieve1_sieve1,0.0846714496192618,0.03739764423851561,1.7910859710895188,1.0,0.0,sieve1_sieve1,0.0846714496192618,0.03739764423851561,1.7910859710895188,1.0,0.0,kernel_kernel,0.09763630542355427,0.050362500042808074,2.065336281585965,1.0,0.0,sieve1_sieve1,0.0846714496192618,0.03739764423851561,1.7910859710895188,1.0,0.0,sieve1_kernel,0.07965927255107132,0.03238546717032512,1.6850615665019026,1.0,0.0,kernel_kernel,0.09763630542355427,0.050362500042808074,2.065336281585965,1.0,0.0,kernel_sieve1,0.047273805380746194,0.0,0.9999999999788467,0.0,1.0,kernel_sieve1,0.047273805380746194,0.0,0.9999999999788467,0.0,1.0,0.028571428571428574,0.06666666666666665,0.0,-0.029424494316824982,-0.07161148740394328,0.0,0.26482044885142486,0.21483446221182986,1.0,-0.2571428571428572,-0.06666666666666665,0.0,-0.4058397249567139,-0.2760262237369417,0.0,,,,,,,
F,9,ok,23.4,0bdc51d,1500.0,0.5,,,,,,,,,,,,S1,,,0.07332465189855011,pehe,sieve1_sieve1,0.5135405326929726,6.0,sieve1_sieve1,0.5135405326929726,0.0,0.9999999999980528,0.0,1.0,sieve3_sieve3,0.6840209485802031,0.1704804158872305,1.3319707112346333,0.0,0.0,kernel_sieve1,0.5315014856242011,0.017960952931228458,1.0349747523063222,0.0,0.0,sieve3_sieve3,0.6840209485802031,0.1704804158872305,1.3319707112346333,0.0,0.0,sieve3_sieve3,0.6840209485802031,0.1704804158872305,1.3319707112346333,0.0,0.0,kernel_kernel,1.3461869423619137,0.8326464096689411,2.621384012864529,1.0,0.0,sieve1_sieve1,0.5135405326929726,0.0,0.9999999999980528,0.0,1.0,sieve1_kernel,0.5840009858437881,0.0704604531508155,1.137205242164992,0.0,0.0,kernel_kernel,1.3461869423619137,0.8326464096689411,2.621384012864529,1.0,0.0,kernel_sieve1,0.5315014856242011,0.017960952931228458,1.0349747523063222,0.0,0.0,sieve1_sieve1,0.5135405326929726,0.0,0.9999999999980528,0.0,1.0,0.7142857142857143,0.6,1.0,0.26482044885142486,0.21483446221182986,1.0,0.7356123579206245,0.6445033866354897,1.0,0.3714285714285715,0.3333333333333333,1.0,0.20291986247835694,0.13801311186847084,1.0,ate_err,sieve1_sieve1,0.040288995671429496,6.0,sieve1_sieve1,0.040288995671429496,0.0,0.9999999999751794,0.0,1.0,sieve3_sieve3,0.39514484986548065,0.35485585419405113,9.807761232824316,1.0,0.0,kernel_sieve1,0.04905651421042126,0.008767518538991763,1.2176157134637025,0.0,0.0,sieve3_sieve3,0.39514484986548065,0.35485585419405113,9.807761232824316,1.0,0.0,sieve3_sieve3,0.39514484986548065,0.35485585419405113,9.807761232824316,1.0,0.0,kernel_kernel,0.2380231470938173,0.19773415142238782,5.907894776754163,1.0,0.0,sieve1_sieve1,0.040288995671429496,0.0,0.9999999999751794,0.0,1.0,sieve1_kernel,0.052474892585740146,0.01218589691431065,1.3024621664036586,0.0,0.0,kernel_kernel,0.2380231470938173,0.19773415142238782,5.907894776754163,1.0,0.0,kernel_sieve1,0.04905651421042126,0.008767518538991763,1.2176157134637025,0.0,0.0,sieve1_sieve1,0.040288995671429496,0.0,0.9999999999751794,0.0,1.0,0.3714285714285715,0.3333333333333333,1.0,-0.08827348295047496,-0.07161148740394328,1.0,0.5002164033860248,0.3580574370197165,1.0,-0.08571428571428573,0.06666666666666665,1.0,-0.20291986247835694,-0.13801311186847084,1.0,,,,,,,
F,9,ok,21.1,0bdc51d,1500.0,1.0,,,,,,,,,,,,S1,,,0.07052076301660948,pehe,kernel_sieve1,0.49250670985510014,6.0,sieve1_sieve1,0.5186031834941094,0.026096473639009243,1.0529870418326566,0.0,0.0,sieve1_kernel,0.5471020548458972,0.0545953449907971,1.1108519821095406,0.0,0.0,kernel_sieve1,0.49250670985510014,0.0,0.9999999999979696,0.0,1.0,sieve1_sieve1,0.5186031834941094,0.026096473639009243,1.0529870418326566,0.0,0.0,sieve1_sieve1,0.5186031834941094,0.026096473639009243,1.0529870418326566,0.0,0.0,kernel_kernel,1.2917136907469575,0.7992069808918574,2.622733182913119,1.0,0.0,sieve1_sieve1,0.5186031834941094,0.026096473639009243,1.0529870418326566,0.0,0.0,sieve1_kernel,0.5471020548458972,0.0545953449907971,1.1108519821095406,0.0,0.0,kernel_kernel,1.2917136907469575,0.7992069808918574,2.622733182913119,1.0,0.0,kernel_sieve1,0.49250670985510014,0.0,0.9999999999979696,0.0,1.0,kernel_sieve1,0.49250670985510014,0.0,0.9999999999979696,0.0,1.0,0.2571428571428572,0.2,0.0,0.058848988633649964,0.07161148740394328,0.0,0.5296408977028497,0.3580574370197165,1.0,0.08571428571428573,0.06666666666666665,0.0,-0.14494275891311212,-0.13801311186847084,0.0,ate_err,sieve1_sieve1,0.03286441202259393,6.0,sieve1_sieve1,0.03286441202259393,0.0,0.999999999969572,0.0,1.0,sieve1_kernel,0.04392726363462251,0.01106285161202858,1.3366210112959382,0.0,0.0,kernel_sieve1,0.06306366945149901,0.03019925742890508,1.9189045404562393,1.0,0.0,sieve1_sieve1,0.03286441202259393,0.0,0.999999999969572,0.0,1.0,sieve1_sieve1,0.03286441202259393,0.0,0.999999999969572,0.0,1.0,kernel_kernel,0.352618284451993,0.31975387242939907,10.729487087699676,1.0,0.0,sieve1_sieve1,0.03286441202259393,0.0,0.999999999969572,0.0,1.0,sieve1_kernel,0.04392726363462251,0.01106285161202858,1.3366210112959382,0.0,0.0,kernel_kernel,0.352618284451993,0.31975387242939907,10.729487087699676,1.0,0.0,kernel_sieve1,0.06306366945149901,0.03019925742890508,1.9189045404562393,1.0,0.0,sieve1_sieve1,0.03286441202259393,0.0,0.999999999969572,0.0,1.0,0.48571428571428577,0.3333333333333333,1.0,0.6767633692869747,0.5012804118276031,1.0,0.44136741475237473,0.3580574370197165,1.0,0.4285714285714286,0.2,1.0,0.4058397249567139,0.2760262237369417,1.0,,,,,,,
F,9,ok,36.5,0bdc51d,1500.0,2.0,,,,,,,,,,,,S1,,,0.07632463956098127,pehe,sieve1_kernel,0.5082085069235012,6.0,sieve1_sieve1,0.5224089420932878,0.01420043516978664,1.0279421437762282,0.0,0.0,sieve1_kernel,0.5082085069235012,0.0,0.9999999999980324,0.0,1.0,kernel_sieve1,0.6410375346026905,0.13282902767918936,1.261367186633738,0.0,0.0,sieve1_sieve1,0.5224089420932878,0.01420043516978664,1.0279421437762282,0.0,0.0,sieve1_sieve1,0.5224089420932878,0.01420043516978664,1.0279421437762282,0.0,0.0,kernel_kernel,0.8277519491403469,0.3195434422168457,1.6287644497523468,1.0,0.0,sieve1_sieve1,0.5224089420932878,0.01420043516978664,1.0279421437762282,0.0,0.0,sieve1_kernel,0.5082085069235012,0.0,0.9999999999980324,0.0,1.0,kernel_kernel,0.8277519491403469,0.3195434422168457,1.6287644497523468,1.0,0.0,kernel_sieve1,0.6410375346026905,0.13282902767918936,1.261367186633738,0.0,0.0,sieve1_kernel,0.5082085069235012,0.0,0.9999999999980324,0.0,1.0,0.3714285714285715,0.3333333333333333,0.0,0.7650368522374495,0.6445033866354897,1.0,0.17654696590094993,0.21483446221182986,0.0,0.5428571428571429,0.4666666666666666,0.0,0.11595420713048968,0.13801311186847084,0.0,ate_err,sieve1_sieve1,0.02975133277304853,6.0,sieve1_sieve1,0.02975133277304853,0.0,0.9999999999663881,0.0,1.0,sieve1_kernel,0.04922910910582762,0.019477776332779088,1.6546858414615009,1.0,0.0,kernel_sieve1,0.14680239395494454,0.11705106118189601,4.934313197659408,1.0,0.0,sieve1_sieve1,0.02975133277304853,0.0,0.9999999999663881,0.0,1.0,sieve1_sieve1,0.02975133277304853,0.0,0.9999999999663881,0.0,1.0,kernel_kernel,0.48954856921498774,0.4597972364419392,16.454676936087072,1.0,0.0,sieve1_sieve1,0.02975133277304853,0.0,0.9999999999663881,0.0,1.0,sieve1_kernel,0.04922910910582762,0.019477776332779088,1.6546858414615009,1.0,0.0,kernel_kernel,0.48954856921498774,0.4597972364419392,16.454676936087072,1.0,0.0,kernel_sieve1,0.14680239395494454,0.11705106118189601,4.934313197659408,1.0,0.0,sieve1_sieve1,0.02975133277304853,0.0,0.9999999999663881,0.0,1.0,0.6,0.4666666666666666,1.0,0.7650368522374495,0.6445033866354897,1.0,0.41194292043554975,0.3580574370197165,1.0,0.7142857142857143,0.6,1.0,0.3768511731740915,0.2760262237369417,1.0,,,,,,,
G,0,ok,40.2,0bdc51d,1500.0,1.0,,,,,,,,,,,,S1,additive,0.0,0.07659075417464682,pehe,sieve1_sieve1,0.5558485417527479,6.0,sieve3_sieve3,5.401655110833136,4.845806569080389,9.717854244594166,1.0,0.0,sieve3_sieve3,5.401655110833136,4.845806569080389,9.717854244594166,1.0,0.0,kernel_sieve1,0.9256461604558612,0.36979761870311334,1.6652848589570308,1.0,0.0,sieve3_sieve3,5.401655110833136,4.845806569080389,9.717854244594166,1.0,0.0,sieve3_sieve3,5.401655110833136,4.845806569080389,9.717854244594166,1.0,0.0,kernel_kernel,0.9974431094509928,0.4415945676982449,1.7944512480035977,1.0,0.0,sieve1_sieve1,0.5558485417527479,0.0,0.999999999998201,0.0,1.0,sieve2_sieve2,0.6676063087158585,0.11175776696311057,1.2010579475651868,0.0,0.0,kernel_kernel,0.9974431094509928,0.4415945676982449,1.7944512480035977,1.0,0.0,kernel_sieve1,0.9256461604558612,0.36979761870311334,1.6652848589570308,1.0,0.0,sieve1_sieve1,0.5558485417527479,0.0,0.999999999998201,0.0,1.0,-0.08571428571428573,-0.06666666666666665,1.0,0.08827348295047496,0.21483446221182986,1.0,0.14712247158412492,0.07161148740394328,1.0,-0.028571428571428574,0.06666666666666665,1.0,-0.11595420713048968,0.0,1.0,ate_err,sieve1_kernel,0.10325466709745341,6.0,sieve3_sieve3,0.17602102852698545,0.07276636142953204,1.7047270934412024,1.0,0.0,sieve3_sieve3,0.17602102852698545,0.07276636142953204,1.7047270934412024,1.0,0.0,kernel_sieve1,0.20664525340287998,0.10339058630542657,2.001316349273041,1.0,0.0,sieve3_sieve3,0.17602102852698545,0.07276636142953204,1.7047270934412024,1.0,0.0,sieve3_sieve3,0.17602102852698545,0.07276636142953204,1.7047270934412024,1.0,0.0,kernel_kernel,0.40252965425095705,0.29927498715350365,3.8984160770877763,1.0,0.0,sieve1_sieve1,0.19072737167463916,0.08747270457718574,1.8471549716273883,1.0,0.0,sieve2_sieve2,2.7311799214086387,2.6279252543111853,26.450910144375907,1.0,0.0,kernel_kernel,0.40252965425095705,0.29927498715350365,3.8984160770877763,1.0,0.0,kernel_sieve1,0.20664525340287998,0.10339058630542657,2.001316349273041,1.0,0.0,sieve1_kernel,0.10325466709745341,0.0,0.9999999999903152,0.0,1.0,0.3142857142857143,0.3333333333333333,0.0,0.7061878636037997,0.5012804118276031,0.0,0.0,-0.07161148740394328,0.0,0.2,0.2,0.0,0.08696565534786727,0.13801311186847084,0.0,,,,,,,
G,0,ok,42.6,0bdc51d,1500.0,1.0,,,,,,,,,,,,S1,additive,0.1,0.07356212031377778,pehe,sieve1_sieve1,0.5574167753594171,6.0,sieve3_sieve3,5.009779431553736,4.452362656194318,8.987493116464766,1.0,0.0,sieve3_sieve3,5.009779431553736,4.452362656194318,8.987493116464766,1.0,0.0,kernel_sieve1,0.9321115460892889,0.3746947707298718,1.6721985905189163,1.0,0.0,sieve3_sieve3,5.009779431553736,4.452362656194318,8.987493116464766,1.0,0.0,sieve3_sieve3,5.009779431553736,4.452362656194318,8.987493116464766,1.0,0.0,kernel_kernel,0.9928833973741695,0.4354666220147524,1.7812226708322267,1.0,0.0,sieve1_sieve1,0.5574167753594171,0.0,0.9999999999982061,0.0,1.0,sieve2_sieve2,0.6879615868103903,0.13054481145097319,1.2341960579955007,0.0,0.0,kernel_kernel,0.9928833973741695,0.4354666220147524,1.7812226708322267,1.0,0.0,kernel_sieve1,0.9321115460892889,0.3746947707298718,1.6721985905189163,1.0,0.0,sieve1_sieve1,0.5574167753594171,0.0,0.9999999999982061,0.0,1.0,-0.08571428571428573,-0.06666666666666665,1.0,-0.08827348295047496,-0.07161148740394328,0.0,0.14712247158412492,0.07161148740394328,1.0,-0.028571428571428574,0.06666666666666665,1.0,-0.23190841426097936,-0.13801311186847084,0.0,ate_err,sieve1_kernel,0.10132396797218607,6.0,sieve3_sieve3,0.31118643974712157,0.2098624717749355,3.071202657889124,1.0,0.0,sieve3_sieve3,0.31118643974712157,0.2098624717749355,3.071202657889124,1.0,0.0,kernel_sieve1,0.20858189167122423,0.10725792369903817,2.058564186179744,1.0,0.0,sieve3_sieve3,0.31118643974712157,0.2098624717749355,3.071202657889124,1.0,0.0,sieve3_sieve3,0.31118643974712157,0.2098624717749355,3.071202657889124,1.0,0.0,kernel_kernel,0.4027657222884626,0.3014417543162765,3.975029110536302,1.0,0.0,sieve1_sieve1,0.19262761543272908,0.09130364746054301,1.901106118186224,1.0,0.0,sieve2_sieve2,1.4468318357756964,1.3455078678035104,14.279265456309208,1.0,0.0,kernel_kernel,0.4027657222884626,0.3014417543162765,3.975029110536302,1.0,0.0,kernel_sieve1,0.20858189167122423,0.10725792369903817,2.058564186179744,1.0,0.0,sieve1_kernel,0.10132396797218607,0.0,0.9999999999901306,0.0,1.0,0.14285714285714288,0.06666666666666665,0.0,-0.17654696590094993,-0.07161148740394328,0.0,0.17654696590094993,0.21483446221182986,0.0,-0.028571428571428574,-0.06666666666666665,0.0,-0.3768511731740915,-0.2760262237369417,0.0,,,,,,,
G,0,ok,41.0,0bdc51d,1500.0,1.0,,,,,,,,,,,,S1,additive,0.2,0.07206928526302048,pehe,sieve1_sieve1,0.5594128278375582,6.0,sieve3_sieve3,5.563031496770874,5.003618668933315,9.944411747340764,1.0,0.0,sieve3_sieve3,5.563031496770874,5.003618668933315,9.944411747340764,1.0,0.0,kernel_sieve1,0.9293232879947112,0.369910460157153,1.661247725736647,1.0,0.0,sieve3_sieve3,5.563031496770874,5.003618668933315,9.944411747340764,1.0,0.0,sieve3_sieve3,5.563031496770874,5.003618668933315,9.944411747340764,1.0,0.0,kernel_kernel,0.9945760286980196,0.43516320086046145,1.777892781867072,1.0,0.0,sieve1_sieve1,0.5594128278375582,0.0,0.9999999999982124,0.0,1.0,sieve2_sieve2,0.6897941033738124,0.13038127553625423,1.233068083259759,0.0,0.0,kernel_kernel,0.9945760286980196,0.43516320086046145,1.777892781867072,1.0,0.0,kernel_sieve1,0.9293232879947112,0.369910460157153,1.661247725736647,1.0,0.0,sieve1_sieve1,0.5594128278375582,0.0,0.9999999999982124,0.0,1.0,-0.028571428571428574,0.06666666666666665,1.0,0.0,0.07161148740394328,0.0,0.23539595453459985,0.21483446221182986,1.0,0.08571428571428573,0.2,1.0,-0.02898855178262242,0.0,0.0,ate_err,sieve1_kernel,0.10002885205649696,6.0,sieve3_sieve3,0.4535214894602732,0.35349263740377623,4.533906769214819,1.0,0.0,sieve3_sieve3,0.4535214894602732,0.35349263740377623,4.533906769214819,1.0,0.0,kernel_sieve1,0.21024609231044525,0.11021724025394829,2.1018544948370996,1.0,0.0,sieve3_sieve3,0.4535214894602732,0.35349263740377623,4.533906769214819,1.0,0.0,sieve3_sieve3,0.4535214894602732,0.35349263740377623,4.533906769214819,1.0,0.0,kernel_kernel,0.4026461080300819,0.3026172559735849,4.025299698517378,1.0,0.0,sieve1_sieve1,0.1932378095461893,0.09320895748969234,1.931820725435452,1.0,0.0,sieve2_sieve2,0.9074503671605886,0.8074215151040917,9.071886245770196,1.0,0.0,kernel_kernel,0.4026461080300819,0.3026172559735849,4.025299698517378,1.0,0.0,kernel_sieve1,0.21024609231044525,0.11021724025394829,2.1018544948370996,1.0,0.0,sieve1_kernel,0.10002885205649696,0.0,0.9999999999900028,0.0,1.0,-0.14285714285714288,-0.06666666666666665,0.0,-0.44136741475237473,-0.21483446221182986,0.0,0.029424494316824982,0.07161148740394328,0.0,-0.3142857142857143,-0.2,0.0,-0.6377481392176932,-0.41403933560541256,0.0,,,,,,,
G,0,ok,48.8,0bdc51d,1500.0,1.0,,,,,,,,,,,,S1,additive,0.3,0.07278025094433077,pehe,sieve1_sieve1,0.5611861100404466,6.0,sieve3_sieve3,6.229789643506534,5.668603533466087,11.101111613483146,1.0,0.0,sieve3_sieve3,6.229789643506534,5.668603533466087,11.101111613483146,1.0,0.0,kernel_sieve1,0.9290339114881577,0.3678478014477111,1.655482726433738,1.0,0.0,sieve3_sieve3,6.229789643506534,5.668603533466087,11.101111613483146,1.0,0.0,sieve3_sieve3,6.229789643506534,5.668603533466087,11.101111613483146,1.0,0.0,kernel_kernel,0.9961606564774395,0.43497454643699285,1.7750985611598042,1.0,0.0,sieve1_sieve1,0.5611861100404466,0.0,0.9999999999982181,0.0,1.0,sieve2_sieve2,2.441621178947799,1.8804350689073521,4.350822543999659,1.0,0.0,kernel_kernel,0.9961606564774395,0.43497454643699285,1.7750985611598042,1.0,0.0,kernel_sieve1,0.9290339114881577,0.3678478014477111,1.655482726433738,1.0,0.0,sieve1_sieve1,0.5611861100404466,0.0,0.9999999999982181,0.0,1.0,-0.14285714285714288,-0.06666666666666665,1.0,-0.5002164033860248,-0.3580574370197165,0.0,0.20597146021777488,0.07161148740394328,1.0,-0.48571428571428577,-0.3333333333333333,0.0,-0.550782483869826,-0.41403933560541256,0.0,ate_err,sieve1_kernel,0.09945903395459582,6.0,sieve3_sieve3,0.5655651607273025,0.46610612677270663,5.68641317167632,1.0,0.0,sieve3_sieve3,0.5655651607273025,0.46610612677270663,5.68641317167632,1.0,0.0,kernel_sieve1,0.20953805424587102,0.1100790202912752,2.106777493328768,1.0,0.0,sieve3_sieve3,0.5655651607273025,0.46610612677270663,5.68641317167632,1.0,0.0,sieve3_sieve3,0.5655651607273025,0.46610612677270663,5.68641317167632,1.0,0.0,kernel_kernel,0.40302046046801676,0.30356142651342094,4.052125226230812,1.0,0.0,sieve1_sieve1,0.19294211801030378,0.09348308405570796,1.939915464053714,1.0,0.0,sieve2_sieve2,1.2217845538128376,1.1223255198582418,12.28429942682041,1.0,0.0,kernel_kernel,0.40302046046801676,0.30356142651342094,4.052125226230812,1.0,0.0,kernel_sieve1,0.20953805424587102,0.1100790202912752,2.106777493328768,1.0,0.0,sieve1_kernel,0.09945903395459582,0.0,0.9999999999899456,0.0,1.0,-0.14285714285714288,-0.06666666666666665,0.0,-0.44136741475237473,-0.21483446221182986,0.0,0.029424494316824982,0.07161148740394328,0.0,-0.5428571428571429,-0.3333333333333333,0.0,-0.6377481392176932,-0.41403933560541256,0.0,,,,,,,
G,0,ok,46.6,0bdc51d,1500.0,1.0,,,,,,,,,,,,S1,missing,0.0,0.07659075417464682,pehe,sieve1_sieve1,0.5558485417527479,6.0,sieve3_sieve3,5.401655110833136,4.845806569080389,9.717854244594166,1.0,0.0,sieve3_sieve3,5.401655110833136,4.845806569080389,9.717854244594166,1.0,0.0,kernel_sieve1,0.9256461604558612,0.36979761870311334,1.6652848589570308,1.0,0.0,sieve3_sieve3,5.401655110833136,4.845806569080389,9.717854244594166,1.0,0.0,sieve3_sieve3,5.401655110833136,4.845806569080389,9.717854244594166,1.0,0.0,kernel_kernel,0.9974431094509928,0.4415945676982449,1.7944512480035977,1.0,0.0,sieve1_sieve1,0.5558485417527479,0.0,0.999999999998201,0.0,1.0,sieve2_sieve2,0.6676063087158585,0.11175776696311057,1.2010579475651868,0.0,0.0,kernel_kernel,0.9974431094509928,0.4415945676982449,1.7944512480035977,1.0,0.0,kernel_sieve1,0.9256461604558612,0.36979761870311334,1.6652848589570308,1.0,0.0,sieve1_sieve1,0.5558485417527479,0.0,0.999999999998201,0.0,1.0,-0.08571428571428573,-0.06666666666666665,1.0,0.08827348295047496,0.21483446221182986,1.0,0.14712247158412492,0.07161148740394328,1.0,-0.028571428571428574,0.06666666666666665,1.0,-0.11595420713048968,0.0,1.0,ate_err,sieve1_kernel,0.10325466709745341,6.0,sieve3_sieve3,0.17602102852698545,0.07276636142953204,1.7047270934412024,1.0,0.0,sieve3_sieve3,0.17602102852698545,0.07276636142953204,1.7047270934412024,1.0,0.0,kernel_sieve1,0.20664525340287998,0.10339058630542657,2.001316349273041,1.0,0.0,sieve3_sieve3,0.17602102852698545,0.07276636142953204,1.7047270934412024,1.0,0.0,sieve3_sieve3,0.17602102852698545,0.07276636142953204,1.7047270934412024,1.0,0.0,kernel_kernel,0.40252965425095705,0.29927498715350365,3.8984160770877763,1.0,0.0,sieve1_sieve1,0.19072737167463916,0.08747270457718574,1.8471549716273883,1.0,0.0,sieve2_sieve2,2.7311799214086387,2.6279252543111853,26.450910144375907,1.0,0.0,kernel_kernel,0.40252965425095705,0.29927498715350365,3.8984160770877763,1.0,0.0,kernel_sieve1,0.20664525340287998,0.10339058630542657,2.001316349273041,1.0,0.0,sieve1_kernel,0.10325466709745341,0.0,0.9999999999903152,0.0,1.0,0.3142857142857143,0.3333333333333333,0.0,0.7061878636037997,0.5012804118276031,0.0,0.0,-0.07161148740394328,0.0,0.2,0.2,0.0,0.08696565534786727,0.13801311186847084,0.0,,,,,,,
G,0,ok,46.4,0bdc51d,1500.0,1.0,,,,,,,,,,,,S1,missing,0.1,0.07386475199439127,pehe,sieve1_kernel,0.5199731125776288,6.0,sieve3_sieve3,0.7467042521692818,0.22673113959165303,1.4360439686318731,0.0,0.0,sieve3_sieve3,0.7467042521692818,0.22673113959165303,1.4360439686318731,0.0,0.0,sieve3_sieve3,0.7467042521692818,0.22673113959165303,1.4360439686318731,0.0,0.0,sieve3_sieve3,0.7467042521692818,0.22673113959165303,1.4360439686318731,0.0,0.0,sieve3_sieve3,0.7467042521692818,0.22673113959165303,1.4360439686318731,0.0,0.0,kernel_kernel,0.992706298708217,0.47273318613058823,1.9091492900185352,1.0,0.0,sieve1_sieve1,0.5441575079807309,0.024184395403102132,1.0465108576137099,0.0,0.0,sieve2_sieve2,0.714977928205968,0.19500481562833916,1.375028652270652,0.0,0.0,kernel_kernel,0.992706298708217,0.47273318613058823,1.9091492900185352,1.0,0.0,kernel_sieve1,0.8931658642462071,0.37319275166857835,1.717715479204024,1.0,0.0,sieve1_kernel,0.5199731125776288,0.0,0.9999999999980769,0.0,1.0,0.14285714285714288,0.06666666666666665,0.0,0.44136741475237473,0.21483446221182986,0.0,-0.08827348295047496,-0.07161148740394328,0.0,0.2,0.06666666666666665,0.0,0.05797710356524484,0.0,0.0,ate_err,sieve1_kernel,0.0689315806535076,6.0,sieve3_sieve3,0.4316224276714484,0.36269084701794085,6.261606415712209,1.0,0.0,sieve3_sieve3,0.4316224276714484,0.36269084701794085,6.261606415712209,1.0,0.0,sieve3_sieve3,0.4316224276714484,0.36269084701794085,6.261606415712209,1.0,0.0,sieve3_sieve3,0.4316224276714484,0.36269084701794085,6.261606415712209,1.0,0.0,sieve3_sieve3,0.4316224276714484,0.36269084701794085,6.261606415712209,1.0,0.0,kernel_kernel,0.40312063564690154,0.3341890549933939,5.848126966178027,1.0,0.0,sieve1_sieve1,0.13713663242239704,0.06820505176888944,1.9894601446866624,1.0,0.0,sieve2_sieve2,2.1014511063172505,2.032519525663743,30.486042628993907,1.0,0.0,kernel_kernel,0.40312063564690154,0.3341890549933939,5.848126966178027,1.0,0.0,kernel_sieve1,0.18412053132286335,0.11518895066935575,2.6710620817719963,1.0,0.0,sieve1_kernel,0.0689315806535076,0.0,0.9999999999854928,0.0,1.0,-0.14285714285714288,-0.06666666666666665,0.0,-0.44136741475237473,-0.21483446221182986,0.0,-0.26482044885142486,-0.21483446221182986,0.0,-0.5428571428571429,-0.3333333333333333,0.0,-0.6377481392176932,-0.41403933560541256,0.0,,,,,,,
G,0,ok,44.6,0bdc51d,1500.0,1.0,,,,,,,,,,,,S1,missing,0.2,0.06928822426228289,pehe,sieve1_kernel,0.5374365841479041,6.0,sieve3_sieve3,4.732450164540505,4.195013580392601,8.80559735626281,1.0,0.0,sieve3_sieve3,4.732450164540505,4.195013580392601,8.80559735626281,1.0,0.0,sieve3_sieve3,4.732450164540505,4.195013580392601,8.80559735626281,1.0,0.0,sieve3_sieve3,4.732450164540505,4.195013580392601,8.80559735626281,1.0,0.0,sieve3_sieve3,4.732450164540505,4.195013580392601,8.80559735626281,1.0,0.0,kernel_kernel,0.9944900925115752,0.4570535083636711,1.8504324451348446,1.0,0.0,sieve1_sieve1,0.5735503723495777,0.03611378820167366,1.0671963711920807,0.0,0.0,sieve2_sieve2,4.027040049488933,3.4896034653410295,7.493051586479248,1.0,0.0,kernel_kernel,0.9944900925115752,0.4570535083636711,1.8504324451348446,1.0,0.0,sieve3_sieve3,4.732450164540505,4.195013580392601,8.80559735626281,1.0,0.0,sieve1_kernel,0.5374365841479041,0.0,0.9999999999981394,0.0,1.0,-0.3142857142857143,-0.2,0.0,-0.5002164033860248,-0.3580574370197165,0.0,-0.44136741475237473,-0.3580574370197165,0.0,-0.6,-0.4666666666666666,0.0,-0.6957252427829381,-0.5520524474738834,0.0,ate_err,sieve1_kernel,0.11179838539227559,6.0,sieve3_sieve3,0.3735789408220529,0.2617805554297773,3.3415414677761777,1.0,0.0,sieve3_sieve3,0.3735789408220529,0.2617805554297773,3.3415414677761777,1.0,0.0,sieve3_sieve3,0.3735789408220529,0.2617805554297773,3.3415414677761777,1.0,0.0,sieve3_sieve3,0.3735789408220529,0.2617805554297773,3.3415414677761777,1.0,0.0,sieve3_sieve3,0.3735789408220529,0.2617805554297773,3.3415414677761777,1.0,0.0,kernel_kernel,0.4028661923091493,0.2910678069168737,3.6035063555880362,1.0,0.0,sieve1_sieve1,0.22406239126169344,0.11226400586941786,2.004164822895289,1.0,0.0,sieve2_sieve2,3.573617162059302,3.4618187766670263,31.964836965116373,1.0,0.0,kernel_kernel,0.4028661923091493,0.2910678069168737,3.6035063555880362,1.0,0.0,sieve3_sieve3,0.3735789408220529,0.2617805554297773,3.3415414677761777,1.0,0.0,sieve1_kernel,0.11179838539227559,0.0,0.9999999999910553,0.0,1.0,0.14285714285714288,0.06666666666666665,0.0,-0.17654696590094993,-0.07161148740394328,0.0,0.0,-0.07161148740394328,0.0,-0.2571428571428572,-0.2,0.0,-0.3768511731740915,-0.2760262237369417,0.0,,,,,,,
G,0,ok,52.6,0bdc51d,1500.0,1.0,,,,,,,,,,,,S1,missing,0.3,0.07382471888238079,pehe,sieve1_sieve1,0.5489908829522493,6.0,sieve3_sieve3,0.7406245236802581,0.19163364072800881,1.34906525167801,0.0,0.0,sieve3_sieve3,0.7406245236802581,0.19163364072800881,1.34906525167801,0.0,0.0,sieve3_sieve3,0.7406245236802581,0.19163364072800881,1.34906525167801,0.0,0.0,sieve3_sieve3,0.7406245236802581,0.19163364072800881,1.34906525167801,0.0,0.0,sieve3_sieve3,0.7406245236802581,0.19163364072800881,1.34906525167801,0.0,0.0,kernel_kernel,0.9960079813391183,0.447017098386869,1.8142523168712363,1.0,0.0,sieve1_sieve1,0.5489908829522493,0.0,0.9999999999981786,0.0,1.0,sieve2_sieve2,1.099971759632549,0.5509808766802996,2.0036248210814454,1.0,0.0,kernel_kernel,0.9960079813391183,0.447017098386869,1.8142523168712363,1.0,0.0,kernel_sieve1,1.0522383678117,0.5032474848594507,1.9166773082847461,1.0,0.0,sieve1_sieve1,0.5489908829522493,0.0,0.9999999999981786,0.0,1.0,0.48571428571428577,0.3333333333333333,1.0,0.23539595453459985,0.21483446221182986,0.0,0.35309393180189985,0.21483446221182986,0.0,0.14285714285714288,0.06666666666666665,0.0,0.11595420713048968,0.0,0.0,ate_err,sieve1_kernel,0.05154079787379546,6.0,sieve3_sieve3,0.7164857496182572,0.6649449517444617,13.901332132241475,1.0,0.0,sieve3_sieve3,0.7164857496182572,0.6649449517444617,13.901332132241475,1.0,0.0,sieve3_sieve3,0.7164857496182572,0.6649449517444617,13.901332132241475,1.0,0.0,sieve3_sieve3,0.7164857496182572,0.6649449517444617,13.901332132241475,1.0,0.0,sieve3_sieve3,0.7164857496182572,0.6649449517444617,13.901332132241475,1.0,0.0,kernel_kernel,0.40231171326879434,0.3507709153949989,7.805694320955269,1.0,0.0,sieve1_sieve1,0.1501712789731548,0.09863048109935935,2.913639003764661,1.0,0.0,sieve2_sieve2,2.0587854240421493,2.0072446261683536,39.94477208217491,1.0,0.0,kernel_kernel,0.40231171326879434,0.3507709153949989,7.805694320955269,1.0,0.0,kernel_sieve1,0.2473550289913552,0.19581423111755974,4.799208378423591,1.0,0.0,sieve1_kernel,0.05154079787379546,0.0,0.999999999980598,0.0,1.0,-0.14285714285714288,-0.06666666666666665,0.0,-0.44136741475237473,-0.21483446221182986,0.0,-0.26482044885142486,-0.21483446221182986,0.0,-0.5428571428571429,-0.3333333333333333,0.0,-0.6377481392176932,-0.41403933560541256,0.0,,,,,,,
G,1,ok,46.5,0bdc51d,1500.0,1.0,,,,,,,,,,,,S1,additive,0.0,0.06363799995383063,pehe,kernel_sieve1,0.5229769742585931,6.0,sieve1_sieve1,0.7613735809349459,0.23839660667635276,1.4558453209395381,0.0,0.0,sieve1_kernel,0.6966265620092913,0.17364958775069816,1.332040598910771,0.0,0.0,kernel_sieve1,0.5229769742585931,0.0,0.9999999999980879,0.0,1.0,sieve1_sieve1,0.7613735809349459,0.23839660667635276,1.4558453209395381,0.0,0.0,sieve1_sieve1,0.7613735809349459,0.23839660667635276,1.4558453209395381,0.0,0.0,kernel_kernel,1.0964545281652076,0.5734775539066145,2.096563677048149,1.0,0.0,sieve1_sieve1,0.7613735809349459,0.23839660667635276,1.4558453209395381,0.0,0.0,kernel_sieve1,0.5229769742585931,0.0,0.9999999999980879,0.0,1.0,kernel_kernel,1.0964545281652076,0.5734775539066145,2.096563677048149,1.0,0.0,kernel_sieve1,0.5229769742585931,0.0,0.9999999999980879,0.0,1.0,kernel_sieve1,0.5229769742585931,0.0,0.9999999999980879,0.0,1.0,-0.14285714285714288,-0.06666666666666665,0.0,-0.08827348295047496,-0.07161148740394328,0.0,0.14712247158412492,0.07161148740394328,1.0,-0.3142857142857143,-0.3333333333333333,0.0,-0.34786262139146906,-0.2760262237369417,0.0,ate_err,sieve1_kernel,0.054403223274326624,6.0,sieve1_sieve1,0.07382204532615792,0.0194188220518313,1.3569424913034203,0.0,0.0,sieve1_kernel,0.054403223274326624,0.0,0.9999999999816188,0.0,1.0,kernel_sieve1,0.08755977098194266,0.03315654770761604,1.609459250949446,1.0,0.0,sieve1_sieve1,0.07382204532615792,0.0194188220518313,1.3569424913034203,0.0,0.0,sieve1_sieve1,0.07382204532615792,0.0194188220518313,1.3569424913034203,0.0,0.0,kernel_kernel,0.23999195279948093,0.18558872952515432,4.411355400486426,1.0,0.0,sieve1_sieve1,0.07382204532615792,0.0194188220518313,1.3569424913034203,0.0,0.0,kernel_sieve1,0.08755977098194266,0.03315654770761604,1.609459250949446,1.0,0.0,kernel_kernel,0.23999195279948093,0.18558872952515432,4.411355400486426,1.0,0.0,kernel_sieve1,0.08755977098194266,0.03315654770761604,1.609459250949446,1.0,0.0,sieve1_kernel,0.054403223274326624,0.0,0.9999999999816188,0.0,1.0,0.028571428571428574,0.06666666666666665,0.0,0.5296408977028497,0.3580574370197165,1.0,0.058848988633649964,0.07161148740394328,0.0,0.08571428571428573,0.06666666666666665,0.0,-0.14494275891311212,-0.13801311186847084,0.0,,,,,,,
G,1,ok,46.1,0bdc51d,1500.0,1.0,,,,,,,,,,,,S1,additive,0.1,0.06442581176618606,pehe,kernel_sieve1,0.523343072072681,6.0,sieve1_sieve1,0.7873570489329279,0.26401397686024686,1.5044759182788543,1.0,0.0,sieve1_kernel,0.7203378732378417,0.19699480116516066,1.3764161821873242,0.0,0.0,kernel_sieve1,0.523343072072681,0.0,0.9999999999980892,0.0,1.0,sieve1_sieve1,0.7873570489329279,0.26401397686024686,1.5044759182788543,1.0,0.0,sieve1_sieve1,0.7873570489329279,0.26401397686024686,1.5044759182788543,1.0,0.0,kernel_kernel,1.0993374646121983,0.5759943925395172,2.1006057465444457,1.0,0.0,sieve1_sieve1,0.7873570489329279,0.26401397686024686,1.5044759182788543,1.0,0.0,kernel_sieve1,0.523343072072681,0.0,0.9999999999980892,0.0,1.0,kernel_kernel,1.0993374646121983,0.5759943925395172,2.1006057465444457,1.0,0.0,kernel_sieve1,0.523343072072681,0.0,0.9999999999980892,0.0,1.0,kernel_sieve1,0.523343072072681,0.0,0.9999999999980892,0.0,1.0,-0.08571428571428573,0.06666666666666665,0.0,0.0,-0.07161148740394328,0.0,0.23539595453459985,0.21483446221182986,1.0,-0.2571428571428572,-0.2,0.0,-0.20291986247835694,-0.13801311186847084,0.0,ate_err,sieve1_kernel,0.05423683748649477,6.0,sieve1_sieve1,0.07567267965115236,0.02143584216465759,1.3952266237610182,0.0,0.0,sieve1_kernel,0.05423683748649477,0.0,0.9999999999815624,0.0,1.0,kernel_sieve1,0.08177453281771926,0.027537695331224493,1.507730476294341,1.0,0.0,sieve1_sieve1,0.07567267965115236,0.02143584216465759,1.3952266237610182,0.0,0.0,sieve1_sieve1,0.07567267965115236,0.02143584216465759,1.3952266237610182,0.0,0.0,kernel_kernel,0.2400058665040903,0.18576902901759554,4.425144931420969,1.0,0.0,sieve1_sieve1,0.07567267965115236,0.02143584216465759,1.3952266237610182,0.0,0.0,kernel_sieve1,0.08177453281771926,0.027537695331224493,1.507730476294341,1.0,0.0,kernel_kernel,0.2400058665040903,0.18576902901759554,4.425144931420969,1.0,0.0,kernel_sieve1,0.08177453281771926,0.027537695331224493,1.507730476294341,1.0,0.0,sieve1_kernel,0.05423683748649477,0.0,0.9999999999815624,0.0,1.0,0.028571428571428574,0.06666666666666665,0.0,0.6473388749701496,0.5012804118276031,1.0,0.058848988633649964,0.07161148740394328,0.0,0.08571428571428573,0.06666666666666665,0.0,-0.14494275891311212,-0.13801311186847084,0.0,,,,,,,
G,1,ok,45.7,0bdc51d,1500.0,1.0,,,,,,,,,,,,S1,additive,0.2,0.06544084019307636,pehe,kernel_sieve1,0.5224880017023589,6.0,sieve1_sieve1,0.810065470706164,0.2875774690038051,1.550400139458277,1.0,0.0,sieve1_kernel,0.7447140822649748,0.22222608056261595,1.4253228396386874,0.0,0.0,kernel_sieve1,0.5224880017023589,0.0,0.9999999999980861,0.0,1.0,sieve1_sieve1,0.810065470706164,0.2875774690038051,1.550400139458277,1.0,0.0,sieve1_sieve1,0.810065470706164,0.2875774690038051,1.550400139458277,1.0,0.0,kernel_kernel,1.0931336785193762,0.5706456768170173,2.092169915779233,1.0,0.0,sieve1_sieve1,0.810065470706164,0.2875774690038051,1.550400139458277,1.0,0.0,kernel_sieve1,0.5224880017023589,0.0,0.9999999999980861,0.0,1.0,kernel_kernel,1.0931336785193762,0.5706456768170173,2.092169915779233,1.0,0.0,kernel_sieve1,0.5224880017023589,0.0,0.9999999999980861,0.0,1.0,kernel_sieve1,0.5224880017023589,0.0,0.9999999999980861,0.0,1.0,-0.14285714285714288,-0.06666666666666665,0.0,0.0,-0.07161148740394328,0.0,0.23539595453459985,0.21483446221182986,1.0,-0.2571428571428572,-0.2,0.0,-0.3768511731740915,-0.2760262237369417,0.0,ate_err,sieve1_kernel,0.054850010319966634,6.0,sieve1_sieve1,0.07940064469528779,0.024550634375321158,1.4475958022734698,0.0,0.0,sieve1_kernel,0.054850010319966634,0.0,0.9999999999817685,0.0,1.0,kernel_sieve1,0.08080083925007388,0.025950828930107243,1.4731235012947197,0.0,0.0,sieve1_sieve1,0.07940064469528779,0.024550634375321158,1.4475958022734698,0.0,0.0,sieve1_sieve1,0.07940064469528779,0.024550634375321158,1.4475958022734698,0.0,0.0,kernel_kernel,0.24065580157073474,0.1858057912507681,4.387525182994234,1.0,0.0,sieve1_sieve1,0.07940064469528779,0.024550634375321158,1.4475958022734698,0.0,0.0,kernel_sieve1,0.08080083925007388,0.025950828930107243,1.4731235012947197,0.0,0.0,kernel_kernel,0.24065580157073474,0.1858057912507681,4.387525182994234,1.0,0.0,kernel_sieve1,0.08080083925007388,0.025950828930107243,1.4731235012947197,0.0,0.0,sieve1_kernel,0.054850010319966634,0.0,0.9999999999817685,0.0,1.0,-0.028571428571428574,-0.06666666666666665,0.0,0.6473388749701496,0.5012804118276031,1.0,0.058848988633649964,0.07161148740394328,0.0,0.08571428571428573,0.06666666666666665,0.0,0.02898855178262242,0.0,0.0,,,,,,,
G,1,ok,45.8,0bdc51d,1500.0,1.0,,,,,,,,,,,,S1,additive,0.3,0.0666300655303818,pehe,kernel_sieve1,0.5229284068144424,6.0,sieve1_sieve1,0.8342815781054735,0.31135317129103113,1.5954030556230947,1.0,0.0,sieve1_kernel,0.7755552099886515,0.25262680317420905,1.4831001718029995,0.0,0.0,kernel_sieve1,0.5229284068144424,0.0,0.9999999999980878,0.0,1.0,sieve1_sieve1,0.8342815781054735,0.31135317129103113,1.5954030556230947,1.0,0.0,sieve1_sieve1,0.8342815781054735,0.31135317129103113,1.5954030556230947,1.0,0.0,kernel_kernel,1.0993259159017346,0.5763975090872921,2.102249374051926,1.0,0.0,sieve1_sieve1,0.8342815781054735,0.31135317129103113,1.5954030556230947,1.0,0.0,kernel_sieve1,0.5229284068144424,0.0,0.9999999999980878,0.0,1.0,kernel_kernel,1.0993259159017346,0.5763975090872921,2.102249374051926,1.0,0.0,kernel_sieve1,0.5229284068144424,0.0,0.9999999999980878,0.0,1.0,kernel_sieve1,0.5229284068144424,0.0,0.9999999999980878,0.0,1.0,-0.08571428571428573,0.06666666666666665,0.0,-0.23539595453459985,-0.21483446221182986,0.0,0.23539595453459985,0.21483446221182986,1.0,-0.2571428571428572,-0.2,0.0,-0.20291986247835694,-0.13801311186847084,0.0,ate_err,sieve1_kernel,0.05661197856232263,6.0,sieve1_sieve1,0.08413452766559067,0.027522549103268033,1.4861612294910878,0.0,0.0,sieve1_kernel,0.05661197856232263,0.0,0.9999999999823359,0.0,1.0,kernel_sieve1,0.09125323661753774,0.03464125805521511,1.6119068602321955,1.0,0.0,sieve1_sieve1,0.08413452766559067,0.027522549103268033,1.4861612294910878,0.0,0.0,sieve1_sieve1,0.08413452766559067,0.027522549103268033,1.4861612294910878,0.0,0.0,kernel_kernel,0.24091320683644366,0.18430122827412102,4.25551646401076,1.0,0.0,sieve1_sieve1,0.08413452766559067,0.027522549103268033,1.4861612294910878,0.0,0.0,kernel_sieve1,0.09125323661753774,0.03464125805521511,1.6119068602321955,1.0,0.0,kernel_kernel,0.24091320683644366,0.18430122827412102,4.25551646401076,1.0,0.0,kernel_sieve1,0.09125323661753774,0.03464125805521511,1.6119068602321955,1.0,0.0,sieve1_kernel,0.05661197856232263,0.0,0.9999999999823359,0.0,1.0,0.028571428571428574,0.06666666666666665,0.0,0.5002164033860248,0.3580574370197165,1.0,0.029424494316824982,0.07161148740394328,0.0,-0.028571428571428574,0.06666666666666665,0.0,-0.23190841426097936,-0.13801311186847084,0.0,,,,,,,
G,1,ok,42.7,0bdc51d,1500.0,1.0,,,,,,,,,,,,S1,missing,0.0,0.06363799995383063,pehe,kernel_sieve1,0.5229769742585931,6.0,sieve1_sieve1,0.7613735809349459,0.23839660667635276,1.4558453209395381,0.0,0.0,sieve1_kernel,0.6966265620092913,0.17364958775069816,1.332040598910771,0.0,0.0,kernel_sieve1,0.5229769742585931,0.0,0.9999999999980879,0.0,1.0,sieve1_sieve1,0.7613735809349459,0.23839660667635276,1.4558453209395381,0.0,0.0,sieve1_sieve1,0.7613735809349459,0.23839660667635276,1.4558453209395381,0.0,0.0,kernel_kernel,1.0964545281652076,0.5734775539066145,2.096563677048149,1.0,0.0,sieve1_sieve1,0.7613735809349459,0.23839660667635276,1.4558453209395381,0.0,0.0,kernel_sieve1,0.5229769742585931,0.0,0.9999999999980879,0.0,1.0,kernel_kernel,1.0964545281652076,0.5734775539066145,2.096563677048149,1.0,0.0,kernel_sieve1,0.5229769742585931,0.0,0.9999999999980879,0.0,1.0,kernel_sieve1,0.5229769742585931,0.0,0.9999999999980879,0.0,1.0,-0.14285714285714288,-0.06666666666666665,0.0,-0.08827348295047496,-0.07161148740394328,0.0,0.14712247158412492,0.07161148740394328,1.0,-0.3142857142857143,-0.3333333333333333,0.0,-0.34786262139146906,-0.2760262237369417,0.0,ate_err,sieve1_kernel,0.054403223274326624,6.0,sieve1_sieve1,0.07382204532615792,0.0194188220518313,1.3569424913034203,0.0,0.0,sieve1_kernel,0.054403223274326624,0.0,0.9999999999816188,0.0,1.0,kernel_sieve1,0.08755977098194266,0.03315654770761604,1.609459250949446,1.0,0.0,sieve1_sieve1,0.07382204532615792,0.0194188220518313,1.3569424913034203,0.0,0.0,sieve1_sieve1,0.07382204532615792,0.0194188220518313,1.3569424913034203,0.0,0.0,kernel_kernel,0.23999195279948093,0.18558872952515432,4.411355400486426,1.0,0.0,sieve1_sieve1,0.07382204532615792,0.0194188220518313,1.3569424913034203,0.0,0.0,kernel_sieve1,0.08755977098194266,0.03315654770761604,1.609459250949446,1.0,0.0,kernel_kernel,0.23999195279948093,0.18558872952515432,4.411355400486426,1.0,0.0,kernel_sieve1,0.08755977098194266,0.03315654770761604,1.609459250949446,1.0,0.0,sieve1_kernel,0.054403223274326624,0.0,0.9999999999816188,0.0,1.0,0.028571428571428574,0.06666666666666665,0.0,0.5296408977028497,0.3580574370197165,1.0,0.058848988633649964,0.07161148740394328,0.0,0.08571428571428573,0.06666666666666665,0.0,-0.14494275891311212,-0.13801311186847084,0.0,,,,,,,
G,1,ok,44.2,0bdc51d,1500.0,1.0,,,,,,,,,,,,S1,missing,0.1,0.0635890315143115,pehe,kernel_sieve1,0.5208230534672059,6.0,sieve1_sieve1,0.7545213067772254,0.23369825331001948,1.448709502685802,0.0,0.0,sieve1_kernel,0.7867402647184804,0.26591721125127443,1.5105711229169074,1.0,0.0,kernel_sieve1,0.5208230534672059,0.0,0.99999999999808,0.0,1.0,sieve1_sieve1,0.7545213067772254,0.23369825331001948,1.448709502685802,0.0,0.0,sieve1_sieve1,0.7545213067772254,0.23369825331001948,1.448709502685802,0.0,0.0,kernel_kernel,1.0872378487673053,0.5664147953000994,2.087537872080151,1.0,0.0,sieve1_sieve1,0.7545213067772254,0.23369825331001948,1.448709502685802,0.0,0.0,kernel_sieve1,0.5208230534672059,0.0,0.99999999999808,0.0,1.0,kernel_kernel,1.0872378487673053,0.5664147953000994,2.087537872080151,1.0,0.0,kernel_sieve1,0.5208230534672059,0.0,0.99999999999808,0.0,1.0,kernel_sieve1,0.5208230534672059,0.0,0.99999999999808,0.0,1.0,0.2571428571428572,0.2,0.0,-0.029424494316824982,-0.07161148740394328,0.0,0.5002164033860248,0.3580574370197165,1.0,-0.14285714285714288,-0.06666666666666665,0.0,-0.05797710356524484,0.0,0.0,ate_err,sieve1_kernel,0.039680956186592765,6.0,sieve1_sieve1,0.04965913133086808,0.009978175144275313,1.2514600478905606,0.0,0.0,sieve1_kernel,0.039680956186592765,0.0,0.999999999974799,0.0,1.0,kernel_sieve1,0.07974125933756228,0.04006030315096951,2.009559924931833,1.0,0.0,sieve1_sieve1,0.04965913133086808,0.009978175144275313,1.2514600478905606,0.0,0.0,sieve1_sieve1,0.04965913133086808,0.009978175144275313,1.2514600478905606,0.0,0.0,kernel_kernel,0.24021435590088322,0.20053339971429046,6.053643333725718,1.0,0.0,sieve1_sieve1,0.04965913133086808,0.009978175144275313,1.2514600478905606,0.0,0.0,kernel_sieve1,0.07974125933756228,0.04006030315096951,2.009559924931833,1.0,0.0,kernel_kernel,0.24021435590088322,0.20053339971429046,6.053643333725718,1.0,0.0,kernel_sieve1,0.07974125933756228,0.04006030315096951,2.009559924931833,1.0,0.0,sieve1_kernel,0.039680956186592765,0.0,0.999999999974799,0.0,1.0,0.028571428571428574,0.06666666666666665,0.0,0.44136741475237473,0.21483446221182986,1.0,0.029424494316824982,0.07161148740394328,0.0,-0.028571428571428574,0.06666666666666665,0.0,-0.23190841426097936,-0.13801311186847084,0.0,,,,,,,
G,1,ok,43.6,0bdc51d,1500.0,1.0,,,,,,,,,,,,S1,missing,0.2,0.06660961863781327,pehe,kernel_sieve1,0.5319820119022818,6.0,sieve1_sieve1,0.7705382922733637,0.2385562803710819,1.448429223229926,0.0,0.0,sieve1_kernel,0.7586627877712507,0.22668077586896895,1.4261060915517971,0.0,0.0,kernel_sieve1,0.5319820119022818,0.0,0.9999999999981203,0.0,1.0,sieve1_sieve1,0.7705382922733637,0.2385562803710819,1.448429223229926,0.0,0.0,sieve1_sieve1,0.7705382922733637,0.2385562803710819,1.448429223229926,0.0,0.0,kernel_kernel,1.0967510606775301,0.5647690487752484,2.0616318524637025,1.0,0.0,sieve1_sieve1,0.7705382922733637,0.2385562803710819,1.448429223229926,0.0,0.0,kernel_sieve1,0.5319820119022818,0.0,0.9999999999981203,0.0,1.0,kernel_kernel,1.0967510606775301,0.5647690487752484,2.0616318524637025,1.0,0.0,kernel_sieve1,0.5319820119022818,0.0,0.9999999999981203,0.0,1.0,kernel_sieve1,0.5319820119022818,0.0,0.9999999999981203,0.0,1.0,-0.08571428571428573,-0.06666666666666665,0.0,-0.029424494316824982,-0.07161148740394328,0.0,0.20597146021777488,0.07161148740394328,1.0,-0.3714285714285715,-0.3333333333333333,0.0,-0.3768511731740915,-0.2760262237369417,0.0,ate_err,sieve1_kernel,0.09782530944524642,6.0,sieve1_sieve1,0.12789106168511824,0.030065752239871818,1.3073412433762093,0.0,0.0,sieve1_kernel,0.09782530944524642,0.0,0.9999999999897776,0.0,1.0,kernel_sieve1,0.12470049489282581,0.026875185447579386,1.2747263013908166,0.0,0.0,sieve1_sieve1,0.12789106168511824,0.030065752239871818,1.3073412433762093,0.0,0.0,sieve1_sieve1,0.12789106168511824,0.030065752239871818,1.3073412433762093,0.0,0.0,kernel_kernel,0.24138321613380412,0.1435579066885577,2.467492487375577,1.0,0.0,sieve1_sieve1,0.12789106168511824,0.030065752239871818,1.3073412433762093,0.0,0.0,kernel_sieve1,0.12470049489282581,0.026875185447579386,1.2747263013908166,0.0,0.0,kernel_kernel,0.24138321613380412,0.1435579066885577,2.467492487375577,1.0,0.0,kernel_sieve1,0.12470049489282581,0.026875185447579386,1.2747263013908166,0.0,0.0,sieve1_kernel,0.09782530944524642,0.0,0.9999999999897776,0.0,1.0,-0.08571428571428573,-0.06666666666666665,0.0,0.26482044885142486,0.21483446221182986,1.0,0.029424494316824982,0.07161148740394328,0.0,-0.2571428571428572,-0.06666666666666665,0.0,-0.4058397249567139,-0.2760262237369417,0.0,,,,,,,
G,1,ok,49.5,0bdc51d,1500.0,1.0,,,,,,,,,,,,S1,missing,0.3,0.07174215896371637,pehe,kernel_sieve1,0.5249791685408064,6.0,sieve1_sieve1,0.7226223340185963,0.19764316547778993,1.3764781105996413,0.0,0.0,sieve3_sieve3,2.274823763927406,1.7498445953865995,4.333169581273112,1.0,0.0,kernel_sieve1,0.5249791685408064,0.0,0.9999999999980952,0.0,1.0,sieve3_sieve3,2.274823763927406,1.7498445953865995,4.333169581273112,1.0,0.0,sieve3_sieve3,2.274823763927406,1.7498445953865995,4.333169581273112,1.0,0.0,kernel_kernel,1.108511888695272,0.5835327201544657,2.111535000092097,1.0,0.0,sieve1_sieve1,0.7226223340185963,0.19764316547778993,1.3764781105996413,0.0,0.0,kernel_sieve1,0.5249791685408064,0.0,0.9999999999980952,0.0,1.0,kernel_kernel,1.108511888695272,0.5835327201544657,2.111535000092097,1.0,0.0,kernel_sieve1,0.5249791685408064,0.0,0.9999999999980952,0.0,1.0,kernel_sieve1,0.5249791685408064,0.0,0.9999999999980952,0.0,1.0,0.2571428571428572,0.2,0.0,-0.26482044885142486,-0.21483446221182986,0.0,0.5002164033860248,0.3580574370197165,1.0,-0.2,-0.06666666666666665,0.0,-0.4058397249567139,-0.2760262237369417,0.0,ate_err,sieve1_kernel,0.02955403039621411,6.0,sieve1_sieve1,0.07422347227540595,0.044669441879191835,2.5114500891358147,1.0,0.0,sieve3_sieve3,0.3223499317043417,0.29279590130812755,10.907139478841701,1.0,0.0,kernel_sieve1,0.10270871895138316,0.07315468855516905,3.4752863677457992,1.0,0.0,sieve3_sieve3,0.3223499317043417,0.29279590130812755,10.907139478841701,1.0,0.0,sieve3_sieve3,0.3223499317043417,0.29279590130812755,10.907139478841701,1.0,0.0,kernel_kernel,0.24394766756378758,0.21439363716757348,8.254294398600306,1.0,0.0,sieve1_sieve1,0.07422347227540595,0.044669441879191835,2.5114500891358147,1.0,0.0,kernel_sieve1,0.10270871895138316,0.07315468855516905,3.4752863677457992,1.0,0.0,kernel_kernel,0.24394766756378758,0.21439363716757348,8.254294398600306,1.0,0.0,kernel_sieve1,0.10270871895138316,0.07315468855516905,3.4752863677457992,1.0,0.0,sieve1_kernel,0.02955403039621411,0.0,0.9999999999661637,0.0,1.0,0.028571428571428574,0.06666666666666665,0.0,0.08827348295047496,0.07161148740394328,0.0,0.029424494316824982,0.07161148740394328,0.0,-0.3142857142857143,-0.2,0.0,-0.23190841426097936,-0.13801311186847084,0.0,,,,,,,
G,2,ok,45.2,0bdc51d,1500.0,1.0,,,,,,,,,,,,S1,additive,0.0,0.06908121196767815,pehe,sieve1_kernel,0.5595046506698039,6.0,sieve1_sieve1,0.5763728771660362,0.01686822649623232,1.03014850095528,0.0,0.0,sieve2_sieve2,0.6683926757785641,0.10888802510876017,1.1946150491818284,0.0,0.0,kernel_sieve1,0.6825746827125804,0.12307003204277644,1.2199624826964794,0.0,0.0,sieve1_sieve1,0.5763728771660362,0.01686822649623232,1.03014850095528,0.0,0.0,sieve1_sieve1,0.5763728771660362,0.01686822649623232,1.03014850095528,0.0,0.0,kernel_kernel,0.8140787618584219,0.25457411118861795,1.4549990976525446,0.0,0.0,sieve1_sieve1,0.5763728771660362,0.01686822649623232,1.03014850095528,0.0,0.0,sieve3_sieve3,1.2133207338289325,0.6538160831591285,2.1685623745472933,1.0,0.0,kernel_kernel,0.8140787618584219,0.25457411118861795,1.4549990976525446,0.0,0.0,kernel_sieve1,0.6825746827125804,0.12307003204277644,1.2199624826964794,0.0,0.0,sieve1_kernel,0.5595046506698039,0.0,0.9999999999982128,0.0,1.0,-0.028571428571428574,-0.06666666666666665,0.0,0.6179143806533246,0.3580574370197165,0.0,-0.08827348295047496,-0.07161148740394328,0.0,0.028571428571428574,0.06666666666666665,0.0,0.17393131069573453,0.13801311186847084,0.0,ate_err,kernel_sieve1,0.07510494850600934,6.0,sieve1_sieve1,0.07659394663619787,0.0014889981301885319,1.0198255662081914,0.0,0.0,sieve2_sieve2,0.3302621727171518,0.25515722421114245,4.397342375999756,1.0,0.0,kernel_sieve1,0.07510494850600934,0.0,0.9999999999866852,0.0,1.0,sieve1_sieve1,0.07659394663619787,0.0014889981301885319,1.0198255662081914,0.0,0.0,sieve1_sieve1,0.07659394663619787,0.0014889981301885319,1.0198255662081914,0.0,0.0,kernel_kernel,0.20484663099256906,0.1297416824865597,2.727471825287934,1.0,0.0,sieve1_sieve1,0.07659394663619787,0.0014889981301885319,1.0198255662081914,0.0,0.0,sieve3_sieve3,0.4610947324741286,0.3859897839681192,6.139338906957587,1.0,0.0,kernel_kernel,0.20484663099256906,0.1297416824865597,2.727471825287934,1.0,0.0,kernel_sieve1,0.07510494850600934,0.0,0.9999999999866852,0.0,1.0,kernel_sieve1,0.07510494850600934,0.0,0.9999999999866852,0.0,1.0,0.14285714285714288,0.06666666666666665,0.0,-0.26482044885142486,-0.21483446221182986,0.0,0.44136741475237473,0.21483446221182986,1.0,-0.08571428571428573,-0.06666666666666665,0.0,-0.28988551782622424,-0.2760262237369417,0.0,,,,,,,
G,2,ok,46.1,0bdc51d,1500.0,1.0,,,,,,,,,,,,S1,additive,0.1,0.06845776774559488,pehe,sieve1_kernel,0.5601098924211637,6.0,sieve1_sieve1,0.5745808185437011,0.01447092612253742,1.0258358695629508,0.0,0.0,sieve2_sieve2,0.646609699518606,0.08649980709744232,1.1544336357324074,0.0,0.0,kernel_sieve1,0.669545955415625,0.10943606299446129,1.1953831997506976,0.0,0.0,sieve1_sieve1,0.5745808185437011,0.01447092612253742,1.0258358695629508,0.0,0.0,sieve1_sieve1,0.5745808185437011,0.01447092612253742,1.0258358695629508,0.0,0.0,kernel_kernel,0.816385334371416,0.2562754419502523,1.457544930765289,0.0,0.0,sieve1_sieve1,0.5745808185437011,0.01447092612253742,1.0258358695629508,0.0,0.0,sieve3_sieve3,2.451365798910104,1.89125590648894,4.376580082007319,1.0,0.0,kernel_kernel,0.816385334371416,0.2562754419502523,1.457544930765289,0.0,0.0,kernel_sieve1,0.669545955415625,0.10943606299446129,1.1953831997506976,0.0,0.0,sieve1_kernel,0.5601098924211637,0.0,0.9999999999982147,0.0,1.0,-0.028571428571428574,-0.06666666666666665,0.0,0.6179143806533246,0.3580574370197165,0.0,-0.08827348295047496,-0.07161148740394328,0.0,0.2,0.2,0.0,0.17393131069573453,0.13801311186847084,0.0,ate_err,kernel_sieve1,0.06957401604633322,6.0,sieve1_sieve1,0.07456249350687645,0.004988477460543234,1.0717002947788643,0.0,0.0,sieve2_sieve2,0.6170458822415116,0.5474718661951784,8.86891281109484,1.0,0.0,kernel_sieve1,0.06957401604633322,0.0,0.9999999999856267,0.0,1.0,sieve1_sieve1,0.07456249350687645,0.004988477460543234,1.0717002947788643,0.0,0.0,sieve1_sieve1,0.07456249350687645,0.004988477460543234,1.0717002947788643,0.0,0.0,kernel_kernel,0.2050470594791144,0.13547304343278116,2.9471787188426055,1.0,0.0,sieve1_sieve1,0.07456249350687645,0.004988477460543234,1.0717002947788643,0.0,0.0,sieve3_sieve3,0.2579287118266032,0.18835469578026998,3.707256336203545,1.0,0.0,kernel_kernel,0.2050470594791144,0.13547304343278116,2.9471787188426055,1.0,0.0,kernel_sieve1,0.06957401604633322,0.0,0.9999999999856267,0.0,1.0,kernel_sieve1,0.06957401604633322,0.0,0.9999999999856267,0.0,1.0,0.2571428571428572,0.2,0.0,-0.44136741475237473,-0.3580574370197165,0.0,0.5002164033860248,0.3580574370197165,1.0,-0.08571428571428573,-0.06666666666666665,0.0,-0.23190841426097936,-0.13801311186847084,0.0,,,,,,,
G,2,ok,46.6,0bdc51d,1500.0,1.0,,,,,,,,,,,,S1,additive,0.2,0.06802987338302147,pehe,kernel_sieve1,0.5563315782251343,6.0,sieve1_sieve1,0.572981460861734,0.01664988263659961,1.0299279841145956,0.0,0.0,sieve2_sieve2,0.6918224635188714,0.1354908852937371,1.2435434021644975,0.0,0.0,kernel_sieve1,0.5563315782251343,0.0,0.9999999999982025,0.0,1.0,sieve1_sieve1,0.572981460861734,0.01664988263659961,1.0299279841145956,0.0,0.0,sieve1_sieve1,0.572981460861734,0.01664988263659961,1.0299279841145956,0.0,0.0,kernel_kernel,0.8158956558955219,0.2595640776703876,1.4665636246948426,0.0,0.0,sieve1_sieve1,0.572981460861734,0.01664988263659961,1.0299279841145956,0.0,0.0,sieve3_sieve3,3.1782672824060563,2.621935704180922,5.712901094954875,1.0,0.0,kernel_kernel,0.8158956558955219,0.2595640776703876,1.4665636246948426,0.0,0.0,kernel_sieve1,0.5563315782251343,0.0,0.9999999999982025,0.0,1.0,kernel_sieve1,0.5563315782251343,0.0,0.9999999999982025,0.0,1.0,0.028571428571428574,0.06666666666666665,0.0,0.0,-0.07161148740394328,0.0,0.29424494316824984,0.21483446221182986,1.0,-0.14285714285714288,-0.06666666666666665,0.0,-0.3188740696088466,-0.2760262237369417,0.0,ate_err,kernel_sieve1,0.06303328201226523,6.0,sieve1_sieve1,0.07201812618602672,0.008984844173761497,1.1425412716233092,0.0,0.0,sieve2_sieve2,1.176613910551197,1.1135806285389318,18.666550002958452,1.0,0.0,kernel_sieve1,0.06303328201226523,0.0,0.9999999999841352,0.0,1.0,sieve1_sieve1,0.07201812618602672,0.008984844173761497,1.1425412716233092,0.0,0.0,sieve1_sieve1,0.07201812618602672,0.008984844173761497,1.1425412716233092,0.0,0.0,kernel_kernel,0.2054943858274129,0.14246110381514765,3.2600933866043498,1.0,0.0,sieve1_sieve1,0.07201812618602672,0.008984844173761497,1.1425412716233092,0.0,0.0,sieve3_sieve3,0.25695681610307136,0.19392353409080615,4.076526049349537,1.0,0.0,kernel_kernel,0.2054943858274129,0.14246110381514765,3.2600933866043498,1.0,0.0,kernel_sieve1,0.06303328201226523,0.0,0.9999999999841352,0.0,1.0,kernel_sieve1,0.06303328201226523,0.0,0.9999999999841352,0.0,1.0,0.028571428571428574,0.06666666666666665,0.0,-0.44136741475237473,-0.3580574370197165,0.0,0.26482044885142486,0.21483446221182986,1.0,-0.2571428571428572,-0.06666666666666665,0.0,-0.4058397249567139,-0.2760262237369417,0.0,,,,,,,
G,2,ok,44.6,0bdc51d,1500.0,1.0,,,,,,,,,,,,S1,additive,0.3,0.06782592052530696,pehe,kernel_sieve1,0.5551274515792456,6.0,sieve1_sieve1,0.5728694626365967,0.01774201105735107,1.031960248058074,0.0,0.0,sieve1_kernel,0.5637481660909218,0.00862071451167623,1.015529252761931,0.0,0.0,kernel_sieve1,0.5551274515792456,0.0,0.9999999999981987,0.0,1.0,sieve1_sieve1,0.5728694626365967,0.01774201105735107,1.031960248058074,0.0,0.0,sieve1_sieve1,0.5728694626365967,0.01774201105735107,1.031960248058074,0.0,0.0,kernel_kernel,0.8197618843456671,0.2646344327664215,1.4767093250605852,0.0,0.0,sieve1_sieve1,0.5728694626365967,0.01774201105735107,1.031960248058074,0.0,0.0,sieve3_sieve3,2.434721568591032,1.8795941170117865,4.385878525121154,1.0,0.0,kernel_kernel,0.8197618843456671,0.2646344327664215,1.4767093250605852,0.0,0.0,kernel_sieve1,0.5551274515792456,0.0,0.9999999999981987,0.0,1.0,kernel_sieve1,0.5551274515792456,0.0,0.9999999999981987,0.0,1.0,0.028571428571428574,0.06666666666666665,0.0,0.17654696590094993,0.21483446221182986,0.0,0.29424494316824984,0.21483446221182986,1.0,-0.14285714285714288,-0.06666666666666665,0.0,-0.3188740696088466,-0.2760262237369417,0.0,ate_err,kernel_sieve1,0.057184567805456804,6.0,sieve1_sieve1,0.06855143826363104,0.011366870458174236,1.198775139748294,0.0,0.0,sieve1_kernel,0.06196387150801716,0.004779303702560356,1.0835768090044167,0.0,0.0,kernel_sieve1,0.057184567805456804,0.0,0.9999999999825128,0.0,1.0,sieve1_sieve1,0.06855143826363104,0.011366870458174236,1.198775139748294,0.0,0.0,sieve1_sieve1,0.06855143826363104,0.011366870458174236,1.198775139748294,0.0,0.0,kernel_kernel,0.20615123077871897,0.14896666297326216,3.6050151061112348,1.0,0.0,sieve1_sieve1,0.06855143826363104,0.011366870458174236,1.198775139748294,0.0,0.0,sieve3_sieve3,0.26019786617157453,0.20301329836611773,4.550141343241824,1.0,0.0,kernel_kernel,0.20615123077871897,0.14896666297326216,3.6050151061112348,1.0,0.0,kernel_sieve1,0.057184567805456804,0.0,0.9999999999825128,0.0,1.0,kernel_sieve1,0.057184567805456804,0.0,0.9999999999825128,0.0,1.0,0.028571428571428574,0.06666666666666665,0.0,-0.029424494316824982,-0.07161148740394328,0.0,0.26482044885142486,0.21483446221182986,1.0,-0.2571428571428572,-0.06666666666666665,0.0,-0.4058397249567139,-0.2760262237369417,0.0,,,,,,,
G,2,ok,43.4,0bdc51d,1500.0,1.0,,,,,,,,,,,,S1,missing,0.0,0.06908121196767815,pehe,sieve1_kernel,0.5595046506698039,6.0,sieve1_sieve1,0.5763728771660362,0.01686822649623232,1.03014850095528,0.0,0.0,sieve2_sieve2,0.6683926757785641,0.10888802510876017,1.1946150491818284,0.0,0.0,kernel_sieve1,0.6825746827125804,0.12307003204277644,1.2199624826964794,0.0,0.0,sieve1_sieve1,0.5763728771660362,0.01686822649623232,1.03014850095528,0.0,0.0,sieve1_sieve1,0.5763728771660362,0.01686822649623232,1.03014850095528,0.0,0.0,kernel_kernel,0.8140787618584219,0.25457411118861795,1.4549990976525446,0.0,0.0,sieve1_sieve1,0.5763728771660362,0.01686822649623232,1.03014850095528,0.0,0.0,sieve3_sieve3,1.2133207338289325,0.6538160831591285,2.1685623745472933,1.0,0.0,kernel_kernel,0.8140787618584219,0.25457411118861795,1.4549990976525446,0.0,0.0,kernel_sieve1,0.6825746827125804,0.12307003204277644,1.2199624826964794,0.0,0.0,sieve1_kernel,0.5595046506698039,0.0,0.9999999999982128,0.0,1.0,-0.028571428571428574,-0.06666666666666665,0.0,0.6179143806533246,0.3580574370197165,0.0,-0.08827348295047496,-0.07161148740394328,0.0,0.028571428571428574,0.06666666666666665,0.0,0.17393131069573453,0.13801311186847084,0.0,ate_err,kernel_sieve1,0.07510494850600934,6.0,sieve1_sieve1,0.07659394663619787,0.0014889981301885319,1.0198255662081914,0.0,0.0,sieve2_sieve2,0.3302621727171518,0.25515722421114245,4.397342375999756,1.0,0.0,kernel_sieve1,0.07510494850600934,0.0,0.9999999999866852,0.0,1.0,sieve1_sieve1,0.07659394663619787,0.0014889981301885319,1.0198255662081914,0.0,0.0,sieve1_sieve1,0.07659394663619787,0.0014889981301885319,1.0198255662081914,0.0,0.0,kernel_kernel,0.20484663099256906,0.1297416824865597,2.727471825287934,1.0,0.0,sieve1_sieve1,0.07659394663619787,0.0014889981301885319,1.0198255662081914,0.0,0.0,sieve3_sieve3,0.4610947324741286,0.3859897839681192,6.139338906957587,1.0,0.0,kernel_kernel,0.20484663099256906,0.1297416824865597,2.727471825287934,1.0,0.0,kernel_sieve1,0.07510494850600934,0.0,0.9999999999866852,0.0,1.0,kernel_sieve1,0.07510494850600934,0.0,0.9999999999866852,0.0,1.0,0.14285714285714288,0.06666666666666665,0.0,-0.26482044885142486,-0.21483446221182986,0.0,0.44136741475237473,0.21483446221182986,1.0,-0.08571428571428573,-0.06666666666666665,0.0,-0.28988551782622424,-0.2760262237369417,0.0,,,,,,,
G,2,ok,42.2,0bdc51d,1500.0,1.0,,,,,,,,,,,,S1,missing,0.1,0.06808971753811503,pehe,kernel_sieve1,0.5567104998266845,6.0,sieve1_sieve1,0.5774648684011029,0.02075436857441837,1.0372803613006085,0.0,0.0,sieve1_kernel,0.5650596114508543,0.008349111624169736,1.0149972231990487,0.0,0.0,kernel_sieve1,0.5567104998266845,0.0,0.9999999999982038,0.0,1.0,sieve1_sieve1,0.5774648684011029,0.02075436857441837,1.0372803613006085,0.0,0.0,sieve1_sieve1,0.5774648684011029,0.02075436857441837,1.0372803613006085,0.0,0.0,kernel_kernel,0.8222102300922228,0.2654997302655383,1.47690807043646,0.0,0.0,sieve1_sieve1,0.5774648684011029,0.02075436857441837,1.0372803613006085,0.0,0.0,sieve3_sieve3,0.7793902024593257,0.22267970263264114,1.39999192165509,0.0,0.0,kernel_kernel,0.8222102300922228,0.2654997302655383,1.47690807043646,0.0,0.0,kernel_sieve1,0.5567104998266845,0.0,0.9999999999982038,0.0,1.0,kernel_sieve1,0.5567104998266845,0.0,0.9999999999982038,0.0,1.0,0.2571428571428572,0.2,0.0,0.26482044885142486,0.3580574370197165,0.0,0.44136741475237473,0.3580574370197165,1.0,0.08571428571428573,0.06666666666666665,0.0,-0.11595420713048968,-0.13801311186847084,0.0,ate_err,sieve1_sieve1,0.07272308885527139,6.0,sieve1_sieve1,0.07272308885527139,0.0,0.9999999999862491,0.0,1.0,sieve1_kernel,0.09598540196166039,0.023262313106389,1.3198752070523876,0.0,0.0,kernel_sieve1,0.08110930839448842,0.008386219539217032,1.1153171526417338,0.0,0.0,sieve1_sieve1,0.07272308885527139,0.0,0.9999999999862491,0.0,1.0,sieve1_sieve1,0.07272308885527139,0.0,0.9999999999862491,0.0,1.0,kernel_kernel,0.20529989466510593,0.13257680580983455,2.823035955896441,1.0,0.0,sieve1_sieve1,0.07272308885527139,0.0,0.9999999999862491,0.0,1.0,sieve3_sieve3,0.3717486417535807,0.2990255528983093,5.11183789907904,1.0,0.0,kernel_kernel,0.20529989466510593,0.13257680580983455,2.823035955896441,1.0,0.0,kernel_sieve1,0.08110930839448842,0.008386219539217032,1.1153171526417338,0.0,0.0,sieve1_sieve1,0.07272308885527139,0.0,0.9999999999862491,0.0,1.0,0.3714285714285715,0.3333333333333333,1.0,0.20597146021777488,0.07161148740394328,1.0,0.5002164033860248,0.3580574370197165,1.0,0.14285714285714288,0.2,1.0,0.02898855178262242,0.0,1.0,,,,,,,
G,2,ok,42.9,0bdc51d,1500.0,1.0,,,,,,,,,,,,S1,missing,0.2,0.07112980272167814,pehe,kernel_sieve1,0.5582713086128914,6.0,sieve1_sieve1,0.5924937907982327,0.034222482185341296,1.06130080779059,0.0,0.0,sieve3_sieve3,0.9333027403759507,0.3750314317630593,1.6717727133303864,1.0,0.0,kernel_sieve1,0.5582713086128914,0.0,0.9999999999982088,0.0,1.0,sieve1_sieve1,0.5924937907982327,0.034222482185341296,1.06130080779059,0.0,0.0,sieve3_sieve3,0.9333027403759507,0.3750314317630593,1.6717727133303864,1.0,0.0,kernel_kernel,0.826059699807662,0.2677883911947706,1.4796742857136098,0.0,0.0,sieve1_sieve1,0.5924937907982327,0.034222482185341296,1.06130080779059,0.0,0.0,sieve3_sieve3,0.9333027403759507,0.3750314317630593,1.6717727133303864,1.0,0.0,kernel_kernel,0.826059699807662,0.2677883911947706,1.4796742857136098,0.0,0.0,kernel_sieve1,0.5582713086128914,0.0,0.9999999999982088,0.0,1.0,kernel_sieve1,0.5582713086128914,0.0,0.9999999999982088,0.0,1.0,0.028571428571428574,0.06666666666666665,0.0,-0.26482044885142486,-0.21483446221182986,0.0,0.26482044885142486,0.21483446221182986,1.0,-0.2571428571428572,-0.06666666666666665,0.0,-0.5217939320872036,-0.41403933560541256,0.0,ate_err,kernel_sieve1,0.07226533523322431,6.0,sieve1_sieve1,0.09859079005827966,0.02632545482505534,1.3642888355631373,0.0,0.0,sieve3_sieve3,0.5716376971481236,0.4993723619148993,7.910261473157884,1.0,0.0,kernel_sieve1,0.07226533523322431,0.0,0.9999999999861621,0.0,1.0,sieve1_sieve1,0.09859079005827966,0.02632545482505534,1.3642888355631373,0.0,0.0,sieve3_sieve3,0.5716376971481236,0.4993723619148993,7.910261473157884,1.0,0.0,kernel_kernel,0.20551353717243767,0.13324820193921336,2.843874404046326,1.0,0.0,sieve1_sieve1,0.09859079005827966,0.02632545482505534,1.3642888355631373,0.0,0.0,sieve3_sieve3,0.5716376971481236,0.4993723619148993,7.910261473157884,1.0,0.0,kernel_kernel,0.20551353717243767,0.13324820193921336,2.843874404046326,1.0,0.0,kernel_sieve1,0.07226533523322431,0.0,0.9999999999861621,0.0,1.0,kernel_sieve1,0.07226533523322431,0.0,0.9999999999861621,0.0,1.0,0.2571428571428572,0.2,0.0,-0.26482044885142486,-0.21483446221182986,0.0,0.5002164033860248,0.3580574370197165,1.0,-0.028571428571428574,0.06666666666666665,0.0,-0.4058397249567139,-0.2760262237369417,0.0,,,,,,,
G,2,ok,25.4,0bdc51d,1500.0,1.0,,,,,,,,,,,,S1,missing,0.3,0.07365173512413753,pehe,kernel_sieve1,0.5656792755879533,6.0,sieve1_sieve1,0.6319037271464987,0.0662244515585454,1.1170706695743737,0.0,0.0,sieve1_kernel,0.6647709711901035,0.09909169560215025,1.1751729290382462,0.0,0.0,kernel_sieve1,0.5656792755879533,0.0,0.9999999999982323,0.0,1.0,sieve1_sieve1,0.6319037271464987,0.0662244515585454,1.1170706695743737,0.0,0.0,sieve1_sieve1,0.6319037271464987,0.0662244515585454,1.1170706695743737,0.0,0.0,kernel_kernel,0.8256401736473694,0.25996089805941613,1.4595552803092522,0.0,0.0,sieve1_sieve1,0.6319037271464987,0.0662244515585454,1.1170706695743737,0.0,0.0,sieve3_sieve3,0.8062821583354073,0.240602882747454,1.4253344485635469,0.0,0.0,kernel_kernel,0.8256401736473694,0.25996089805941613,1.4595552803092522,0.0,0.0,kernel_sieve1,0.5656792755879533,0.0,0.9999999999982323,0.0,1.0,kernel_sieve1,0.5656792755879533,0.0,0.9999999999982323,0.0,1.0,0.48571428571428577,0.3333333333333333,0.0,0.17654696590094993,0.21483446221182986,0.0,0.6473388749701496,0.5012804118276031,1.0,0.08571428571428573,0.06666666666666665,0.0,-0.02898855178262242,0.0,0.0,ate_err,kernel_sieve1,0.1496038304277398,6.0,sieve1_sieve1,0.16376946608983556,0.014165635662095749,1.0946876535212995,0.0,0.0,sieve1_kernel,0.20076076245400473,0.05115693202626492,1.3419493463413177,0.0,0.0,kernel_sieve1,0.1496038304277398,0.0,0.9999999999933157,0.0,1.0,sieve1_sieve1,0.16376946608983556,0.014165635662095749,1.0946876535212995,0.0,0.0,sieve1_sieve1,0.16376946608983556,0.014165635662095749,1.0946876535212995,0.0,0.0,kernel_kernel,0.20624244126340288,0.05663861083566307,1.3785906461909845,0.0,0.0,sieve1_sieve1,0.16376946608983556,0.014165635662095749,1.0946876535212995,0.0,0.0,sieve3_sieve3,0.4002998769658647,0.25069604653812494,2.6757328058958887,1.0,0.0,kernel_kernel,0.20624244126340288,0.05663861083566307,1.3785906461909845,0.0,0.0,kernel_sieve1,0.1496038304277398,0.0,0.9999999999933157,0.0,1.0,kernel_sieve1,0.1496038304277398,0.0,0.9999999999933157,0.0,1.0,0.2571428571428572,0.2,0.0,0.029424494316824982,0.07161148740394328,0.0,0.5002164033860248,0.3580574370197165,1.0,-0.14285714285714288,-0.06666666666666665,0.0,-0.23190841426097936,-0.13801311186847084,0.0,,,,,,,
G,3,ok,46.5,0bdc51d,1500.0,1.0,,,,,,,,,,,,S1,additive,0.0,0.07476697977860065,pehe,sieve1_sieve1,0.5079645154385112,6.0,sieve1_sieve1,0.5079645154385112,0.0,0.9999999999980314,0.0,1.0,sieve1_kernel,0.6291077325011298,0.12114321706261866,1.2384875584405748,0.0,0.0,kernel_sieve1,0.5671419111211745,0.059177395682663336,1.116499074015949,0.0,0.0,sieve1_sieve1,0.5079645154385112,0.0,0.9999999999980314,0.0,1.0,sieve1_sieve1,0.5079645154385112,0.0,0.9999999999980314,0.0,1.0,kernel_kernel,0.9244400428959274,0.41647552745741623,1.8198909860781614,1.0,0.0,sieve1_sieve1,0.5079645154385112,0.0,0.9999999999980314,0.0,1.0,sieve1_sieve1,0.5079645154385112,0.0,0.9999999999980314,0.0,1.0,kernel_kernel,0.9244400428959274,0.41647552745741623,1.8198909860781614,1.0,0.0,kernel_sieve1,0.5671419111211745,0.059177395682663336,1.116499074015949,0.0,0.0,sieve1_sieve1,0.5079645154385112,0.0,0.9999999999980314,0.0,1.0,0.7142857142857143,0.6,1.0,0.5002164033860248,0.5012804118276031,1.0,0.7356123579206245,0.6445033866354897,1.0,0.5428571428571429,0.4666666666666666,1.0,0.3768511731740915,0.2760262237369417,1.0,ate_err,sieve1_sieve1,0.06170855322444827,6.0,sieve1_sieve1,0.06170855322444827,0.0,0.9999999999837949,0.0,1.0,sieve1_kernel,0.09301186913789661,0.031303315913448336,1.5072767756859193,1.0,0.0,kernel_sieve1,0.1409186943872357,0.07921014116278743,2.283616889742954,1.0,0.0,sieve1_sieve1,0.06170855322444827,0.0,0.9999999999837949,0.0,1.0,sieve1_sieve1,0.06170855322444827,0.0,0.9999999999837949,0.0,1.0,kernel_kernel,0.276239550804604,0.21453099758015573,4.476519645427116,1.0,0.0,sieve1_sieve1,0.06170855322444827,0.0,0.9999999999837949,0.0,1.0,sieve1_sieve1,0.06170855322444827,0.0,0.9999999999837949,0.0,1.0,kernel_kernel,0.276239550804604,0.21453099758015573,4.476519645427116,1.0,0.0,kernel_sieve1,0.1409186943872357,0.07921014116278743,2.283616889742954,1.0,0.0,sieve1_sieve1,0.06170855322444827,0.0,0.9999999999837949,0.0,1.0,0.48571428571428577,0.3333333333333333,1.0,0.6473388749701496,0.5012804118276031,1.0,0.41194292043554975,0.3580574370197165,1.0,0.3142857142857143,0.2,1.0,0.3188740696088466,0.2760262237369417,1.0,,,,,,,
G,3,ok,59.7,0bdc51d,1500.0,1.0,,,,,,,,,,,,S1,additive,0.1,0.07512350337195212,pehe,sieve1_sieve1,0.5079090854469807,6.0,sieve1_sieve1,0.5079090854469807,0.0,0.9999999999980312,0.0,1.0,sieve1_kernel,0.625117060433691,0.11720797498671032,1.2307656593351384,0.0,0.0,kernel_sieve1,0.5682543240659221,0.06034523861894148,1.1188111029057817,0.0,0.0,sieve1_sieve1,0.5079090854469807,0.0,0.9999999999980312,0.0,1.0,sieve1_sieve1,0.5079090854469807,0.0,0.9999999999980312,0.0,1.0,kernel_kernel,0.9233380524302571,0.41542896698327647,1.8179199366277612,1.0,0.0,sieve1_sieve1,0.5079090854469807,0.0,0.9999999999980312,0.0,1.0,sieve1_sieve1,0.5079090854469807,0.0,0.9999999999980312,0.0,1.0,kernel_kernel,0.9233380524302571,0.41542896698327647,1.8179199366277612,1.0,0.0,kernel_sieve1,0.5682543240659221,0.06034523861894148,1.1188111029057817,0.0,0.0,sieve1_sieve1,0.5079090854469807,0.0,0.9999999999980312,0.0,1.0,0.7142857142857143,0.6,1.0,0.5002164033860248,0.5012804118276031,1.0,0.7356123579206245,0.6445033866354897,1.0,0.5428571428571429,0.4666666666666666,1.0,0.3768511731740915,0.2760262237369417,1.0,ate_err,sieve1_sieve1,0.06503002668168889,6.0,sieve1_sieve1,0.06503002668168889,0.0,0.9999999999846224,0.0,1.0,sieve1_kernel,0.09048154834072004,0.025451521659031154,1.391381073580374,0.0,0.0,kernel_sieve1,0.138791079984226,0.0737610533025371,2.1342614644993283,1.0,0.0,sieve1_sieve1,0.06503002668168889,0.0,0.9999999999846224,0.0,1.0,sieve1_sieve1,0.06503002668168889,0.0,0.9999999999846224,0.0,1.0,kernel_kernel,0.2758231721330432,0.2107931454513543,4.24147407287575,1.0,0.0,sieve1_sieve1,0.06503002668168889,0.0,0.9999999999846224,0.0,1.0,sieve1_sieve1,0.06503002668168889,0.0,0.9999999999846224,0.0,1.0,kernel_kernel,0.2758231721330432,0.2107931454513543,4.24147407287575,1.0,0.0,kernel_sieve1,0.138791079984226,0.0737610533025371,2.1342614644993283,1.0,0.0,sieve1_sieve1,0.06503002668168889,0.0,0.9999999999846224,0.0,1.0,0.2571428571428572,0.2,1.0,0.5002164033860248,0.3580574370197165,1.0,0.26482044885142486,0.21483446221182986,1.0,0.08571428571428573,0.06666666666666665,1.0,0.11595420713048968,0.13801311186847084,1.0,,,,,,,
G,3,ok,60.9,0bdc51d,1500.0,1.0,,,,,,,,,,,,S1,additive,0.2,0.07557203104329557,pehe,sieve1_sieve1,0.5101863232598227,6.0,sieve1_sieve1,0.5101863232598227,0.0,0.99999999999804,0.0,1.0,sieve1_kernel,0.6224933462646552,0.11230702300483253,1.2201294270023342,0.0,0.0,kernel_sieve1,0.568667512118833,0.058481188859010325,1.1146271199200943,0.0,0.0,sieve1_sieve1,0.5101863232598227,0.0,0.99999999999804,0.0,1.0,sieve1_sieve1,0.5101863232598227,0.0,0.99999999999804,0.0,1.0,kernel_kernel,0.9272373195911431,0.41705099633132037,1.8174484052507838,1.0,0.0,sieve1_sieve1,0.5101863232598227,0.0,0.99999999999804,0.0,1.0,sieve1_sieve1,0.5101863232598227,0.0,0.99999999999804,0.0,1.0,kernel_kernel,0.9272373195911431,0.41705099633132037,1.8174484052507838,1.0,0.0,kernel_sieve1,0.568667512118833,0.058481188859010325,1.1146271199200943,0.0,0.0,sieve1_sieve1,0.5101863232598227,0.0,0.99999999999804,0.0,1.0,0.7142857142857143,0.6,1.0,0.44136741475237473,0.3580574370197165,1.0,0.7356123579206245,0.6445033866354897,1.0,0.5428571428571429,0.4666666666666666,1.0,0.3768511731740915,0.2760262237369417,1.0,ate_err,sieve1_sieve1,0.0699642506921132,6.0,sieve1_sieve1,0.0699642506921132,0.0,0.9999999999857069,0.0,1.0,sieve1_kernel,0.08847133688772012,0.01850708619560691,1.2645220382018414,0.0,0.0,kernel_sieve1,0.1373477396077072,0.06738348891559398,1.96311313630958,1.0,0.0,sieve1_sieve1,0.0699642506921132,0.0,0.9999999999857069,0.0,1.0,sieve1_sieve1,0.0699642506921132,0.0,0.9999999999857069,0.0,1.0,kernel_kernel,0.2756058765372928,0.2056416258451796,3.93923859409562,1.0,0.0,sieve1_sieve1,0.0699642506921132,0.0,0.9999999999857069,0.0,1.0,sieve1_sieve1,0.0699642506921132,0.0,0.9999999999857069,0.0,1.0,kernel_kernel,0.2756058765372928,0.2056416258451796,3.93923859409562,1.0,0.0,kernel_sieve1,0.1373477396077072,0.06738348891559398,1.96311313630958,1.0,0.0,sieve1_sieve1,0.0699642506921132,0.0,0.9999999999857069,0.0,1.0,0.2571428571428572,0.2,1.0,0.44136741475237473,0.21483446221182986,1.0,0.26482044885142486,0.21483446221182986,1.0,0.08571428571428573,0.06666666666666665,1.0,0.11595420713048968,0.13801311186847084,1.0,,,,,,,
G,3,ok,60.7,0bdc51d,1500.0,1.0,,,,,,,,,,,,S1,additive,0.3,0.07602558263782556,pehe,sieve1_sieve1,0.5146407654922596,6.0,sieve1_sieve1,0.5146407654922596,0.0,0.9999999999980569,0.0,1.0,sieve1_kernel,0.6228298695267879,0.1081891040345283,1.2102225693874717,0.0,0.0,kernel_sieve1,0.5706122475338877,0.05597148204162816,1.1087583529979055,0.0,0.0,sieve1_sieve1,0.5146407654922596,0.0,0.9999999999980569,0.0,1.0,sieve1_sieve1,0.5146407654922596,0.0,0.9999999999980569,0.0,1.0,kernel_kernel,0.9268034753994987,0.41216270990723913,1.8008745858117168,1.0,0.0,sieve1_sieve1,0.5146407654922596,0.0,0.9999999999980569,0.0,1.0,sieve1_sieve1,0.5146407654922596,0.0,0.9999999999980569,0.0,1.0,kernel_kernel,0.9268034753994987,0.41216270990723913,1.8008745858117168,1.0,0.0,kernel_sieve1,0.5706122475338877,0.05597148204162816,1.1087583529979055,0.0,0.0,sieve1_sieve1,0.5146407654922596,0.0,0.9999999999980569,0.0,1.0,0.7142857142857143,0.6,1.0,0.5002164033860248,0.5012804118276031,1.0,0.7356123579206245,0.6445033866354897,1.0,0.5428571428571429,0.4666666666666666,1.0,0.3768511731740915,0.2760262237369417,1.0,ate_err,sieve1_sieve1,0.07543140934784534,6.0,sieve1_sieve1,0.07543140934784534,0.0,0.9999999999867428,0.0,1.0,sieve1_kernel,0.08683118031410708,0.01139977096626174,1.151127641173209,0.0,0.0,kernel_sieve1,0.13648286210610183,0.06105145275825649,1.8093638085815644,1.0,0.0,sieve1_sieve1,0.07543140934784534,0.0,0.9999999999867428,0.0,1.0,sieve1_sieve1,0.07543140934784534,0.0,0.9999999999867428,0.0,1.0,kernel_kernel,0.275461825890098,0.20003041654225265,3.6518186292420713,1.0,0.0,sieve1_sieve1,0.07543140934784534,0.0,0.9999999999867428,0.0,1.0,sieve1_sieve1,0.07543140934784534,0.0,0.9999999999867428,0.0,1.0,kernel_kernel,0.275461825890098,0.20003041654225265,3.6518186292420713,1.0,0.0,kernel_sieve1,0.13648286210610183,0.06105145275825649,1.8093638085815644,1.0,0.0,sieve1_sieve1,0.07543140934784534,0.0,0.9999999999867428,0.0,1.0,0.2571428571428572,0.2,1.0,0.5002164033860248,0.3580574370197165,1.0,0.26482044885142486,0.21483446221182986,1.0,0.08571428571428573,0.06666666666666665,1.0,0.11595420713048968,0.13801311186847084,1.0,,,,,,,
G,3,ok,61.8,0bdc51d,1500.0,1.0,,,,,,,,,,,,S1,missing,0.0,0.07476697977860065,pehe,sieve1_sieve1,0.5079645154385112,6.0,sieve1_sieve1,0.5079645154385112,0.0,0.9999999999980314,0.0,1.0,sieve1_kernel,0.6291077325011298,0.12114321706261866,1.2384875584405748,0.0,0.0,kernel_sieve1,0.5671412332039303,0.05917671776541911,1.1164977394399629,0.0,0.0,sieve1_sieve1,0.5079645154385112,0.0,0.9999999999980314,0.0,1.0,sieve1_sieve1,0.5079645154385112,0.0,0.9999999999980314,0.0,1.0,kernel_kernel,0.9248601372607846,0.41689562182227347,1.8207180012575461,1.0,0.0,sieve1_sieve1,0.5079645154385112,0.0,0.9999999999980314,0.0,1.0,sieve1_sieve1,0.5079645154385112,0.0,0.9999999999980314,0.0,1.0,kernel_kernel,0.9248601372607846,0.41689562182227347,1.8207180012575461,1.0,0.0,kernel_sieve1,0.5671412332039303,0.05917671776541911,1.1164977394399629,0.0,0.0,sieve1_sieve1,0.5079645154385112,0.0,0.9999999999980314,0.0,1.0,0.7142857142857143,0.6,1.0,0.5002164033860248,0.5012804118276031,1.0,0.7356123579206245,0.6445033866354897,1.0,0.5428571428571429,0.4666666666666666,1.0,0.3768511731740915,0.2760262237369417,1.0,ate_err,sieve1_sieve1,0.06170855322444827,6.0,sieve1_sieve1,0.06170855322444827,0.0,0.9999999999837949,0.0,1.0,sieve1_kernel,0.09301186913789661,0.031303315913448336,1.5072767756859193,1.0,0.0,kernel_sieve1,0.14091377440197914,0.07920522117753087,2.283537160353762,1.0,0.0,sieve1_sieve1,0.06170855322444827,0.0,0.9999999999837949,0.0,1.0,sieve1_sieve1,0.06170855322444827,0.0,0.9999999999837949,0.0,1.0,kernel_kernel,0.2762396946540444,0.21453114142959614,4.476521976537358,1.0,0.0,sieve1_sieve1,0.06170855322444827,0.0,0.9999999999837949,0.0,1.0,sieve1_sieve1,0.06170855322444827,0.0,0.9999999999837949,0.0,1.0,kernel_kernel,0.2762396946540444,0.21453114142959614,4.476521976537358,1.0,0.0,kernel_sieve1,0.14091377440197914,0.07920522117753087,2.283537160353762,1.0,0.0,sieve1_sieve1,0.06170855322444827,0.0,0.9999999999837949,0.0,1.0,0.48571428571428577,0.3333333333333333,1.0,0.6473388749701496,0.5012804118276031,1.0,0.41194292043554975,0.3580574370197165,1.0,0.3142857142857143,0.2,1.0,0.3188740696088466,0.2760262237369417,1.0,,,,,,,
G,3,ok,60.0,0bdc51d,1500.0,1.0,,,,,,,,,,,,S1,missing,0.1,0.07648198637232115,pehe,sieve1_sieve1,0.4920817116720106,6.0,sieve1_sieve1,0.4920817116720106,0.0,0.9999999999979678,0.0,1.0,sieve1_kernel,0.597496729021843,0.10541501734983244,1.2142225871195982,0.0,0.0,kernel_sieve1,0.5692988978781652,0.07721718620615464,1.156919439136697,0.0,0.0,sieve1_sieve1,0.4920817116720106,0.0,0.9999999999979678,0.0,1.0,sieve1_sieve1,0.4920817116720106,0.0,0.9999999999979678,0.0,1.0,kernel_kernel,0.9277299408364316,0.435648229164421,1.8853168464283636,1.0,0.0,sieve1_sieve1,0.4920817116720106,0.0,0.9999999999979678,0.0,1.0,sieve1_sieve1,0.4920817116720106,0.0,0.9999999999979678,0.0,1.0,kernel_kernel,0.9277299408364316,0.435648229164421,1.8853168464283636,1.0,0.0,kernel_sieve1,0.5692988978781652,0.07721718620615464,1.156919439136697,0.0,0.0,sieve1_sieve1,0.4920817116720106,0.0,0.9999999999979678,0.0,1.0,0.6,0.4666666666666666,1.0,0.41194292043554975,0.3580574370197165,1.0,0.6473388749701496,0.5012804118276031,1.0,0.3142857142857143,0.2,1.0,0.23190841426097936,0.13801311186847084,1.0,ate_err,sieve1_kernel,0.04436863662250232,6.0,sieve1_sieve1,0.04675064803745063,0.002382011414948315,1.0536868291482853,0.0,0.0,sieve1_kernel,0.04436863662250232,0.0,0.9999999999774616,0.0,1.0,kernel_sieve1,0.0944448921615297,0.05007625553902738,2.1286408451753442,1.0,0.0,sieve1_sieve1,0.04675064803745063,0.002382011414948315,1.0536868291482853,0.0,0.0,sieve1_sieve1,0.04675064803745063,0.002382011414948315,1.0536868291482853,0.0,0.0,kernel_kernel,0.27598817915229434,0.23161954252979203,6.220343922087114,1.0,0.0,sieve1_sieve1,0.04675064803745063,0.002382011414948315,1.0536868291482853,0.0,0.0,sieve1_sieve1,0.04675064803745063,0.002382011414948315,1.0536868291482853,0.0,0.0,kernel_kernel,0.27598817915229434,0.23161954252979203,6.220343922087114,1.0,0.0,kernel_sieve1,0.0944448921615297,0.05007625553902738,2.1286408451753442,1.0,0.0,sieve1_kernel,0.04436863662250232,0.0,0.9999999999774616,0.0,1.0,0.028571428571428574,0.06666666666666665,0.0,0.5002164033860248,0.3580574370197165,1.0,0.029424494316824982,0.07161148740394328,0.0,-0.028571428571428574,0.06666666666666665,0.0,-0.05797710356524484,0.0,0.0,,,,,,,
G,3,ok,60.9,0bdc51d,1500.0,1.0,,,,,,,,,,,,S1,missing,0.2,0.08430439545185309,pehe,sieve1_sieve1,0.524036474831006,6.0,sieve1_sieve1,0.524036474831006,0.0,0.9999999999980917,0.0,1.0,sieve3_sieve3,0.7083003596527073,0.1842638848217013,1.3516241591384877,0.0,0.0,kernel_sieve1,0.5550010571262373,0.030964582295231247,1.0590886012355492,0.0,0.0,sieve3_sieve3,0.7083003596527073,0.1842638848217013,1.3516241591384877,0.0,0.0,sieve3_sieve3,0.7083003596527073,0.1842638848217013,1.3516241591384877,0.0,0.0,kernel_kernel,0.9194129077941465,0.3953764329631405,1.7544826590341618,1.0,0.0,sieve1_sieve1,0.524036474831006,0.0,0.9999999999980917,0.0,1.0,sieve1_sieve1,0.524036474831006,0.0,0.9999999999980917,0.0,1.0,kernel_kernel,0.9194129077941465,0.3953764329631405,1.7544826590341618,1.0,0.0,kernel_sieve1,0.5550010571262373,0.030964582295231247,1.0590886012355492,0.0,0.0,sieve1_sieve1,0.524036474831006,0.0,0.9999999999980917,0.0,1.0,0.6,0.4666666666666666,1.0,-0.29424494316824984,-0.21483446221182986,0.0,0.6473388749701496,0.5012804118276031,1.0,0.2,0.2,1.0,0.05797710356524484,0.0,1.0,ate_err,kernel_sieve1,0.05864731479391392,6.0,sieve1_sieve1,0.07548780134780461,0.016840486553890692,1.287148467270511,0.0,0.0,sieve3_sieve3,0.15401583392838955,0.09536851913447564,2.626136157588349,1.0,0.0,kernel_sieve1,0.05864731479391392,0.0,0.999999999982949,0.0,1.0,sieve3_sieve3,0.15401583392838955,0.09536851913447564,2.626136157588349,1.0,0.0,sieve3_sieve3,0.15401583392838955,0.09536851913447564,2.626136157588349,1.0,0.0,kernel_kernel,0.27835829262824047,0.21971097783432655,4.746309248797536,1.0,0.0,sieve1_sieve1,0.07548780134780461,0.016840486553890692,1.287148467270511,0.0,0.0,sieve1_sieve1,0.07548780134780461,0.016840486553890692,1.287148467270511,0.0,0.0,kernel_kernel,0.27835829262824047,0.21971097783432655,4.746309248797536,1.0,0.0,kernel_sieve1,0.05864731479391392,0.0,0.999999999982949,0.0,1.0,kernel_sieve1,0.05864731479391392,0.0,0.999999999982949,0.0,1.0,0.48571428571428577,0.3333333333333333,0.0,-0.41194292043554975,-0.3580574370197165,0.0,0.6473388749701496,0.5012804118276031,1.0,0.08571428571428573,0.06666666666666665,0.0,-0.14494275891311212,-0.13801311186847084,0.0,,,,,,,
G,3,ok,44.1,0bdc51d,1500.0,1.0,,,,,,,,,,,,S1,missing,0.3,0.08772728935182673,pehe,sieve1_sieve1,0.5314006417421694,6.0,sieve1_sieve1,0.5314006417421694,0.0,0.9999999999981182,0.0,1.0,sieve2_sieve2,3.6815626095259053,3.150161967783736,6.92803568593588,1.0,0.0,kernel_sieve1,0.5632192332972965,0.03181859155512712,1.0598768406634806,0.0,0.0,sieve2_sieve2,3.6815626095259053,3.150161967783736,6.92803568593588,1.0,0.0,sieve3_sieve3,0.59248760672769,0.061086964985520575,1.1149546315641155,0.0,0.0,kernel_kernel,0.9208047961699496,0.3894041544277802,1.732788265270825,1.0,0.0,sieve1_sieve1,0.5314006417421694,0.0,0.9999999999981182,0.0,1.0,sieve1_sieve1,0.5314006417421694,0.0,0.9999999999981182,0.0,1.0,kernel_kernel,0.9208047961699496,0.3894041544277802,1.732788265270825,1.0,0.0,kernel_sieve1,0.5632192332972965,0.03181859155512712,1.0598768406634806,0.0,0.0,sieve1_sieve1,0.5314006417421694,0.0,0.9999999999981182,0.0,1.0,0.5428571428571429,0.4666666666666666,1.0,-0.3236694374850748,-0.21483446221182986,0.0,0.7944613465542746,0.6445033866354897,1.0,-0.028571428571428574,0.06666666666666665,0.0,0.11595420713048968,0.13801311186847084,0.0,ate_err,kernel_sieve1,0.0718568762262239,6.0,sieve1_sieve1,0.07963933263726719,0.00778245641104329,1.1083049642379919,0.0,0.0,sieve2_sieve2,9.503665898884378,9.431809022658154,132.25826668045156,1.0,0.0,kernel_sieve1,0.0718568762262239,0.0,0.9999999999860834,0.0,1.0,sieve2_sieve2,9.503665898884378,9.431809022658154,132.25826668045156,1.0,0.0,sieve3_sieve3,0.6695968267697269,0.5977399505435029,9.318479482079704,1.0,0.0,kernel_kernel,0.2801387845079539,0.20828190828173,3.8985661389190707,1.0,0.0,sieve1_sieve1,0.07963933263726719,0.00778245641104329,1.1083049642379919,0.0,0.0,sieve1_sieve1,0.07963933263726719,0.00778245641104329,1.1083049642379919,0.0,0.0,kernel_kernel,0.2801387845079539,0.20828190828173,3.8985661389190707,1.0,0.0,kernel_sieve1,0.0718568762262239,0.0,0.9999999999860834,0.0,1.0,kernel_sieve1,0.0718568762262239,0.0,0.9999999999860834,0.0,1.0,-0.028571428571428574,0.06666666666666665,0.0,-0.7356123579206245,-0.6445033866354897,0.0,0.5002164033860248,0.3580574370197165,1.0,-0.48571428571428577,-0.3333333333333333,0.0,-0.4638168285219587,-0.2760262237369417,0.0,,,,,,,
G,4,ok,50.4,0bdc51d,1500.0,1.0,,,,,,,,,,,,S1,additive,0.0,0.06951198213224447,pehe,sieve1_sieve1,0.5194737424691347,6.0,sieve1_sieve1,0.5194737424691347,0.0,0.999999999998075,0.0,1.0,sieve1_kernel,0.5386577105193268,0.01918396805019207,1.0369296202691034,0.0,0.0,kernel_sieve1,1.055141346297347,0.5356676038282122,2.031173589795077,1.0,0.0,sieve1_sieve1,0.5194737424691347,0.0,0.999999999998075,0.0,1.0,sieve1_sieve1,0.5194737424691347,0.0,0.999999999998075,0.0,1.0,kernel_kernel,0.8070289445892975,0.28755520212016283,1.5535509855643856,1.0,0.0,sieve1_sieve1,0.5194737424691347,0.0,0.999999999998075,0.0,1.0,kernel_sieve1,1.055141346297347,0.5356676038282122,2.031173589795077,1.0,0.0,kernel_kernel,0.8070289445892975,0.28755520212016283,1.5535509855643856,1.0,0.0,kernel_sieve1,1.055141346297347,0.5356676038282122,2.031173589795077,1.0,0.0,sieve1_sieve1,0.5194737424691347,0.0,0.999999999998075,0.0,1.0,0.14285714285714288,0.2,1.0,0.5296408977028497,0.3580574370197165,1.0,-0.058848988633649964,-0.07161148740394328,1.0,0.2571428571428572,0.2,1.0,0.05797710356524484,0.0,1.0,ate_err,sieve2_sieve2,0.07515900801734916,6.0,sieve1_sieve1,0.1594686941868832,0.08430968616953403,2.1217509170417848,1.0,0.0,sieve1_kernel,0.12205341416593658,0.04689440614858742,1.6239359377406726,1.0,0.0,kernel_sieve1,0.13377964033540343,0.05862063231805427,1.7799548432403836,1.0,0.0,sieve1_sieve1,0.1594686941868832,0.08430968616953403,2.1217509170417848,1.0,0.0,sieve1_sieve1,0.1594686941868832,0.08430968616953403,2.1217509170417848,1.0,0.0,kernel_kernel,0.371864068575295,0.2967050605579459,4.947697932422271,1.0,0.0,sieve1_sieve1,0.1594686941868832,0.08430968616953403,2.1217509170417848,1.0,0.0,kernel_sieve1,0.13377964033540343,0.05862063231805427,1.7799548432403836,1.0,0.0,kernel_kernel,0.371864068575295,0.2967050605579459,4.947697932422271,1.0,0.0,kernel_sieve1,0.13377964033540343,0.05862063231805427,1.7799548432403836,1.0,0.0,sieve2_sieve2,0.07515900801734916,0.0,0.9999999999866948,0.0,1.0,-0.2571428571428572,-0.2,0.0,0.3825184261187248,0.21483446221182986,0.0,-0.14712247158412492,-0.07161148740394328,0.0,-0.08571428571428573,0.06666666666666665,0.0,-0.23190841426097936,-0.13801311186847084,0.0,,,,,,,
G,4,ok,47.1,0bdc51d,1500.0,1.0,,,,,,,,,,,,S1,additive,0.1,0.06938624539451893,pehe,sieve1_sieve1,0.5293923873607875,6.0,sieve1_sieve1,0.5293923873607875,0.0,0.9999999999981111,0.0,1.0,sieve1_kernel,0.5421814714203883,0.012789084059600775,1.0241580430015906,0.0,0.0,kernel_sieve1,1.0626554359503089,0.5332630485895213,2.007311516597402,1.0,0.0,sieve1_sieve1,0.5293923873607875,0.0,0.9999999999981111,0.0,1.0,sieve1_sieve1,0.5293923873607875,0.0,0.9999999999981111,0.0,1.0,kernel_kernel,0.8065864979723447,0.2771941106115572,1.5236080405159327,1.0,0.0,sieve1_sieve1,0.5293923873607875,0.0,0.9999999999981111,0.0,1.0,kernel_sieve1,1.0626554359503089,0.5332630485895213,2.007311516597402,1.0,0.0,kernel_kernel,0.8065864979723447,0.2771941106115572,1.5236080405159327,1.0,0.0,kernel_sieve1,1.0626554359503089,0.5332630485895213,2.007311516597402,1.0,0.0,sieve1_sieve1,0.5293923873607875,0.0,0.9999999999981111,0.0,1.0,0.14285714285714288,0.2,1.0,0.5296408977028497,0.3580574370197165,1.0,-0.058848988633649964,-0.07161148740394328,1.0,0.2571428571428572,0.2,1.0,0.05797710356524484,0.0,1.0,ate_err,sieve1_kernel,0.12064654571561949,6.0,sieve1_sieve1,0.1630385598145563,0.04239201409893682,1.3513736248819692,0.0,0.0,sieve1_kernel,0.12064654571561949,0.0,0.9999999999917113,0.0,1.0,kernel_sieve1,0.13513923748327564,0.014492691767656149,1.1201252110499482,0.0,0.0,sieve1_sieve1,0.1630385598145563,0.04239201409893682,1.3513736248819692,0.0,0.0,sieve1_sieve1,0.1630385598145563,0.04239201409893682,1.3513736248819692,0.0,0.0,kernel_kernel,0.3717798272875361,0.2511332815719166,3.081562137392568,1.0,0.0,sieve1_sieve1,0.1630385598145563,0.04239201409893682,1.3513736248819692,0.0,0.0,kernel_sieve1,0.13513923748327564,0.014492691767656149,1.1201252110499482,0.0,0.0,kernel_kernel,0.3717798272875361,0.2511332815719166,3.081562137392568,1.0,0.0,kernel_sieve1,0.13513923748327564,0.014492691767656149,1.1201252110499482,0.0,0.0,sieve1_kernel,0.12064654571561949,0.0,0.9999999999917113,0.0,1.0,-0.08571428571428573,-0.06666666666666665,0.0,0.41194292043554975,0.3580574370197165,1.0,0.058848988633649964,0.07161148740394328,0.0,-0.14285714285714288,-0.06666666666666665,0.0,-0.3188740696088466,-0.2760262237369417,0.0,,,,,,,
G,4,ok,51.2,0bdc51d,1500.0,1.0,,,,,,,,,,,,S1,additive,0.2,0.06935656090994333,pehe,sieve1_sieve1,0.5429848050627857,6.0,sieve1_sieve1,0.5429848050627857,0.0,0.9999999999981584,0.0,1.0,sieve1_kernel,0.5464438820119913,0.003459076949205664,1.0063704857225229,0.0,0.0,kernel_sieve1,1.0436385001798643,0.5006536951170786,1.9220399732129994,1.0,0.0,sieve1_sieve1,0.5429848050627857,0.0,0.9999999999981584,0.0,1.0,sieve1_sieve1,0.5429848050627857,0.0,0.9999999999981584,0.0,1.0,kernel_kernel,0.806776500262926,0.26379169520014034,1.4858178216757874,0.0,0.0,sieve1_sieve1,0.5429848050627857,0.0,0.9999999999981584,0.0,1.0,kernel_sieve1,1.0436385001798643,0.5006536951170786,1.9220399732129994,1.0,0.0,kernel_kernel,0.806776500262926,0.26379169520014034,1.4858178216757874,0.0,0.0,kernel_sieve1,1.0436385001798643,0.5006536951170786,1.9220399732129994,1.0,0.0,sieve1_sieve1,0.5429848050627857,0.0,0.9999999999981584,0.0,1.0,0.14285714285714288,0.2,1.0,0.6473388749701496,0.5012804118276031,1.0,-0.058848988633649964,-0.07161148740394328,1.0,0.2571428571428572,0.2,1.0,0.05797710356524484,0.0,1.0,ate_err,sieve1_kernel,0.11981484536199231,6.0,sieve1_sieve1,0.1668603794059954,0.04704553404400309,1.3926519614533028,0.0,0.0,sieve1_kernel,0.11981484536199231,0.0,0.9999999999916538,0.0,1.0,kernel_sieve1,0.13646262339270465,0.016647778030712337,1.1389458708499438,0.0,0.0,sieve1_sieve1,0.1668603794059954,0.04704553404400309,1.3926519614533028,0.0,0.0,sieve1_sieve1,0.1668603794059954,0.04704553404400309,1.3926519614533028,0.0,0.0,kernel_kernel,0.37178998712322225,0.2519751417612299,3.1030377412485355,1.0,0.0,sieve1_sieve1,0.1668603794059954,0.04704553404400309,1.3926519614533028,0.0,0.0,kernel_sieve1,0.13646262339270465,0.016647778030712337,1.1389458708499438,0.0,0.0,kernel_kernel,0.37178998712322225,0.2519751417612299,3.1030377412485355,1.0,0.0,kernel_sieve1,0.13646262339270465,0.016647778030712337,1.1389458708499438,0.0,0.0,sieve1_kernel,0.11981484536199231,0.0,0.9999999999916538,0.0,1.0,-0.08571428571428573,-0.06666666666666665,0.0,0.26482044885142486,0.21483446221182986,1.0,0.029424494316824982,0.07161148740394328,0.0,-0.2571428571428572,-0.06666666666666665,0.0,-0.4058397249567139,-0.2760262237369417,0.0,,,,,,,
G,4,ok,52.2,0bdc51d,1500.0,1.0,,,,,,,,,,,,S1,additive,0.3,0.06942069005503584,pehe,sieve1_kernel,0.5503818865024297,6.0,sieve1_sieve1,0.557651042340698,0.00726915583826826,1.0132074765095362,0.0,0.0,sieve1_kernel,0.5503818865024297,0.0,0.9999999999981831,0.0,1.0,kernel_sieve1,0.7949778753073116,0.24459598880488187,1.4444114074280272,0.0,0.0,sieve1_sieve1,0.557651042340698,0.00726915583826826,1.0132074765095362,0.0,0.0,sieve1_sieve1,0.557651042340698,0.00726915583826826,1.0132074765095362,0.0,0.0,kernel_kernel,0.8078052347942947,0.257423348291865,1.467717696754653,0.0,0.0,sieve1_sieve1,0.557651042340698,0.00726915583826826,1.0132074765095362,0.0,0.0,kernel_sieve1,0.7949778753073116,0.24459598880488187,1.4444114074280272,0.0,0.0,kernel_kernel,0.8078052347942947,0.257423348291865,1.467717696754653,0.0,0.0,kernel_sieve1,0.7949778753073116,0.24459598880488187,1.4444114074280272,0.0,0.0,sieve1_kernel,0.5503818865024297,0.0,0.9999999999981831,0.0,1.0,0.028571428571428574,0.06666666666666665,0.0,0.5002164033860248,0.3580574370197165,1.0,0.029424494316824982,0.07161148740394328,0.0,-0.028571428571428574,0.06666666666666665,0.0,-0.23190841426097936,-0.13801311186847084,0.0,ate_err,sieve1_kernel,0.11955944519102384,6.0,sieve1_sieve1,0.1694910270601585,0.04993158186913467,1.417629755540767,0.0,0.0,sieve1_kernel,0.11955944519102384,0.0,0.9999999999916359,0.0,1.0,kernel_sieve1,0.13887154172490626,0.019312096533882425,1.1615271507982106,0.0,0.0,sieve1_sieve1,0.1694910270601585,0.04993158186913467,1.417629755540767,0.0,0.0,sieve1_sieve1,0.1694910270601585,0.04993158186913467,1.417629755540767,0.0,0.0,kernel_kernel,0.3721039259010103,0.2525444807099865,3.1122921765267146,1.0,0.0,sieve1_sieve1,0.1694910270601585,0.04993158186913467,1.417629755540767,0.0,0.0,kernel_sieve1,0.13887154172490626,0.019312096533882425,1.1615271507982106,0.0,0.0,kernel_kernel,0.3721039259010103,0.2525444807099865,3.1122921765267146,1.0,0.0,kernel_sieve1,0.13887154172490626,0.019312096533882425,1.1615271507982106,0.0,0.0,sieve1_kernel,0.11955944519102384,0.0,0.9999999999916359,0.0,1.0,-0.2,-0.2,0.0,0.20597146021777488,0.07161148740394328,1.0,-0.029424494316824982,-0.07161148740394328,0.0,-0.3142857142857143,-0.2,0.0,-0.4638168285219587,-0.41403933560541256,0.0,,,,,,,
G,4,ok,52.5,0bdc51d,1500.0,1.0,,,,,,,,,,,,S1,missing,0.0,0.06951198213224447,pehe,sieve1_sieve1,0.5194737424691347,6.0,sieve1_sieve1,0.5194737424691347,0.0,0.999999999998075,0.0,1.0,sieve1_kernel,0.5386577105193268,0.01918396805019207,1.0369296202691034,0.0,0.0,kernel_sieve1,1.055141346297347,0.5356676038282122,2.031173589795077,1.0,0.0,sieve1_sieve1,0.5194737424691347,0.0,0.999999999998075,0.0,1.0,sieve1_sieve1,0.5194737424691347,0.0,0.999999999998075,0.0,1.0,kernel_kernel,0.8070289445892975,0.28755520212016283,1.5535509855643856,1.0,0.0,sieve1_sieve1,0.5194737424691347,0.0,0.999999999998075,0.0,1.0,kernel_sieve1,1.055141346297347,0.5356676038282122,2.031173589795077,1.0,0.0,kernel_kernel,0.8070289445892975,0.28755520212016283,1.5535509855643856,1.0,0.0,kernel_sieve1,1.055141346297347,0.5356676038282122,2.031173589795077,1.0,0.0,sieve1_sieve1,0.5194737424691347,0.0,0.999999999998075,0.0,1.0,0.14285714285714288,0.2,1.0,0.5296408977028497,0.3580574370197165,1.0,-0.058848988633649964,-0.07161148740394328,1.0,0.2571428571428572,0.2,1.0,0.05797710356524484,0.0,1.0,ate_err,sieve2_sieve2,0.07515900801734916,6.0,sieve1_sieve1,0.1594686941868832,0.08430968616953403,2.1217509170417848,1.0,0.0,sieve1_kernel,0.12205341416593658,0.04689440614858742,1.6239359377406726,1.0,0.0,kernel_sieve1,0.13377964033540343,0.05862063231805427,1.7799548432403836,1.0,0.0,sieve1_sieve1,0.1594686941868832,0.08430968616953403,2.1217509170417848,1.0,0.0,sieve1_sieve1,0.1594686941868832,0.08430968616953403,2.1217509170417848,1.0,0.0,kernel_kernel,0.371864068575295,0.2967050605579459,4.947697932422271,1.0,0.0,sieve1_sieve1,0.1594686941868832,0.08430968616953403,2.1217509170417848,1.0,0.0,kernel_sieve1,0.13377964033540343,0.05862063231805427,1.7799548432403836,1.0,0.0,kernel_kernel,0.371864068575295,0.2967050605579459,4.947697932422271,1.0,0.0,kernel_sieve1,0.13377964033540343,0.05862063231805427,1.7799548432403836,1.0,0.0,sieve2_sieve2,0.07515900801734916,0.0,0.9999999999866948,0.0,1.0,-0.2571428571428572,-0.2,0.0,0.3825184261187248,0.21483446221182986,0.0,-0.14712247158412492,-0.07161148740394328,0.0,-0.08571428571428573,0.06666666666666665,0.0,-0.23190841426097936,-0.13801311186847084,0.0,,,,,,,
G,4,ok,51.7,0bdc51d,1500.0,1.0,,,,,,,,,,,,S1,missing,0.1,0.07021960702664276,pehe,sieve1_sieve1,0.5161687305205589,6.0,sieve1_sieve1,0.5161687305205589,0.0,0.9999999999980627,0.0,1.0,sieve1_kernel,0.5517404651608865,0.03557173464032759,1.0689149352448848,0.0,0.0,kernel_sieve1,1.1429949839177784,0.6268262533972195,2.2143824612599983,1.0,0.0,sieve1_sieve1,0.5161687305205589,0.0,0.9999999999980627,0.0,1.0,sieve1_sieve1,0.5161687305205589,0.0,0.9999999999980627,0.0,1.0,kernel_kernel,0.8069725589117377,0.2908038283911788,1.563389084217361,1.0,0.0,sieve1_sieve1,0.5161687305205589,0.0,0.9999999999980627,0.0,1.0,kernel_sieve1,1.1429949839177784,0.6268262533972195,2.2143824612599983,1.0,0.0,kernel_kernel,0.8069725589117377,0.2908038283911788,1.563389084217361,1.0,0.0,kernel_sieve1,1.1429949839177784,0.6268262533972195,2.2143824612599983,1.0,0.0,sieve1_sieve1,0.5161687305205589,0.0,0.9999999999980627,0.0,1.0,0.14285714285714288,0.2,1.0,0.5296408977028497,0.3580574370197165,1.0,-0.058848988633649964,-0.07161148740394328,1.0,0.2571428571428572,0.2,1.0,-0.05797710356524484,-0.13801311186847084,1.0,ate_err,sieve1_sieve1,0.15540950414534735,6.0,sieve1_sieve1,0.15540950414534735,0.0,0.9999999999935654,0.0,1.0,sieve1_kernel,0.1642554714312249,0.008845967285877554,1.0569203751949907,0.0,0.0,kernel_sieve1,0.16658312449823823,0.011173620352890878,1.0718979216442825,0.0,0.0,sieve1_sieve1,0.15540950414534735,0.0,0.9999999999935654,0.0,1.0,sieve1_sieve1,0.15540950414534735,0.0,0.9999999999935654,0.0,1.0,kernel_kernel,0.3732461640708473,0.21783665992549997,2.4016945818150583,1.0,0.0,sieve1_sieve1,0.15540950414534735,0.0,0.9999999999935654,0.0,1.0,kernel_sieve1,0.16658312449823823,0.011173620352890878,1.0718979216442825,0.0,0.0,kernel_kernel,0.3732461640708473,0.21783665992549997,2.4016945818150583,1.0,0.0,kernel_sieve1,0.16658312449823823,0.011173620352890878,1.0718979216442825,0.0,0.0,sieve1_sieve1,0.15540950414534735,0.0,0.9999999999935654,0.0,1.0,0.2571428571428572,0.2,1.0,0.44136741475237473,0.21483446221182986,1.0,0.26482044885142486,0.21483446221182986,1.0,0.14285714285714288,0.2,1.0,-0.02898855178262242,-0.13801311186847084,1.0,,,,,,,
G,4,ok,51.9,0bdc51d,1500.0,1.0,,,,,,,,,,,,S1,missing,0.2,0.07770197329260398,pehe,sieve1_sieve1,0.5288022773488263,6.0,sieve1_sieve1,0.5288022773488263,0.0,0.999999999998109,0.0,1.0,sieve2_sieve2,1.855436563383326,1.3266342860344997,3.5087529741402226,1.0,0.0,kernel_sieve1,1.1498497411519568,0.6210474638031305,2.17444173446946,1.0,0.0,sieve3_sieve3,0.7940228194726356,0.2652205421238093,1.5015495459891033,1.0,0.0,sieve3_sieve3,0.7940228194726356,0.2652205421238093,1.5015495459891033,1.0,0.0,kernel_kernel,0.8046400397566477,0.2758377624078213,1.5216274101337546,1.0,0.0,sieve1_sieve1,0.5288022773488263,0.0,0.999999999998109,0.0,1.0,kernel_sieve1,1.1498497411519568,0.6210474638031305,2.17444173446946,1.0,0.0,kernel_kernel,0.8046400397566477,0.2758377624078213,1.5216274101337546,1.0,0.0,kernel_sieve1,1.1498497411519568,0.6210474638031305,2.17444173446946,1.0,0.0,sieve1_sieve1,0.5288022773488263,0.0,0.999999999998109,0.0,1.0,0.3714285714285715,0.3333333333333333,1.0,-0.08827348295047496,-0.07161148740394328,0.0,0.08827348295047496,0.07161148740394328,1.0,0.2,0.06666666666666665,1.0,0.4058397249567139,0.2760262237369417,1.0,ate_err,kernel_sieve1,0.14972250130951206,6.0,sieve1_sieve1,0.20145236324484386,0.0517298619353318,1.3455049273258421,0.0,0.0,sieve2_sieve2,3.3100871764156423,3.16036467510613,22.108147722905027,1.0,0.0,kernel_sieve1,0.14972250130951206,0.0,0.9999999999933209,0.0,1.0,sieve3_sieve3,0.23779254213218803,0.08807004082267597,1.5882218106884682,1.0,0.0,sieve3_sieve3,0.23779254213218803,0.08807004082267597,1.5882218106884682,1.0,0.0,kernel_kernel,0.37428525851432876,0.2245627572048167,2.4998597755062355,1.0,0.0,sieve1_sieve1,0.20145236324484386,0.0517298619353318,1.3455049273258421,0.0,0.0,kernel_sieve1,0.14972250130951206,0.0,0.9999999999933209,0.0,1.0,kernel_kernel,0.37428525851432876,0.2245627572048167,2.4998597755062355,1.0,0.0,kernel_sieve1,0.14972250130951206,0.0,0.9999999999933209,0.0,1.0,kernel_sieve1,0.14972250130951206,0.0,0.9999999999933209,0.0,1.0,0.2571428571428572,0.2,0.0,-0.5296408977028497,-0.5012804118276031,0.0,0.41194292043554975,0.3580574370197165,1.0,-0.08571428571428573,-0.06666666666666665,0.0,-0.2608969660436018,-0.2760262237369417,0.0,,,,,,,
G,4,ok,46.9,0bdc51d,1500.0,1.0,,,,,,,,,,,,S1,missing,0.3,0.07909650933643551,pehe,sieve1_kernel,0.550596949524149,6.0,sieve3_sieve3,1.041972400724078,0.4913754511999291,1.8924412887189184,1.0,0.0,sieve3_sieve3,1.041972400724078,0.4913754511999291,1.8924412887189184,1.0,0.0,sieve3_sieve3,1.041972400724078,0.4913754511999291,1.8924412887189184,1.0,0.0,sieve3_sieve3,1.041972400724078,0.4913754511999291,1.8924412887189184,1.0,0.0,sieve3_sieve3,1.041972400724078,0.4913754511999291,1.8924412887189184,1.0,0.0,kernel_kernel,0.8047399481711965,0.2541429986470476,1.4615772006460044,0.0,0.0,sieve1_sieve1,0.60738191688325,0.0567849673591011,1.1031334579806047,0.0,0.0,kernel_sieve1,0.8995810209214576,0.3489840713973087,1.6338285595248627,1.0,0.0,kernel_kernel,0.8047399481711965,0.2541429986470476,1.4615772006460044,0.0,0.0,kernel_sieve1,0.8995810209214576,0.3489840713973087,1.6338285595248627,1.0,0.0,sieve1_kernel,0.550596949524149,0.0,0.9999999999981838,0.0,1.0,-0.5428571428571429,-0.4666666666666666,0.0,-0.29424494316824984,-0.21483446221182986,0.0,-0.7061878636037997,-0.6445033866354897,0.0,-0.48571428571428577,-0.3333333333333333,0.0,-0.550782483869826,-0.41403933560541256,0.0,ate_err,kernel_sieve1,0.1777674326956971,6.0,sieve3_sieve3,0.7562190924222278,0.5784516597265308,4.253979938566545,1.0,0.0,sieve3_sieve3,0.7562190924222278,0.5784516597265308,4.253979938566545,1.0,0.0,sieve3_sieve3,0.7562190924222278,0.5784516597265308,4.253979938566545,1.0,0.0,sieve3_sieve3,0.7562190924222278,0.5784516597265308,4.253979938566545,1.0,0.0,sieve3_sieve3,0.7562190924222278,0.5784516597265308,4.253979938566545,1.0,0.0,kernel_kernel,0.37463981424908915,0.19687238155339207,2.1074715912013615,1.0,0.0,sieve1_sieve1,0.2000297131613035,0.02226228046560641,1.1252326150346663,0.0,0.0,kernel_sieve1,0.1777674326956971,0.0,0.9999999999943746,0.0,1.0,kernel_kernel,0.37463981424908915,0.19687238155339207,2.1074715912013615,1.0,0.0,kernel_sieve1,0.1777674326956971,0.0,0.9999999999943746,0.0,1.0,kernel_sieve1,0.1777674326956971,0.0,0.9999999999943746,0.0,1.0,0.08571428571428573,0.06666666666666665,0.0,-0.6767633692869747,-0.5012804118276031,0.0,0.08827348295047496,0.07161148740394328,1.0,-0.2,-0.06666666666666665,0.0,-0.23190841426097936,-0.13801311186847084,0.0,,,,,,,
G,5,ok,21.4,0bdc51d,1500.0,1.0,,,,,,,,,,,,S1,additive,0.0,0.07609415639899847,pehe,kernel_sieve1,0.627211498755512,6.0,sieve1_sieve1,1.0698257491533318,0.4426142503978199,1.7056858033922078,1.0,0.0,sieve2_sieve2,1.8410241978460997,1.2138126990905878,2.935252624507126,1.0,0.0,kernel_sieve1,0.627211498755512,0.0,0.9999999999984057,0.0,1.0,sieve1_sieve1,1.0698257491533318,0.4426142503978199,1.7056858033922078,1.0,0.0,sieve1_sieve1,1.0698257491533318,0.4426142503978199,1.7056858033922078,1.0,0.0,kernel_kernel,0.8377812556342324,0.21056975687872048,1.3357236869782982,0.0,0.0,sieve1_sieve1,1.0698257491533318,0.4426142503978199,1.7056858033922078,1.0,0.0,sieve2_sieve2,1.8410241978460997,1.2138126990905878,2.935252624507126,1.0,0.0,kernel_kernel,0.8377812556342324,0.21056975687872048,1.3357236869782982,0.0,0.0,kernel_sieve1,0.627211498755512,0.0,0.9999999999984057,0.0,1.0,kernel_sieve1,0.627211498755512,0.0,0.9999999999984057,0.0,1.0,-0.2571428571428572,-0.06666666666666665,0.0,-0.6179143806533246,-0.5012804118276031,0.0,0.029424494316824982,0.07161148740394328,1.0,-0.5428571428571429,-0.2,0.0,-0.6667366910003157,-0.41403933560541256,0.0,ate_err,sieve1_sieve1,0.02235574265799702,6.0,sieve1_sieve1,0.02235574265799702,0.0,0.9999999999552688,0.0,1.0,sieve2_sieve2,0.5962567456198672,0.5739010029618702,26.67130118264736,1.0,0.0,kernel_sieve1,0.12737981404082258,0.10502407138282556,5.697856518739218,1.0,0.0,sieve1_sieve1,0.02235574265799702,0.0,0.9999999999552688,0.0,1.0,sieve1_sieve1,0.02235574265799702,0.0,0.9999999999552688,0.0,1.0,kernel_kernel,0.27546512966891057,0.25310938701091357,12.321895714703544,1.0,0.0,sieve1_sieve1,0.02235574265799702,0.0,0.9999999999552688,0.0,1.0,sieve2_sieve2,0.5962567456198672,0.5739010029618702,26.67130118264736,1.0,0.0,kernel_kernel,0.27546512966891057,0.25310938701091357,12.321895714703544,1.0,0.0,kernel_sieve1,0.12737981404082258,0.10502407138282556,5.697856518739218,1.0,0.0,sieve1_sieve1,0.02235574265799702,0.0,0.9999999999552688,0.0,1.0,0.48571428571428577,0.3333333333333333,1.0,0.0,0.07161148740394328,1.0,0.41194292043554975,0.3580574370197165,1.0,0.3142857142857143,0.2,1.0,0.3188740696088466,0.2760262237369417,1.0,,,,,,,
G,5,ok,30.8,0bdc51d,1500.0,1.0,,,,,,,,,,,,S1,additive,0.1,0.07652230094005379,pehe,kernel_sieve1,0.6277668855773033,6.0,sieve1_sieve1,1.0654300465365918,0.4376631609592885,1.6971746535421506,1.0,0.0,sieve2_sieve2,1.7312659105465016,1.1034990249691983,2.757816556302818,1.0,0.0,kernel_sieve1,0.6277668855773033,0.0,0.999999999998407,0.0,1.0,sieve3_sieve3,2.540448945091143,1.9126820595138398,4.046803046565388,1.0,0.0,sieve3_sieve3,2.540448945091143,1.9126820595138398,4.046803046565388,1.0,0.0,kernel_kernel,1.2224296627651825,0.5946627771878792,1.9472668770017578,1.0,0.0,sieve1_sieve1,1.0654300465365918,0.4376631609592885,1.6971746535421506,1.0,0.0,sieve2_sieve2,1.7312659105465016,1.1034990249691983,2.757816556302818,1.0,0.0,kernel_kernel,1.2224296627651825,0.5946627771878792,1.9472668770017578,1.0,0.0,kernel_sieve1,0.6277668855773033,0.0,0.999999999998407,0.0,1.0,kernel_sieve1,0.6277668855773033,0.0,0.999999999998407,0.0,1.0,-0.08571428571428573,-0.06666666666666665,0.0,-0.6767633692869747,-0.5012804118276031,0.0,0.20597146021777488,0.07161148740394328,1.0,-0.48571428571428577,-0.3333333333333333,0.0,-0.6377481392176932,-0.5520524474738834,0.0,ate_err,sieve1_sieve1,0.026019446724823193,6.0,sieve1_sieve1,0.026019446724823193,0.0,0.9999999999615673,0.0,1.0,sieve2_sieve2,0.42038684539447146,0.39436739866964826,16.15664044759474,1.0,0.0,kernel_sieve1,0.1258565492179076,0.0998371024930844,4.837018655473575,1.0,0.0,sieve3_sieve3,0.15554291536793738,0.12952346864311418,5.977948609244165,1.0,0.0,sieve3_sieve3,0.15554291536793738,0.12952346864311418,5.977948609244165,1.0,0.0,kernel_kernel,0.275781390712718,0.2497619439878948,10.599048996649753,1.0,0.0,sieve1_sieve1,0.026019446724823193,0.0,0.9999999999615673,0.0,1.0,sieve2_sieve2,0.42038684539447146,0.39436739866964826,16.15664044759474,1.0,0.0,kernel_kernel,0.275781390712718,0.2497619439878948,10.599048996649753,1.0,0.0,kernel_sieve1,0.1258565492179076,0.0998371024930844,4.837018655473575,1.0,0.0,sieve1_sieve1,0.026019446724823193,0.0,0.9999999999615673,0.0,1.0,0.48571428571428577,0.3333333333333333,1.0,-0.29424494316824984,-0.21483446221182986,0.0,0.41194292043554975,0.3580574370197165,1.0,0.14285714285714288,0.06666666666666665,1.0,0.14494275891311212,0.13801311186847084,1.0,,,,,,,
G,5,ok,40.1,0bdc51d,1500.0,1.0,,,,,,,,,,,,S1,additive,0.2,0.07683123020217442,pehe,kernel_sieve1,0.6274352838479972,6.0,sieve1_sieve1,1.0820214738923117,0.45458619004431455,1.7245148651103248,1.0,0.0,sieve2_sieve2,3.0699782981577015,2.442543014309704,4.892900315272265,1.0,0.0,kernel_sieve1,0.6274352838479972,0.0,0.9999999999984063,0.0,1.0,sieve3_sieve3,1.4216964124928313,0.7942611286448341,2.2658853416267015,1.0,0.0,sieve3_sieve3,1.4216964124928313,0.7942611286448341,2.2658853416267015,1.0,0.0,kernel_kernel,0.8340788206777183,0.20664353682972114,1.3293463758701423,0.0,0.0,sieve1_sieve1,1.0820214738923117,0.45458619004431455,1.7245148651103248,1.0,0.0,sieve2_sieve2,3.0699782981577015,2.442543014309704,4.892900315272265,1.0,0.0,kernel_kernel,0.8340788206777183,0.20664353682972114,1.3293463758701423,0.0,0.0,kernel_sieve1,0.6274352838479972,0.0,0.9999999999984063,0.0,1.0,kernel_sieve1,0.6274352838479972,0.0,0.9999999999984063,0.0,1.0,-0.2571428571428572,-0.06666666666666665,0.0,-0.8533103351879247,-0.7877263614433762,0.0,0.029424494316824982,0.07161148740394328,1.0,-0.6,-0.3333333333333333,0.0,-0.7247137945655605,-0.5520524474738834,0.0,ate_err,sieve1_sieve1,0.03014167081980591,6.0,sieve1_sieve1,0.03014167081980591,0.0,0.9999999999668234,0.0,1.0,sieve2_sieve2,0.19085953300509031,0.16071786218528442,6.332082058083707,1.0,0.0,kernel_sieve1,0.12422088679137272,0.0940792159715668,4.12123427164584,1.0,0.0,sieve3_sieve3,0.23609435859679603,0.20595268777699013,7.832822539944503,1.0,0.0,sieve3_sieve3,0.23609435859679603,0.20595268777699013,7.832822539944503,1.0,0.0,kernel_kernel,0.27621015273906285,0.24606848191925695,9.163730649875026,1.0,0.0,sieve1_sieve1,0.03014167081980591,0.0,0.9999999999668234,0.0,1.0,sieve2_sieve2,0.19085953300509031,0.16071786218528442,6.332082058083707,1.0,0.0,kernel_kernel,0.27621015273906285,0.24606848191925695,9.163730649875026,1.0,0.0,kernel_sieve1,0.12422088679137272,0.0940792159715668,4.12123427164584,1.0,0.0,sieve1_sieve1,0.03014167081980591,0.0,0.9999999999668234,0.0,1.0,0.48571428571428577,0.3333333333333333,1.0,0.029424494316824982,0.07161148740394328,0.0,0.44136741475237473,0.3580574370197165,1.0,0.2,0.06666666666666665,1.0,0.17393131069573453,0.13801311186847084,1.0,,,,,,,
G,5,ok,42.5,0bdc51d,1500.0,1.0,,,,,,,,,,,,S1,additive,0.3,0.07700504432003502,pehe,sieve1_sieve1,0.5495224754906974,6.0,sieve1_sieve1,0.5495224754906974,0.0,0.9999999999981802,0.0,1.0,sieve2_sieve2,1.7488446502471082,1.1993221747564107,3.182480659562269,1.0,0.0,kernel_sieve1,0.6210711382985671,0.07154866280786965,1.1302015222268205,0.0,0.0,sieve3_sieve3,0.8128318016103262,0.26330932611962876,1.4791602488743103,0.0,0.0,sieve3_sieve3,0.8128318016103262,0.26330932611962876,1.4791602488743103,0.0,0.0,kernel_kernel,1.2249921811743891,0.6754697056836917,2.229193956222264,1.0,0.0,sieve1_sieve1,0.5495224754906974,0.0,0.9999999999981802,0.0,1.0,sieve2_sieve2,1.7488446502471082,1.1993221747564107,3.182480659562269,1.0,0.0,kernel_kernel,1.2249921811743891,0.6754697056836917,2.229193956222264,1.0,0.0,kernel_sieve1,0.6210711382985671,0.07154866280786965,1.1302015222268205,0.0,0.0,sieve1_sieve1,0.5495224754906974,0.0,0.9999999999981802,0.0,1.0,0.6,0.4666666666666666,1.0,-0.41194292043554975,-0.3580574370197165,0.0,0.6473388749701496,0.5012804118276031,1.0,0.2,0.2,1.0,0.05797710356524484,0.0,1.0,ate_err,sieve1_sieve1,0.034595996285663594,6.0,sieve1_sieve1,0.034595996285663594,0.0,0.999999999971095,0.0,1.0,sieve2_sieve2,0.5243218544056778,0.48972585812001423,15.155564535882396,1.0,0.0,kernel_sieve1,0.12260469562690988,0.08800869934124629,3.543898392490369,1.0,0.0,sieve3_sieve3,0.3768818480064653,0.3422858517208017,10.893799527656599,1.0,0.0,sieve3_sieve3,0.3768818480064653,0.3422858517208017,10.893799527656599,1.0,0.0,kernel_kernel,0.27688550571327014,0.24228950942760655,8.003397370579748,1.0,0.0,sieve1_sieve1,0.034595996285663594,0.0,0.999999999971095,0.0,1.0,sieve2_sieve2,0.5243218544056778,0.48972585812001423,15.155564535882396,1.0,0.0,kernel_kernel,0.27688550571327014,0.24228950942760655,8.003397370579748,1.0,0.0,kernel_sieve1,0.12260469562690988,0.08800869934124629,3.543898392490369,1.0,0.0,sieve1_sieve1,0.034595996285663594,0.0,0.999999999971095,0.0,1.0,0.2571428571428572,0.2,1.0,-0.5002164033860248,-0.3580574370197165,0.0,0.26482044885142486,0.21483446221182986,1.0,-0.14285714285714288,-0.06666666666666665,1.0,-0.11595420713048968,0.0,1.0,,,,,,,
G,5,ok,42.8,0bdc51d,1500.0,1.0,,,,,,,,,,,,S1,missing,0.0,0.07609415639899847,pehe,kernel_sieve1,0.627211498755512,6.0,sieve1_sieve1,1.0698257491533318,0.4426142503978199,1.7056858033922078,1.0,0.0,sieve2_sieve2,1.8410241978460997,1.2138126990905878,2.935252624507126,1.0,0.0,kernel_sieve1,0.627211498755512,0.0,0.9999999999984057,0.0,1.0,sieve1_sieve1,1.0698257491533318,0.4426142503978199,1.7056858033922078,1.0,0.0,sieve1_sieve1,1.0698257491533318,0.4426142503978199,1.7056858033922078,1.0,0.0,kernel_kernel,0.8377812556342324,0.21056975687872048,1.3357236869782982,0.0,0.0,sieve1_sieve1,1.0698257491533318,0.4426142503978199,1.7056858033922078,1.0,0.0,sieve2_sieve2,1.8410241978460997,1.2138126990905878,2.935252624507126,1.0,0.0,kernel_kernel,0.8377812556342324,0.21056975687872048,1.3357236869782982,0.0,0.0,kernel_sieve1,0.627211498755512,0.0,0.9999999999984057,0.0,1.0,kernel_sieve1,0.627211498755512,0.0,0.9999999999984057,0.0,1.0,-0.2571428571428572,-0.06666666666666665,0.0,-0.6179143806533246,-0.5012804118276031,0.0,0.029424494316824982,0.07161148740394328,1.0,-0.5428571428571429,-0.2,0.0,-0.6667366910003157,-0.41403933560541256,0.0,ate_err,sieve1_sieve1,0.02235574265799702,6.0,sieve1_sieve1,0.02235574265799702,0.0,0.9999999999552688,0.0,1.0,sieve2_sieve2,0.5962567456198672,0.5739010029618702,26.67130118264736,1.0,0.0,kernel_sieve1,0.12737981404082258,0.10502407138282556,5.697856518739218,1.0,0.0,sieve1_sieve1,0.02235574265799702,0.0,0.9999999999552688,0.0,1.0,sieve1_sieve1,0.02235574265799702,0.0,0.9999999999552688,0.0,1.0,kernel_kernel,0.27546512966891057,0.25310938701091357,12.321895714703544,1.0,0.0,sieve1_sieve1,0.02235574265799702,0.0,0.9999999999552688,0.0,1.0,sieve2_sieve2,0.5962567456198672,0.5739010029618702,26.67130118264736,1.0,0.0,kernel_kernel,0.27546512966891057,0.25310938701091357,12.321895714703544,1.0,0.0,kernel_sieve1,0.12737981404082258,0.10502407138282556,5.697856518739218,1.0,0.0,sieve1_sieve1,0.02235574265799702,0.0,0.9999999999552688,0.0,1.0,0.48571428571428577,0.3333333333333333,1.0,0.0,0.07161148740394328,1.0,0.41194292043554975,0.3580574370197165,1.0,0.3142857142857143,0.2,1.0,0.3188740696088466,0.2760262237369417,1.0,,,,,,,
G,5,ok,45.3,0bdc51d,1500.0,1.0,,,,,,,,,,,,S1,missing,0.1,0.0791023819999225,pehe,kernel_sieve1,0.6347879615476365,6.0,sieve3_sieve3,0.804255524144128,0.16946756259649154,1.2669671967030636,0.0,0.0,sieve3_sieve3,0.804255524144128,0.16946756259649154,1.2669671967030636,0.0,0.0,kernel_sieve1,0.6347879615476365,0.0,0.9999999999984247,0.0,1.0,sieve3_sieve3,0.804255524144128,0.16946756259649154,1.2669671967030636,0.0,0.0,sieve3_sieve3,0.804255524144128,0.16946756259649154,1.2669671967030636,0.0,0.0,kernel_kernel,0.841880041207119,0.2070920796594825,1.3262381963786114,0.0,0.0,sieve1_sieve1,1.030492069700654,0.3957041081530176,1.6233642288783376,1.0,0.0,sieve2_sieve2,8.74845227087809,8.113664309330453,13.781692156756185,1.0,0.0,kernel_kernel,0.841880041207119,0.2070920796594825,1.3262381963786114,0.0,0.0,kernel_sieve1,0.6347879615476365,0.0,0.9999999999984247,0.0,1.0,kernel_sieve1,0.6347879615476365,0.0,0.9999999999984247,0.0,1.0,-0.2571428571428572,-0.06666666666666665,0.0,-0.3825184261187248,-0.3580574370197165,0.0,0.08827348295047496,0.07161148740394328,1.0,-0.2571428571428572,-0.06666666666666665,0.0,-0.3188740696088466,-0.13801311186847084,0.0,ate_err,sieve1_kernel,0.07410071266657285,6.0,sieve3_sieve3,0.6204142374537658,0.546313524787193,8.372581249481891,1.0,0.0,sieve3_sieve3,0.6204142374537658,0.546313524787193,8.372581249481891,1.0,0.0,kernel_sieve1,0.10719038755064175,0.0330896748840689,1.4465500221504515,0.0,0.0,sieve3_sieve3,0.6204142374537658,0.546313524787193,8.372581249481891,1.0,0.0,sieve3_sieve3,0.6204142374537658,0.546313524787193,8.372581249481891,1.0,0.0,kernel_kernel,0.27577716161740745,0.20167644895083459,3.721653297109112,1.0,0.0,sieve1_sieve1,0.07838680907067809,0.0042860964041052385,1.0578415004229895,0.0,0.0,sieve2_sieve2,0.6576414928520535,0.5835407801854807,8.874968528337021,1.0,0.0,kernel_kernel,0.27577716161740745,0.20167644895083459,3.721653297109112,1.0,0.0,kernel_sieve1,0.10719038755064175,0.0330896748840689,1.4465500221504515,0.0,0.0,sieve1_kernel,0.07410071266657285,0.0,0.9999999999865048,0.0,1.0,-0.3142857142857143,-0.2,0.0,-0.44136741475237473,-0.21483446221182986,0.0,0.029424494316824982,0.07161148740394328,0.0,-0.3142857142857143,-0.2,0.0,-0.4058397249567139,-0.2760262237369417,0.0,,,,,,,
G,5,ok,46.1,0bdc51d,1500.0,1.0,,,,,,,,,,,,S1,missing,0.2,0.08200745740801368,pehe,sieve2_sieve2,0.6802796944981992,6.0,sieve3_sieve3,0.7771286279029739,0.09684893340477463,1.142366344588709,0.0,0.0,sieve3_sieve3,0.7771286279029739,0.09684893340477463,1.142366344588709,0.0,0.0,kernel_sieve1,0.6868613123881775,0.006581617889978242,1.0096748704131517,0.0,0.0,sieve3_sieve3,0.7771286279029739,0.09684893340477463,1.142366344588709,0.0,0.0,sieve3_sieve3,0.7771286279029739,0.09684893340477463,1.142366344588709,0.0,0.0,kernel_kernel,1.2284912304949585,0.5482115359967592,1.8058619718163653,1.0,0.0,sieve1_sieve1,1.0279296313564368,0.34764993685823753,1.5110397086203884,1.0,0.0,sieve2_sieve2,0.6802796944981992,0.0,0.9999999999985301,0.0,1.0,kernel_kernel,1.2284912304949585,0.5482115359967592,1.8058619718163653,1.0,0.0,kernel_sieve1,0.6868613123881775,0.006581617889978242,1.0096748704131517,0.0,0.0,sieve2_sieve2,0.6802796944981992,0.0,0.9999999999985301,0.0,1.0,0.08571428571428573,0.06666666666666665,0.0,0.26482044885142486,0.21483446221182986,1.0,0.14712247158412492,0.07161148740394328,0.0,0.14285714285714288,0.2,0.0,0.05797710356524484,0.13801311186847084,0.0,ate_err,sieve1_sieve1,0.08887706567182373,6.0,sieve3_sieve3,0.5208047886204169,0.43192772294859316,5.8598332953252,1.0,0.0,sieve3_sieve3,0.5208047886204169,0.43192772294859316,5.8598332953252,1.0,0.0,kernel_sieve1,0.2011723063133989,0.11229524064157519,2.263489515438763,1.0,0.0,sieve3_sieve3,0.5208047886204169,0.43192772294859316,5.8598332953252,1.0,0.0,sieve3_sieve3,0.5208047886204169,0.43192772294859316,5.8598332953252,1.0,0.0,kernel_kernel,0.27741618600972623,0.1885391203379025,3.121347266694841,1.0,0.0,sieve1_sieve1,0.08887706567182373,0.0,0.9999999999887484,0.0,1.0,sieve2_sieve2,1.2894030447034923,1.2005259790316687,14.507713941075329,1.0,0.0,kernel_kernel,0.27741618600972623,0.1885391203379025,3.121347266694841,1.0,0.0,kernel_sieve1,0.2011723063133989,0.11229524064157519,2.263489515438763,1.0,0.0,sieve1_sieve1,0.08887706567182373,0.0,0.9999999999887484,0.0,1.0,0.028571428571428574,0.06666666666666665,1.0,-0.44136741475237473,-0.21483446221182986,0.0,0.26482044885142486,0.21483446221182986,1.0,-0.14285714285714288,-0.06666666666666665,1.0,-0.20291986247835694,-0.13801311186847084,1.0,,,,,,,
G,5,ok,43.7,0bdc51d,1500.0,1.0,,,,,,,,,,,,S1,missing,0.3,0.07793776495933549,pehe,kernel_sieve1,0.7217947283999738,6.0,sieve3_sieve3,0.8014695786488722,0.07967485024889842,1.1103843615267264,0.0,0.0,sieve3_sieve3,0.8014695786488722,0.07967485024889842,1.1103843615267264,0.0,0.0,sieve3_sieve3,0.8014695786488722,0.07967485024889842,1.1103843615267264,0.0,0.0,sieve3_sieve3,0.8014695786488722,0.07967485024889842,1.1103843615267264,0.0,0.0,sieve3_sieve3,0.8014695786488722,0.07967485024889842,1.1103843615267264,0.0,0.0,kernel_kernel,1.2333908229093054,0.5115960945093315,1.708783362330305,1.0,0.0,sieve1_sieve1,1.2781802903497115,0.5563855619497377,1.7708362780389448,1.0,0.0,sieve2_sieve2,0.8957831356740306,0.17398840727405673,1.2410497062766053,0.0,0.0,kernel_kernel,1.2333908229093054,0.5115960945093315,1.708783362330305,1.0,0.0,kernel_sieve1,0.7217947283999738,0.0,0.9999999999986146,0.0,1.0,kernel_sieve1,0.7217947283999738,0.0,0.9999999999986146,0.0,1.0,0.2,0.2,0.0,0.14712247158412492,0.21483446221182986,0.0,0.44136741475237473,0.3580574370197165,1.0,0.2,0.2,0.0,-0.08696565534786727,0.0,0.0,ate_err,sieve1_sieve1,0.23997440630425684,6.0,sieve3_sieve3,0.6380178862291428,0.398043479924886,2.6586913831867514,1.0,0.0,sieve3_sieve3,0.6380178862291428,0.398043479924886,2.6586913831867514,1.0,0.0,sieve3_sieve3,0.6380178862291428,0.398043479924886,2.6586913831867514,1.0,0.0,sieve3_sieve3,0.6380178862291428,0.398043479924886,2.6586913831867514,1.0,0.0,sieve3_sieve3,0.6380178862291428,0.398043479924886,2.6586913831867514,1.0,0.0,kernel_kernel,0.2795008843523718,0.03952647804811496,1.164711223399531,0.0,0.0,sieve1_sieve1,0.23997440630425684,0.0,0.9999999999958329,0.0,1.0,sieve2_sieve2,10.250577964052868,10.010603557748611,42.715296692988716,1.0,0.0,kernel_kernel,0.2795008843523718,0.03952647804811496,1.164711223399531,0.0,0.0,kernel_sieve1,0.25663576772387536,0.01666136141961852,1.0694297432594733,0.0,0.0,sieve1_sieve1,0.23997440630425684,0.0,0.9999999999958329,0.0,1.0,-0.14285714285714288,-0.06666666666666665,1.0,-0.6767633692869747,-0.5012804118276031,0.0,0.08827348295047496,0.07161148740394328,0.0,-0.14285714285714288,-0.06666666666666665,1.0,-0.28988551782622424,-0.2760262237369417,1.0,,,,,,,
G,6,ok,43.1,0bdc51d,1500.0,1.0,,,,,,,,,,,,S1,additive,0.0,0.07862520856870155,pehe,sieve1_kernel,0.5180711250804318,6.0,sieve3_sieve3,0.7635730005953129,0.245501875514881,1.4738767779719288,0.0,0.0,sieve3_sieve3,0.7635730005953129,0.245501875514881,1.4738767779719288,0.0,0.0,kernel_sieve1,1.0701708470848432,0.5520997220044114,2.0656832532726677,1.0,0.0,sieve3_sieve3,0.7635730005953129,0.245501875514881,1.4738767779719288,0.0,0.0,sieve3_sieve3,0.7635730005953129,0.245501875514881,1.4738767779719288,0.0,0.0,kernel_kernel,0.7672355179297959,0.2491643928493641,1.48094630406047,0.0,0.0,sieve1_sieve1,0.6848265088365079,0.16675538375607601,1.3218773942069537,0.0,0.0,sieve1_kernel,0.5180711250804318,0.0,0.9999999999980698,0.0,1.0,kernel_kernel,0.7672355179297959,0.2491643928493641,1.48094630406047,0.0,0.0,kernel_sieve1,1.0701708470848432,0.5520997220044114,2.0656832532726677,1.0,0.0,sieve1_kernel,0.5180711250804318,0.0,0.9999999999980698,0.0,1.0,-0.028571428571428574,-0.06666666666666665,0.0,0.44136741475237473,0.21483446221182986,0.0,-0.26482044885142486,-0.21483446221182986,0.0,0.14285714285714288,0.06666666666666665,0.0,0.02898855178262242,0.0,0.0,ate_err,sieve1_kernel,0.10594298423509026,6.0,sieve3_sieve3,0.29952019764675525,0.193577213411665,2.827182940016914,1.0,0.0,sieve3_sieve3,0.29952019764675525,0.193577213411665,2.827182940016914,1.0,0.0,kernel_sieve1,0.12109577057804773,0.01515278634295747,1.143027746964254,0.0,0.0,sieve3_sieve3,0.29952019764675525,0.193577213411665,2.827182940016914,1.0,0.0,sieve3_sieve3,0.29952019764675525,0.193577213411665,2.827182940016914,1.0,0.0,kernel_kernel,0.3352606093041383,0.22931762506904807,3.164538093027677,1.0,0.0,sieve1_sieve1,0.1507548070091134,0.04481182277402314,1.4229805597429797,0.0,0.0,sieve1_kernel,0.10594298423509026,0.0,0.9999999999905609,0.0,1.0,kernel_kernel,0.3352606093041383,0.22931762506904807,3.164538093027677,1.0,0.0,kernel_sieve1,0.12109577057804773,0.01515278634295747,1.143027746964254,0.0,0.0,sieve1_kernel,0.10594298423509026,0.0,0.9999999999905609,0.0,1.0,0.08571428571428573,-0.06666666666666665,0.0,-0.29424494316824984,-0.21483446221182986,0.0,0.17654696590094993,0.21483446221182986,0.0,-0.14285714285714288,-0.2,0.0,-0.2608969660436018,-0.2760262237369417,0.0,,,,,,,
G,6,ok,24.0,0bdc51d,1500.0,1.0,,,,,,,,,,,,S1,additive,0.1,0.07967170983671899,pehe,sieve1_kernel,0.5165416167614333,6.0,sieve3_sieve3,0.7499531404643348,0.23341152370290152,1.4518736073288199,0.0,0.0,sieve3_sieve3,0.7499531404643348,0.23341152370290152,1.4518736073288199,0.0,0.0,kernel_sieve1,1.07489922501782,0.5583576082563867,2.0809537704920014,1.0,0.0,sieve3_sieve3,0.7499531404643348,0.23341152370290152,1.4518736073288199,0.0,0.0,sieve3_sieve3,0.7499531404643348,0.23341152370290152,1.4518736073288199,0.0,0.0,kernel_kernel,0.7697481262668432,0.2532065095054099,1.490195758265232,0.0,0.0,sieve1_sieve1,0.5262284543672957,0.00968683760586242,1.0187532568345168,0.0,0.0,sieve1_kernel,0.5165416167614333,0.0,0.9999999999980641,0.0,1.0,kernel_kernel,0.7697481262668432,0.2532065095054099,1.490195758265232,0.0,0.0,kernel_sieve1,1.07489922501782,0.5583576082563867,2.0809537704920014,1.0,0.0,sieve1_kernel,0.5165416167614333,0.0,0.9999999999980641,0.0,1.0,-0.028571428571428574,-0.06666666666666665,0.0,0.44136741475237473,0.21483446221182986,0.0,-0.26482044885142486,-0.21483446221182986,0.0,0.14285714285714288,0.06666666666666665,0.0,-0.02898855178262242,-0.13801311186847084,0.0,ate_err,sieve1_kernel,0.08649727005927255,6.0,sieve3_sieve3,0.35109391940962453,0.264596649350352,4.05901734430436,1.0,0.0,sieve3_sieve3,0.35109391940962453,0.264596649350352,4.05901734430436,1.0,0.0,kernel_sieve1,0.10430381037751074,0.017806540318238195,1.2058624544431324,0.0,0.0,sieve3_sieve3,0.35109391940962453,0.264596649350352,4.05901734430436,1.0,0.0,sieve3_sieve3,0.35109391940962453,0.264596649350352,4.05901734430436,1.0,0.0,kernel_kernel,0.3351108757031575,0.24861360564388496,3.874236440868566,1.0,0.0,sieve1_sieve1,0.13447693039116906,0.04797966033189652,1.554695660307702,1.0,0.0,sieve1_kernel,0.08649727005927255,0.0,0.9999999999884389,0.0,1.0,kernel_kernel,0.3351108757031575,0.24861360564388496,3.874236440868566,1.0,0.0,kernel_sieve1,0.10430381037751074,0.017806540318238195,1.2058624544431324,0.0,0.0,sieve1_kernel,0.08649727005927255,0.0,0.9999999999884389,0.0,1.0,-0.2,-0.2,0.0,-0.5590653920196746,-0.3580574370197165,0.0,0.029424494316824982,0.07161148740394328,0.0,-0.4285714285714286,-0.3333333333333333,0.0,-0.6957252427829381,-0.5520524474738834,0.0,,,,,,,
G,6,ok,43.5,0bdc51d,1500.0,1.0,,,,,,,,,,,,S1,additive,0.2,0.08080299310760139,pehe,sieve1_kernel,0.5185810403299429,6.0,sieve3_sieve3,0.7242374250645419,0.20565638473459902,1.396575209541705,0.0,0.0,sieve3_sieve3,0.7242374250645419,0.20565638473459902,1.396575209541705,0.0,0.0,kernel_sieve1,1.0860458100258967,0.5674647696959538,2.094264397581552,1.0,0.0,sieve3_sieve3,0.7242374250645419,0.20565638473459902,1.396575209541705,0.0,0.0,sieve3_sieve3,0.7242374250645419,0.20565638473459902,1.396575209541705,0.0,0.0,kernel_kernel,0.7691689684421421,0.2505879281121992,1.4832184530913077,0.0,0.0,sieve1_sieve1,0.5253763121712876,0.006795271841344652,1.0131035871192053,0.0,0.0,sieve1_kernel,0.5185810403299429,0.0,0.9999999999980717,0.0,1.0,kernel_kernel,0.7691689684421421,0.2505879281121992,1.4832184530913077,0.0,0.0,kernel_sieve1,1.0860458100258967,0.5674647696959538,2.094264397581552,1.0,0.0,sieve1_kernel,0.5185810403299429,0.0,0.9999999999980717,0.0,1.0,0.14285714285714288,0.06666666666666665,0.0,0.5002164033860248,0.3580574370197165,0.0,-0.20597146021777488,-0.07161148740394328,0.0,0.2571428571428572,0.2,0.0,0.02898855178262242,0.0,0.0,ate_err,sieve1_kernel,0.06753247650793769,6.0,sieve3_sieve3,0.35069804031939183,0.28316556381145414,5.193027983698749,1.0,0.0,sieve3_sieve3,0.35069804031939183,0.28316556381145414,5.193027983698749,1.0,0.0,kernel_sieve1,0.10563878034608226,0.038106303838144576,1.5642663472011327,1.0,0.0,sieve3_sieve3,0.35069804031939183,0.28316556381145414,5.193027983698749,1.0,0.0,sieve3_sieve3,0.35069804031939183,0.28316556381145414,5.193027983698749,1.0,0.0,kernel_kernel,0.3353656242488288,0.2678331477408911,4.965990314370366,1.0,0.0,sieve1_sieve1,0.12133073370625903,0.05379825719832135,1.796627933379599,1.0,0.0,sieve1_kernel,0.06753247650793769,0.0,0.9999999999851922,0.0,1.0,kernel_kernel,0.3353656242488288,0.2678331477408911,4.965990314370366,1.0,0.0,kernel_sieve1,0.10563878034608226,0.038106303838144576,1.5642663472011327,1.0,0.0,sieve1_kernel,0.06753247650793769,0.0,0.9999999999851922,0.0,1.0,-0.2571428571428572,-0.2,0.0,-0.41194292043554975,-0.3580574370197165,0.0,0.058848988633649964,0.07161148740394328,0.0,-0.3714285714285715,-0.3333333333333333,0.0,-0.550782483869826,-0.5520524474738834,0.0,,,,,,,
G,6,ok,43.0,0bdc51d,1500.0,1.0,,,,,,,,,,,,S1,additive,0.3,0.08281320696315563,pehe,sieve1_kernel,0.5171533775334118,6.0,sieve3_sieve3,0.6743656000106137,0.1572122224772019,1.3039953509067836,0.0,0.0,sieve3_sieve3,0.6743656000106137,0.1572122224772019,1.3039953509067836,0.0,0.0,kernel_sieve1,0.9367508331950071,0.41959745566159523,1.8113597897418254,1.0,0.0,sieve3_sieve3,0.6743656000106137,0.1572122224772019,1.3039953509067836,0.0,0.0,sieve3_sieve3,0.6743656000106137,0.1572122224772019,1.3039953509067836,0.0,0.0,kernel_kernel,0.7677136566697655,0.2505602791363537,1.484498970750087,0.0,0.0,sieve1_sieve1,0.5249265626141668,0.007773185080754974,1.0150307150981293,0.0,0.0,sieve1_kernel,0.5171533775334118,0.0,0.9999999999980664,0.0,1.0,kernel_kernel,0.7677136566697655,0.2505602791363537,1.484498970750087,0.0,0.0,kernel_sieve1,0.9367508331950071,0.41959745566159523,1.8113597897418254,1.0,0.0,sieve1_kernel,0.5171533775334118,0.0,0.9999999999980664,0.0,1.0,0.028571428571428574,-0.06666666666666665,0.0,0.29424494316824984,0.21483446221182986,0.0,-0.29424494316824984,-0.21483446221182986,0.0,0.08571428571428573,0.06666666666666665,0.0,-0.17393131069573453,-0.13801311186847084,0.0,ate_err,sieve1_kernel,0.06581911237435487,6.0,sieve3_sieve3,0.3181273289232387,0.2523082165488838,4.833357932708273,1.0,0.0,sieve3_sieve3,0.3181273289232387,0.2523082165488838,4.833357932708273,1.0,0.0,kernel_sieve1,0.10746572375572272,0.041646611381367854,1.6327434369346174,1.0,0.0,sieve3_sieve3,0.3181273289232387,0.2523082165488838,4.833357932708273,1.0,0.0,sieve3_sieve3,0.3181273289232387,0.2523082165488838,4.833357932708273,1.0,0.0,kernel_kernel,0.33557347002980936,0.2697543576554545,5.098419864979227,1.0,0.0,sieve1_sieve1,0.10709251308728573,0.04127340071293087,1.627073189266909,1.0,0.0,sieve1_kernel,0.06581911237435487,0.0,0.9999999999848067,0.0,1.0,kernel_kernel,0.33557347002980936,0.2697543576554545,5.098419864979227,1.0,0.0,kernel_sieve1,0.10746572375572272,0.041646611381367854,1.6327434369346174,1.0,0.0,sieve1_kernel,0.06581911237435487,0.0,0.9999999999848067,0.0,1.0,0.14285714285714288,0.06666666666666665,0.0,-0.17654696590094993,-0.07161148740394328,0.0,0.17654696590094993,0.21483446221182986,0.0,-0.028571428571428574,-0.06666666666666665,0.0,-0.3768511731740915,-0.2760262237369417,0.0,,,,,,,
G,6,ok,43.1,0bdc51d,1500.0,1.0,,,,,,,,,,,,S1,missing,0.0,0.07862520856870155,pehe,sieve1_kernel,0.5180711250804318,6.0,sieve3_sieve3,0.7635730005953129,0.245501875514881,1.4738767779719288,0.0,0.0,sieve3_sieve3,0.7635730005953129,0.245501875514881,1.4738767779719288,0.0,0.0,kernel_sieve1,1.0719427627476865,0.5538716376672547,2.0691034702603734,1.0,0.0,sieve3_sieve3,0.7635730005953129,0.245501875514881,1.4738767779719288,0.0,0.0,sieve3_sieve3,0.7635730005953129,0.245501875514881,1.4738767779719288,0.0,0.0,kernel_kernel,0.7677610766214579,0.24968995154102602,1.4819607568377393,0.0,0.0,sieve1_sieve1,0.6848265088365079,0.16675538375607601,1.3218773942069537,0.0,0.0,sieve1_kernel,0.5180711250804318,0.0,0.9999999999980698,0.0,1.0,kernel_kernel,0.7677610766214579,0.24968995154102602,1.4819607568377393,0.0,0.0,kernel_sieve1,1.0719427627476865,0.5538716376672547,2.0691034702603734,1.0,0.0,sieve1_kernel,0.5180711250804318,0.0,0.9999999999980698,0.0,1.0,-0.028571428571428574,-0.06666666666666665,0.0,0.44136741475237473,0.21483446221182986,0.0,-0.26482044885142486,-0.21483446221182986,0.0,0.14285714285714288,0.06666666666666665,0.0,0.02898855178262242,0.0,0.0,ate_err,sieve1_kernel,0.10594298423509026,6.0,sieve3_sieve3,0.29952019764675525,0.193577213411665,2.827182940016914,1.0,0.0,sieve3_sieve3,0.29952019764675525,0.193577213411665,2.827182940016914,1.0,0.0,kernel_sieve1,0.1210956190551659,0.015152634820075644,1.1430263167338057,0.0,0.0,sieve3_sieve3,0.29952019764675525,0.193577213411665,2.827182940016914,1.0,0.0,sieve3_sieve3,0.29952019764675525,0.193577213411665,2.827182940016914,1.0,0.0,kernel_kernel,0.33526053437133213,0.2293175501362419,3.1645373857339685,1.0,0.0,sieve1_sieve1,0.1507548070091134,0.04481182277402314,1.4229805597429797,0.0,0.0,sieve1_kernel,0.10594298423509026,0.0,0.9999999999905609,0.0,1.0,kernel_kernel,0.33526053437133213,0.2293175501362419,3.1645373857339685,1.0,0.0,kernel_sieve1,0.1210956190551659,0.015152634820075644,1.1430263167338057,0.0,0.0,sieve1_kernel,0.10594298423509026,0.0,0.9999999999905609,0.0,1.0,0.08571428571428573,-0.06666666666666665,0.0,-0.29424494316824984,-0.21483446221182986,0.0,0.17654696590094993,0.21483446221182986,0.0,-0.14285714285714288,-0.2,0.0,-0.2608969660436018,-0.2760262237369417,0.0,,,,,,,
G,6,ok,44.4,0bdc51d,1500.0,1.0,,,,,,,,,,,,S1,missing,0.1,0.07778106045664476,pehe,sieve1_kernel,0.600545412686858,6.0,sieve3_sieve3,0.7584208667186874,0.15787545403182934,1.2628867870694858,0.0,0.0,sieve3_sieve3,0.7584208667186874,0.15787545403182934,1.2628867870694858,0.0,0.0,kernel_sieve1,1.1234528076820678,0.5229073949952098,1.8707208213511046,1.0,0.0,sieve3_sieve3,0.7584208667186874,0.15787545403182934,1.2628867870694858,0.0,0.0,sieve3_sieve3,0.7584208667186874,0.15787545403182934,1.2628867870694858,0.0,0.0,kernel_kernel,0.7668914367491517,0.1663460240622937,1.2769915822298594,0.0,0.0,sieve1_sieve1,0.7015265365758231,0.10098112388896507,1.168149022129741,0.0,0.0,sieve1_kernel,0.600545412686858,0.0,0.9999999999983349,0.0,1.0,kernel_kernel,0.7668914367491517,0.1663460240622937,1.2769915822298594,0.0,0.0,kernel_sieve1,1.1234528076820678,0.5229073949952098,1.8707208213511046,1.0,0.0,sieve1_kernel,0.600545412686858,0.0,0.9999999999983349,0.0,1.0,0.028571428571428574,-0.06666666666666665,0.0,0.29424494316824984,0.21483446221182986,0.0,-0.29424494316824984,-0.21483446221182986,0.0,0.08571428571428573,0.06666666666666665,0.0,0.0,0.0,0.0,ate_err,sieve1_kernel,0.1007156247005272,6.0,sieve3_sieve3,0.4082549568027352,0.307539332102208,4.053541424308364,1.0,0.0,sieve3_sieve3,0.4082549568027352,0.307539332102208,4.053541424308364,1.0,0.0,kernel_sieve1,0.12477663614422119,0.02406101144369399,1.2389004835545556,0.0,0.0,sieve3_sieve3,0.4082549568027352,0.307539332102208,4.053541424308364,1.0,0.0,sieve3_sieve3,0.4082549568027352,0.307539332102208,4.053541424308364,1.0,0.0,kernel_kernel,0.3348010486185977,0.23408542391807052,3.3242215357427156,1.0,0.0,sieve1_sieve1,0.13574811275313256,0.035032488052605365,1.3478356824517035,0.0,0.0,sieve1_kernel,0.1007156247005272,0.0,0.999999999990071,0.0,1.0,kernel_kernel,0.3348010486185977,0.23408542391807052,3.3242215357427156,1.0,0.0,kernel_sieve1,0.12477663614422119,0.02406101144369399,1.2389004835545556,0.0,0.0,sieve1_kernel,0.1007156247005272,0.0,0.999999999990071,0.0,1.0,-0.2571428571428572,-0.2,0.0,-0.41194292043554975,-0.3580574370197165,0.0,0.058848988633649964,0.07161148740394328,0.0,-0.3714285714285715,-0.3333333333333333,0.0,-0.4928053803045812,-0.41403933560541256,0.0,,,,,,,
G,6,ok,44.1,0bdc51d,1500.0,1.0,,,,,,,,,,,,S1,missing,0.2,0.07531714365885873,pehe,sieve1_sieve1,0.6004085884820058,6.0,sieve1_sieve1,0.6004085884820058,0.0,0.9999999999983346,0.0,1.0,sieve3_sieve3,1.710904098652689,1.1104955101706833,2.8495663311137247,1.0,0.0,kernel_sieve1,0.8657518065741527,0.2653432180921469,1.4419377456967495,0.0,0.0,sieve3_sieve3,1.710904098652689,1.1104955101706833,2.8495663311137247,1.0,0.0,sieve3_sieve3,1.710904098652689,1.1104955101706833,2.8495663311137247,1.0,0.0,kernel_kernel,0.9363402499298153,0.3359316614478095,1.5595050901846284,1.0,0.0,sieve1_sieve1,0.6004085884820058,0.0,0.9999999999983346,0.0,1.0,sieve1_kernel,0.6065703350180928,0.006161746536086921,1.0102625889324055,0.0,0.0,kernel_kernel,0.9363402499298153,0.3359316614478095,1.5595050901846284,1.0,0.0,kernel_sieve1,0.8657518065741527,0.2653432180921469,1.4419377456967495,0.0,0.0,sieve1_sieve1,0.6004085884820058,0.0,0.9999999999983346,0.0,1.0,0.2,0.06666666666666665,1.0,0.08827348295047496,0.21483446221182986,1.0,0.14712247158412492,0.07161148740394328,1.0,-0.028571428571428574,0.06666666666666665,1.0,-0.11595420713048968,0.0,1.0,ate_err,sieve1_kernel,0.1191871875067795,6.0,sieve1_sieve1,0.13841833260279685,0.019231145096017352,1.1613524532052752,0.0,0.0,sieve3_sieve3,0.3654152766820282,0.24622808917524874,3.0658939465131443,1.0,0.0,kernel_sieve1,0.16018684667747654,0.04099965917069705,1.3439938472163457,0.0,0.0,sieve3_sieve3,0.3654152766820282,0.24622808917524874,3.0658939465131443,1.0,0.0,sieve3_sieve3,0.3654152766820282,0.24622808917524874,3.0658939465131443,1.0,0.0,kernel_kernel,0.33529558015860417,0.2161083926518247,2.8131847656588005,1.0,0.0,sieve1_sieve1,0.13841833260279685,0.019231145096017352,1.1613524532052752,0.0,0.0,sieve1_kernel,0.1191871875067795,0.0,0.9999999999916098,0.0,1.0,kernel_kernel,0.33529558015860417,0.2161083926518247,2.8131847656588005,1.0,0.0,kernel_sieve1,0.16018684667747654,0.04099965917069705,1.3439938472163457,0.0,0.0,sieve1_kernel,0.1191871875067795,0.0,0.9999999999916098,0.0,1.0,0.028571428571428574,0.06666666666666665,0.0,0.08827348295047496,0.07161148740394328,0.0,0.029424494316824982,0.07161148740394328,0.0,-0.3142857142857143,-0.2,0.0,-0.4058397249567139,-0.2760262237369417,0.0,,,,,,,
G,6,ok,44.7,0bdc51d,1500.0,1.0,,,,,,,,,,,,S1,missing,0.3,0.07697663208882387,pehe,sieve1_sieve1,0.5907216485800404,6.0,sieve3_sieve3,0.8023164833096988,0.21159483472965845,1.3581971902281318,0.0,0.0,sieve3_sieve3,0.8023164833096988,0.21159483472965845,1.3581971902281318,0.0,0.0,kernel_sieve1,0.9231478543638747,0.3324262057838343,1.562745933861317,1.0,0.0,sieve3_sieve3,0.8023164833096988,0.21159483472965845,1.3581971902281318,0.0,0.0,sieve3_sieve3,0.8023164833096988,0.21159483472965845,1.3581971902281318,0.0,0.0,kernel_kernel,0.7706258318763555,0.17990418329631508,1.3045498395521122,0.0,0.0,sieve1_sieve1,0.5907216485800404,0.0,0.9999999999983072,0.0,1.0,sieve1_kernel,0.6388132207805196,0.048091572200479216,1.0814115621375973,0.0,0.0,kernel_kernel,0.7706258318763555,0.17990418329631508,1.3045498395521122,0.0,0.0,kernel_sieve1,0.9231478543638747,0.3324262057838343,1.562745933861317,1.0,0.0,sieve1_sieve1,0.5907216485800404,0.0,0.9999999999983072,0.0,1.0,-0.028571428571428574,0.06666666666666665,1.0,-0.17654696590094993,-0.07161148740394328,0.0,-0.058848988633649964,-0.07161148740394328,1.0,-0.08571428571428573,-0.06666666666666665,1.0,0.14494275891311212,0.13801311186847084,1.0,ate_err,sieve1_sieve1,0.14003294667364005,6.0,sieve3_sieve3,0.5370132551749516,0.3969803085013115,3.8349064839910607,1.0,0.0,sieve3_sieve3,0.5370132551749516,0.3969803085013115,3.8349064839910607,1.0,0.0,kernel_sieve1,0.1509947963547692,0.010961849681129149,1.0782805042701735,0.0,0.0,sieve3_sieve3,0.5370132551749516,0.3969803085013115,3.8349064839910607,1.0,0.0,sieve3_sieve3,0.5370132551749516,0.3969803085013115,3.8349064839910607,1.0,0.0,kernel_kernel,0.33569007132051937,0.19565712464687932,2.397222077319271,1.0,0.0,sieve1_sieve1,0.14003294667364005,0.0,0.9999999999928588,0.0,1.0,sieve1_kernel,0.14532933450255595,0.005296387828915894,1.0378224407447614,0.0,0.0,kernel_kernel,0.33569007132051937,0.19565712464687932,2.397222077319271,1.0,0.0,kernel_sieve1,0.1509947963547692,0.010961849681129149,1.0782805042701735,0.0,0.0,sieve1_sieve1,0.14003294667364005,0.0,0.9999999999928588,0.0,1.0,0.028571428571428574,0.06666666666666665,1.0,-0.44136741475237473,-0.21483446221182986,0.0,0.26482044885142486,0.21483446221182986,1.0,-0.14285714285714288,-0.06666666666666665,1.0,-0.11595420713048968,0.0,1.0,,,,,,,
G,7,ok,43.3,0bdc51d,1500.0,1.0,,,,,,,,,,,,S1,additive,0.0,0.0778991408791253,pehe,kernel_sieve1,0.5540086619907643,6.0,sieve1_sieve1,0.6445276065866546,0.09051894459589038,1.1633890420945008,0.0,0.0,sieve1_kernel,0.610267352330798,0.056258690340033723,1.1015483948152964,0.0,0.0,kernel_sieve1,0.5540086619907643,0.0,0.999999999998195,0.0,1.0,sieve1_sieve1,0.6445276065866546,0.09051894459589038,1.1633890420945008,0.0,0.0,sieve1_sieve1,0.6445276065866546,0.09051894459589038,1.1633890420945008,0.0,0.0,kernel_kernel,0.6462860693179566,0.09227740732719236,1.166563112920361,0.0,0.0,sieve1_sieve1,0.6445276065866546,0.09051894459589038,1.1633890420945008,0.0,0.0,sieve1_sieve1,0.6445276065866546,0.09051894459589038,1.1633890420945008,0.0,0.0,kernel_kernel,0.6462860693179566,0.09227740732719236,1.166563112920361,0.0,0.0,kernel_sieve1,0.5540086619907643,0.0,0.999999999998195,0.0,1.0,kernel_sieve1,0.5540086619907643,0.0,0.999999999998195,0.0,1.0,-0.2571428571428572,-0.06666666666666665,0.0,-0.029424494316824982,-0.07161148740394328,0.0,0.26482044885142486,0.21483446221182986,1.0,-0.3142857142857143,-0.2,0.0,-0.3768511731740915,-0.2760262237369417,0.0,ate_err,kernel_sieve1,0.13426326878322495,6.0,sieve1_sieve1,0.20974623088569233,0.07548296210246738,1.5622011350161327,1.0,0.0,sieve1_kernel,0.19057614288042912,0.056312874097204174,1.4194212952367846,0.0,0.0,kernel_sieve1,0.13426326878322495,0.0,0.999999999992552,0.0,1.0,sieve1_sieve1,0.20974623088569233,0.07548296210246738,1.5622011350161327,1.0,0.0,sieve1_sieve1,0.20974623088569233,0.07548296210246738,1.5622011350161327,1.0,0.0,kernel_kernel,0.3044367073102276,0.17017343852700265,2.2674608630264252,1.0,0.0,sieve1_sieve1,0.20974623088569233,0.07548296210246738,1.5622011350161327,1.0,0.0,sieve1_sieve1,0.20974623088569233,0.07548296210246738,1.5622011350161327,1.0,0.0,kernel_kernel,0.3044367073102276,0.17017343852700265,2.2674608630264252,1.0,0.0,kernel_sieve1,0.13426326878322495,0.0,0.999999999992552,0.0,1.0,kernel_sieve1,0.13426326878322495,0.0,0.999999999992552,0.0,1.0,-0.14285714285714288,-0.06666666666666665,0.0,0.17654696590094993,0.21483446221182986,0.0,0.29424494316824984,0.21483446221182986,1.0,-0.2,-0.2,0.0,-0.11595420713048968,0.0,0.0,,,,,,,
G,7,ok,43.0,0bdc51d,1500.0,1.0,,,,,,,,,,,,S1,additive,0.1,0.07787508194947286,pehe,kernel_sieve1,0.5562682011371863,6.0,sieve1_sieve1,0.6509069086246247,0.09463870748743841,1.1701314353270547,0.0,0.0,sieve1_kernel,0.6186315119637189,0.06236331082653257,1.1121101488417464,0.0,0.0,kernel_sieve1,0.5562682011371863,0.0,0.9999999999982023,0.0,1.0,sieve1_sieve1,0.6509069086246247,0.09463870748743841,1.1701314353270547,0.0,0.0,sieve1_sieve1,0.6509069086246247,0.09463870748743841,1.1701314353270547,0.0,0.0,kernel_kernel,0.6460529552452725,0.08978475410808617,1.161405512526829,0.0,0.0,sieve1_sieve1,0.6509069086246247,0.09463870748743841,1.1701314353270547,0.0,0.0,sieve1_sieve1,0.6509069086246247,0.09463870748743841,1.1701314353270547,0.0,0.0,kernel_kernel,0.6460529552452725,0.08978475410808617,1.161405512526829,0.0,0.0,kernel_sieve1,0.5562682011371863,0.0,0.9999999999982023,0.0,1.0,kernel_sieve1,0.5562682011371863,0.0,0.9999999999982023,0.0,1.0,-0.5428571428571429,-0.2,0.0,-0.26482044885142486,-0.21483446221182986,0.0,0.029424494316824982,0.07161148740394328,1.0,-0.6,-0.3333333333333333,0.0,-0.6377481392176932,-0.41403933560541256,0.0,ate_err,kernel_sieve1,0.14731613243760036,6.0,sieve1_sieve1,0.22032238280204186,0.0730062503644415,1.4955753939160032,0.0,0.0,sieve1_kernel,0.20100368069815797,0.053687548260557605,1.364437671359136,0.0,0.0,kernel_sieve1,0.14731613243760036,0.0,0.9999999999932119,0.0,1.0,sieve1_sieve1,0.22032238280204186,0.0730062503644415,1.4955753939160032,0.0,0.0,sieve1_sieve1,0.22032238280204186,0.0730062503644415,1.4955753939160032,0.0,0.0,kernel_kernel,0.3049741163818082,0.15765798394420785,2.070201758174162,1.0,0.0,sieve1_sieve1,0.22032238280204186,0.0730062503644415,1.4955753939160032,0.0,0.0,sieve1_sieve1,0.22032238280204186,0.0730062503644415,1.4955753939160032,0.0,0.0,kernel_kernel,0.3049741163818082,0.15765798394420785,2.070201758174162,1.0,0.0,kernel_sieve1,0.14731613243760036,0.0,0.9999999999932119,0.0,1.0,kernel_sieve1,0.14731613243760036,0.0,0.9999999999932119,0.0,1.0,-0.3142857142857143,-0.2,0.0,0.029424494316824982,0.07161148740394328,0.0,0.20597146021777488,0.07161148740394328,1.0,-0.3714285714285715,-0.3333333333333333,0.0,-0.3188740696088466,-0.13801311186847084,0.0,,,,,,,
G,7,ok,43.5,0bdc51d,1500.0,1.0,,,,,,,,,,,,S1,additive,0.2,0.07784033494514941,pehe,kernel_sieve1,0.5599240364486099,6.0,sieve1_sieve1,0.6545894551104473,0.09466541866183742,1.1690683244482518,0.0,0.0,sieve1_kernel,0.6341264563010884,0.07420241985247855,1.1325222977066396,0.0,0.0,kernel_sieve1,0.5599240364486099,0.0,0.9999999999982141,0.0,1.0,sieve1_sieve1,0.6545894551104473,0.09466541866183742,1.1690683244482518,0.0,0.0,sieve1_sieve1,0.6545894551104473,0.09466541866183742,1.1690683244482518,0.0,0.0,kernel_kernel,0.6471643656573784,0.08724032920876856,1.155807437310507,0.0,0.0,sieve1_sieve1,0.6545894551104473,0.09466541866183742,1.1690683244482518,0.0,0.0,sieve1_sieve1,0.6545894551104473,0.09466541866183742,1.1690683244482518,0.0,0.0,kernel_kernel,0.6471643656573784,0.08724032920876856,1.155807437310507,0.0,0.0,kernel_sieve1,0.5599240364486099,0.0,0.9999999999982141,0.0,1.0,kernel_sieve1,0.5599240364486099,0.0,0.9999999999982141,0.0,1.0,-0.2,-0.06666666666666665,0.0,-0.4707919090691997,-0.3580574370197165,0.0,0.23539595453459985,0.21483446221182986,1.0,-0.5428571428571429,-0.3333333333333333,0.0,-0.4638168285219587,-0.2760262237369417,0.0,ate_err,kernel_sieve1,0.1595063853318456,6.0,sieve1_sieve1,0.23023688593332592,0.07073050060148031,1.443433662250482,0.0,0.0,sieve1_kernel,0.2117467540236828,0.05224036869183718,1.3275127110543319,0.0,0.0,kernel_sieve1,0.1595063853318456,0.0,0.9999999999937306,0.0,1.0,sieve1_sieve1,0.23023688593332592,0.07073050060148031,1.443433662250482,0.0,0.0,sieve1_sieve1,0.23023688593332592,0.07073050060148031,1.443433662250482,0.0,0.0,kernel_kernel,0.30560858485850034,0.14610219952665474,1.9159645817362103,1.0,0.0,sieve1_sieve1,0.23023688593332592,0.07073050060148031,1.443433662250482,0.0,0.0,sieve1_sieve1,0.23023688593332592,0.07073050060148031,1.443433662250482,0.0,0.0,kernel_kernel,0.30560858485850034,0.14610219952665474,1.9159645817362103,1.0,0.0,kernel_sieve1,0.1595063853318456,0.0,0.9999999999937306,0.0,1.0,kernel_sieve1,0.1595063853318456,0.0,0.9999999999937306,0.0,1.0,-0.2571428571428572,-0.06666666666666665,0.0,-0.029424494316824982,-0.07161148740394328,0.0,0.26482044885142486,0.21483446221182986,1.0,-0.3714285714285715,-0.3333333333333333,0.0,-0.3768511731740915,-0.2760262237369417,0.0,,,,,,,
G,7,ok,43.1,0bdc51d,1500.0,1.0,,,,,,,,,,,,S1,additive,0.3,0.07770252215065639,pehe,kernel_sieve1,0.5610800196666385,6.0,sieve1_sieve1,0.6606090402500024,0.09952902058336399,1.1773882816952226,0.0,0.0,sieve1_kernel,0.6504701502960726,0.08939013062943413,1.1593179715816389,0.0,0.0,kernel_sieve1,0.5610800196666385,0.0,0.9999999999982178,0.0,1.0,sieve1_sieve1,0.6606090402500024,0.09952902058336399,1.1773882816952226,0.0,0.0,sieve1_sieve1,0.6606090402500024,0.09952902058336399,1.1773882816952226,0.0,0.0,kernel_kernel,0.6477760298414684,0.08669601017482997,1.1545163027284153,0.0,0.0,sieve1_sieve1,0.6606090402500024,0.09952902058336399,1.1773882816952226,0.0,0.0,sieve1_sieve1,0.6606090402500024,0.09952902058336399,1.1773882816952226,0.0,0.0,kernel_kernel,0.6477760298414684,0.08669601017482997,1.1545163027284153,0.0,0.0,kernel_sieve1,0.5610800196666385,0.0,0.9999999999982178,0.0,1.0,kernel_sieve1,0.5610800196666385,0.0,0.9999999999982178,0.0,1.0,-0.6571428571428573,-0.4666666666666666,0.0,-0.44136741475237473,-0.21483446221182986,0.0,-0.029424494316824982,-0.07161148740394328,1.0,-0.7142857142857143,-0.4666666666666666,0.0,-0.5797710356524485,-0.2760262237369417,0.0,ate_err,kernel_sieve1,0.17161026837586754,6.0,sieve1_sieve1,0.23887504669012738,0.06726477831425984,1.391962432956179,0.0,0.0,sieve1_kernel,0.22287726621116458,0.051266997835297035,1.2987408522764576,0.0,0.0,kernel_sieve1,0.17161026837586754,0.0,0.9999999999941728,0.0,1.0,sieve1_sieve1,0.23887504669012738,0.06726477831425984,1.391962432956179,0.0,0.0,sieve1_sieve1,0.23887504669012738,0.06726477831425984,1.391962432956179,0.0,0.0,kernel_kernel,0.3061762958971154,0.13456602752124788,1.7841373875410063,1.0,0.0,sieve1_sieve1,0.23887504669012738,0.06726477831425984,1.391962432956179,0.0,0.0,sieve1_sieve1,0.23887504669012738,0.06726477831425984,1.391962432956179,0.0,0.0,kernel_kernel,0.3061762958971154,0.13456602752124788,1.7841373875410063,1.0,0.0,kernel_sieve1,0.17161026837586754,0.0,0.9999999999941728,0.0,1.0,kernel_sieve1,0.17161026837586754,0.0,0.9999999999941728,0.0,1.0,-0.3142857142857143,-0.2,0.0,0.029424494316824982,0.07161148740394328,0.0,0.20597146021777488,0.07161148740394328,1.0,-0.3142857142857143,-0.2,0.0,-0.3188740696088466,-0.13801311186847084,0.0,,,,,,,
G,7,ok,42.9,0bdc51d,1500.0,1.0,,,,,,,,,,,,S1,missing,0.0,0.0778991408791253,pehe,kernel_sieve1,0.5540086619907643,6.0,sieve1_sieve1,0.6445276065866546,0.09051894459589038,1.1633890420945008,0.0,0.0,sieve1_kernel,0.610267352330798,0.056258690340033723,1.1015483948152964,0.0,0.0,kernel_sieve1,0.5540086619907643,0.0,0.999999999998195,0.0,1.0,sieve1_sieve1,0.6445276065866546,0.09051894459589038,1.1633890420945008,0.0,0.0,sieve1_sieve1,0.6445276065866546,0.09051894459589038,1.1633890420945008,0.0,0.0,kernel_kernel,0.6462860693179566,0.09227740732719236,1.166563112920361,0.0,0.0,sieve1_sieve1,0.6445276065866546,0.09051894459589038,1.1633890420945008,0.0,0.0,sieve1_sieve1,0.6445276065866546,0.09051894459589038,1.1633890420945008,0.0,0.0,kernel_kernel,0.6462860693179566,0.09227740732719236,1.166563112920361,0.0,0.0,kernel_sieve1,0.5540086619907643,0.0,0.999999999998195,0.0,1.0,kernel_sieve1,0.5540086619907643,0.0,0.999999999998195,0.0,1.0,-0.2571428571428572,-0.06666666666666665,0.0,-0.029424494316824982,-0.07161148740394328,0.0,0.26482044885142486,0.21483446221182986,1.0,-0.3142857142857143,-0.2,0.0,-0.3768511731740915,-0.2760262237369417,0.0,ate_err,kernel_sieve1,0.13426326878322495,6.0,sieve1_sieve1,0.20974623088569233,0.07548296210246738,1.5622011350161327,1.0,0.0,sieve1_kernel,0.19057614288042912,0.056312874097204174,1.4194212952367846,0.0,0.0,kernel_sieve1,0.13426326878322495,0.0,0.999999999992552,0.0,1.0,sieve1_sieve1,0.20974623088569233,0.07548296210246738,1.5622011350161327,1.0,0.0,sieve1_sieve1,0.20974623088569233,0.07548296210246738,1.5622011350161327,1.0,0.0,kernel_kernel,0.3044367073102276,0.17017343852700265,2.2674608630264252,1.0,0.0,sieve1_sieve1,0.20974623088569233,0.07548296210246738,1.5622011350161327,1.0,0.0,sieve1_sieve1,0.20974623088569233,0.07548296210246738,1.5622011350161327,1.0,0.0,kernel_kernel,0.3044367073102276,0.17017343852700265,2.2674608630264252,1.0,0.0,kernel_sieve1,0.13426326878322495,0.0,0.999999999992552,0.0,1.0,kernel_sieve1,0.13426326878322495,0.0,0.999999999992552,0.0,1.0,-0.14285714285714288,-0.06666666666666665,0.0,0.17654696590094993,0.21483446221182986,0.0,0.29424494316824984,0.21483446221182986,1.0,-0.2,-0.2,0.0,-0.11595420713048968,0.0,0.0,,,,,,,
G,7,ok,55.0,0bdc51d,1500.0,1.0,,,,,,,,,,,,S1,missing,0.1,0.07967241538868622,pehe,kernel_sieve1,0.5501528042338087,6.0,sieve1_sieve1,0.9330998252936475,0.3829470210598388,1.6960739236646598,1.0,0.0,sieve1_kernel,0.6953558223480621,0.1452030181142534,1.2639321602935607,0.0,0.0,sieve3_sieve3,0.998495225118233,0.4483424208844242,1.8149416260942457,1.0,0.0,sieve1_sieve1,0.9330998252936475,0.3829470210598388,1.6960739236646598,1.0,0.0,sieve1_sieve1,0.9330998252936475,0.3829470210598388,1.6960739236646598,1.0,0.0,kernel_kernel,0.6476863665012167,0.09753356226740795,1.1772844953540944,0.0,0.0,sieve1_sieve1,0.9330998252936475,0.3829470210598388,1.6960739236646598,1.0,0.0,sieve1_sieve1,0.9330998252936475,0.3829470210598388,1.6960739236646598,1.0,0.0,kernel_kernel,0.6476863665012167,0.09753356226740795,1.1772844953540944,0.0,0.0,kernel_sieve1,0.5501528042338087,0.0,0.9999999999981823,0.0,1.0,kernel_sieve1,0.5501528042338087,0.0,0.9999999999981823,0.0,1.0,-0.3142857142857143,-0.2,0.0,-0.44136741475237473,-0.21483446221182986,0.0,-0.26482044885142486,-0.21483446221182986,1.0,-0.7142857142857143,-0.4666666666666666,0.0,-0.5797710356524485,-0.2760262237369417,0.0,ate_err,kernel_sieve1,0.11775414871514238,6.0,sieve1_sieve1,0.19316275546612505,0.07540860675098267,1.6403902331438216,1.0,0.0,sieve1_kernel,0.1848277850001265,0.06707363628498413,1.5696074152399635,1.0,0.0,sieve3_sieve3,0.8746202769543553,0.756866128239213,7.427511357266154,1.0,0.0,sieve1_sieve1,0.19316275546612505,0.07540860675098267,1.6403902331438216,1.0,0.0,sieve1_sieve1,0.19316275546612505,0.07540860675098267,1.6403902331438216,1.0,0.0,kernel_kernel,0.3059161387306968,0.1881619900155544,2.597922383763623,1.0,0.0,sieve1_sieve1,0.19316275546612505,0.07540860675098267,1.6403902331438216,1.0,0.0,sieve1_sieve1,0.19316275546612505,0.07540860675098267,1.6403902331438216,1.0,0.0,kernel_kernel,0.3059161387306968,0.1881619900155544,2.597922383763623,1.0,0.0,kernel_sieve1,0.11775414871514238,0.0,0.9999999999915077,0.0,1.0,kernel_sieve1,0.11775414871514238,0.0,0.9999999999915077,0.0,1.0,0.028571428571428574,0.06666666666666665,0.0,0.029424494316824982,0.07161148740394328,0.0,-0.08827348295047496,-0.07161148740394328,1.0,-0.3142857142857143,-0.2,0.0,-0.3188740696088466,-0.13801311186847084,0.0,,,,,,,
G,7,ok,56.0,0bdc51d,1500.0,1.0,,,,,,,,,,,,S1,missing,0.2,0.08050035882279508,pehe,kernel_sieve1,0.5435810237786111,6.0,sieve1_sieve1,1.0531541082612466,0.5095730844826355,1.9374372212968132,1.0,0.0,sieve1_kernel,0.671069701151328,0.12748867737271696,1.2345348196397046,0.0,0.0,sieve3_sieve3,1.3094975550496077,0.7659165312709967,2.409019994746044,1.0,0.0,sieve1_sieve1,1.0531541082612466,0.5095730844826355,1.9374372212968132,1.0,0.0,sieve1_sieve1,1.0531541082612466,0.5095730844826355,1.9374372212968132,1.0,0.0,kernel_kernel,0.6491256818190267,0.10554465804041568,1.1941654572588751,0.0,0.0,sieve1_sieve1,1.0531541082612466,0.5095730844826355,1.9374372212968132,1.0,0.0,sieve1_sieve1,1.0531541082612466,0.5095730844826355,1.9374372212968132,1.0,0.0,kernel_kernel,0.6491256818190267,0.10554465804041568,1.1941654572588751,0.0,0.0,kernel_sieve1,0.5435810237786111,0.0,0.9999999999981604,0.0,1.0,kernel_sieve1,0.5435810237786111,0.0,0.9999999999981604,0.0,1.0,-0.7714285714285715,-0.6,0.0,-0.5296408977028497,-0.3580574370197165,0.0,-0.5296408977028497,-0.5012804118276031,1.0,-0.8857142857142858,-0.7333333333333333,0.0,-0.6377481392176932,-0.41403933560541256,0.0,ate_err,kernel_sieve1,0.1245296188684807,6.0,sieve1_sieve1,0.1882019765334053,0.06367235766492461,1.5113029192730407,1.0,0.0,sieve1_kernel,0.17075244039711115,0.046222821528630456,1.3711793382751498,0.0,0.0,sieve3_sieve3,0.7422841864184061,0.6177545675499254,5.960703912507698,1.0,0.0,sieve1_sieve1,0.1882019765334053,0.06367235766492461,1.5113029192730407,1.0,0.0,sieve1_sieve1,0.1882019765334053,0.06367235766492461,1.5113029192730407,1.0,0.0,kernel_kernel,0.30695676883402584,0.18242714996554515,2.4649298024090696,1.0,0.0,sieve1_sieve1,0.1882019765334053,0.06367235766492461,1.5113029192730407,1.0,0.0,sieve1_sieve1,0.1882019765334053,0.06367235766492461,1.5113029192730407,1.0,0.0,kernel_kernel,0.30695676883402584,0.18242714996554515,2.4649298024090696,1.0,0.0,kernel_sieve1,0.1245296188684807,0.0,0.9999999999919698,0.0,1.0,kernel_sieve1,0.1245296188684807,0.0,0.9999999999919698,0.0,1.0,-0.2571428571428572,-0.06666666666666665,0.0,-0.029424494316824982,-0.07161148740394328,0.0,-0.08827348295047496,-0.07161148740394328,1.0,-0.3142857142857143,-0.2,0.0,-0.3768511731740915,-0.2760262237369417,0.0,,,,,,,
G,7,ok,56.9,0bdc51d,1500.0,1.0,,,,,,,,,,,,S1,missing,0.3,0.0822801548350962,pehe,kernel_sieve1,0.5396865245207331,6.0,sieve3_sieve3,1.2376019446433875,0.6979154201226544,2.293186671170163,1.0,0.0,sieve1_kernel,0.6183367259803789,0.07865020145964585,1.1457331207747778,0.0,0.0,sieve3_sieve3,1.2376019446433875,0.6979154201226544,2.293186671170163,1.0,0.0,sieve1_sieve1,0.9703402566993563,0.43065373217862324,1.7979701412023692,1.0,0.0,sieve1_sieve1,0.9703402566993563,0.43065373217862324,1.7979701412023692,1.0,0.0,kernel_kernel,0.6501557951890335,0.11046927066830048,1.2046915489787293,0.0,0.0,sieve1_sieve1,0.9703402566993563,0.43065373217862324,1.7979701412023692,1.0,0.0,sieve1_sieve1,0.9703402566993563,0.43065373217862324,1.7979701412023692,1.0,0.0,kernel_kernel,0.6501557951890335,0.11046927066830048,1.2046915489787293,0.0,0.0,kernel_sieve1,0.5396865245207331,0.0,0.9999999999981471,0.0,1.0,kernel_sieve1,0.5396865245207331,0.0,0.9999999999981471,0.0,1.0,-0.6,-0.4666666666666666,0.0,-0.41194292043554975,-0.3580574370197165,0.0,-0.5296408977028497,-0.5012804118276031,1.0,-0.7714285714285715,-0.6,0.0,-0.753702346348183,-0.5520524474738834,0.0,ate_err,kernel_sieve1,0.15277795612247394,6.0,sieve3_sieve3,0.873340807081198,0.7205628509587241,5.71640588237331,1.0,0.0,sieve1_kernel,0.1847404912076546,0.031962535085180654,1.2092090763300223,0.0,0.0,sieve3_sieve3,0.873340807081198,0.7205628509587241,5.71640588237331,1.0,0.0,sieve1_sieve1,0.20910183042531671,0.056323874302842775,1.368664928704258,0.0,0.0,sieve1_sieve1,0.20910183042531671,0.056323874302842775,1.368664928704258,0.0,0.0,kernel_kernel,0.3071922779200928,0.15441432179761885,2.010710744630085,1.0,0.0,sieve1_sieve1,0.20910183042531671,0.056323874302842775,1.368664928704258,0.0,0.0,sieve1_sieve1,0.20910183042531671,0.056323874302842775,1.368664928704258,0.0,0.0,kernel_kernel,0.3071922779200928,0.15441432179761885,2.010710744630085,1.0,0.0,kernel_sieve1,0.15277795612247394,0.0,0.9999999999934546,0.0,1.0,kernel_sieve1,0.15277795612247394,0.0,0.9999999999934546,0.0,1.0,-0.08571428571428573,-0.06666666666666665,0.0,0.029424494316824982,0.07161148740394328,0.0,-0.08827348295047496,-0.07161148740394328,1.0,-0.3142857142857143,-0.2,0.0,-0.3188740696088466,-0.13801311186847084,0.0,,,,,,,
G,8,ok,55.4,0bdc51d,1500.0,1.0,,,,,,,,,,,,S1,additive,0.0,0.07992810308766995,pehe,sieve1_sieve1,0.6094716408648831,6.0,sieve3_sieve3,8.143970082051457,7.534498441186574,13.362344588308043,1.0,0.0,sieve3_sieve3,8.143970082051457,7.534498441186574,13.362344588308043,1.0,0.0,sieve3_sieve3,8.143970082051457,7.534498441186574,13.362344588308043,1.0,0.0,sieve3_sieve3,8.143970082051457,7.534498441186574,13.362344588308043,1.0,0.0,sieve3_sieve3,8.143970082051457,7.534498441186574,13.362344588308043,1.0,0.0,kernel_kernel,0.7588203977817854,0.1493487569169023,1.2450462776310984,0.0,0.0,sieve1_sieve1,0.6094716408648831,0.0,0.9999999999983593,0.0,1.0,kernel_kernel,0.7588203977817854,0.1493487569169023,1.2450462776310984,0.0,0.0,kernel_kernel,0.7588203977817854,0.1493487569169023,1.2450462776310984,0.0,0.0,kernel_sieve1,0.6181080310795823,0.008636390214699197,1.014170290518242,0.0,0.0,sieve1_sieve1,0.6094716408648831,0.0,0.9999999999983593,0.0,1.0,-0.028571428571428574,0.06666666666666665,1.0,-0.6179143806533246,-0.5012804118276031,0.0,-0.08827348295047496,-0.07161148740394328,0.0,-0.2,-0.06666666666666665,1.0,-0.23190841426097936,-0.13801311186847084,1.0,ate_err,sieve1_sieve1,0.2416086319686821,6.0,sieve3_sieve3,0.7419366561184554,0.5003280241497733,3.070820152698668,1.0,0.0,sieve3_sieve3,0.7419366561184554,0.5003280241497733,3.070820152698668,1.0,0.0,sieve3_sieve3,0.7419366561184554,0.5003280241497733,3.070820152698668,1.0,0.0,sieve3_sieve3,0.7419366561184554,0.5003280241497733,3.070820152698668,1.0,0.0,sieve3_sieve3,0.7419366561184554,0.5003280241497733,3.070820152698668,1.0,0.0,kernel_kernel,0.2584077952542641,0.01679916328558201,1.0695304764057023,0.0,0.0,sieve1_sieve1,0.2416086319686821,0.0,0.9999999999958611,0.0,1.0,kernel_kernel,0.2584077952542641,0.01679916328558201,1.0695304764057023,0.0,0.0,kernel_kernel,0.2584077952542641,0.01679916328558201,1.0695304764057023,0.0,0.0,kernel_sieve1,0.30789773996959685,0.06628910800091475,1.2743656443873783,0.0,0.0,sieve1_sieve1,0.2416086319686821,0.0,0.9999999999958611,0.0,1.0,-0.14285714285714288,-0.06666666666666665,1.0,-0.44136741475237473,-0.21483446221182986,0.0,-0.26482044885142486,-0.21483446221182986,0.0,-0.2571428571428572,-0.2,1.0,-0.28988551782622424,-0.2760262237369417,1.0,,,,,,,
G,8,ok,55.6,0bdc51d,1500.0,1.0,,,,,,,,,,,,S1,additive,0.1,0.08180437412580992,pehe,sieve1_sieve1,0.6052180727957799,6.0,sieve3_sieve3,5.635435038480703,5.030216965684923,9.31141235164828,1.0,0.0,sieve3_sieve3,5.635435038480703,5.030216965684923,9.31141235164828,1.0,0.0,kernel_sieve1,0.6191634637892972,0.013945390993517326,1.023041927561869,0.0,0.0,sieve3_sieve3,5.635435038480703,5.030216965684923,9.31141235164828,1.0,0.0,sieve3_sieve3,5.635435038480703,5.030216965684923,9.31141235164828,1.0,0.0,kernel_kernel,0.7561179840238522,0.15089991122807234,1.2493314691178126,0.0,0.0,sieve1_sieve1,0.6052180727957799,0.0,0.9999999999983478,0.0,1.0,kernel_kernel,0.7561179840238522,0.15089991122807234,1.2493314691178126,0.0,0.0,kernel_kernel,0.7561179840238522,0.15089991122807234,1.2493314691178126,0.0,0.0,kernel_sieve1,0.6191634637892972,0.013945390993517326,1.023041927561869,0.0,0.0,sieve1_sieve1,0.6052180727957799,0.0,0.9999999999983478,0.0,1.0,-0.028571428571428574,0.06666666666666665,1.0,-0.6179143806533246,-0.5012804118276031,0.0,0.44136741475237473,0.21483446221182986,1.0,-0.2,-0.06666666666666665,1.0,-0.3188740696088466,-0.2760262237369417,1.0,ate_err,sieve1_sieve1,0.23257007987933917,6.0,sieve3_sieve3,0.7501047384880174,0.5175346586086782,3.2252847781363694,1.0,0.0,sieve3_sieve3,0.7501047384880174,0.5175346586086782,3.2252847781363694,1.0,0.0,kernel_sieve1,0.30340907837515774,0.07083899849581857,1.304592054709988,0.0,0.0,sieve3_sieve3,0.7501047384880174,0.5175346586086782,3.2252847781363694,1.0,0.0,sieve3_sieve3,0.7501047384880174,0.5175346586086782,3.2252847781363694,1.0,0.0,kernel_kernel,0.25857563276264955,0.026005552883310384,1.1118181362610815,0.0,0.0,sieve1_sieve1,0.23257007987933917,0.0,0.9999999999957002,0.0,1.0,kernel_kernel,0.25857563276264955,0.026005552883310384,1.1118181362610815,0.0,0.0,kernel_kernel,0.25857563276264955,0.026005552883310384,1.1118181362610815,0.0,0.0,kernel_sieve1,0.30340907837515774,0.07083899849581857,1.304592054709988,0.0,0.0,sieve1_sieve1,0.23257007987933917,0.0,0.9999999999957002,0.0,1.0,-0.14285714285714288,-0.06666666666666665,1.0,-0.44136741475237473,-0.21483446221182986,0.0,0.029424494316824982,0.07161148740394328,1.0,-0.2571428571428572,-0.2,1.0,-0.11595420713048968,0.0,1.0,,,,,,,
G,8,ok,26.8,0bdc51d,1500.0,1.0,,,,,,,,,,,,S1,additive,0.2,0.08347217910172364,pehe,sieve1_sieve1,0.6012172883278066,6.0,sieve1_sieve1,0.6012172883278066,0.0,0.9999999999983368,0.0,1.0,sieve2_sieve2,1.4067355119645266,0.80551822363672,2.3398121432515775,1.0,0.0,kernel_sieve1,0.6198454782511058,0.018628189923299177,1.0309841221866385,0.0,0.0,sieve3_sieve3,0.749717004231253,0.14849971590344635,1.24699841269573,0.0,0.0,sieve3_sieve3,0.749717004231253,0.14849971590344635,1.24699841269573,0.0,0.0,kernel_kernel,0.7565496396882407,0.1553323513604341,1.2583630816592264,0.0,0.0,sieve1_sieve1,0.6012172883278066,0.0,0.9999999999983368,0.0,1.0,kernel_kernel,0.7565496396882407,0.1553323513604341,1.2583630816592264,0.0,0.0,kernel_kernel,0.7565496396882407,0.1553323513604341,1.2583630816592264,0.0,0.0,kernel_sieve1,0.6198454782511058,0.018628189923299177,1.0309841221866385,0.0,0.0,sieve1_sieve1,0.6012172883278066,0.0,0.9999999999983368,0.0,1.0,0.6,0.4666666666666666,1.0,-0.41194292043554975,-0.3580574370197165,0.0,0.6473388749701496,0.5012804118276031,1.0,0.2,0.2,1.0,0.05797710356524484,0.0,1.0,ate_err,sieve1_sieve1,0.2250115745049914,6.0,sieve1_sieve1,0.2250115745049914,0.0,0.9999999999955558,0.0,1.0,sieve2_sieve2,1.7215948248537956,1.4965832503488041,7.651138963111227,1.0,0.0,kernel_sieve1,0.3022076429321609,0.0771960684271695,1.3430759888492492,0.0,0.0,sieve3_sieve3,0.7207541320607312,0.4957425575557398,3.2031869189090965,1.0,0.0,sieve3_sieve3,0.7207541320607312,0.4957425575557398,3.2031869189090965,1.0,0.0,kernel_kernel,0.25838828980997297,0.03337671530498157,1.1483333263067,0.0,0.0,sieve1_sieve1,0.2250115745049914,0.0,0.9999999999955558,0.0,1.0,kernel_kernel,0.25838828980997297,0.03337671530498157,1.1483333263067,0.0,0.0,kernel_kernel,0.25838828980997297,0.03337671530498157,1.1483333263067,0.0,0.0,kernel_sieve1,0.3022076429321609,0.0771960684271695,1.3430759888492492,0.0,0.0,sieve1_sieve1,0.2250115745049914,0.0,0.9999999999955558,0.0,1.0,0.08571428571428573,0.06666666666666665,1.0,-0.5002164033860248,-0.3580574370197165,0.0,0.029424494316824982,0.07161148740394328,1.0,-0.2571428571428572,-0.2,1.0,-0.11595420713048968,0.0,1.0,,,,,,,
G,8,ok,22.6,0bdc51d,1500.0,1.0,,,,,,,,,,,,S1,additive,0.3,0.0821634070846852,pehe,sieve1_sieve1,0.5964532886684893,6.0,sieve1_sieve1,0.5964532886684893,0.0,0.9999999999983235,0.0,1.0,sieve2_sieve2,3.321879785284111,2.7254264966156216,5.569387994647898,1.0,0.0,kernel_sieve1,0.6227975123915388,0.026344223723049454,1.0441681255221438,0.0,0.0,sieve1_sieve1,0.5964532886684893,0.0,0.9999999999983235,0.0,1.0,sieve3_sieve3,0.7466423398702878,0.15018905120179848,1.251803542798508,0.0,0.0,kernel_kernel,0.7557605398989512,0.15930725123046185,1.2670909093062914,0.0,0.0,sieve1_sieve1,0.5964532886684893,0.0,0.9999999999983235,0.0,1.0,kernel_kernel,0.7557605398989512,0.15930725123046185,1.2670909093062914,0.0,0.0,kernel_kernel,0.7557605398989512,0.15930725123046185,1.2670909093062914,0.0,0.0,kernel_sieve1,0.6227975123915388,0.026344223723049454,1.0441681255221438,0.0,0.0,sieve1_sieve1,0.5964532886684893,0.0,0.9999999999983235,0.0,1.0,0.6,0.4666666666666666,1.0,-0.41194292043554975,-0.3580574370197165,0.0,0.6473388749701496,0.5012804118276031,1.0,0.3714285714285715,0.3333333333333333,1.0,0.05797710356524484,0.0,1.0,ate_err,sieve1_sieve1,0.21988391781781602,6.0,sieve1_sieve1,0.21988391781781602,0.0,0.9999999999954521,0.0,1.0,sieve2_sieve2,2.477022443120258,2.257138525302442,11.26513693084785,1.0,0.0,kernel_sieve1,0.30199149586927065,0.08210757805145463,1.3734132940004786,0.0,0.0,sieve1_sieve1,0.21988391781781602,0.0,0.9999999999954521,0.0,1.0,sieve3_sieve3,0.6386268708558611,0.4187429530380451,2.9043818992805495,1.0,0.0,kernel_kernel,0.25795297591350097,0.03806905809568495,1.1731325258905645,0.0,0.0,sieve1_sieve1,0.21988391781781602,0.0,0.9999999999954521,0.0,1.0,kernel_kernel,0.25795297591350097,0.03806905809568495,1.1731325258905645,0.0,0.0,kernel_kernel,0.25795297591350097,0.03806905809568495,1.1731325258905645,0.0,0.0,kernel_sieve1,0.30199149586927065,0.08210757805145463,1.3734132940004786,0.0,0.0,sieve1_sieve1,0.21988391781781602,0.0,0.9999999999954521,0.0,1.0,0.08571428571428573,0.06666666666666665,1.0,-0.5002164033860248,-0.3580574370197165,0.0,0.029424494316824982,0.07161148740394328,1.0,-0.028571428571428574,-0.06666666666666665,1.0,-0.11595420713048968,0.0,1.0,,,,,,,
G,8,ok,22.1,0bdc51d,1500.0,1.0,,,,,,,,,,,,S1,missing,0.0,0.07992810308766995,pehe,sieve1_sieve1,0.6094716408648831,6.0,sieve3_sieve3,8.143970082051457,7.534498441186574,13.362344588308043,1.0,0.0,sieve3_sieve3,8.143970082051457,7.534498441186574,13.362344588308043,1.0,0.0,sieve3_sieve3,8.143970082051457,7.534498441186574,13.362344588308043,1.0,0.0,sieve3_sieve3,8.143970082051457,7.534498441186574,13.362344588308043,1.0,0.0,sieve3_sieve3,8.143970082051457,7.534498441186574,13.362344588308043,1.0,0.0,kernel_kernel,0.7588203977817854,0.1493487569169023,1.2450462776310984,0.0,0.0,sieve1_sieve1,0.6094716408648831,0.0,0.9999999999983593,0.0,1.0,kernel_kernel,0.7588203977817854,0.1493487569169023,1.2450462776310984,0.0,0.0,kernel_kernel,0.7588203977817854,0.1493487569169023,1.2450462776310984,0.0,0.0,kernel_sieve1,0.6181080310795823,0.008636390214699197,1.014170290518242,0.0,0.0,sieve1_sieve1,0.6094716408648831,0.0,0.9999999999983593,0.0,1.0,-0.028571428571428574,0.06666666666666665,1.0,-0.6179143806533246,-0.5012804118276031,0.0,-0.08827348295047496,-0.07161148740394328,0.0,-0.2,-0.06666666666666665,1.0,-0.23190841426097936,-0.13801311186847084,1.0,ate_err,sieve1_sieve1,0.2416086319686821,6.0,sieve3_sieve3,0.7419366561184554,0.5003280241497733,3.070820152698668,1.0,0.0,sieve3_sieve3,0.7419366561184554,0.5003280241497733,3.070820152698668,1.0,0.0,sieve3_sieve3,0.7419366561184554,0.5003280241497733,3.070820152698668,1.0,0.0,sieve3_sieve3,0.7419366561184554,0.5003280241497733,3.070820152698668,1.0,0.0,sieve3_sieve3,0.7419366561184554,0.5003280241497733,3.070820152698668,1.0,0.0,kernel_kernel,0.2584077952542641,0.01679916328558201,1.0695304764057023,0.0,0.0,sieve1_sieve1,0.2416086319686821,0.0,0.9999999999958611,0.0,1.0,kernel_kernel,0.2584077952542641,0.01679916328558201,1.0695304764057023,0.0,0.0,kernel_kernel,0.2584077952542641,0.01679916328558201,1.0695304764057023,0.0,0.0,kernel_sieve1,0.30789773996959685,0.06628910800091475,1.2743656443873783,0.0,0.0,sieve1_sieve1,0.2416086319686821,0.0,0.9999999999958611,0.0,1.0,-0.14285714285714288,-0.06666666666666665,1.0,-0.44136741475237473,-0.21483446221182986,0.0,-0.26482044885142486,-0.21483446221182986,0.0,-0.2571428571428572,-0.2,1.0,-0.28988551782622424,-0.2760262237369417,1.0,,,,,,,
G,8,ok,46.1,0bdc51d,1500.0,1.0,,,,,,,,,,,,S1,missing,0.1,0.08414980207570572,pehe,sieve1_sieve1,0.6285153084724212,6.0,sieve1_sieve1,0.6285153084724212,0.0,0.9999999999984089,0.0,1.0,sieve2_sieve2,0.761699891381941,0.13318458290951984,1.2119034828793704,0.0,0.0,kernel_sieve1,0.637295072993175,0.008779764520753797,1.0139690543752684,0.0,0.0,sieve3_sieve3,0.7179365982935977,0.08942128982117648,1.1422738453855146,0.0,0.0,sieve3_sieve3,0.7179365982935977,0.08942128982117648,1.1422738453855146,0.0,0.0,kernel_kernel,0.7584011174614942,0.12988580898907298,1.206654964862428,0.0,0.0,sieve1_sieve1,0.6285153084724212,0.0,0.9999999999984089,0.0,1.0,kernel_kernel,0.7584011174614942,0.12988580898907298,1.206654964862428,0.0,0.0,kernel_kernel,0.7584011174614942,0.12988580898907298,1.206654964862428,0.0,0.0,kernel_sieve1,0.637295072993175,0.008779764520753797,1.0139690543752684,0.0,0.0,sieve1_sieve1,0.6285153084724212,0.0,0.9999999999984089,0.0,1.0,0.7714285714285715,0.6,1.0,-0.3236694374850748,-0.21483446221182986,0.0,0.7944613465542746,0.6445033866354897,1.0,0.4285714285714286,0.3333333333333333,1.0,0.23190841426097936,0.13801311186847084,1.0,ate_err,kernel_kernel,0.258512248468894,6.0,sieve1_sieve1,0.28921357250984675,0.03070132404095277,1.1187615837225144,0.0,0.0,sieve2_sieve2,0.40511505967589717,0.1466028112070032,1.5671019925505634,1.0,0.0,kernel_sieve1,0.35776560794256596,0.09925335947367198,1.3839406452117526,0.0,0.0,sieve3_sieve3,0.7475361310320131,0.4890238825631191,2.8916855408461246,1.0,0.0,sieve3_sieve3,0.7475361310320131,0.4890238825631191,2.8916855408461246,1.0,0.0,kernel_kernel,0.258512248468894,0.0,0.9999999999961318,0.0,1.0,sieve1_sieve1,0.28921357250984675,0.03070132404095277,1.1187615837225144,0.0,0.0,kernel_kernel,0.258512248468894,0.0,0.9999999999961318,0.0,1.0,kernel_kernel,0.258512248468894,0.0,0.9999999999961318,0.0,1.0,kernel_sieve1,0.35776560794256596,0.09925335947367198,1.3839406452117526,0.0,0.0,kernel_kernel,0.258512248468894,0.0,0.9999999999961318,0.0,1.0,-0.3714285714285715,-0.3333333333333333,0.0,-0.6767633692869747,-0.5012804118276031,0.0,-0.26482044885142486,-0.21483446221182986,0.0,-0.6571428571428573,-0.6,0.0,-0.5217939320872036,-0.41403933560541256,0.0,,,,,,,
G,8,ok,47.8,0bdc51d,1500.0,1.0,,,,,,,,,,,,S1,missing,0.2,0.08455861975448664,pehe,sieve3_sieve3,0.6206645345534347,6.0,sieve1_sieve1,0.6657159771179614,0.045051442564526645,1.0725858173866312,0.0,0.0,sieve2_sieve2,0.6991371076397979,0.07847257308636313,1.126433151431308,0.0,0.0,kernel_sieve1,0.646513166480729,0.025848631927294252,1.041646703633309,0.0,0.0,sieve2_sieve2,0.6991371076397979,0.07847257308636313,1.126433151431308,0.0,0.0,sieve3_sieve3,0.6206645345534347,0.0,0.9999999999983888,0.0,1.0,kernel_kernel,0.7590567208015325,0.1383921862480978,1.222974213189815,0.0,0.0,sieve1_sieve1,0.6657159771179614,0.045051442564526645,1.0725858173866312,0.0,0.0,kernel_kernel,0.7590567208015325,0.1383921862480978,1.222974213189815,0.0,0.0,kernel_kernel,0.7590567208015325,0.1383921862480978,1.222974213189815,0.0,0.0,kernel_sieve1,0.646513166480729,0.025848631927294252,1.041646703633309,0.0,0.0,sieve3_sieve3,0.6206645345534347,0.0,0.9999999999983888,0.0,1.0,0.7714285714285715,0.6,1.0,0.14712247158412492,0.07161148740394328,1.0,0.7944613465542746,0.6445033866354897,0.0,0.5428571428571429,0.3333333333333333,1.0,0.8116794499134278,0.6900655593423541,1.0,ate_err,kernel_kernel,0.2578739506813401,6.0,sieve1_sieve1,0.26309729785576946,0.005223347174429349,1.0202554277374984,0.0,0.0,sieve2_sieve2,1.2176883613336762,0.9598144106523361,4.722029340736613,1.0,0.0,kernel_sieve1,0.3607184749110987,0.1028445242297586,1.3988170342782966,0.0,0.0,sieve2_sieve2,1.2176883613336762,0.9598144106523361,4.722029340736613,1.0,0.0,sieve3_sieve3,1.0432396277069176,0.7853656770255775,4.045540951098329,1.0,0.0,kernel_kernel,0.2578739506813401,0.0,0.9999999999961222,0.0,1.0,sieve1_sieve1,0.26309729785576946,0.005223347174429349,1.0202554277374984,0.0,0.0,kernel_kernel,0.2578739506813401,0.0,0.9999999999961222,0.0,1.0,kernel_kernel,0.2578739506813401,0.0,0.9999999999961222,0.0,1.0,kernel_sieve1,0.3607184749110987,0.1028445242297586,1.3988170342782966,0.0,0.0,kernel_kernel,0.2578739506813401,0.0,0.9999999999961222,0.0,1.0,-0.2571428571428572,-0.2,0.0,-0.7356123579206245,-0.6445033866354897,0.0,-0.20597146021777488,-0.07161148740394328,0.0,-0.8285714285714287,-0.7333333333333333,0.0,-0.4928053803045812,-0.41403933560541256,0.0,,,,,,,
G,8,ok,50.8,0bdc51d,1500.0,1.0,,,,,,,,,,,,S1,missing,0.3,0.08277771337437784,pehe,sieve1_sieve1,0.6610338237038693,6.0,sieve1_sieve1,0.6610338237038693,0.0,0.9999999999984872,0.0,1.0,sieve3_sieve3,0.6645163268043153,0.003482503100445955,1.0052682676355769,0.0,0.0,kernel_sieve1,0.6791490868753327,0.01811526317146339,1.0274044421341915,0.0,0.0,sieve1_sieve1,0.6610338237038693,0.0,0.9999999999984872,0.0,1.0,sieve3_sieve3,0.6645163268043153,0.003482503100445955,1.0052682676355769,0.0,0.0,kernel_kernel,0.757614488341085,0.09658066463721571,1.1461054807981141,0.0,0.0,sieve1_sieve1,0.6610338237038693,0.0,0.9999999999984872,0.0,1.0,kernel_kernel,0.757614488341085,0.09658066463721571,1.1461054807981141,0.0,0.0,kernel_kernel,0.757614488341085,0.09658066463721571,1.1461054807981141,0.0,0.0,kernel_sieve1,0.6791490868753327,0.01811526317146339,1.0274044421341915,0.0,0.0,sieve1_sieve1,0.6610338237038693,0.0,0.9999999999984872,0.0,1.0,0.7714285714285715,0.6,1.0,0.35309393180189985,0.21483446221182986,1.0,0.7061878636037997,0.5012804118276031,1.0,0.6,0.4666666666666666,1.0,0.4058397249567139,0.13801311186847084,1.0,ate_err,sieve1_sieve1,0.23520928994275833,6.0,sieve1_sieve1,0.23520928994275833,0.0,0.9999999999957484,0.0,1.0,sieve3_sieve3,0.3292448256232197,0.09403553568046139,1.3997951598848266,0.0,0.0,kernel_sieve1,0.3253281953091374,0.09011890536637909,1.383143477823209,0.0,0.0,sieve1_sieve1,0.23520928994275833,0.0,0.9999999999957484,0.0,1.0,sieve3_sieve3,0.3292448256232197,0.09403553568046139,1.3997951598848266,0.0,0.0,kernel_kernel,0.2569378372978847,0.021728547355126387,1.0923796307506475,0.0,0.0,sieve1_sieve1,0.23520928994275833,0.0,0.9999999999957484,0.0,1.0,kernel_kernel,0.2569378372978847,0.021728547355126387,1.0923796307506475,0.0,0.0,kernel_kernel,0.2569378372978847,0.021728547355126387,1.0923796307506475,0.0,0.0,kernel_sieve1,0.3253281953091374,0.09011890536637909,1.383143477823209,0.0,0.0,sieve1_sieve1,0.23520928994275833,0.0,0.9999999999957484,0.0,1.0,0.08571428571428573,0.06666666666666665,1.0,0.08827348295047496,0.07161148740394328,1.0,0.029424494316824982,0.07161148740394328,1.0,-0.028571428571428574,-0.06666666666666665,1.0,-0.11595420713048968,0.0,1.0,,,,,,,
G,9,ok,51.6,0bdc51d,1500.0,1.0,,,,,,,,,,,,S1,additive,0.0,0.07052076301660948,pehe,kernel_sieve1,0.49250670985510014,6.0,sieve1_sieve1,0.5186031834941094,0.026096473639009243,1.0529870418326566,0.0,0.0,sieve1_kernel,0.5471020548458972,0.0545953449907971,1.1108519821095406,0.0,0.0,kernel_sieve1,0.49250670985510014,0.0,0.9999999999979696,0.0,1.0,sieve1_sieve1,0.5186031834941094,0.026096473639009243,1.0529870418326566,0.0,0.0,sieve1_sieve1,0.5186031834941094,0.026096473639009243,1.0529870418326566,0.0,0.0,kernel_kernel,1.2917136907469575,0.7992069808918574,2.622733182913119,1.0,0.0,sieve1_sieve1,0.5186031834941094,0.026096473639009243,1.0529870418326566,0.0,0.0,sieve1_kernel,0.5471020548458972,0.0545953449907971,1.1108519821095406,0.0,0.0,kernel_kernel,1.2917136907469575,0.7992069808918574,2.622733182913119,1.0,0.0,kernel_sieve1,0.49250670985510014,0.0,0.9999999999979696,0.0,1.0,kernel_sieve1,0.49250670985510014,0.0,0.9999999999979696,0.0,1.0,0.2571428571428572,0.2,0.0,0.058848988633649964,0.07161148740394328,0.0,0.5296408977028497,0.3580574370197165,1.0,0.08571428571428573,0.06666666666666665,0.0,-0.14494275891311212,-0.13801311186847084,0.0,ate_err,sieve1_sieve1,0.03286441202259393,6.0,sieve1_sieve1,0.03286441202259393,0.0,0.999999999969572,0.0,1.0,sieve1_kernel,0.04392726363462251,0.01106285161202858,1.3366210112959382,0.0,0.0,kernel_sieve1,0.06306366945149901,0.03019925742890508,1.9189045404562393,1.0,0.0,sieve1_sieve1,0.03286441202259393,0.0,0.999999999969572,0.0,1.0,sieve1_sieve1,0.03286441202259393,0.0,0.999999999969572,0.0,1.0,kernel_kernel,0.352618284451993,0.31975387242939907,10.729487087699676,1.0,0.0,sieve1_sieve1,0.03286441202259393,0.0,0.999999999969572,0.0,1.0,sieve1_kernel,0.04392726363462251,0.01106285161202858,1.3366210112959382,0.0,0.0,kernel_kernel,0.352618284451993,0.31975387242939907,10.729487087699676,1.0,0.0,kernel_sieve1,0.06306366945149901,0.03019925742890508,1.9189045404562393,1.0,0.0,sieve1_sieve1,0.03286441202259393,0.0,0.999999999969572,0.0,1.0,0.48571428571428577,0.3333333333333333,1.0,0.6767633692869747,0.5012804118276031,1.0,0.44136741475237473,0.3580574370197165,1.0,0.4285714285714286,0.2,1.0,0.4058397249567139,0.2760262237369417,1.0,,,,,,,
G,9,ok,48.8,0bdc51d,1500.0,1.0,,,,,,,,,,,,S1,additive,0.1,0.07045445300401475,pehe,kernel_sieve1,0.49669681710971203,6.0,sieve1_sieve1,0.5211944697686187,0.024497652658906688,1.0493211387993377,0.0,0.0,sieve1_kernel,0.5380425660089705,0.04134574889925846,1.0832414210720474,0.0,0.0,kernel_sieve1,0.49669681710971203,0.0,0.9999999999979867,0.0,1.0,sieve1_sieve1,0.5211944697686187,0.024497652658906688,1.0493211387993377,0.0,0.0,sieve1_sieve1,0.5211944697686187,0.024497652658906688,1.0493211387993377,0.0,0.0,kernel_kernel,1.2876772783294255,0.7909804612197134,2.592481437307875,1.0,0.0,sieve1_sieve1,0.5211944697686187,0.024497652658906688,1.0493211387993377,0.0,0.0,sieve1_kernel,0.5380425660089705,0.04134574889925846,1.0832414210720474,0.0,0.0,kernel_kernel,1.2876772783294255,0.7909804612197134,2.592481437307875,1.0,0.0,kernel_sieve1,0.49669681710971203,0.0,0.9999999999979867,0.0,1.0,kernel_sieve1,0.49669681710971203,0.0,0.9999999999979867,0.0,1.0,0.2571428571428572,0.2,0.0,0.058848988633649964,0.07161148740394328,0.0,0.5296408977028497,0.3580574370197165,1.0,0.08571428571428573,0.06666666666666665,0.0,-0.14494275891311212,-0.13801311186847084,0.0,ate_err,sieve1_sieve1,0.034858267143117634,6.0,sieve1_sieve1,0.034858267143117634,0.0,0.9999999999713124,0.0,1.0,sieve1_kernel,0.03921073734505672,0.004352470201939088,1.1248619210743978,0.0,0.0,kernel_sieve1,0.06629259612609852,0.03143432898298088,1.9017754339887047,1.0,0.0,sieve1_sieve1,0.034858267143117634,0.0,0.9999999999713124,0.0,1.0,sieve1_sieve1,0.034858267143117634,0.0,0.9999999999713124,0.0,1.0,kernel_kernel,0.3530467007950752,0.3181884336519576,10.128062285352362,1.0,0.0,sieve1_sieve1,0.034858267143117634,0.0,0.9999999999713124,0.0,1.0,sieve1_kernel,0.03921073734505672,0.004352470201939088,1.1248619210743978,0.0,0.0,kernel_kernel,0.3530467007950752,0.3181884336519576,10.128062285352362,1.0,0.0,kernel_sieve1,0.06629259612609852,0.03143432898298088,1.9017754339887047,1.0,0.0,sieve1_sieve1,0.034858267143117634,0.0,0.9999999999713124,0.0,1.0,0.48571428571428577,0.3333333333333333,1.0,0.6767633692869747,0.5012804118276031,1.0,0.44136741475237473,0.3580574370197165,1.0,0.4285714285714286,0.2,1.0,0.4058397249567139,0.2760262237369417,1.0,,,,,,,
G,9,ok,45.3,0bdc51d,1500.0,1.0,,,,,,,,,,,,S1,additive,0.2,0.07053776491933877,pehe,kernel_sieve1,0.5000132416876948,6.0,sieve1_sieve1,0.5252004074507061,0.025187165763011277,1.0503729974769203,0.0,0.0,sieve1_kernel,0.5568367169037834,0.05682347521608866,1.1136439407548062,0.0,0.0,kernel_sieve1,0.5000132416876948,0.0,0.999999999998,0.0,1.0,sieve1_sieve1,0.5252004074507061,0.025187165763011277,1.0503729974769203,0.0,0.0,sieve1_sieve1,0.5252004074507061,0.025187165763011277,1.0503729974769203,0.0,0.0,kernel_kernel,1.2889622789041406,0.7889490372164458,2.5778562874673643,1.0,0.0,sieve1_sieve1,0.5252004074507061,0.025187165763011277,1.0503729974769203,0.0,0.0,sieve1_kernel,0.5568367169037834,0.05682347521608866,1.1136439407548062,0.0,0.0,kernel_kernel,1.2889622789041406,0.7889490372164458,2.5778562874673643,1.0,0.0,kernel_sieve1,0.5000132416876948,0.0,0.999999999998,0.0,1.0,kernel_sieve1,0.5000132416876948,0.0,0.999999999998,0.0,1.0,0.2571428571428572,0.2,0.0,0.058848988633649964,0.07161148740394328,0.0,0.5296408977028497,0.3580574370197165,1.0,0.08571428571428573,0.06666666666666665,0.0,-0.14494275891311212,-0.13801311186847084,0.0,ate_err,sieve1_kernel,0.03491135239890301,6.0,sieve1_sieve1,0.03888680646452388,0.003975454065620873,1.1138728176176846,0.0,0.0,sieve1_kernel,0.03491135239890301,0.0,0.999999999971356,0.0,1.0,kernel_sieve1,0.06864914930618783,0.033737796907284824,1.9663847025983032,1.0,0.0,sieve1_sieve1,0.03888680646452388,0.003975454065620873,1.1138728176176846,0.0,0.0,sieve1_sieve1,0.03888680646452388,0.003975454065620873,1.1138728176176846,0.0,0.0,kernel_kernel,0.3536064366887303,0.3186950842898273,10.12869489094077,1.0,0.0,sieve1_sieve1,0.03888680646452388,0.003975454065620873,1.1138728176176846,0.0,0.0,sieve1_kernel,0.03491135239890301,0.0,0.999999999971356,0.0,1.0,kernel_kernel,0.3536064366887303,0.3186950842898273,10.12869489094077,1.0,0.0,kernel_sieve1,0.06864914930618783,0.033737796907284824,1.9663847025983032,1.0,0.0,sieve1_kernel,0.03491135239890301,0.0,0.999999999971356,0.0,1.0,0.2571428571428572,0.2,0.0,0.6767633692869747,0.5012804118276031,1.0,0.20597146021777488,0.21483446221182986,0.0,0.2,0.06666666666666665,0.0,0.23190841426097936,0.13801311186847084,0.0,,,,,,,
G,9,ok,42.8,0bdc51d,1500.0,1.0,,,,,,,,,,,,S1,additive,0.3,0.07075026119205763,pehe,kernel_sieve1,0.5022079222529492,6.0,sieve1_sieve1,0.531902483951075,0.029694561698125788,1.059128023237575,0.0,0.0,sieve1_kernel,0.5635022369997205,0.06129431474677127,1.1220496770952508,0.0,0.0,kernel_sieve1,0.5022079222529492,0.0,0.9999999999980088,0.0,1.0,sieve1_sieve1,0.531902483951075,0.029694561698125788,1.059128023237575,0.0,0.0,sieve1_sieve1,0.531902483951075,0.029694561698125788,1.059128023237575,0.0,0.0,kernel_kernel,1.2990938059362562,0.796885883683307,2.586764860470181,1.0,0.0,sieve1_sieve1,0.531902483951075,0.029694561698125788,1.059128023237575,0.0,0.0,sieve1_kernel,0.5635022369997205,0.06129431474677127,1.1220496770952508,0.0,0.0,kernel_kernel,1.2990938059362562,0.796885883683307,2.586764860470181,1.0,0.0,kernel_sieve1,0.5022079222529492,0.0,0.9999999999980088,0.0,1.0,kernel_sieve1,0.5022079222529492,0.0,0.9999999999980088,0.0,1.0,0.2571428571428572,0.2,0.0,0.058848988633649964,0.07161148740394328,0.0,0.5296408977028497,0.3580574370197165,1.0,0.08571428571428573,0.06666666666666665,0.0,-0.14494275891311212,-0.13801311186847084,0.0,ate_err,sieve1_kernel,0.030970293307795937,6.0,sieve1_sieve1,0.04462425976413114,0.013653966456335202,1.4408730107653618,0.0,0.0,sieve1_kernel,0.030970293307795937,0.0,0.999999999967711,0.0,1.0,kernel_sieve1,0.07102452329895324,0.040054229991157306,2.2933112899767543,1.0,0.0,sieve1_sieve1,0.04462425976413114,0.013653966456335202,1.4408730107653618,0.0,0.0,sieve1_sieve1,0.04462425976413114,0.013653966456335202,1.4408730107653618,0.0,0.0,kernel_kernel,0.3541890247084157,0.32321873140061974,11.436411698684873,1.0,0.0,sieve1_sieve1,0.04462425976413114,0.013653966456335202,1.4408730107653618,0.0,0.0,sieve1_kernel,0.030970293307795937,0.0,0.999999999967711,0.0,1.0,kernel_kernel,0.3541890247084157,0.32321873140061974,11.436411698684873,1.0,0.0,kernel_sieve1,0.07102452329895324,0.040054229991157306,2.2933112899767543,1.0,0.0,sieve1_kernel,0.030970293307795937,0.0,0.999999999967711,0.0,1.0,0.2571428571428572,0.2,0.0,0.6473388749701496,0.5012804118276031,1.0,0.17654696590094993,0.21483446221182986,0.0,0.08571428571428573,0.06666666666666665,0.0,0.14494275891311212,0.13801311186847084,0.0,,,,,,,
G,9,ok,46.4,0bdc51d,1500.0,1.0,,,,,,,,,,,,S1,missing,0.0,0.07052076301660948,pehe,kernel_sieve1,0.49250670985510014,6.0,sieve1_sieve1,0.5186031834941094,0.026096473639009243,1.0529870418326566,0.0,0.0,sieve1_kernel,0.5471020548458972,0.0545953449907971,1.1108519821095406,0.0,0.0,kernel_sieve1,0.49250670985510014,0.0,0.9999999999979696,0.0,1.0,sieve1_sieve1,0.5186031834941094,0.026096473639009243,1.0529870418326566,0.0,0.0,sieve1_sieve1,0.5186031834941094,0.026096473639009243,1.0529870418326566,0.0,0.0,kernel_kernel,1.2917136907469575,0.7992069808918574,2.622733182913119,1.0,0.0,sieve1_sieve1,0.5186031834941094,0.026096473639009243,1.0529870418326566,0.0,0.0,sieve1_kernel,0.5471020548458972,0.0545953449907971,1.1108519821095406,0.0,0.0,kernel_kernel,1.2917136907469575,0.7992069808918574,2.622733182913119,1.0,0.0,kernel_sieve1,0.49250670985510014,0.0,0.9999999999979696,0.0,1.0,kernel_sieve1,0.49250670985510014,0.0,0.9999999999979696,0.0,1.0,0.2571428571428572,0.2,0.0,0.058848988633649964,0.07161148740394328,0.0,0.5296408977028497,0.3580574370197165,1.0,0.08571428571428573,0.06666666666666665,0.0,-0.14494275891311212,-0.13801311186847084,0.0,ate_err,sieve1_sieve1,0.03286441202259393,6.0,sieve1_sieve1,0.03286441202259393,0.0,0.999999999969572,0.0,1.0,sieve1_kernel,0.04392726363462251,0.01106285161202858,1.3366210112959382,0.0,0.0,kernel_sieve1,0.06306366945149901,0.03019925742890508,1.9189045404562393,1.0,0.0,sieve1_sieve1,0.03286441202259393,0.0,0.999999999969572,0.0,1.0,sieve1_sieve1,0.03286441202259393,0.0,0.999999999969572,0.0,1.0,kernel_kernel,0.352618284451993,0.31975387242939907,10.729487087699676,1.0,0.0,sieve1_sieve1,0.03286441202259393,0.0,0.999999999969572,0.0,1.0,sieve1_kernel,0.04392726363462251,0.01106285161202858,1.3366210112959382,0.0,0.0,kernel_kernel,0.352618284451993,0.31975387242939907,10.729487087699676,1.0,0.0,kernel_sieve1,0.06306366945149901,0.03019925742890508,1.9189045404562393,1.0,0.0,sieve1_sieve1,0.03286441202259393,0.0,0.999999999969572,0.0,1.0,0.48571428571428577,0.3333333333333333,1.0,0.6767633692869747,0.5012804118276031,1.0,0.44136741475237473,0.3580574370197165,1.0,0.4285714285714286,0.2,1.0,0.4058397249567139,0.2760262237369417,1.0,,,,,,,
G,9,ok,45.5,0bdc51d,1500.0,1.0,,,,,,,,,,,,S1,missing,0.1,0.06997452248471486,pehe,kernel_sieve1,0.49612644193224203,6.0,sieve1_sieve1,0.5212686266887842,0.02514218475654212,1.0506769698820553,0.0,0.0,sieve1_kernel,0.5188750365963648,0.022748594664122768,1.04585241329706,0.0,0.0,kernel_sieve1,0.49612644193224203,0.0,0.9999999999979844,0.0,1.0,sieve1_sieve1,0.5212686266887842,0.02514218475654212,1.0506769698820553,0.0,0.0,sieve1_sieve1,0.5212686266887842,0.02514218475654212,1.0506769698820553,0.0,0.0,kernel_kernel,1.2977749024333862,0.8016484605011442,2.6158148261084073,1.0,0.0,sieve1_sieve1,0.5212686266887842,0.02514218475654212,1.0506769698820553,0.0,0.0,sieve1_kernel,0.5188750365963648,0.022748594664122768,1.04585241329706,0.0,0.0,kernel_kernel,1.2977749024333862,0.8016484605011442,2.6158148261084073,1.0,0.0,kernel_sieve1,0.49612644193224203,0.0,0.9999999999979844,0.0,1.0,kernel_sieve1,0.49612644193224203,0.0,0.9999999999979844,0.0,1.0,0.2571428571428572,0.2,0.0,0.20597146021777488,0.21483446221182986,0.0,0.44136741475237473,0.3580574370197165,1.0,0.028571428571428574,-0.06666666666666665,0.0,-0.02898855178262242,0.0,0.0,ate_err,sieve1_sieve1,0.033818940936007756,6.0,sieve1_sieve1,0.033818940936007756,0.0,0.9999999999704308,0.0,1.0,sieve1_kernel,0.056920179496127286,0.02310123856011953,1.68308580691952,1.0,0.0,kernel_sieve1,0.0677143375564111,0.03389539662040334,2.002260735560525,1.0,0.0,sieve1_sieve1,0.033818940936007756,0.0,0.9999999999704308,0.0,1.0,sieve1_sieve1,0.033818940936007756,0.0,0.9999999999704308,0.0,1.0,kernel_kernel,0.353282432564801,0.3194634916287933,10.446289055084138,1.0,0.0,sieve1_sieve1,0.033818940936007756,0.0,0.9999999999704308,0.0,1.0,sieve1_kernel,0.056920179496127286,0.02310123856011953,1.68308580691952,1.0,0.0,kernel_kernel,0.353282432564801,0.3194634916287933,10.446289055084138,1.0,0.0,kernel_sieve1,0.0677143375564111,0.03389539662040334,2.002260735560525,1.0,0.0,sieve1_sieve1,0.033818940936007756,0.0,0.9999999999704308,0.0,1.0,0.2571428571428572,0.2,1.0,0.5002164033860248,0.3580574370197165,1.0,0.26482044885142486,0.21483446221182986,1.0,0.14285714285714288,0.2,1.0,0.02898855178262242,0.0,1.0,,,,,,,
G,9,ok,49.2,0bdc51d,1500.0,1.0,,,,,,,,,,,,S1,missing,0.2,0.07007610843400058,pehe,kernel_sieve1,0.4938212713258716,6.0,sieve1_sieve1,0.5342140002026623,0.040392728876790684,1.081796251439833,0.0,0.0,sieve1_kernel,0.5349049663903174,0.04108369506444576,1.083195474656359,0.0,0.0,kernel_sieve1,0.4938212713258716,0.0,0.9999999999979751,0.0,1.0,sieve1_sieve1,0.5342140002026623,0.040392728876790684,1.081796251439833,0.0,0.0,sieve1_sieve1,0.5342140002026623,0.040392728876790684,1.081796251439833,0.0,0.0,kernel_kernel,1.287019236128666,0.7931979648027945,2.606245034100118,1.0,0.0,sieve1_sieve1,0.5342140002026623,0.040392728876790684,1.081796251439833,0.0,0.0,sieve1_kernel,0.5349049663903174,0.04108369506444576,1.083195474656359,0.0,0.0,kernel_kernel,1.287019236128666,0.7931979648027945,2.606245034100118,1.0,0.0,kernel_sieve1,0.4938212713258716,0.0,0.9999999999979751,0.0,1.0,kernel_sieve1,0.4938212713258716,0.0,0.9999999999979751,0.0,1.0,0.6,0.4666666666666666,0.0,0.20597146021777488,0.21483446221182986,0.0,0.7356123579206245,0.6445033866354897,1.0,0.2571428571428572,0.2,0.0,0.11595420713048968,0.13801311186847084,0.0,ate_err,sieve1_kernel,0.06174049792696699,6.0,sieve1_sieve1,0.07033107670151967,0.00859057877455268,1.1391400954293462,0.0,0.0,sieve1_kernel,0.06174049792696699,0.0,0.9999999999838032,0.0,1.0,kernel_sieve1,0.07604461847928805,0.01430412055232106,1.2316813279998124,0.0,0.0,sieve1_sieve1,0.07033107670151967,0.00859057877455268,1.1391400954293462,0.0,0.0,sieve1_sieve1,0.07033107670151967,0.00859057877455268,1.1391400954293462,0.0,0.0,kernel_kernel,0.3542348243028672,0.29249432637590017,5.7374792266196994,1.0,0.0,sieve1_sieve1,0.07033107670151967,0.00859057877455268,1.1391400954293462,0.0,0.0,sieve1_kernel,0.06174049792696699,0.0,0.9999999999838032,0.0,1.0,kernel_kernel,0.3542348243028672,0.29249432637590017,5.7374792266196994,1.0,0.0,kernel_sieve1,0.07604461847928805,0.01430412055232106,1.2316813279998124,0.0,0.0,sieve1_kernel,0.06174049792696699,0.0,0.9999999999838032,0.0,1.0,0.028571428571428574,0.06666666666666665,0.0,0.44136741475237473,0.21483446221182986,1.0,0.029424494316824982,0.07161148740394328,0.0,-0.028571428571428574,0.06666666666666665,0.0,-0.05797710356524484,0.0,0.0,,,,,,,
G,9,ok,50.5,0bdc51d,1500.0,1.0,,,,,,,,,,,,S1,missing,0.3,0.07141370951593079,pehe,sieve1_kernel,0.4952111565098308,6.0,sieve1_sieve1,0.5407132020967612,0.04550204558693044,1.09188412859381,0.0,0.0,sieve1_kernel,0.4952111565098308,0.0,0.9999999999979807,0.0,1.0,sieve3_sieve3,0.8901936642793783,0.3949825077695475,1.7976042190800459,1.0,0.0,sieve1_sieve1,0.5407132020967612,0.04550204558693044,1.09188412859381,0.0,0.0,sieve1_sieve1,0.5407132020967612,0.04550204558693044,1.09188412859381,0.0,0.0,kernel_kernel,1.3014625066810572,0.8062513501712265,2.6280960951100725,1.0,0.0,sieve1_sieve1,0.5407132020967612,0.04550204558693044,1.09188412859381,0.0,0.0,sieve1_kernel,0.4952111565098308,0.0,0.9999999999979807,0.0,1.0,kernel_kernel,1.3014625066810572,0.8062513501712265,2.6280960951100725,1.0,0.0,kernel_sieve1,0.4980484177252731,0.0028372612154423105,1.0057293967979906,0.0,0.0,sieve1_kernel,0.4952111565098308,0.0,0.9999999999979807,0.0,1.0,0.14285714285714288,0.06666666666666665,0.0,0.5002164033860248,0.5012804118276031,1.0,-0.08827348295047496,-0.07161148740394328,0.0,0.08571428571428573,0.06666666666666665,0.0,-0.05797710356524484,0.0,0.0,ate_err,sieve1_kernel,0.04599092729657971,6.0,sieve1_sieve1,0.07958091811944909,0.03358999082286938,1.7303612428714188,1.0,0.0,sieve1_kernel,0.04599092729657971,0.0,0.9999999999782566,0.0,1.0,sieve3_sieve3,0.6309698559350997,0.58497892863852,13.719441920630826,1.0,0.0,sieve1_sieve1,0.07958091811944909,0.03358999082286938,1.7303612428714188,1.0,0.0,sieve1_sieve1,0.07958091811944909,0.03358999082286938,1.7303612428714188,1.0,0.0,kernel_kernel,0.3543633010983927,0.308372373801813,7.705069715283631,1.0,0.0,sieve1_sieve1,0.07958091811944909,0.03358999082286938,1.7303612428714188,1.0,0.0,sieve1_kernel,0.04599092729657971,0.0,0.9999999999782566,0.0,1.0,kernel_kernel,0.3543633010983927,0.308372373801813,7.705069715283631,1.0,0.0,kernel_sieve1,0.09653916121485016,0.05054823391827045,2.0990914271026355,1.0,0.0,sieve1_kernel,0.04599092729657971,0.0,0.9999999999782566,0.0,1.0,0.028571428571428574,0.06666666666666665,0.0,0.44136741475237473,0.21483446221182986,1.0,-0.26482044885142486,-0.21483446221182986,0.0,-0.028571428571428574,0.06666666666666665,0.0,-0.28988551782622424,-0.2760262237369417,0.0,,,,,,,
I,0,ok,48.6,0bdc51d,1500.0,1.0,,,,,,,,,,,,S1,,,0.07659075417464682,pehe,sieve1_sieve1,0.5558485417527479,6.0,sieve3_sieve3,5.401655110833136,4.845806569080389,9.717854244594166,1.0,0.0,sieve3_sieve3,5.401655110833136,4.845806569080389,9.717854244594166,1.0,0.0,kernel_sieve1,0.9256461604558612,0.36979761870311334,1.6652848589570308,1.0,0.0,sieve3_sieve3,5.401655110833136,4.845806569080389,9.717854244594166,1.0,0.0,sieve3_sieve3,5.401655110833136,4.845806569080389,9.717854244594166,1.0,0.0,kernel_kernel,0.9974431094509928,0.4415945676982449,1.7944512480035977,1.0,0.0,sieve1_sieve1,0.5558485417527479,0.0,0.999999999998201,0.0,1.0,sieve2_sieve2,0.6676063087158585,0.11175776696311057,1.2010579475651868,0.0,0.0,kernel_kernel,0.9974431094509928,0.4415945676982449,1.7944512480035977,1.0,0.0,kernel_sieve1,0.9256461604558612,0.36979761870311334,1.6652848589570308,1.0,0.0,sieve1_sieve1,0.5558485417527479,0.0,0.999999999998201,0.0,1.0,-0.08571428571428573,-0.06666666666666665,1.0,0.08827348295047496,0.21483446221182986,1.0,0.14712247158412492,0.07161148740394328,1.0,-0.028571428571428574,0.06666666666666665,1.0,-0.11595420713048968,0.0,1.0,ate_err,sieve1_kernel,0.10325466709745341,6.0,sieve3_sieve3,0.17602102852698545,0.07276636142953204,1.7047270934412024,1.0,0.0,sieve3_sieve3,0.17602102852698545,0.07276636142953204,1.7047270934412024,1.0,0.0,kernel_sieve1,0.20664525340287998,0.10339058630542657,2.001316349273041,1.0,0.0,sieve3_sieve3,0.17602102852698545,0.07276636142953204,1.7047270934412024,1.0,0.0,sieve3_sieve3,0.17602102852698545,0.07276636142953204,1.7047270934412024,1.0,0.0,kernel_kernel,0.40252965425095705,0.29927498715350365,3.8984160770877763,1.0,0.0,sieve1_sieve1,0.19072737167463916,0.08747270457718574,1.8471549716273883,1.0,0.0,sieve2_sieve2,2.7311799214086387,2.6279252543111853,26.450910144375907,1.0,0.0,kernel_kernel,0.40252965425095705,0.29927498715350365,3.8984160770877763,1.0,0.0,kernel_sieve1,0.20664525340287998,0.10339058630542657,2.001316349273041,1.0,0.0,sieve1_kernel,0.10325466709745341,0.0,0.9999999999903152,0.0,1.0,0.3142857142857143,0.3333333333333333,0.0,0.7061878636037997,0.5012804118276031,0.0,0.0,-0.07161148740394328,0.0,0.2,0.2,0.0,0.08696565534786727,0.13801311186847084,0.0,,,,,,,
I,0,ok,48.7,0bdc51d,1500.0,1.0,,,,,,,,,,,,S1,shuffle_W,0.0,0.07567485908421154,pehe,sieve1_sieve1,0.7798585888044202,6.0,sieve3_sieve3,0.839673099832119,0.05981451102769886,1.0766991758317648,0.0,0.0,sieve3_sieve3,0.839673099832119,0.05981451102769886,1.0766991758317648,0.0,0.0,kernel_sieve1,1.2215704578110318,0.44171186900661163,1.5663999542304479,1.0,0.0,sieve3_sieve3,0.839673099832119,0.05981451102769886,1.0766991758317648,0.0,0.0,sieve1_sieve1,0.7798585888044202,0.0,0.9999999999987177,0.0,1.0,kernel_kernel,0.997292529318492,0.21743394051407183,1.2788120098108235,0.0,0.0,sieve1_sieve1,0.7798585888044202,0.0,0.9999999999987177,0.0,1.0,sieve2_sieve2,0.8246442586686736,0.044785669864253475,1.0574279369441268,0.0,0.0,kernel_kernel,0.997292529318492,0.21743394051407183,1.2788120098108235,0.0,0.0,kernel_sieve1,1.2215704578110318,0.44171186900661163,1.5663999542304479,1.0,0.0,sieve1_sieve1,0.7798585888044202,0.0,0.9999999999987177,0.0,1.0,0.48571428571428577,0.3333333333333333,1.0,0.26482044885142486,0.21483446221182986,1.0,0.44136741475237473,0.3580574370197165,1.0,0.6571428571428573,0.4666666666666666,1.0,0.8406680016960504,0.6900655593423541,1.0,ate_err,kernel_kernel,0.4031394824196777,6.0,sieve3_sieve3,0.8919914145738593,0.48885193215418166,2.212612392162231,1.0,0.0,sieve3_sieve3,0.8919914145738593,0.48885193215418166,2.212612392162231,1.0,0.0,kernel_sieve1,0.4339096992989007,0.030770216879223045,1.0763264781049509,0.0,0.0,sieve3_sieve3,0.8919914145738593,0.48885193215418166,2.212612392162231,1.0,0.0,sieve1_sieve1,1.2803764283701025,0.8772369459504248,3.176013474745757,1.0,0.0,kernel_kernel,0.4031394824196777,0.0,0.9999999999975195,0.0,1.0,sieve1_sieve1,1.2803764283701025,0.8772369459504248,3.176013474745757,1.0,0.0,sieve2_sieve2,13.307347288146872,12.904207805727195,33.009288021709075,1.0,0.0,kernel_kernel,0.4031394824196777,0.0,0.9999999999975195,0.0,1.0,kernel_sieve1,0.4339096992989007,0.030770216879223045,1.0763264781049509,0.0,0.0,kernel_kernel,0.4031394824196777,0.0,0.9999999999975195,0.0,1.0,-0.08571428571428573,-0.06666666666666665,0.0,-0.44136741475237473,-0.21483446221182986,0.0,0.08827348295047496,0.07161148740394328,0.0,-0.3142857142857143,-0.2,0.0,-0.2608969660436018,-0.2760262237369417,0.0,,,,,,,
I,0,ok,48.3,0bdc51d,1500.0,1.0,,,,,,,,,,,,S1,noise_V,0.0,0.09132330977178976,pehe,sieve2_sieve2,0.7031243312249659,6.0,sieve3_sieve3,0.84930150629902,0.14617717507405414,1.2078966245104619,0.0,0.0,sieve3_sieve3,0.84930150629902,0.14617717507405414,1.2078966245104619,0.0,0.0,sieve3_sieve3,0.84930150629902,0.14617717507405414,1.2078966245104619,0.0,0.0,sieve3_sieve3,0.84930150629902,0.14617717507405414,1.2078966245104619,0.0,0.0,sieve3_sieve3,0.84930150629902,0.14617717507405414,1.2078966245104619,0.0,0.0,kernel_kernel,1.0025675087281196,0.29944317750315375,1.4258751464055375,0.0,0.0,sieve1_sieve1,3.1805652048511117,2.4774408736261457,4.523474816047805,1.0,0.0,sieve2_sieve2,0.7031243312249659,0.0,0.9999999999985778,0.0,1.0,kernel_kernel,1.0025675087281196,0.29944317750315375,1.4258751464055375,0.0,0.0,sieve3_sieve3,0.84930150629902,0.14617717507405414,1.2078966245104619,0.0,0.0,sieve2_sieve2,0.7031243312249659,0.0,0.9999999999985778,0.0,1.0,0.14285714285714288,0.06666666666666665,0.0,0.44136741475237473,0.21483446221182986,1.0,0.08827348295047496,0.07161148740394328,0.0,0.4285714285714286,0.2,1.0,0.4928053803045812,0.2760262237369417,1.0,ate_err,kernel_kernel,0.4027245336761429,6.0,sieve3_sieve3,0.46438742207019673,0.061662888394053816,1.1531143082593718,0.0,0.0,sieve3_sieve3,0.46438742207019673,0.061662888394053816,1.1531143082593718,0.0,0.0,sieve3_sieve3,0.46438742207019673,0.061662888394053816,1.1531143082593718,0.0,0.0,sieve3_sieve3,0.46438742207019673,0.061662888394053816,1.1531143082593718,0.0,0.0,sieve3_sieve3,0.46438742207019673,0.061662888394053816,1.1531143082593718,0.0,0.0,kernel_kernel,0.4027245336761429,0.0,0.999999999997517,0.0,1.0,sieve1_sieve1,3.469505821431652,3.066781287755509,8.615084335073297,1.0,0.0,sieve2_sieve2,6.392787360656105,5.990062826979962,15.873846329364898,1.0,0.0,kernel_kernel,0.4027245336761429,0.0,0.999999999997517,0.0,1.0,sieve3_sieve3,0.46438742207019673,0.061662888394053816,1.1531143082593718,0.0,0.0,kernel_kernel,0.4027245336761429,0.0,0.999999999997517,0.0,1.0,-0.3142857142857143,-0.2,0.0,-0.35309393180189985,-0.3580574370197165,0.0,0.0,0.07161148740394328,0.0,-0.3714285714285715,-0.3333333333333333,0.0,-0.28988551782622424,-0.2760262237369417,0.0,,,,,,,
I,0,ok,46.8,0bdc51d,1500.0,1.0,,,,,,,,,,,,S1,weaken,0.7,0.08373957720384698,pehe,kernel_sieve1,0.6479059849751949,6.0,sieve3_sieve3,0.7277369804932665,0.0798309955180716,1.1232138572080095,0.0,0.0,sieve3_sieve3,0.7277369804932665,0.0798309955180716,1.1232138572080095,0.0,0.0,sieve3_sieve3,0.7277369804932665,0.0798309955180716,1.1232138572080095,0.0,0.0,sieve3_sieve3,0.7277369804932665,0.0798309955180716,1.1232138572080095,0.0,0.0,sieve3_sieve3,0.7277369804932665,0.0798309955180716,1.1232138572080095,0.0,0.0,kernel_kernel,0.9888022472259825,0.3408962622507876,1.52615081532595,1.0,0.0,sieve1_sieve1,0.7073228392594493,0.05941685428425436,1.0917059815174226,0.0,0.0,sieve2_sieve2,0.8139509789777369,0.16604499400254202,1.2562794569765285,0.0,0.0,kernel_kernel,0.9888022472259825,0.3408962622507876,1.52615081532595,1.0,0.0,kernel_sieve1,0.6479059849751949,0.0,0.9999999999984566,0.0,1.0,kernel_sieve1,0.6479059849751949,0.0,0.9999999999984566,0.0,1.0,0.7714285714285715,0.6,0.0,0.029424494316824982,0.07161148740394328,0.0,0.7944613465542746,0.6445033866354897,1.0,0.48571428571428577,0.3333333333333333,0.0,0.4638168285219587,0.2760262237369417,0.0,ate_err,kernel_sieve1,0.1911713471689391,6.0,sieve3_sieve3,0.5778663283555339,0.38669498118659473,3.022766418242832,1.0,0.0,sieve3_sieve3,0.5778663283555339,0.38669498118659473,3.022766418242832,1.0,0.0,sieve3_sieve3,0.5778663283555339,0.38669498118659473,3.022766418242832,1.0,0.0,sieve3_sieve3,0.5778663283555339,0.38669498118659473,3.022766418242832,1.0,0.0,sieve3_sieve3,0.5778663283555339,0.38669498118659473,3.022766418242832,1.0,0.0,kernel_kernel,0.3985303748990155,0.2073590277300764,2.0846762906616307,1.0,0.0,sieve1_sieve1,0.6013380899416547,0.4101667427727156,3.145545076936156,1.0,0.0,sieve2_sieve2,14.96821698666614,14.777045639497201,78.29738717779894,1.0,0.0,kernel_kernel,0.3985303748990155,0.2073590277300764,2.0846762906616307,1.0,0.0,kernel_sieve1,0.1911713471689391,0.0,0.9999999999947691,0.0,1.0,kernel_sieve1,0.1911713471689391,0.0,0.9999999999947691,0.0,1.0,-0.2571428571428572,-0.06666666666666665,0.0,-0.6473388749701496,-0.5012804118276031,0.0,-0.17654696590094993,-0.07161148740394328,1.0,-0.6,-0.3333333333333333,0.0,-0.6377481392176932,-0.41403933560541256,0.0,,,,,,,
I,1,ok,47.3,0bdc51d,1500.0,1.0,,,,,,,,,,,,S1,,,0.06363799995383063,pehe,kernel_sieve1,0.5229769742585931,6.0,sieve1_sieve1,0.7613735809349459,0.23839660667635276,1.4558453209395381,0.0,0.0,sieve1_kernel,0.6966265620092913,0.17364958775069816,1.332040598910771,0.0,0.0,kernel_sieve1,0.5229769742585931,0.0,0.9999999999980879,0.0,1.0,sieve1_sieve1,0.7613735809349459,0.23839660667635276,1.4558453209395381,0.0,0.0,sieve1_sieve1,0.7613735809349459,0.23839660667635276,1.4558453209395381,0.0,0.0,kernel_kernel,1.0964545281652076,0.5734775539066145,2.096563677048149,1.0,0.0,sieve1_sieve1,0.7613735809349459,0.23839660667635276,1.4558453209395381,0.0,0.0,kernel_sieve1,0.5229769742585931,0.0,0.9999999999980879,0.0,1.0,kernel_kernel,1.0964545281652076,0.5734775539066145,2.096563677048149,1.0,0.0,kernel_sieve1,0.5229769742585931,0.0,0.9999999999980879,0.0,1.0,kernel_sieve1,0.5229769742585931,0.0,0.9999999999980879,0.0,1.0,-0.14285714285714288,-0.06666666666666665,0.0,-0.08827348295047496,-0.07161148740394328,0.0,0.14712247158412492,0.07161148740394328,1.0,-0.3142857142857143,-0.3333333333333333,0.0,-0.34786262139146906,-0.2760262237369417,0.0,ate_err,sieve1_kernel,0.054403223274326624,6.0,sieve1_sieve1,0.07382204532615792,0.0194188220518313,1.3569424913034203,0.0,0.0,sieve1_kernel,0.054403223274326624,0.0,0.9999999999816188,0.0,1.0,kernel_sieve1,0.08755977098194266,0.03315654770761604,1.609459250949446,1.0,0.0,sieve1_sieve1,0.07382204532615792,0.0194188220518313,1.3569424913034203,0.0,0.0,sieve1_sieve1,0.07382204532615792,0.0194188220518313,1.3569424913034203,0.0,0.0,kernel_kernel,0.23999195279948093,0.18558872952515432,4.411355400486426,1.0,0.0,sieve1_sieve1,0.07382204532615792,0.0194188220518313,1.3569424913034203,0.0,0.0,kernel_sieve1,0.08755977098194266,0.03315654770761604,1.609459250949446,1.0,0.0,kernel_kernel,0.23999195279948093,0.18558872952515432,4.411355400486426,1.0,0.0,kernel_sieve1,0.08755977098194266,0.03315654770761604,1.609459250949446,1.0,0.0,sieve1_kernel,0.054403223274326624,0.0,0.9999999999816188,0.0,1.0,0.028571428571428574,0.06666666666666665,0.0,0.5296408977028497,0.3580574370197165,1.0,0.058848988633649964,0.07161148740394328,0.0,0.08571428571428573,0.06666666666666665,0.0,-0.14494275891311212,-0.13801311186847084,0.0,,,,,,,
I,1,ok,28.0,0bdc51d,1500.0,1.0,,,,,,,,,,,,S1,shuffle_W,0.0,0.08063475158913996,pehe,kernel_sieve1,0.6886489006270607,6.0,sieve3_sieve3,0.7715912661310876,0.0829423655040269,1.1204421664325346,0.0,0.0,sieve3_sieve3,0.7715912661310876,0.0829423655040269,1.1204421664325346,0.0,0.0,sieve3_sieve3,0.7715912661310876,0.0829423655040269,1.1204421664325346,0.0,0.0,sieve3_sieve3,0.7715912661310876,0.0829423655040269,1.1204421664325346,0.0,0.0,sieve3_sieve3,0.7715912661310876,0.0829423655040269,1.1204421664325346,0.0,0.0,kernel_kernel,1.1038628393507985,0.4152139387237378,1.602939957275841,1.0,0.0,sieve1_sieve1,40.86620245431858,40.177553553691524,59.342579966435494,1.0,0.0,kernel_sieve1,0.6886489006270607,0.0,0.9999999999985479,0.0,1.0,kernel_kernel,1.1038628393507985,0.4152139387237378,1.602939957275841,1.0,0.0,kernel_sieve1,0.6886489006270607,0.0,0.9999999999985479,0.0,1.0,kernel_sieve1,0.6886489006270607,0.0,0.9999999999985479,0.0,1.0,0.14285714285714288,0.06666666666666665,0.0,-0.17654696590094993,-0.07161148740394328,0.0,0.35309393180189985,0.21483446221182986,1.0,-0.028571428571428574,-0.06666666666666665,0.0,0.14494275891311212,0.13801311186847084,0.0,ate_err,kernel_kernel,0.24546455364324402,6.0,sieve3_sieve3,0.6916226518048719,0.4461580981616279,2.817607029352403,1.0,0.0,sieve3_sieve3,0.6916226518048719,0.4461580981616279,2.817607029352403,1.0,0.0,sieve3_sieve3,0.6916226518048719,0.4461580981616279,2.817607029352403,1.0,0.0,sieve3_sieve3,0.6916226518048719,0.4461580981616279,2.817607029352403,1.0,0.0,sieve3_sieve3,0.6916226518048719,0.4461580981616279,2.817607029352403,1.0,0.0,kernel_kernel,0.24546455364324402,0.0,0.999999999995926,0.0,1.0,sieve1_sieve1,6.096696590220795,5.85123203657755,24.837380793712647,1.0,0.0,kernel_sieve1,0.7438212814088477,0.4983567277656037,3.030259442212095,1.0,0.0,kernel_kernel,0.24546455364324402,0.0,0.999999999995926,0.0,1.0,kernel_sieve1,0.7438212814088477,0.4983567277656037,3.030259442212095,1.0,0.0,kernel_kernel,0.24546455364324402,0.0,0.999999999995926,0.0,1.0,-0.14285714285714288,-0.06666666666666665,0.0,-0.35309393180189985,-0.3580574370197165,0.0,0.0,0.07161148740394328,0.0,-0.3142857142857143,-0.2,0.0,-0.28988551782622424,-0.2760262237369417,0.0,,,,,,,
I,1,ok,58.7,0bdc51d,1500.0,1.0,,,,,,,,,,,,S1,noise_V,0.0,0.08436129694680997,pehe,sieve1_sieve1,1.0773098513388317,6.0,sieve3_sieve3,4.980636283647746,3.903326432308914,4.623216131787353,1.0,0.0,sieve3_sieve3,4.980636283647746,3.903326432308914,4.623216131787353,1.0,0.0,sieve3_sieve3,4.980636283647746,3.903326432308914,4.623216131787353,1.0,0.0,sieve3_sieve3,4.980636283647746,3.903326432308914,4.623216131787353,1.0,0.0,sieve3_sieve3,4.980636283647746,3.903326432308914,4.623216131787353,1.0,0.0,kernel_kernel,1.0968800528378722,0.01957020149904043,1.0181658057556062,0.0,0.0,sieve1_sieve1,1.0773098513388317,0.0,0.9999999999990716,0.0,1.0,kernel_sieve1,1.7967042696805184,0.7193944183416867,1.6677692749639188,1.0,0.0,kernel_kernel,1.0968800528378722,0.01957020149904043,1.0181658057556062,0.0,0.0,sieve3_sieve3,4.980636283647746,3.903326432308914,4.623216131787353,1.0,0.0,sieve1_sieve1,1.0773098513388317,0.0,0.9999999999990716,0.0,1.0,-0.3142857142857143,-0.3333333333333333,1.0,-0.5590653920196746,-0.3580574370197165,0.0,-0.26482044885142486,-0.21483446221182986,0.0,-0.6,-0.4666666666666666,0.0,-0.5797710356524485,-0.41403933560541256,0.0,ate_err,kernel_kernel,0.24889747973814624,6.0,sieve3_sieve3,0.2981633242072779,0.04926584446913168,1.1979362929659396,0.0,0.0,sieve3_sieve3,0.2981633242072779,0.04926584446913168,1.1979362929659396,0.0,0.0,sieve3_sieve3,0.2981633242072779,0.04926584446913168,1.1979362929659396,0.0,0.0,sieve3_sieve3,0.2981633242072779,0.04926584446913168,1.1979362929659396,0.0,0.0,sieve3_sieve3,0.2981633242072779,0.04926584446913168,1.1979362929659396,0.0,0.0,kernel_kernel,0.24889747973814624,0.0,0.9999999999959822,0.0,1.0,sieve1_sieve1,2.4149761853227596,2.1660787055846136,9.702694409978534,1.0,0.0,kernel_sieve1,0.8677535620795475,0.6188560823414012,3.486389508600028,1.0,0.0,kernel_kernel,0.24889747973814624,0.0,0.9999999999959822,0.0,1.0,sieve3_sieve3,0.2981633242072779,0.04926584446913168,1.1979362929659396,0.0,0.0,kernel_kernel,0.24889747973814624,0.0,0.9999999999959822,0.0,1.0,-0.3142857142857143,-0.2,0.0,-0.35309393180189985,-0.3580574370197165,0.0,0.0,0.07161148740394328,0.0,-0.3714285714285715,-0.3333333333333333,0.0,-0.28988551782622424,-0.2760262237369417,0.0,,,,,,,
I,1,ok,56.5,0bdc51d,1500.0,1.0,,,,,,,,,,,,S1,weaken,0.7,0.08257481676152424,pehe,kernel_sieve1,0.9060161647091426,6.0,sieve3_sieve3,3.691637060199251,2.7856208954901085,4.074581893779234,1.0,0.0,sieve3_sieve3,3.691637060199251,2.7856208954901085,4.074581893779234,1.0,0.0,sieve3_sieve3,3.691637060199251,2.7856208954901085,4.074581893779234,1.0,0.0,sieve3_sieve3,3.691637060199251,2.7856208954901085,4.074581893779234,1.0,0.0,sieve3_sieve3,3.691637060199251,2.7856208954901085,4.074581893779234,1.0,0.0,kernel_kernel,1.093004302353751,0.18698813764460842,1.2063849906071276,0.0,0.0,sieve1_sieve1,0.9679166382693761,0.06190047356023354,1.0683215995147692,0.0,0.0,kernel_sieve1,0.9060161647091426,0.0,0.9999999999988963,0.0,1.0,kernel_kernel,1.093004302353751,0.18698813764460842,1.2063849906071276,0.0,0.0,sieve3_sieve3,3.691637060199251,2.7856208954901085,4.074581893779234,1.0,0.0,kernel_sieve1,0.9060161647091426,0.0,0.9999999999988963,0.0,1.0,0.08571428571428573,0.06666666666666665,0.0,-0.26482044885142486,-0.21483446221182986,0.0,0.08827348295047496,0.07161148740394328,1.0,-0.2,-0.06666666666666665,0.0,-0.23190841426097936,-0.13801311186847084,0.0,ate_err,kernel_kernel,0.24170523993207252,6.0,sieve3_sieve3,0.41471910074447255,0.17301386081240003,1.7158051718668037,1.0,0.0,sieve3_sieve3,0.41471910074447255,0.17301386081240003,1.7158051718668037,1.0,0.0,sieve3_sieve3,0.41471910074447255,0.17301386081240003,1.7158051718668037,1.0,0.0,sieve3_sieve3,0.41471910074447255,0.17301386081240003,1.7158051718668037,1.0,0.0,sieve3_sieve3,0.41471910074447255,0.17301386081240003,1.7158051718668037,1.0,0.0,kernel_kernel,0.24170523993207252,0.0,0.9999999999958628,0.0,1.0,sieve1_sieve1,11.732039941844448,11.490334701912376,48.538624752583004,1.0,0.0,kernel_sieve1,0.3923738303494983,0.15066859041742578,1.623356740044798,1.0,0.0,kernel_kernel,0.24170523993207252,0.0,0.9999999999958628,0.0,1.0,sieve3_sieve3,0.41471910074447255,0.17301386081240003,1.7158051718668037,1.0,0.0,kernel_kernel,0.24170523993207252,0.0,0.9999999999958628,0.0,1.0,-0.3142857142857143,-0.2,0.0,-0.6179143806533246,-0.5012804118276031,0.0,-0.08827348295047496,-0.07161148740394328,0.0,-0.4285714285714286,-0.3333333333333333,0.0,-0.3188740696088466,-0.2760262237369417,0.0,,,,,,,
I,2,ok,57.1,0bdc51d,1500.0,1.0,,,,,,,,,,,,S1,,,0.06908121196767815,pehe,sieve1_kernel,0.5595046506698039,6.0,sieve1_sieve1,0.5763728771660362,0.01686822649623232,1.03014850095528,0.0,0.0,sieve2_sieve2,0.6683926757785641,0.10888802510876017,1.1946150491818284,0.0,0.0,kernel_sieve1,0.6825746827125804,0.12307003204277644,1.2199624826964794,0.0,0.0,sieve1_sieve1,0.5763728771660362,0.01686822649623232,1.03014850095528,0.0,0.0,sieve1_sieve1,0.5763728771660362,0.01686822649623232,1.03014850095528,0.0,0.0,kernel_kernel,0.8140787618584219,0.25457411118861795,1.4549990976525446,0.0,0.0,sieve1_sieve1,0.5763728771660362,0.01686822649623232,1.03014850095528,0.0,0.0,sieve3_sieve3,1.2133207338289325,0.6538160831591285,2.1685623745472933,1.0,0.0,kernel_kernel,0.8140787618584219,0.25457411118861795,1.4549990976525446,0.0,0.0,kernel_sieve1,0.6825746827125804,0.12307003204277644,1.2199624826964794,0.0,0.0,sieve1_kernel,0.5595046506698039,0.0,0.9999999999982128,0.0,1.0,-0.028571428571428574,-0.06666666666666665,0.0,0.6179143806533246,0.3580574370197165,0.0,-0.08827348295047496,-0.07161148740394328,0.0,0.028571428571428574,0.06666666666666665,0.0,0.17393131069573453,0.13801311186847084,0.0,ate_err,kernel_sieve1,0.07510494850600934,6.0,sieve1_sieve1,0.07659394663619787,0.0014889981301885319,1.0198255662081914,0.0,0.0,sieve2_sieve2,0.3302621727171518,0.25515722421114245,4.397342375999756,1.0,0.0,kernel_sieve1,0.07510494850600934,0.0,0.9999999999866852,0.0,1.0,sieve1_sieve1,0.07659394663619787,0.0014889981301885319,1.0198255662081914,0.0,0.0,sieve1_sieve1,0.07659394663619787,0.0014889981301885319,1.0198255662081914,0.0,0.0,kernel_kernel,0.20484663099256906,0.1297416824865597,2.727471825287934,1.0,0.0,sieve1_sieve1,0.07659394663619787,0.0014889981301885319,1.0198255662081914,0.0,0.0,sieve3_sieve3,0.4610947324741286,0.3859897839681192,6.139338906957587,1.0,0.0,kernel_kernel,0.20484663099256906,0.1297416824865597,2.727471825287934,1.0,0.0,kernel_sieve1,0.07510494850600934,0.0,0.9999999999866852,0.0,1.0,kernel_sieve1,0.07510494850600934,0.0,0.9999999999866852,0.0,1.0,0.14285714285714288,0.06666666666666665,0.0,-0.26482044885142486,-0.21483446221182986,0.0,0.44136741475237473,0.21483446221182986,1.0,-0.08571428571428573,-0.06666666666666665,0.0,-0.28988551782622424,-0.2760262237369417,0.0,,,,,,,
I,2,ok,55.2,0bdc51d,1500.0,1.0,,,,,,,,,,,,S1,shuffle_W,0.0,0.06722943711833197,pehe,sieve3_sieve3,0.73714674299509,6.0,sieve1_sieve1,0.8748916760321217,0.13774493303703172,1.1868622962046547,0.0,0.0,sieve3_sieve3,0.73714674299509,0.0,0.9999999999986434,0.0,1.0,kernel_sieve1,0.777173094825317,0.04002635183022707,1.0542990282593427,0.0,0.0,sieve1_sieve1,0.8748916760321217,0.13774493303703172,1.1868622962046547,0.0,0.0,sieve1_sieve1,0.8748916760321217,0.13774493303703172,1.1868622962046547,0.0,0.0,kernel_kernel,0.8260058877203373,0.08885914472524736,1.1205447159178707,0.0,0.0,sieve1_sieve1,0.8748916760321217,0.13774493303703172,1.1868622962046547,0.0,0.0,sieve3_sieve3,0.73714674299509,0.0,0.9999999999986434,0.0,1.0,kernel_kernel,0.8260058877203373,0.08885914472524736,1.1205447159178707,0.0,0.0,kernel_sieve1,0.777173094825317,0.04002635183022707,1.0542990282593427,0.0,0.0,sieve3_sieve3,0.73714674299509,0.0,0.9999999999986434,0.0,1.0,0.3142857142857143,0.2,1.0,0.08827348295047496,0.07161148740394328,1.0,0.3825184261187248,0.21483446221182986,0.0,0.08571428571428573,0.06666666666666665,1.0,0.14494275891311212,0.13801311186847084,1.0,ate_err,kernel_kernel,0.21247512744457175,6.0,sieve1_sieve1,4.643934505690926,4.4314593782463545,21.85636766769574,1.0,0.0,sieve3_sieve3,0.501385248436521,0.28891012099194924,2.359736193427898,1.0,0.0,kernel_sieve1,0.389799883161054,0.17732475571648226,1.8345671225019327,1.0,0.0,sieve1_sieve1,4.643934505690926,4.4314593782463545,21.85636766769574,1.0,0.0,sieve1_sieve1,4.643934505690926,4.4314593782463545,21.85636766769574,1.0,0.0,kernel_kernel,0.21247512744457175,0.0,0.9999999999952935,0.0,1.0,sieve1_sieve1,4.643934505690926,4.4314593782463545,21.85636766769574,1.0,0.0,sieve3_sieve3,0.501385248436521,0.28891012099194924,2.359736193427898,1.0,0.0,kernel_kernel,0.21247512744457175,0.0,0.9999999999952935,0.0,1.0,kernel_sieve1,0.389799883161054,0.17732475571648226,1.8345671225019327,1.0,0.0,kernel_kernel,0.21247512744457175,0.0,0.9999999999952935,0.0,1.0,-0.14285714285714288,-0.2,0.0,-0.44136741475237473,-0.21483446221182986,0.0,0.08827348295047496,0.07161148740394328,0.0,-0.3714285714285715,-0.3333333333333333,0.0,-0.2608969660436018,-0.2760262237369417,0.0,,,,,,,
I,2,ok,56.7,0bdc51d,1500.0,1.0,,,,,,,,,,,,S1,noise_V,0.0,0.08033524585378808,pehe,kernel_sieve1,0.7088657061848557,6.0,sieve3_sieve3,3.5908996166686205,2.8820339104837647,5.065698037488545,1.0,0.0,sieve1_kernel,1.0012685673471147,0.292402861162259,1.4124940148883358,0.0,0.0,sieve3_sieve3,3.5908996166686205,2.8820339104837647,5.065698037488545,1.0,0.0,sieve1_sieve1,0.7208926701209551,0.012026963936099477,1.0169664914385719,0.0,0.0,sieve1_sieve1,0.7208926701209551,0.012026963936099477,1.0169664914385719,0.0,0.0,kernel_kernel,0.8292148706320039,0.12034916444714827,1.1697771007906457,0.0,0.0,sieve1_sieve1,0.7208926701209551,0.012026963936099477,1.0169664914385719,0.0,0.0,sieve3_sieve3,3.5908996166686205,2.8820339104837647,5.065698037488545,1.0,0.0,kernel_kernel,0.8292148706320039,0.12034916444714827,1.1697771007906457,0.0,0.0,sieve3_sieve3,3.5908996166686205,2.8820339104837647,5.065698037488545,1.0,0.0,kernel_sieve1,0.7088657061848557,0.0,0.9999999999985894,0.0,1.0,-0.2571428571428572,-0.2,0.0,-0.41194292043554975,-0.3580574370197165,0.0,0.0,0.07161148740394328,1.0,-0.2571428571428572,-0.2,0.0,-0.3188740696088466,-0.2760262237369417,0.0,ate_err,kernel_kernel,0.21225713070812655,6.0,sieve3_sieve3,0.39518085023935545,0.1829237195312289,1.8618024700470692,1.0,0.0,sieve1_kernel,0.49818827268923266,0.28593114198110614,2.347097932704749,1.0,0.0,sieve3_sieve3,0.39518085023935545,0.1829237195312289,1.8618024700470692,1.0,0.0,sieve1_sieve1,0.7011424922596993,0.4888853615515727,3.303269435129285,1.0,0.0,sieve1_sieve1,0.7011424922596993,0.4888853615515727,3.303269435129285,1.0,0.0,kernel_kernel,0.21225713070812655,0.0,0.9999999999952887,0.0,1.0,sieve1_sieve1,0.7011424922596993,0.4888853615515727,3.303269435129285,1.0,0.0,sieve3_sieve3,0.39518085023935545,0.1829237195312289,1.8618024700470692,1.0,0.0,kernel_kernel,0.21225713070812655,0.0,0.9999999999952887,0.0,1.0,sieve3_sieve3,0.39518085023935545,0.1829237195312289,1.8618024700470692,1.0,0.0,kernel_kernel,0.21225713070812655,0.0,0.9999999999952887,0.0,1.0,-0.3142857142857143,-0.2,0.0,-0.4707919090691997,-0.3580574370197165,0.0,0.0,0.07161148740394328,0.0,-0.5428571428571429,-0.4666666666666666,0.0,-0.4928053803045812,-0.41403933560541256,0.0,,,,,,,
I,2,ok,56.3,0bdc51d,1500.0,1.0,,,,,,,,,,,,S1,weaken,0.7,0.080110194536649,pehe,kernel_sieve1,0.5730137621577344,6.0,sieve3_sieve3,0.8824544965874898,0.3094407344297554,1.5400232156082758,1.0,0.0,sieve2_sieve2,19.920350495443916,19.34733673328618,34.764174634126235,1.0,0.0,sieve3_sieve3,0.8824544965874898,0.3094407344297554,1.5400232156082758,1.0,0.0,sieve2_sieve2,19.920350495443916,19.34733673328618,34.764174634126235,1.0,0.0,sieve3_sieve3,0.8824544965874898,0.3094407344297554,1.5400232156082758,1.0,0.0,kernel_kernel,0.8221598428590831,0.2491460807013487,1.4347994710663357,0.0,0.0,sieve1_sieve1,0.6450790553539033,0.07206529319616894,1.1257653793927653,0.0,0.0,sieve3_sieve3,0.8824544965874898,0.3094407344297554,1.5400232156082758,1.0,0.0,kernel_kernel,0.8221598428590831,0.2491460807013487,1.4347994710663357,0.0,0.0,sieve3_sieve3,0.8824544965874898,0.3094407344297554,1.5400232156082758,1.0,0.0,kernel_sieve1,0.5730137621577344,0.0,0.9999999999982548,0.0,1.0,-0.2,-0.06666666666666665,0.0,-0.7356123579206245,-0.6445033866354897,0.0,0.08827348295047496,0.07161148740394328,1.0,-0.48571428571428577,-0.3333333333333333,0.0,-0.4638168285219587,-0.2760262237369417,0.0,ate_err,kernel_sieve1,0.07484052467485232,6.0,sieve3_sieve3,0.9029663001197333,0.828125775444881,12.065205368757656,1.0,0.0,sieve2_sieve2,1.7457919427176816,1.6709514180428293,23.32682661270773,1.0,0.0,sieve3_sieve3,0.9029663001197333,0.828125775444881,12.065205368757656,1.0,0.0,sieve2_sieve2,1.7457919427176816,1.6709514180428293,23.32682661270773,1.0,0.0,sieve3_sieve3,0.9029663001197333,0.828125775444881,12.065205368757656,1.0,0.0,kernel_kernel,0.2098595388594909,0.13501901418463857,2.804089626154146,1.0,0.0,sieve1_sieve1,0.40150981265511493,0.3266692879802626,5.364871697441,1.0,0.0,sieve3_sieve3,0.9029663001197333,0.828125775444881,12.065205368757656,1.0,0.0,kernel_kernel,0.2098595388594909,0.13501901418463857,2.804089626154146,1.0,0.0,sieve3_sieve3,0.9029663001197333,0.828125775444881,12.065205368757656,1.0,0.0,kernel_sieve1,0.07484052467485232,0.0,0.9999999999866381,0.0,1.0,-0.6571428571428573,-0.4666666666666666,0.0,-0.9710083124552246,-0.9309493362512627,0.0,-0.26482044885142486,-0.21483446221182986,1.0,-0.8285714285714287,-0.7333333333333333,0.0,-0.753702346348183,-0.5520524474738834,0.0,,,,,,,
I,3,ok,55.8,0bdc51d,1500.0,1.0,,,,,,,,,,,,S1,,,0.07476697977860065,pehe,sieve1_sieve1,0.5079645154385112,6.0,sieve1_sieve1,0.5079645154385112,0.0,0.9999999999980314,0.0,1.0,sieve1_kernel,0.6291077325011298,0.12114321706261866,1.2384875584405748,0.0,0.0,kernel_sieve1,0.5671419111211745,0.059177395682663336,1.116499074015949,0.0,0.0,sieve1_sieve1,0.5079645154385112,0.0,0.9999999999980314,0.0,1.0,sieve1_sieve1,0.5079645154385112,0.0,0.9999999999980314,0.0,1.0,kernel_kernel,0.9244400428959274,0.41647552745741623,1.8198909860781614,1.0,0.0,sieve1_sieve1,0.5079645154385112,0.0,0.9999999999980314,0.0,1.0,sieve1_sieve1,0.5079645154385112,0.0,0.9999999999980314,0.0,1.0,kernel_kernel,0.9244400428959274,0.41647552745741623,1.8198909860781614,1.0,0.0,kernel_sieve1,0.5671419111211745,0.059177395682663336,1.116499074015949,0.0,0.0,sieve1_sieve1,0.5079645154385112,0.0,0.9999999999980314,0.0,1.0,0.7142857142857143,0.6,1.0,0.5002164033860248,0.5012804118276031,1.0,0.7356123579206245,0.6445033866354897,1.0,0.5428571428571429,0.4666666666666666,1.0,0.3768511731740915,0.2760262237369417,1.0,ate_err,sieve1_sieve1,0.06170855322444827,6.0,sieve1_sieve1,0.06170855322444827,0.0,0.9999999999837949,0.0,1.0,sieve1_kernel,0.09301186913789661,0.031303315913448336,1.5072767756859193,1.0,0.0,kernel_sieve1,0.1409186943872357,0.07921014116278743,2.283616889742954,1.0,0.0,sieve1_sieve1,0.06170855322444827,0.0,0.9999999999837949,0.0,1.0,sieve1_sieve1,0.06170855322444827,0.0,0.9999999999837949,0.0,1.0,kernel_kernel,0.276239550804604,0.21453099758015573,4.476519645427116,1.0,0.0,sieve1_sieve1,0.06170855322444827,0.0,0.9999999999837949,0.0,1.0,sieve1_sieve1,0.06170855322444827,0.0,0.9999999999837949,0.0,1.0,kernel_kernel,0.276239550804604,0.21453099758015573,4.476519645427116,1.0,0.0,kernel_sieve1,0.1409186943872357,0.07921014116278743,2.283616889742954,1.0,0.0,sieve1_sieve1,0.06170855322444827,0.0,0.9999999999837949,0.0,1.0,0.48571428571428577,0.3333333333333333,1.0,0.6473388749701496,0.5012804118276031,1.0,0.41194292043554975,0.3580574370197165,1.0,0.3142857142857143,0.2,1.0,0.3188740696088466,0.2760262237369417,1.0,,,,,,,
I,3,ok,37.3,0bdc51d,1500.0,1.0,,,,,,,,,,,,S1,shuffle_W,0.0,0.07786295725066775,pehe,kernel_sieve1,0.7775058098911446,6.0,sieve3_sieve3,1.2795493246652636,0.502043514774119,1.645710306451295,1.0,0.0,sieve3_sieve3,1.2795493246652636,0.502043514774119,1.645710306451295,1.0,0.0,sieve3_sieve3,1.2795493246652636,0.502043514774119,1.645710306451295,1.0,0.0,sieve3_sieve3,1.2795493246652636,0.502043514774119,1.645710306451295,1.0,0.0,sieve3_sieve3,1.2795493246652636,0.502043514774119,1.645710306451295,1.0,0.0,kernel_kernel,0.9162644928383824,0.1387586829472378,1.178466425820646,0.0,0.0,sieve1_sieve1,0.7991061978864503,0.021600387995305725,1.027781641911206,0.0,0.0,sieve1_sieve1,0.7991061978864503,0.021600387995305725,1.027781641911206,0.0,0.0,kernel_kernel,0.9162644928383824,0.1387586829472378,1.178466425820646,0.0,0.0,kernel_sieve1,0.7775058098911446,0.0,0.9999999999987139,0.0,1.0,kernel_sieve1,0.7775058098911446,0.0,0.9999999999987139,0.0,1.0,0.14285714285714288,0.06666666666666665,0.0,-0.41194292043554975,-0.3580574370197165,0.0,0.35309393180189985,0.3580574370197165,1.0,0.14285714285714288,0.06666666666666665,0.0,-0.23190841426097936,-0.13801311186847084,0.0,ate_err,kernel_kernel,0.28264159836647257,6.0,sieve3_sieve3,1.073915493026034,0.7912738946595614,3.7995663031518725,1.0,0.0,sieve3_sieve3,1.073915493026034,0.7912738946595614,3.7995663031518725,1.0,0.0,sieve3_sieve3,1.073915493026034,0.7912738946595614,3.7995663031518725,1.0,0.0,sieve3_sieve3,1.073915493026034,0.7912738946595614,3.7995663031518725,1.0,0.0,sieve3_sieve3,1.073915493026034,0.7912738946595614,3.7995663031518725,1.0,0.0,kernel_kernel,0.28264159836647257,0.0,0.999999999996462,0.0,1.0,sieve1_sieve1,4.154017355658844,3.8713757572923715,14.697119531067951,1.0,0.0,sieve1_sieve1,4.154017355658844,3.8713757572923715,14.697119531067951,1.0,0.0,kernel_kernel,0.28264159836647257,0.0,0.999999999996462,0.0,1.0,kernel_sieve1,0.5517156493549213,0.2690740509884488,1.951997344133385,1.0,0.0,kernel_kernel,0.28264159836647257,0.0,0.999999999996462,0.0,1.0,-0.5428571428571429,-0.4666666666666666,0.0,-0.5296408977028497,-0.3580574370197165,0.0,-0.17654696590094993,-0.21483446221182986,0.0,-0.5428571428571429,-0.4666666666666666,0.0,-0.6377481392176932,-0.5520524474738834,0.0,,,,,,,
I,3,ok,20.4,0bdc51d,1500.0,1.0,,,,,,,,,,,,S1,noise_V,0.0,0.07609594382510175,pehe,sieve3_sieve3,0.6898749238471277,6.0,sieve3_sieve3,0.6898749238471277,0.0,0.9999999999985505,0.0,1.0,sieve1_kernel,1.5484381672985903,0.8585632434514626,2.24452014962566,1.0,0.0,sieve3_sieve3,0.6898749238471277,0.0,0.9999999999985505,0.0,1.0,sieve3_sieve3,0.6898749238471277,0.0,0.9999999999985505,0.0,1.0,sieve3_sieve3,0.6898749238471277,0.0,0.9999999999985505,0.0,1.0,kernel_kernel,0.9265712266146049,0.23669630276747722,1.3431003136716195,0.0,0.0,sieve1_sieve1,14.038948070133408,13.34907314628628,20.349990389307163,1.0,0.0,sieve1_sieve1,14.038948070133408,13.34907314628628,20.349990389307163,1.0,0.0,kernel_kernel,0.9265712266146049,0.23669630276747722,1.3431003136716195,0.0,0.0,sieve3_sieve3,0.6898749238471277,0.0,0.9999999999985505,0.0,1.0,sieve3_sieve3,0.6898749238471277,0.0,0.9999999999985505,0.0,1.0,0.028571428571428574,-0.06666666666666665,1.0,-0.08827348295047496,-0.07161148740394328,0.0,0.08827348295047496,0.07161148740394328,1.0,-0.028571428571428574,-0.06666666666666665,1.0,-0.05797710356524484,-0.13801311186847084,1.0,ate_err,kernel_kernel,0.2840228267441382,6.0,sieve3_sieve3,0.6298916150492778,0.3458687883051396,2.2177499684365074,1.0,0.0,sieve1_kernel,0.9814423636473464,0.6974195369032081,3.455505231373613,1.0,0.0,sieve3_sieve3,0.6298916150492778,0.3458687883051396,2.2177499684365074,1.0,0.0,sieve3_sieve3,0.6298916150492778,0.3458687883051396,2.2177499684365074,1.0,0.0,sieve3_sieve3,0.6298916150492778,0.3458687883051396,2.2177499684365074,1.0,0.0,kernel_kernel,0.2840228267441382,0.0,0.9999999999964793,0.0,1.0,sieve1_sieve1,1.3957124769253486,1.1116896501812104,4.914085578684003,1.0,0.0,sieve1_sieve1,1.3957124769253486,1.1116896501812104,4.914085578684003,1.0,0.0,kernel_kernel,0.2840228267441382,0.0,0.9999999999964793,0.0,1.0,sieve3_sieve3,0.6298916150492778,0.3458687883051396,2.2177499684365074,1.0,0.0,kernel_kernel,0.2840228267441382,0.0,0.9999999999964793,0.0,1.0,-0.2571428571428572,-0.2,0.0,-0.6179143806533246,-0.5012804118276031,0.0,-0.08827348295047496,-0.07161148740394328,0.0,-0.6,-0.4666666666666666,0.0,-0.4058397249567139,-0.2760262237369417,0.0,,,,,,,
I,3,ok,19.0,0bdc51d,1500.0,1.0,,,,,,,,,,,,S1,weaken,0.7,0.08211855093702519,pehe,kernel_sieve1,0.644832148444098,6.0,sieve3_sieve3,0.6692514731809869,0.024419324736888903,1.037869273104283,0.0,0.0,sieve2_sieve2,0.8446499289667212,0.19981778052262322,1.3098756490405286,0.0,0.0,sieve3_sieve3,0.6692514731809869,0.024419324736888903,1.037869273104283,0.0,0.0,sieve3_sieve3,0.6692514731809869,0.024419324736888903,1.037869273104283,0.0,0.0,sieve3_sieve3,0.6692514731809869,0.024419324736888903,1.037869273104283,0.0,0.0,kernel_kernel,0.9178815736964145,0.27304942525231657,1.4234426368315047,0.0,0.0,sieve1_sieve1,0.7132849942666237,0.06845284582252575,1.1061560686553673,0.0,0.0,sieve1_sieve1,0.7132849942666237,0.06845284582252575,1.1061560686553673,0.0,0.0,kernel_kernel,0.9178815736964145,0.27304942525231657,1.4234426368315047,0.0,0.0,sieve3_sieve3,0.6692514731809869,0.024419324736888903,1.037869273104283,0.0,0.0,kernel_sieve1,0.644832148444098,0.0,0.9999999999984492,0.0,1.0,0.7714285714285715,0.6,0.0,-0.058848988633649964,-0.07161148740394328,0.0,0.8827348295047495,0.7877263614433762,1.0,0.5428571428571429,0.3333333333333333,0.0,0.6377481392176932,0.5520524474738834,0.0,ate_err,kernel_kernel,0.2835483670801807,6.0,sieve3_sieve3,0.6442344355147233,0.36068606843454254,2.2720442446782885,1.0,0.0,sieve2_sieve2,5.721548302256366,5.437999935176185,20.178385653048995,1.0,0.0,sieve3_sieve3,0.6442344355147233,0.36068606843454254,2.2720442446782885,1.0,0.0,sieve3_sieve3,0.6442344355147233,0.36068606843454254,2.2720442446782885,1.0,0.0,sieve3_sieve3,0.6442344355147233,0.36068606843454254,2.2720442446782885,1.0,0.0,kernel_kernel,0.2835483670801807,0.0,0.9999999999964734,0.0,1.0,sieve1_sieve1,0.8085015191254795,0.5249531520452988,2.851370746543581,1.0,0.0,sieve1_sieve1,0.8085015191254795,0.5249531520452988,2.851370746543581,1.0,0.0,kernel_kernel,0.2835483670801807,0.0,0.9999999999964734,0.0,1.0,sieve3_sieve3,0.6442344355147233,0.36068606843454254,2.2720442446782885,1.0,0.0,kernel_kernel,0.2835483670801807,0.0,0.9999999999964734,0.0,1.0,-0.48571428571428577,-0.3333333333333333,0.0,-0.8827348295047495,-0.7877263614433762,0.0,-0.35309393180189985,-0.21483446221182986,0.0,-0.7714285714285715,-0.6,0.0,-0.6667366910003157,-0.41403933560541256,0.0,,,,,,,
I,4,ok,19.8,0bdc51d,1500.0,1.0,,,,,,,,,,,,S1,,,0.06951198213224447,pehe,sieve1_sieve1,0.5194737424691347,6.0,sieve1_sieve1,0.5194737424691347,0.0,0.999999999998075,0.0,1.0,sieve1_kernel,0.5386577105193268,0.01918396805019207,1.0369296202691034,0.0,0.0,kernel_sieve1,1.055141346297347,0.5356676038282122,2.031173589795077,1.0,0.0,sieve1_sieve1,0.5194737424691347,0.0,0.999999999998075,0.0,1.0,sieve1_sieve1,0.5194737424691347,0.0,0.999999999998075,0.0,1.0,kernel_kernel,0.8070289445892975,0.28755520212016283,1.5535509855643856,1.0,0.0,sieve1_sieve1,0.5194737424691347,0.0,0.999999999998075,0.0,1.0,kernel_sieve1,1.055141346297347,0.5356676038282122,2.031173589795077,1.0,0.0,kernel_kernel,0.8070289445892975,0.28755520212016283,1.5535509855643856,1.0,0.0,kernel_sieve1,1.055141346297347,0.5356676038282122,2.031173589795077,1.0,0.0,sieve1_sieve1,0.5194737424691347,0.0,0.999999999998075,0.0,1.0,0.14285714285714288,0.2,1.0,0.5296408977028497,0.3580574370197165,1.0,-0.058848988633649964,-0.07161148740394328,1.0,0.2571428571428572,0.2,1.0,0.05797710356524484,0.0,1.0,ate_err,sieve2_sieve2,0.07515900801734916,6.0,sieve1_sieve1,0.1594686941868832,0.08430968616953403,2.1217509170417848,1.0,0.0,sieve1_kernel,0.12205341416593658,0.04689440614858742,1.6239359377406726,1.0,0.0,kernel_sieve1,0.13377964033540343,0.05862063231805427,1.7799548432403836,1.0,0.0,sieve1_sieve1,0.1594686941868832,0.08430968616953403,2.1217509170417848,1.0,0.0,sieve1_sieve1,0.1594686941868832,0.08430968616953403,2.1217509170417848,1.0,0.0,kernel_kernel,0.371864068575295,0.2967050605579459,4.947697932422271,1.0,0.0,sieve1_sieve1,0.1594686941868832,0.08430968616953403,2.1217509170417848,1.0,0.0,kernel_sieve1,0.13377964033540343,0.05862063231805427,1.7799548432403836,1.0,0.0,kernel_kernel,0.371864068575295,0.2967050605579459,4.947697932422271,1.0,0.0,kernel_sieve1,0.13377964033540343,0.05862063231805427,1.7799548432403836,1.0,0.0,sieve2_sieve2,0.07515900801734916,0.0,0.9999999999866948,0.0,1.0,-0.2571428571428572,-0.2,0.0,0.3825184261187248,0.21483446221182986,0.0,-0.14712247158412492,-0.07161148740394328,0.0,-0.08571428571428573,0.06666666666666665,0.0,-0.23190841426097936,-0.13801311186847084,0.0,,,,,,,
I,4,ok,18.5,0bdc51d,1500.0,1.0,,,,,,,,,,,,S1,shuffle_W,0.0,0.06857511119273155,pehe,kernel_kernel,0.8054716995610033,6.0,sieve1_sieve1,15.803166120514593,14.99769442095359,19.61976582058437,1.0,0.0,sieve1_kernel,1.0048138297671754,0.19934213020617209,1.24748495858212,0.0,0.0,kernel_sieve1,0.9288994378112982,0.12342773825029496,1.1532365920694818,0.0,0.0,sieve1_sieve1,15.803166120514593,14.99769442095359,19.61976582058437,1.0,0.0,sieve1_sieve1,15.803166120514593,14.99769442095359,19.61976582058437,1.0,0.0,kernel_kernel,0.8054716995610033,0.0,0.9999999999987585,0.0,1.0,sieve1_sieve1,15.803166120514593,14.99769442095359,19.61976582058437,1.0,0.0,kernel_sieve1,0.9288994378112982,0.12342773825029496,1.1532365920694818,0.0,0.0,kernel_kernel,0.8054716995610033,0.0,0.9999999999987585,0.0,1.0,kernel_sieve1,0.9288994378112982,0.12342773825029496,1.1532365920694818,0.0,0.0,kernel_kernel,0.8054716995610033,0.0,0.9999999999987585,0.0,1.0,-0.4285714285714286,-0.2,0.0,-0.7650368522374495,-0.6445033866354897,0.0,-0.29424494316824984,-0.21483446221182986,0.0,-0.6,-0.4666666666666666,0.0,-0.3768511731740915,-0.2760262237369417,0.0,ate_err,kernel_kernel,0.3741482569404338,6.0,sieve1_sieve1,4.921412425019494,4.54726416807906,13.153642529971357,1.0,0.0,sieve1_kernel,1.6138026133673815,1.2396543564269478,4.313270430710555,1.0,0.0,kernel_sieve1,0.5560331391529608,0.18188488221252702,1.4861305079927123,0.0,0.0,sieve1_sieve1,4.921412425019494,4.54726416807906,13.153642529971357,1.0,0.0,sieve1_sieve1,4.921412425019494,4.54726416807906,13.153642529971357,1.0,0.0,kernel_kernel,0.3741482569404338,0.0,0.9999999999973274,0.0,1.0,sieve1_sieve1,4.921412425019494,4.54726416807906,13.153642529971357,1.0,0.0,kernel_sieve1,0.5560331391529608,0.18188488221252702,1.4861305079927123,0.0,0.0,kernel_kernel,0.3741482569404338,0.0,0.9999999999973274,0.0,1.0,kernel_sieve1,0.5560331391529608,0.18188488221252702,1.4861305079927123,0.0,0.0,kernel_kernel,0.3741482569404338,0.0,0.9999999999973274,0.0,1.0,-0.3714285714285715,-0.3333333333333333,0.0,-0.6179143806533246,-0.5012804118276031,0.0,-0.14712247158412492,-0.07161148740394328,0.0,-0.7142857142857143,-0.6,0.0,-0.5217939320872036,-0.41403933560541256,0.0,,,,,,,
I,4,ok,18.8,0bdc51d,1500.0,1.0,,,,,,,,,,,,S1,noise_V,0.0,0.07676945172146947,pehe,sieve3_sieve3,0.6834574122618301,6.0,sieve3_sieve3,0.6834574122618301,0.0,0.9999999999985368,0.0,1.0,sieve3_sieve3,0.6834574122618301,0.0,0.9999999999985368,0.0,1.0,sieve3_sieve3,0.6834574122618301,0.0,0.9999999999985368,0.0,1.0,sieve3_sieve3,0.6834574122618301,0.0,0.9999999999985368,0.0,1.0,sieve3_sieve3,0.6834574122618301,0.0,0.9999999999985368,0.0,1.0,kernel_kernel,0.8101546263877838,0.1266972141259537,1.1853768967191054,0.0,0.0,sieve1_sieve1,0.9540216284095004,0.27056421614767034,1.3958757506936252,0.0,0.0,kernel_sieve1,2.4754672874836023,1.7920098752217721,3.621977380108708,1.0,0.0,kernel_kernel,0.8101546263877838,0.1266972141259537,1.1853768967191054,0.0,0.0,sieve3_sieve3,0.6834574122618301,0.0,0.9999999999985368,0.0,1.0,sieve3_sieve3,0.6834574122618301,0.0,0.9999999999985368,0.0,1.0,0.2,0.06666666666666665,1.0,0.44136741475237473,0.3580574370197165,1.0,0.26482044885142486,0.21483446221182986,1.0,0.2571428571428572,0.2,1.0,0.34786262139146906,0.2760262237369417,1.0,ate_err,sieve3_sieve3,0.15321551493225058,6.0,sieve3_sieve3,0.15321551493225058,0.0,0.9999999999934732,0.0,1.0,sieve3_sieve3,0.15321551493225058,0.0,0.9999999999934732,0.0,1.0,sieve3_sieve3,0.15321551493225058,0.0,0.9999999999934732,0.0,1.0,sieve3_sieve3,0.15321551493225058,0.0,0.9999999999934732,0.0,1.0,sieve3_sieve3,0.15321551493225058,0.0,0.9999999999934732,0.0,1.0,kernel_kernel,0.3810877929612406,0.22787227802899004,2.4872663393603722,1.0,0.0,sieve1_sieve1,3.6530252997878256,3.499809784855575,23.84239808468021,1.0,0.0,kernel_sieve1,0.4870875160358335,0.33387200110358295,3.179100473264973,1.0,0.0,kernel_kernel,0.3810877929612406,0.22787227802899004,2.4872663393603722,1.0,0.0,sieve3_sieve3,0.15321551493225058,0.0,0.9999999999934732,0.0,1.0,sieve3_sieve3,0.15321551493225058,0.0,0.9999999999934732,0.0,1.0,0.028571428571428574,-0.06666666666666665,1.0,-0.08827348295047496,-0.21483446221182986,1.0,0.26482044885142486,0.21483446221182986,1.0,-0.08571428571428573,-0.2,1.0,-0.05797710356524484,-0.13801311186847084,1.0,,,,,,,
I,4,ok,19.0,0bdc51d,1500.0,1.0,,,,,,,,,,,,S1,weaken,0.7,0.07561375735013223,pehe,sieve1_kernel,0.6989227324518253,6.0,sieve1_sieve1,1.6331355092639104,0.934212776812085,2.336646718489931,1.0,0.0,sieve1_kernel,0.6989227324518253,0.0,0.9999999999985693,0.0,1.0,sieve3_sieve3,0.8993157998730996,0.20039306742127427,1.2867170548552733,0.0,0.0,sieve1_sieve1,1.6331355092639104,0.934212776812085,2.336646718489931,1.0,0.0,sieve1_sieve1,1.6331355092639104,0.934212776812085,2.336646718489931,1.0,0.0,kernel_kernel,0.8007555516270629,0.10183281917523757,1.1456996810174735,0.0,0.0,sieve1_sieve1,1.6331355092639104,0.934212776812085,2.336646718489931,1.0,0.0,kernel_sieve1,1.1948016719536492,0.4958789395018238,1.709490357768974,1.0,0.0,kernel_kernel,0.8007555516270629,0.10183281917523757,1.1456996810174735,0.0,0.0,sieve3_sieve3,0.8993157998730996,0.20039306742127427,1.2867170548552733,0.0,0.0,sieve1_kernel,0.6989227324518253,0.0,0.9999999999985693,0.0,1.0,-0.5428571428571429,-0.3333333333333333,0.0,0.08827348295047496,0.07161148740394328,1.0,-0.44136741475237473,-0.21483446221182986,0.0,-0.48571428571428577,-0.3333333333333333,0.0,-0.6957252427829381,-0.5520524474738834,0.0,ate_err,kernel_kernel,0.37507404201180794,6.0,sieve1_sieve1,0.49453578117593383,0.11946173916412589,1.3185017510730497,0.0,0.0,sieve1_kernel,0.9192873559268961,0.5442133139150882,2.4509490206083218,1.0,0.0,sieve3_sieve3,0.4469091321869265,0.07183509017511858,1.191522425248681,0.0,0.0,sieve1_sieve1,0.49453578117593383,0.11946173916412589,1.3185017510730497,0.0,0.0,sieve1_sieve1,0.49453578117593383,0.11946173916412589,1.3185017510730497,0.0,0.0,kernel_kernel,0.37507404201180794,0.0,0.9999999999973339,0.0,1.0,sieve1_sieve1,0.49453578117593383,0.11946173916412589,1.3185017510730497,0.0,0.0,kernel_sieve1,0.4676288754322293,0.09255483342042137,1.2467641666768847,0.0,0.0,kernel_kernel,0.37507404201180794,0.0,0.9999999999973339,0.0,1.0,sieve3_sieve3,0.4469091321869265,0.07183509017511858,1.191522425248681,0.0,0.0,kernel_kernel,0.37507404201180794,0.0,0.9999999999973339,0.0,1.0,-0.08571428571428573,-0.06666666666666665,0.0,-0.4707919090691997,-0.3580574370197165,0.0,0.17654696590094993,0.21483446221182986,0.0,-0.3714285714285715,-0.3333333333333333,0.0,-0.14494275891311212,-0.13801311186847084,0.0,,,,,,,
I,5,ok,19.4,0bdc51d,1500.0,1.0,,,,,,,,,,,,S1,,,0.07609415639899847,pehe,kernel_sieve1,0.627211498755512,6.0,sieve1_sieve1,1.0698257491533318,0.4426142503978199,1.7056858033922078,1.0,0.0,sieve2_sieve2,1.8410241978460997,1.2138126990905878,2.935252624507126,1.0,0.0,kernel_sieve1,0.627211498755512,0.0,0.9999999999984057,0.0,1.0,sieve1_sieve1,1.0698257491533318,0.4426142503978199,1.7056858033922078,1.0,0.0,sieve1_sieve1,1.0698257491533318,0.4426142503978199,1.7056858033922078,1.0,0.0,kernel_kernel,0.8377812556342324,0.21056975687872048,1.3357236869782982,0.0,0.0,sieve1_sieve1,1.0698257491533318,0.4426142503978199,1.7056858033922078,1.0,0.0,sieve2_sieve2,1.8410241978460997,1.2138126990905878,2.935252624507126,1.0,0.0,kernel_kernel,0.8377812556342324,0.21056975687872048,1.3357236869782982,0.0,0.0,kernel_sieve1,0.627211498755512,0.0,0.9999999999984057,0.0,1.0,kernel_sieve1,0.627211498755512,0.0,0.9999999999984057,0.0,1.0,-0.2571428571428572,-0.06666666666666665,0.0,-0.6179143806533246,-0.5012804118276031,0.0,0.029424494316824982,0.07161148740394328,1.0,-0.5428571428571429,-0.2,0.0,-0.6667366910003157,-0.41403933560541256,0.0,ate_err,sieve1_sieve1,0.02235574265799702,6.0,sieve1_sieve1,0.02235574265799702,0.0,0.9999999999552688,0.0,1.0,sieve2_sieve2,0.5962567456198672,0.5739010029618702,26.67130118264736,1.0,0.0,kernel_sieve1,0.12737981404082258,0.10502407138282556,5.697856518739218,1.0,0.0,sieve1_sieve1,0.02235574265799702,0.0,0.9999999999552688,0.0,1.0,sieve1_sieve1,0.02235574265799702,0.0,0.9999999999552688,0.0,1.0,kernel_kernel,0.27546512966891057,0.25310938701091357,12.321895714703544,1.0,0.0,sieve1_sieve1,0.02235574265799702,0.0,0.9999999999552688,0.0,1.0,sieve2_sieve2,0.5962567456198672,0.5739010029618702,26.67130118264736,1.0,0.0,kernel_kernel,0.27546512966891057,0.25310938701091357,12.321895714703544,1.0,0.0,kernel_sieve1,0.12737981404082258,0.10502407138282556,5.697856518739218,1.0,0.0,sieve1_sieve1,0.02235574265799702,0.0,0.9999999999552688,0.0,1.0,0.48571428571428577,0.3333333333333333,1.0,0.0,0.07161148740394328,1.0,0.41194292043554975,0.3580574370197165,1.0,0.3142857142857143,0.2,1.0,0.3188740696088466,0.2760262237369417,1.0,,,,,,,
I,5,ok,19.2,0bdc51d,1500.0,1.0,,,,,,,,,,,,S1,shuffle_W,0.0,0.07288524066921707,pehe,kernel_sieve1,0.708171304759466,6.0,sieve1_sieve1,26.724017744154207,26.01584643939474,37.73665716827289,1.0,0.0,sieve1_kernel,0.8033761758246817,0.09520487106521569,1.1344376288960454,0.0,0.0,sieve3_sieve3,0.8932558665895663,0.18508456183010036,1.261355636107995,0.0,0.0,sieve1_sieve1,26.724017744154207,26.01584643939474,37.73665716827289,1.0,0.0,sieve1_sieve1,26.724017744154207,26.01584643939474,37.73665716827289,1.0,0.0,kernel_kernel,1.236821150534761,0.5286498457752951,1.7464999530771828,1.0,0.0,sieve1_sieve1,26.724017744154207,26.01584643939474,37.73665716827289,1.0,0.0,sieve2_sieve2,0.7181454185085179,0.009974113749051883,1.0140843234977244,0.0,0.0,kernel_kernel,1.236821150534761,0.5286498457752951,1.7464999530771828,1.0,0.0,kernel_sieve1,0.708171304759466,0.0,0.9999999999985879,0.0,1.0,kernel_sieve1,0.708171304759466,0.0,0.9999999999985879,0.0,1.0,-0.2571428571428572,-0.2,0.0,-0.29424494316824984,-0.21483446221182986,0.0,0.0,0.07161148740394328,1.0,-0.3714285714285715,-0.3333333333333333,0.0,-0.20291986247835694,-0.13801311186847084,0.0,ate_err,kernel_kernel,0.28120096482614976,6.0,sieve1_sieve1,5.418331961551414,5.137130996725264,19.268539725253028,1.0,0.0,sieve1_kernel,2.1312285763844527,1.850027611558303,7.579022986974774,1.0,0.0,sieve3_sieve3,1.1350388060220122,0.8538378411958625,4.03639726741231,1.0,0.0,sieve1_sieve1,5.418331961551414,5.137130996725264,19.268539725253028,1.0,0.0,sieve1_sieve1,5.418331961551414,5.137130996725264,19.268539725253028,1.0,0.0,kernel_kernel,0.28120096482614976,0.0,0.999999999996444,0.0,1.0,sieve1_sieve1,5.418331961551414,5.137130996725264,19.268539725253028,1.0,0.0,sieve2_sieve2,5.206523085616087,4.925322120789938,18.515310176181163,1.0,0.0,kernel_kernel,0.28120096482614976,0.0,0.999999999996444,0.0,1.0,kernel_sieve1,0.3251439813989246,0.04394301657277483,1.1562690817891965,0.0,0.0,kernel_kernel,0.28120096482614976,0.0,0.999999999996444,0.0,1.0,-0.7142857142857143,-0.6,0.0,-0.8827348295047495,-0.7877263614433762,0.0,-0.17654696590094993,-0.21483446221182986,0.0,-0.8285714285714287,-0.7333333333333333,0.0,-0.753702346348183,-0.6900655593423541,0.0,,,,,,,
I,5,ok,20.6,0bdc51d,1500.0,1.0,,,,,,,,,,,,S1,noise_V,0.0,0.07614634721598487,pehe,sieve2_sieve2,0.7462731647883649,6.0,sieve3_sieve3,1.3628970244279826,0.6166238596396176,1.8262709805633428,1.0,0.0,sieve2_sieve2,0.7462731647883649,0.0,0.9999999999986601,0.0,1.0,sieve3_sieve3,1.3628970244279826,0.6166238596396176,1.8262709805633428,1.0,0.0,sieve3_sieve3,1.3628970244279826,0.6166238596396176,1.8262709805633428,1.0,0.0,sieve1_sieve1,11.355115768007632,10.608842603219268,15.215763213477743,1.0,0.0,kernel_kernel,0.8455645163434811,0.09929135155511615,1.133049607354086,0.0,0.0,sieve1_sieve1,11.355115768007632,10.608842603219268,15.215763213477743,1.0,0.0,sieve2_sieve2,0.7462731647883649,0.0,0.9999999999986601,0.0,1.0,kernel_kernel,0.8455645163434811,0.09929135155511615,1.133049607354086,0.0,0.0,sieve3_sieve3,1.3628970244279826,0.6166238596396176,1.8262709805633428,1.0,0.0,sieve2_sieve2,0.7462731647883649,0.0,0.9999999999986601,0.0,1.0,-0.3142857142857143,-0.2,0.0,-0.08827348295047496,-0.21483446221182986,1.0,-0.26482044885142486,-0.21483446221182986,0.0,-0.14285714285714288,-0.2,1.0,-0.5217939320872036,-0.41403933560541256,0.0,ate_err,kernel_kernel,0.28420337722271966,6.0,sieve3_sieve3,0.3021101440143876,0.017906766791667972,1.063006875448113,0.0,0.0,sieve2_sieve2,3.073810747431762,2.7896073702090427,10.815532093456143,1.0,0.0,sieve3_sieve3,0.3021101440143876,0.017906766791667972,1.063006875448113,0.0,0.0,sieve3_sieve3,0.3021101440143876,0.017906766791667972,1.063006875448113,0.0,0.0,sieve1_sieve1,4.258078069484596,3.9738746922618766,14.982503413858858,1.0,0.0,kernel_kernel,0.28420337722271966,0.0,0.9999999999964815,0.0,1.0,sieve1_sieve1,4.258078069484596,3.9738746922618766,14.982503413858858,1.0,0.0,sieve2_sieve2,3.073810747431762,2.7896073702090427,10.815532093456143,1.0,0.0,kernel_kernel,0.28420337722271966,0.0,0.9999999999964815,0.0,1.0,sieve3_sieve3,0.3021101440143876,0.017906766791667972,1.063006875448113,0.0,0.0,kernel_kernel,0.28420337722271966,0.0,0.9999999999964815,0.0,1.0,-0.3714285714285715,-0.3333333333333333,0.0,-0.7944613465542746,-0.6445033866354897,0.0,-0.08827348295047496,-0.07161148740394328,0.0,-0.3714285714285715,-0.3333333333333333,0.0,-0.6087595874350709,-0.5520524474738834,0.0,,,,,,,
I,5,ok,21.0,0bdc51d,1500.0,1.0,,,,,,,,,,,,S1,weaken,0.7,0.07941470322644675,pehe,kernel_sieve1,0.6197004966852305,6.0,sieve3_sieve3,0.8462090074728457,0.22650851078761514,1.3655128759745079,0.0,0.0,sieve1_kernel,0.8689132498297059,0.24921275314447533,1.4021503201564447,0.0,0.0,sieve3_sieve3,0.8462090074728457,0.22650851078761514,1.3655128759745079,0.0,0.0,sieve1_sieve1,0.8349622419330349,0.2152617452478044,1.3473641644599113,0.0,0.0,sieve1_sieve1,0.8349622419330349,0.2152617452478044,1.3473641644599113,0.0,0.0,kernel_kernel,1.2414254241726215,0.6217249274873909,2.0032667890553353,1.0,0.0,sieve1_sieve1,0.8349622419330349,0.2152617452478044,1.3473641644599113,0.0,0.0,sieve2_sieve2,173.2429420760395,172.62324157935427,279.55914672076926,1.0,0.0,kernel_kernel,1.2414254241726215,0.6217249274873909,2.0032667890553353,1.0,0.0,sieve3_sieve3,0.8462090074728457,0.22650851078761514,1.3655128759745079,0.0,0.0,kernel_sieve1,0.6197004966852305,0.0,0.9999999999983864,0.0,1.0,0.6,0.3333333333333333,0.0,0.08827348295047496,0.07161148740394328,0.0,0.6179143806533246,0.3580574370197165,1.0,0.2,0.2,0.0,0.34786262139146906,0.2760262237369417,0.0,ate_err,kernel_sieve1,0.1492555666082454,6.0,sieve3_sieve3,0.867501089878092,0.7182455232698466,5.812185833907491,1.0,0.0,sieve1_kernel,2.760217048359881,2.6109614817516356,18.49322682608009,1.0,0.0,sieve3_sieve3,0.867501089878092,0.7182455232698466,5.812185833907491,1.0,0.0,sieve1_sieve1,2.375592332429957,2.2263367658217117,15.916272916301432,1.0,0.0,sieve1_sieve1,2.375592332429957,2.2263367658217117,15.916272916301432,1.0,0.0,kernel_kernel,0.28151634707699846,0.13226078046875306,1.8861363329517544,1.0,0.0,sieve1_sieve1,2.375592332429957,2.2263367658217117,15.916272916301432,1.0,0.0,sieve2_sieve2,36.59185795860793,36.442602391999685,245.1624337362658,1.0,0.0,kernel_kernel,0.28151634707699846,0.13226078046875306,1.8861363329517544,1.0,0.0,sieve3_sieve3,0.867501089878092,0.7182455232698466,5.812185833907491,1.0,0.0,kernel_sieve1,0.1492555666082454,0.0,0.9999999999933,0.0,1.0,0.08571428571428573,0.06666666666666665,0.0,-0.6179143806533246,-0.5012804118276031,0.0,0.26482044885142486,0.21483446221182986,1.0,-0.48571428571428577,-0.3333333333333333,0.0,-0.17393131069573453,-0.13801311186847084,0.0,,,,,,,
I,6,ok,21.1,0bdc51d,1500.0,1.0,,,,,,,,,,,,S1,,,0.07862520856870155,pehe,sieve1_kernel,0.5180711250804318,6.0,sieve3_sieve3,0.7635730005953129,0.245501875514881,1.4738767779719288,0.0,0.0,sieve3_sieve3,0.7635730005953129,0.245501875514881,1.4738767779719288,0.0,0.0,kernel_sieve1,1.0701708470848432,0.5520997220044114,2.0656832532726677,1.0,0.0,sieve3_sieve3,0.7635730005953129,0.245501875514881,1.4738767779719288,0.0,0.0,sieve3_sieve3,0.7635730005953129,0.245501875514881,1.4738767779719288,0.0,0.0,kernel_kernel,0.7672355179297959,0.2491643928493641,1.48094630406047,0.0,0.0,sieve1_sieve1,0.6848265088365079,0.16675538375607601,1.3218773942069537,0.0,0.0,sieve1_kernel,0.5180711250804318,0.0,0.9999999999980698,0.0,1.0,kernel_kernel,0.7672355179297959,0.2491643928493641,1.48094630406047,0.0,0.0,kernel_sieve1,1.0701708470848432,0.5520997220044114,2.0656832532726677,1.0,0.0,sieve1_kernel,0.5180711250804318,0.0,0.9999999999980698,0.0,1.0,-0.028571428571428574,-0.06666666666666665,0.0,0.44136741475237473,0.21483446221182986,0.0,-0.26482044885142486,-0.21483446221182986,0.0,0.14285714285714288,0.06666666666666665,0.0,0.02898855178262242,0.0,0.0,ate_err,sieve1_kernel,0.10594298423509026,6.0,sieve3_sieve3,0.29952019764675525,0.193577213411665,2.827182940016914,1.0,0.0,sieve3_sieve3,0.29952019764675525,0.193577213411665,2.827182940016914,1.0,0.0,kernel_sieve1,0.12109577057804773,0.01515278634295747,1.143027746964254,0.0,0.0,sieve3_sieve3,0.29952019764675525,0.193577213411665,2.827182940016914,1.0,0.0,sieve3_sieve3,0.29952019764675525,0.193577213411665,2.827182940016914,1.0,0.0,kernel_kernel,0.3352606093041383,0.22931762506904807,3.164538093027677,1.0,0.0,sieve1_sieve1,0.1507548070091134,0.04481182277402314,1.4229805597429797,0.0,0.0,sieve1_kernel,0.10594298423509026,0.0,0.9999999999905609,0.0,1.0,kernel_kernel,0.3352606093041383,0.22931762506904807,3.164538093027677,1.0,0.0,kernel_sieve1,0.12109577057804773,0.01515278634295747,1.143027746964254,0.0,0.0,sieve1_kernel,0.10594298423509026,0.0,0.9999999999905609,0.0,1.0,0.08571428571428573,-0.06666666666666665,0.0,-0.29424494316824984,-0.21483446221182986,0.0,0.17654696590094993,0.21483446221182986,0.0,-0.14285714285714288,-0.2,0.0,-0.2608969660436018,-0.2760262237369417,0.0,,,,,,,
I,6,ok,20.1,0bdc51d,1500.0,1.0,,,,,,,,,,,,S1,shuffle_W,0.0,0.06523994094031318,pehe,kernel_kernel,0.7674754827335951,6.0,sieve1_sieve1,0.7713969884976228,0.003921505764027722,1.0051096169861413,0.0,0.0,sieve1_kernel,0.804982641727002,0.03750715899340684,1.0488708236760411,0.0,0.0,kernel_sieve1,1.5154926628613694,0.7480171801277743,1.9746463528209541,1.0,0.0,sieve1_sieve1,0.7713969884976228,0.003921505764027722,1.0051096169861413,0.0,0.0,sieve1_sieve1,0.7713969884976228,0.003921505764027722,1.0051096169861413,0.0,0.0,kernel_kernel,0.7674754827335951,0.0,0.999999999998697,0.0,1.0,sieve1_sieve1,0.7713969884976228,0.003921505764027722,1.0051096169861413,0.0,0.0,sieve1_kernel,0.804982641727002,0.03750715899340684,1.0488708236760411,0.0,0.0,kernel_kernel,0.7674754827335951,0.0,0.999999999998697,0.0,1.0,kernel_sieve1,1.5154926628613694,0.7480171801277743,1.9746463528209541,1.0,0.0,kernel_kernel,0.7674754827335951,0.0,0.999999999998697,0.0,1.0,-0.2,-0.06666666666666665,0.0,0.058848988633649964,0.07161148740394328,0.0,-0.29424494316824984,-0.21483446221182986,0.0,-0.2571428571428572,-0.2,0.0,-0.02898855178262242,0.0,0.0,ate_err,kernel_kernel,0.3351039501604724,6.0,sieve1_sieve1,1.0910908899733769,0.7559869398129044,3.2559774047653764,1.0,0.0,sieve1_kernel,1.417667272290724,1.0825633221302515,4.230529874707864,1.0,0.0,kernel_sieve1,0.5838437617268348,0.24873981156636243,1.7422765725247502,1.0,0.0,sieve1_sieve1,1.0910908899733769,0.7559869398129044,3.2559774047653764,1.0,0.0,sieve1_sieve1,1.0910908899733769,0.7559869398129044,3.2559774047653764,1.0,0.0,kernel_kernel,0.3351039501604724,0.0,0.9999999999970159,0.0,1.0,sieve1_sieve1,1.0910908899733769,0.7559869398129044,3.2559774047653764,1.0,0.0,sieve1_kernel,1.417667272290724,1.0825633221302515,4.230529874707864,1.0,0.0,kernel_kernel,0.3351039501604724,0.0,0.9999999999970159,0.0,1.0,kernel_sieve1,0.5838437617268348,0.24873981156636243,1.7422765725247502,1.0,0.0,kernel_kernel,0.3351039501604724,0.0,0.9999999999970159,0.0,1.0,-0.14285714285714288,-0.2,0.0,-0.7944613465542746,-0.6445033866354897,0.0,0.08827348295047496,0.07161148740394328,0.0,-0.3714285714285715,-0.3333333333333333,0.0,-0.5217939320872036,-0.41403933560541256,0.0,,,,,,,
I,6,ok,20.6,0bdc51d,1500.0,1.0,,,,,,,,,,,,S1,noise_V,0.0,0.08324400639528166,pehe,kernel_kernel,0.7771667308824711,6.0,sieve3_sieve3,1.128945650114867,0.3517789192323958,1.4526427924050467,0.0,0.0,sieve2_sieve2,5.079923587875627,4.302756856993156,6.536465581974731,1.0,0.0,sieve3_sieve3,1.128945650114867,0.3517789192323958,1.4526427924050467,0.0,0.0,sieve3_sieve3,1.128945650114867,0.3517789192323958,1.4526427924050467,0.0,0.0,sieve3_sieve3,1.128945650114867,0.3517789192323958,1.4526427924050467,0.0,0.0,kernel_kernel,0.7771667308824711,0.0,0.9999999999987133,0.0,1.0,sieve1_sieve1,1.518172737400237,0.7410060065177658,1.9534710855087707,1.0,0.0,sieve1_kernel,1.017109744163572,0.2399430132811008,1.308740716432029,0.0,0.0,kernel_kernel,0.7771667308824711,0.0,0.9999999999987133,0.0,1.0,sieve3_sieve3,1.128945650114867,0.3517789192323958,1.4526427924050467,0.0,0.0,kernel_kernel,0.7771667308824711,0.0,0.9999999999987133,0.0,1.0,-0.6,-0.4666666666666666,0.0,-0.44136741475237473,-0.3580574370197165,0.0,-0.44136741475237473,-0.21483446221182986,0.0,-0.6,-0.4666666666666666,0.0,-0.4638168285219587,-0.2760262237369417,0.0,ate_err,kernel_kernel,0.3397101429469909,6.0,sieve3_sieve3,0.4965368506915724,0.15682670774458146,1.461648587771462,0.0,0.0,sieve2_sieve2,4.058897893519082,3.719187750572091,11.94812100191101,1.0,0.0,sieve3_sieve3,0.4965368506915724,0.15682670774458146,1.461648587771462,0.0,0.0,sieve3_sieve3,0.4965368506915724,0.15682670774458146,1.461648587771462,0.0,0.0,sieve3_sieve3,0.4965368506915724,0.15682670774458146,1.461648587771462,0.0,0.0,kernel_kernel,0.3397101429469909,0.0,0.9999999999970564,0.0,1.0,sieve1_sieve1,0.5815894062605685,0.24187926331357762,1.712016606903636,1.0,0.0,sieve1_kernel,0.7633770025264967,0.42366685957950573,2.2471422133644343,1.0,0.0,kernel_kernel,0.3397101429469909,0.0,0.9999999999970564,0.0,1.0,sieve3_sieve3,0.4965368506915724,0.15682670774458146,1.461648587771462,0.0,0.0,kernel_kernel,0.3397101429469909,0.0,0.9999999999970564,0.0,1.0,-0.4285714285714286,-0.3333333333333333,0.0,-0.7944613465542746,-0.6445033866354897,0.0,0.08827348295047496,0.07161148740394328,0.0,-0.4285714285714286,-0.3333333333333333,0.0,-0.20291986247835694,-0.13801311186847084,0.0,,,,,,,
I,6,ok,21.5,0bdc51d,1500.0,1.0,,,,,,,,,,,,S1,weaken,0.7,0.07070848091066126,pehe,sieve1_sieve1,0.671813194279305,6.0,sieve3_sieve3,1.63802353620025,0.966210341920945,2.438212809968729,1.0,0.0,sieve2_sieve2,0.7837378786033802,0.11192468432407521,1.166600902268639,0.0,0.0,sieve3_sieve3,1.63802353620025,0.966210341920945,2.438212809968729,1.0,0.0,sieve3_sieve3,1.63802353620025,0.966210341920945,2.438212809968729,1.0,0.0,sieve3_sieve3,1.63802353620025,0.966210341920945,2.438212809968729,1.0,0.0,kernel_kernel,0.7706338860681061,0.09882069178880115,1.147095491170972,0.0,0.0,sieve1_sieve1,0.671813194279305,0.0,0.9999999999985115,0.0,1.0,sieve1_kernel,0.7174008019968477,0.04558760771754278,1.0678575653242113,0.0,0.0,kernel_kernel,0.7706338860681061,0.09882069178880115,1.147095491170972,0.0,0.0,kernel_sieve1,1.0713666370497876,0.39955344277048266,1.5947389038667412,1.0,0.0,sieve1_sieve1,0.671813194279305,0.0,0.9999999999985115,0.0,1.0,-0.3142857142857143,-0.2,1.0,-0.17654696590094993,-0.07161148740394328,0.0,-0.5296408977028497,-0.5012804118276031,0.0,-0.3142857142857143,-0.2,1.0,-0.34786262139146906,-0.2760262237369417,1.0,ate_err,kernel_sieve1,0.3293428766484335,6.0,sieve3_sieve3,0.8705168819570689,0.5411740053086354,2.6431932908744344,1.0,0.0,sieve2_sieve2,6.991228447722915,6.661885571074482,21.227811327963458,1.0,0.0,sieve3_sieve3,0.8705168819570689,0.5411740053086354,2.6431932908744344,1.0,0.0,sieve3_sieve3,0.8705168819570689,0.5411740053086354,2.6431932908744344,1.0,0.0,sieve3_sieve3,0.8705168819570689,0.5411740053086354,2.6431932908744344,1.0,0.0,kernel_kernel,0.3366553566857942,0.007312480037360736,1.0222032433515922,0.0,0.0,sieve1_sieve1,0.34290011142608184,0.013557234777648364,1.0411644997899234,0.0,0.0,sieve1_kernel,0.3347650353130598,0.005422158664626309,1.0164635674491842,0.0,0.0,kernel_kernel,0.3366553566857942,0.007312480037360736,1.0222032433515922,0.0,0.0,kernel_sieve1,0.3293428766484335,0.0,0.9999999999969638,0.0,1.0,kernel_sieve1,0.3293428766484335,0.0,0.9999999999969638,0.0,1.0,-0.6,-0.3333333333333333,0.0,-0.8533103351879247,-0.7877263614433762,0.0,-0.26482044885142486,-0.21483446221182986,1.0,-0.6,-0.3333333333333333,0.0,-0.6377481392176932,-0.41403933560541256,0.0,,,,,,,
I,7,ok,20.7,0bdc51d,1500.0,1.0,,,,,,,,,,,,S1,,,0.0778991408791253,pehe,kernel_sieve1,0.5540086619907643,6.0,sieve1_sieve1,0.6445276065866546,0.09051894459589038,1.1633890420945008,0.0,0.0,sieve1_kernel,0.610267352330798,0.056258690340033723,1.1015483948152964,0.0,0.0,kernel_sieve1,0.5540086619907643,0.0,0.999999999998195,0.0,1.0,sieve1_sieve1,0.6445276065866546,0.09051894459589038,1.1633890420945008,0.0,0.0,sieve1_sieve1,0.6445276065866546,0.09051894459589038,1.1633890420945008,0.0,0.0,kernel_kernel,0.6462860693179566,0.09227740732719236,1.166563112920361,0.0,0.0,sieve1_sieve1,0.6445276065866546,0.09051894459589038,1.1633890420945008,0.0,0.0,sieve1_sieve1,0.6445276065866546,0.09051894459589038,1.1633890420945008,0.0,0.0,kernel_kernel,0.6462860693179566,0.09227740732719236,1.166563112920361,0.0,0.0,kernel_sieve1,0.5540086619907643,0.0,0.999999999998195,0.0,1.0,kernel_sieve1,0.5540086619907643,0.0,0.999999999998195,0.0,1.0,-0.2571428571428572,-0.06666666666666665,0.0,-0.029424494316824982,-0.07161148740394328,0.0,0.26482044885142486,0.21483446221182986,1.0,-0.3142857142857143,-0.2,0.0,-0.3768511731740915,-0.2760262237369417,0.0,ate_err,kernel_sieve1,0.13426326878322495,6.0,sieve1_sieve1,0.20974623088569233,0.07548296210246738,1.5622011350161327,1.0,0.0,sieve1_kernel,0.19057614288042912,0.056312874097204174,1.4194212952367846,0.0,0.0,kernel_sieve1,0.13426326878322495,0.0,0.999999999992552,0.0,1.0,sieve1_sieve1,0.20974623088569233,0.07548296210246738,1.5622011350161327,1.0,0.0,sieve1_sieve1,0.20974623088569233,0.07548296210246738,1.5622011350161327,1.0,0.0,kernel_kernel,0.3044367073102276,0.17017343852700265,2.2674608630264252,1.0,0.0,sieve1_sieve1,0.20974623088569233,0.07548296210246738,1.5622011350161327,1.0,0.0,sieve1_sieve1,0.20974623088569233,0.07548296210246738,1.5622011350161327,1.0,0.0,kernel_kernel,0.3044367073102276,0.17017343852700265,2.2674608630264252,1.0,0.0,kernel_sieve1,0.13426326878322495,0.0,0.999999999992552,0.0,1.0,kernel_sieve1,0.13426326878322495,0.0,0.999999999992552,0.0,1.0,-0.14285714285714288,-0.06666666666666665,0.0,0.17654696590094993,0.21483446221182986,0.0,0.29424494316824984,0.21483446221182986,1.0,-0.2,-0.2,0.0,-0.11595420713048968,0.0,0.0,,,,,,,
I,7,ok,20.9,0bdc51d,1500.0,1.0,,,,,,,,,,,,S1,shuffle_W,0.0,0.07525321678433217,pehe,kernel_kernel,0.6501399266639318,6.0,sieve1_sieve1,0.8298300752117643,0.1796901485478325,1.2763868840798651,0.0,0.0,sieve1_kernel,1.0178534918432323,0.36771356517930043,1.5655914213184636,1.0,0.0,kernel_sieve1,0.8971690714890327,0.24702914482510085,1.379963042865716,0.0,0.0,sieve1_sieve1,0.8298300752117643,0.1796901485478325,1.2763868840798651,0.0,0.0,sieve1_sieve1,0.8298300752117643,0.1796901485478325,1.2763868840798651,0.0,0.0,kernel_kernel,0.6501399266639318,0.0,0.9999999999984619,0.0,1.0,sieve1_sieve1,0.8298300752117643,0.1796901485478325,1.2763868840798651,0.0,0.0,sieve1_sieve1,0.8298300752117643,0.1796901485478325,1.2763868840798651,0.0,0.0,kernel_kernel,0.6501399266639318,0.0,0.9999999999984619,0.0,1.0,kernel_sieve1,0.8971690714890327,0.24702914482510085,1.379963042865716,0.0,0.0,kernel_kernel,0.6501399266639318,0.0,0.9999999999984619,0.0,1.0,0.028571428571428574,0.06666666666666665,0.0,-0.23539595453459985,-0.21483446221182986,0.0,0.0,-0.07161148740394328,0.0,-0.14285714285714288,-0.2,0.0,-0.05797710356524484,-0.13801311186847084,0.0,ate_err,kernel_kernel,0.3080456667109081,6.0,sieve1_sieve1,1.7589962822262193,1.4509506155153111,5.710180250226587,1.0,0.0,sieve1_kernel,9.549524403430302,9.241478736719394,31.00035298455035,1.0,0.0,kernel_sieve1,0.49350669290180565,0.18546102619089755,1.6020569228241905,1.0,0.0,sieve1_sieve1,1.7589962822262193,1.4509506155153111,5.710180250226587,1.0,0.0,sieve1_sieve1,1.7589962822262193,1.4509506155153111,5.710180250226587,1.0,0.0,kernel_kernel,0.3080456667109081,0.0,0.9999999999967538,0.0,1.0,sieve1_sieve1,1.7589962822262193,1.4509506155153111,5.710180250226587,1.0,0.0,sieve1_sieve1,1.7589962822262193,1.4509506155153111,5.710180250226587,1.0,0.0,kernel_kernel,0.3080456667109081,0.0,0.9999999999967538,0.0,1.0,kernel_sieve1,0.49350669290180565,0.18546102619089755,1.6020569228241905,1.0,0.0,kernel_kernel,0.3080456667109081,0.0,0.9999999999967538,0.0,1.0,-0.08571428571428573,-0.06666666666666665,0.0,-0.4707919090691997,-0.3580574370197165,0.0,0.0,-0.07161148740394328,0.0,-0.3714285714285715,-0.3333333333333333,0.0,-0.3188740696088466,-0.2760262237369417,0.0,,,,,,,
I,7,ok,45.3,0bdc51d,1500.0,1.0,,,,,,,,,,,,S1,noise_V,0.0,0.08424652240699694,pehe,sieve1_kernel,0.6507158196051517,6.0,sieve3_sieve3,0.6630700945965211,0.01235427499136943,1.0189856687330068,0.0,0.0,sieve1_kernel,0.6507158196051517,0.0,0.9999999999984632,0.0,1.0,sieve3_sieve3,0.6630700945965211,0.01235427499136943,1.0189856687330068,0.0,0.0,sieve3_sieve3,0.6630700945965211,0.01235427499136943,1.0189856687330068,0.0,0.0,sieve3_sieve3,0.6630700945965211,0.01235427499136943,1.0189856687330068,0.0,0.0,kernel_kernel,0.6513815906297974,0.0006657710246457116,1.0010231363731847,0.0,0.0,sieve1_sieve1,0.7233985663226467,0.07268274671749497,1.1116966032276372,0.0,0.0,sieve1_sieve1,0.7233985663226467,0.07268274671749497,1.1116966032276372,0.0,0.0,kernel_kernel,0.6513815906297974,0.0006657710246457116,1.0010231363731847,0.0,0.0,sieve3_sieve3,0.6630700945965211,0.01235427499136943,1.0189856687330068,0.0,0.0,sieve1_kernel,0.6507158196051517,0.0,0.9999999999984632,0.0,1.0,-0.3714285714285715,-0.06666666666666665,0.0,0.3236694374850748,0.21483446221182986,1.0,-0.44136741475237473,-0.21483446221182986,0.0,-0.2,-0.06666666666666665,0.0,-0.4638168285219587,-0.2760262237369417,0.0,ate_err,kernel_kernel,0.3100751056313666,6.0,sieve3_sieve3,0.5289131807042192,0.21883807507285263,1.7057582859660878,1.0,0.0,sieve1_kernel,1.759576098806053,1.4495009931746863,5.67467709224053,1.0,0.0,sieve3_sieve3,0.5289131807042192,0.21883807507285263,1.7057582859660878,1.0,0.0,sieve3_sieve3,0.5289131807042192,0.21883807507285263,1.7057582859660878,1.0,0.0,sieve3_sieve3,0.5289131807042192,0.21883807507285263,1.7057582859660878,1.0,0.0,kernel_kernel,0.3100751056313666,0.0,0.999999999996775,0.0,1.0,sieve1_sieve1,2.430405903612668,2.1203307979813015,7.838120053707966,1.0,0.0,sieve1_sieve1,2.430405903612668,2.1203307979813015,7.838120053707966,1.0,0.0,kernel_kernel,0.3100751056313666,0.0,0.999999999996775,0.0,1.0,sieve3_sieve3,0.5289131807042192,0.21883807507285263,1.7057582859660878,1.0,0.0,kernel_kernel,0.3100751056313666,0.0,0.999999999996775,0.0,1.0,-0.2571428571428572,-0.2,0.0,-0.6179143806533246,-0.5012804118276031,0.0,-0.08827348295047496,-0.07161148740394328,0.0,-0.6,-0.4666666666666666,0.0,-0.4058397249567139,-0.2760262237369417,0.0,,,,,,,
I,7,ok,46.9,0bdc51d,1500.0,1.0,,,,,,,,,,,,S1,weaken,0.7,0.07461908457076308,pehe,kernel_kernel,0.6481158935020623,6.0,sieve3_sieve3,0.6757186718264372,0.027602778324374855,1.0425892631241953,0.0,0.0,sieve2_sieve2,0.8569041840555487,0.20878829055348636,1.3221465368238186,0.0,0.0,sieve3_sieve3,0.6757186718264372,0.027602778324374855,1.0425892631241953,0.0,0.0,sieve3_sieve3,0.6757186718264372,0.027602778324374855,1.0425892631241953,0.0,0.0,sieve3_sieve3,0.6757186718264372,0.027602778324374855,1.0425892631241953,0.0,0.0,kernel_kernel,0.6481158935020623,0.0,0.9999999999984571,0.0,1.0,sieve1_sieve1,0.6957160622567121,0.047600168754649785,1.0734439152485078,0.0,0.0,sieve1_sieve1,0.6957160622567121,0.047600168754649785,1.0734439152485078,0.0,0.0,kernel_kernel,0.6481158935020623,0.0,0.9999999999984571,0.0,1.0,sieve3_sieve3,0.6757186718264372,0.027602778324374855,1.0425892631241953,0.0,0.0,kernel_kernel,0.6481158935020623,0.0,0.9999999999984571,0.0,1.0,0.08571428571428573,0.2,0.0,-0.4707919090691997,-0.3580574370197165,0.0,0.17654696590094993,0.21483446221182986,0.0,-0.2,-0.06666666666666665,0.0,-0.08696565534786727,0.0,0.0,ate_err,sieve1_sieve1,0.214755434490867,6.0,sieve3_sieve3,0.45462557533860276,0.23987014084773575,2.116945614970316,1.0,0.0,sieve2_sieve2,3.3115621742072334,3.0968067397163663,15.420155406277486,1.0,0.0,sieve3_sieve3,0.45462557533860276,0.23987014084773575,2.116945614970316,1.0,0.0,sieve3_sieve3,0.45462557533860276,0.23987014084773575,2.116945614970316,1.0,0.0,sieve3_sieve3,0.45462557533860276,0.23987014084773575,2.116945614970316,1.0,0.0,kernel_kernel,0.3068322078423326,0.09207677335146561,1.4287517732360464,0.0,0.0,sieve1_sieve1,0.214755434490867,0.0,0.9999999999953435,0.0,1.0,sieve1_sieve1,0.214755434490867,0.0,0.9999999999953435,0.0,1.0,kernel_kernel,0.3068322078423326,0.09207677335146561,1.4287517732360464,0.0,0.0,sieve3_sieve3,0.45462557533860276,0.23987014084773575,2.116945614970316,1.0,0.0,sieve1_sieve1,0.214755434490867,0.0,0.9999999999953435,0.0,1.0,0.3142857142857143,0.2,1.0,-0.6473388749701496,-0.5012804118276031,0.0,0.35309393180189985,0.21483446221182986,0.0,-0.2,-0.06666666666666665,0.0,-0.14494275891311212,0.0,0.0,,,,,,,
I,8,ok,49.1,0bdc51d,1500.0,1.0,,,,,,,,,,,,S1,,,0.07992810308766995,pehe,sieve1_sieve1,0.6094716408648831,6.0,sieve3_sieve3,8.143970082051457,7.534498441186574,13.362344588308043,1.0,0.0,sieve3_sieve3,8.143970082051457,7.534498441186574,13.362344588308043,1.0,0.0,sieve3_sieve3,8.143970082051457,7.534498441186574,13.362344588308043,1.0,0.0,sieve3_sieve3,8.143970082051457,7.534498441186574,13.362344588308043,1.0,0.0,sieve3_sieve3,8.143970082051457,7.534498441186574,13.362344588308043,1.0,0.0,kernel_kernel,0.7588203977817854,0.1493487569169023,1.2450462776310984,0.0,0.0,sieve1_sieve1,0.6094716408648831,0.0,0.9999999999983593,0.0,1.0,kernel_kernel,0.7588203977817854,0.1493487569169023,1.2450462776310984,0.0,0.0,kernel_kernel,0.7588203977817854,0.1493487569169023,1.2450462776310984,0.0,0.0,kernel_sieve1,0.6181080310795823,0.008636390214699197,1.014170290518242,0.0,0.0,sieve1_sieve1,0.6094716408648831,0.0,0.9999999999983593,0.0,1.0,-0.028571428571428574,0.06666666666666665,1.0,-0.6179143806533246,-0.5012804118276031,0.0,-0.08827348295047496,-0.07161148740394328,0.0,-0.2,-0.06666666666666665,1.0,-0.23190841426097936,-0.13801311186847084,1.0,ate_err,sieve1_sieve1,0.2416086319686821,6.0,sieve3_sieve3,0.7419366561184554,0.5003280241497733,3.070820152698668,1.0,0.0,sieve3_sieve3,0.7419366561184554,0.5003280241497733,3.070820152698668,1.0,0.0,sieve3_sieve3,0.7419366561184554,0.5003280241497733,3.070820152698668,1.0,0.0,sieve3_sieve3,0.7419366561184554,0.5003280241497733,3.070820152698668,1.0,0.0,sieve3_sieve3,0.7419366561184554,0.5003280241497733,3.070820152698668,1.0,0.0,kernel_kernel,0.2584077952542641,0.01679916328558201,1.0695304764057023,0.0,0.0,sieve1_sieve1,0.2416086319686821,0.0,0.9999999999958611,0.0,1.0,kernel_kernel,0.2584077952542641,0.01679916328558201,1.0695304764057023,0.0,0.0,kernel_kernel,0.2584077952542641,0.01679916328558201,1.0695304764057023,0.0,0.0,kernel_sieve1,0.30789773996959685,0.06628910800091475,1.2743656443873783,0.0,0.0,sieve1_sieve1,0.2416086319686821,0.0,0.9999999999958611,0.0,1.0,-0.14285714285714288,-0.06666666666666665,1.0,-0.44136741475237473,-0.21483446221182986,0.0,-0.26482044885142486,-0.21483446221182986,0.0,-0.2571428571428572,-0.2,1.0,-0.28988551782622424,-0.2760262237369417,1.0,,,,,,,
I,8,ok,47.9,0bdc51d,1500.0,1.0,,,,,,,,,,,,S1,shuffle_W,0.0,0.08106203492226781,pehe,kernel_kernel,0.7608275494864379,6.0,sieve1_sieve1,2.8871404610930322,2.126312911606594,3.7947370110849303,1.0,0.0,sieve2_sieve2,120.60930482170889,119.84847727222245,158.52384013034518,1.0,0.0,kernel_sieve1,1.0185250129225125,0.2576974634360746,1.3387067984179633,0.0,0.0,sieve3_sieve3,1.0557508442908887,0.2949232948044508,1.387634878629379,0.0,0.0,sieve3_sieve3,1.0557508442908887,0.2949232948044508,1.387634878629379,0.0,0.0,kernel_kernel,0.7608275494864379,0.0,0.9999999999986857,0.0,1.0,sieve1_sieve1,2.8871404610930322,2.126312911606594,3.7947370110849303,1.0,0.0,kernel_kernel,0.7608275494864379,0.0,0.9999999999986857,0.0,1.0,kernel_kernel,0.7608275494864379,0.0,0.9999999999986857,0.0,1.0,kernel_sieve1,1.0185250129225125,0.2576974634360746,1.3387067984179633,0.0,0.0,kernel_kernel,0.7608275494864379,0.0,0.9999999999986857,0.0,1.0,-0.3714285714285715,-0.3333333333333333,0.0,-0.7944613465542746,-0.6445033866354897,0.0,-0.14712247158412492,-0.07161148740394328,0.0,-0.5428571428571429,-0.4666666666666666,0.0,-0.4638168285219587,-0.41403933560541256,0.0,ate_err,kernel_kernel,0.2557359232308742,6.0,sieve1_sieve1,4.101197210835468,3.845461287604594,16.036844409680132,1.0,0.0,sieve2_sieve2,16.11003384420597,15.854297920975094,62.99480198407285,1.0,0.0,kernel_sieve1,0.6208200752639569,0.3650841520330827,2.4275825915198594,1.0,0.0,sieve3_sieve3,0.931707294927136,0.6759713716962619,3.643239804375715,1.0,0.0,sieve3_sieve3,0.931707294927136,0.6759713716962619,3.643239804375715,1.0,0.0,kernel_kernel,0.2557359232308742,0.0,0.9999999999960898,0.0,1.0,sieve1_sieve1,4.101197210835468,3.845461287604594,16.036844409680132,1.0,0.0,kernel_kernel,0.2557359232308742,0.0,0.9999999999960898,0.0,1.0,kernel_kernel,0.2557359232308742,0.0,0.9999999999960898,0.0,1.0,kernel_sieve1,0.6208200752639569,0.3650841520330827,2.4275825915198594,1.0,0.0,kernel_kernel,0.2557359232308742,0.0,0.9999999999960898,0.0,1.0,-0.3714285714285715,-0.3333333333333333,0.0,-0.7944613465542746,-0.6445033866354897,0.0,-0.14712247158412492,-0.07161148740394328,0.0,-0.5428571428571429,-0.4666666666666666,0.0,-0.4638168285219587,-0.41403933560541256,0.0,,,,,,,
I,8,ok,49.7,0bdc51d,1500.0,1.0,,,,,,,,,,,,S1,noise_V,0.0,0.0836470063378232,pehe,sieve1_kernel,0.6842207948541891,6.0,sieve3_sieve3,1.212006859053948,0.5277860641997588,1.7713680557026352,1.0,0.0,sieve3_sieve3,1.212006859053948,0.5277860641997588,1.7713680557026352,1.0,0.0,sieve3_sieve3,1.212006859053948,0.5277860641997588,1.7713680557026352,1.0,0.0,sieve3_sieve3,1.212006859053948,0.5277860641997588,1.7713680557026352,1.0,0.0,sieve3_sieve3,1.212006859053948,0.5277860641997588,1.7713680557026352,1.0,0.0,kernel_kernel,0.7665093562654638,0.08228856141127472,1.1202660925084724,0.0,0.0,sieve1_sieve1,3.6813262856159117,2.9971054907617227,5.38031920879435,1.0,0.0,kernel_kernel,0.7665093562654638,0.08228856141127472,1.1202660925084724,0.0,0.0,kernel_kernel,0.7665093562654638,0.08228856141127472,1.1202660925084724,0.0,0.0,sieve3_sieve3,1.212006859053948,0.5277860641997588,1.7713680557026352,1.0,0.0,sieve1_kernel,0.6842207948541891,0.0,0.9999999999985385,0.0,1.0,-0.6571428571428573,-0.4666666666666666,0.0,-0.29424494316824984,-0.21483446221182986,0.0,-0.8827348295047495,-0.7877263614433762,0.0,-0.6571428571428573,-0.4666666666666666,0.0,-0.6957252427829381,-0.5520524474738834,0.0,ate_err,kernel_kernel,0.2578797174556114,6.0,sieve3_sieve3,0.7150976084317161,0.4572178909761047,2.7729889557988687,1.0,0.0,sieve3_sieve3,0.7150976084317161,0.4572178909761047,2.7729889557988687,1.0,0.0,sieve3_sieve3,0.7150976084317161,0.4572178909761047,2.7729889557988687,1.0,0.0,sieve3_sieve3,0.7150976084317161,0.4572178909761047,2.7729889557988687,1.0,0.0,sieve3_sieve3,0.7150976084317161,0.4572178909761047,2.7729889557988687,1.0,0.0,kernel_kernel,0.2578797174556114,0.0,0.9999999999961223,0.0,1.0,sieve1_sieve1,0.4444698745094873,0.18659015705387588,1.7235549925878524,1.0,0.0,kernel_kernel,0.2578797174556114,0.0,0.9999999999961223,0.0,1.0,kernel_kernel,0.2578797174556114,0.0,0.9999999999961223,0.0,1.0,sieve3_sieve3,0.7150976084317161,0.4572178909761047,2.7729889557988687,1.0,0.0,kernel_kernel,0.2578797174556114,0.0,0.9999999999961223,0.0,1.0,-0.8857142857142858,-0.7333333333333333,0.0,-0.6767633692869747,-0.5012804118276031,0.0,-0.6179143806533246,-0.5012804118276031,0.0,-0.8857142857142858,-0.7333333333333333,0.0,-0.8696565534786727,-0.6900655593423541,0.0,,,,,,,
I,8,ok,49.7,0bdc51d,1500.0,1.0,,,,,,,,,,,,S1,weaken,0.7,0.07977444445168061,pehe,kernel_sieve1,0.7261209657032273,6.0,sieve3_sieve3,2.075655094221099,1.349534128517872,2.8585527649763267,1.0,0.0,sieve3_sieve3,2.075655094221099,1.349534128517872,2.8585527649763267,1.0,0.0,sieve3_sieve3,2.075655094221099,1.349534128517872,2.8585527649763267,1.0,0.0,sieve3_sieve3,2.075655094221099,1.349534128517872,2.8585527649763267,1.0,0.0,sieve3_sieve3,2.075655094221099,1.349534128517872,2.8585527649763267,1.0,0.0,kernel_kernel,0.7587647438730966,0.0326437781698693,1.0449563911671518,0.0,0.0,sieve1_sieve1,16.731403614720026,16.0052826490168,23.042171215223213,1.0,0.0,kernel_kernel,0.7587647438730966,0.0326437781698693,1.0449563911671518,0.0,0.0,kernel_kernel,0.7587647438730966,0.0326437781698693,1.0449563911671518,0.0,0.0,kernel_sieve1,0.7261209657032273,0.0,0.9999999999986229,0.0,1.0,kernel_sieve1,0.7261209657032273,0.0,0.9999999999986229,0.0,1.0,-0.5428571428571429,-0.3333333333333333,0.0,-0.6473388749701496,-0.5012804118276031,0.0,-0.35309393180189985,-0.21483446221182986,1.0,-0.6571428571428573,-0.4666666666666666,0.0,-0.6087595874350709,-0.41403933560541256,0.0,ate_err,kernel_kernel,0.2557202497434,6.0,sieve3_sieve3,0.7655395184057263,0.5098192686623263,2.993660139042199,1.0,0.0,sieve3_sieve3,0.7655395184057263,0.5098192686623263,2.993660139042199,1.0,0.0,sieve3_sieve3,0.7655395184057263,0.5098192686623263,2.993660139042199,1.0,0.0,sieve3_sieve3,0.7655395184057263,0.5098192686623263,2.993660139042199,1.0,0.0,sieve3_sieve3,0.7655395184057263,0.5098192686623263,2.993660139042199,1.0,0.0,kernel_kernel,0.2557202497434,0.0,0.9999999999960896,0.0,1.0,sieve1_sieve1,0.9582571522160981,0.7025369024726981,3.747286940216524,1.0,0.0,kernel_kernel,0.2557202497434,0.0,0.9999999999960896,0.0,1.0,kernel_kernel,0.2557202497434,0.0,0.9999999999960896,0.0,1.0,kernel_sieve1,0.31406139306574604,0.05834114332234602,1.2281444014686351,0.0,0.0,kernel_kernel,0.2557202497434,0.0,0.9999999999960896,0.0,1.0,-0.48571428571428577,-0.3333333333333333,0.0,-0.7650368522374495,-0.6445033866354897,0.0,-0.35309393180189985,-0.21483446221182986,0.0,-0.7142857142857143,-0.4666666666666666,0.0,-0.6667366910003157,-0.41403933560541256,0.0,,,,,,,
I,9,ok,49.3,0bdc51d,1500.0,1.0,,,,,,,,,,,,S1,,,0.07052076301660948,pehe,kernel_sieve1,0.49250670985510014,6.0,sieve1_sieve1,0.5186031834941094,0.026096473639009243,1.0529870418326566,0.0,0.0,sieve1_kernel,0.5471020548458972,0.0545953449907971,1.1108519821095406,0.0,0.0,kernel_sieve1,0.49250670985510014,0.0,0.9999999999979696,0.0,1.0,sieve1_sieve1,0.5186031834941094,0.026096473639009243,1.0529870418326566,0.0,0.0,sieve1_sieve1,0.5186031834941094,0.026096473639009243,1.0529870418326566,0.0,0.0,kernel_kernel,1.2917136907469575,0.7992069808918574,2.622733182913119,1.0,0.0,sieve1_sieve1,0.5186031834941094,0.026096473639009243,1.0529870418326566,0.0,0.0,sieve1_kernel,0.5471020548458972,0.0545953449907971,1.1108519821095406,0.0,0.0,kernel_kernel,1.2917136907469575,0.7992069808918574,2.622733182913119,1.0,0.0,kernel_sieve1,0.49250670985510014,0.0,0.9999999999979696,0.0,1.0,kernel_sieve1,0.49250670985510014,0.0,0.9999999999979696,0.0,1.0,0.2571428571428572,0.2,0.0,0.058848988633649964,0.07161148740394328,0.0,0.5296408977028497,0.3580574370197165,1.0,0.08571428571428573,0.06666666666666665,0.0,-0.14494275891311212,-0.13801311186847084,0.0,ate_err,sieve1_sieve1,0.03286441202259393,6.0,sieve1_sieve1,0.03286441202259393,0.0,0.999999999969572,0.0,1.0,sieve1_kernel,0.04392726363462251,0.01106285161202858,1.3366210112959382,0.0,0.0,kernel_sieve1,0.06306366945149901,0.03019925742890508,1.9189045404562393,1.0,0.0,sieve1_sieve1,0.03286441202259393,0.0,0.999999999969572,0.0,1.0,sieve1_sieve1,0.03286441202259393,0.0,0.999999999969572,0.0,1.0,kernel_kernel,0.352618284451993,0.31975387242939907,10.729487087699676,1.0,0.0,sieve1_sieve1,0.03286441202259393,0.0,0.999999999969572,0.0,1.0,sieve1_kernel,0.04392726363462251,0.01106285161202858,1.3366210112959382,0.0,0.0,kernel_kernel,0.352618284451993,0.31975387242939907,10.729487087699676,1.0,0.0,kernel_sieve1,0.06306366945149901,0.03019925742890508,1.9189045404562393,1.0,0.0,sieve1_sieve1,0.03286441202259393,0.0,0.999999999969572,0.0,1.0,0.48571428571428577,0.3333333333333333,1.0,0.6767633692869747,0.5012804118276031,1.0,0.44136741475237473,0.3580574370197165,1.0,0.4285714285714286,0.2,1.0,0.4058397249567139,0.2760262237369417,1.0,,,,,,,
I,9,ok,49.3,0bdc51d,1500.0,1.0,,,,,,,,,,,,S1,shuffle_W,0.0,0.07271733970651158,pehe,kernel_sieve1,0.7115545133004427,6.0,sieve1_sieve1,0.8670496265262837,0.15549511322584098,1.218528742799172,0.0,0.0,sieve1_kernel,0.8741535523941006,0.16259903909365792,1.2285124133894356,0.0,0.0,sieve3_sieve3,0.8508505815790615,0.13929606827861873,1.1957630310449698,0.0,0.0,sieve1_sieve1,0.8670496265262837,0.15549511322584098,1.218528742799172,0.0,0.0,sieve1_sieve1,0.8670496265262837,0.15549511322584098,1.218528742799172,0.0,0.0,kernel_kernel,1.3128104822676903,0.6012559689672475,1.844989326505096,1.0,0.0,sieve1_sieve1,0.8670496265262837,0.15549511322584098,1.218528742799172,0.0,0.0,sieve1_kernel,0.8741535523941006,0.16259903909365792,1.2285124133894356,0.0,0.0,kernel_kernel,1.3128104822676903,0.6012559689672475,1.844989326505096,1.0,0.0,kernel_sieve1,0.7115545133004427,0.0,0.9999999999985947,0.0,1.0,kernel_sieve1,0.7115545133004427,0.0,0.9999999999985947,0.0,1.0,0.6,0.3333333333333333,0.0,-0.23539595453459985,-0.21483446221182986,0.0,0.7061878636037997,0.5012804118276031,1.0,0.14285714285714288,0.06666666666666665,0.0,0.28988551782622424,0.13801311186847084,0.0,ate_err,kernel_kernel,0.3529352501867238,6.0,sieve1_sieve1,0.8180434636540673,0.46510821346734355,2.3178287326611775,1.0,0.0,sieve1_kernel,0.8890790006423074,0.5361437504555836,2.5190994670252196,1.0,0.0,sieve3_sieve3,0.5189685973404489,0.16603334715372509,1.4704357160822366,0.0,0.0,sieve1_sieve1,0.8180434636540673,0.46510821346734355,2.3178287326611775,1.0,0.0,sieve1_sieve1,0.8180434636540673,0.46510821346734355,2.3178287326611775,1.0,0.0,kernel_kernel,0.3529352501867238,0.0,0.9999999999971667,0.0,1.0,sieve1_sieve1,0.8180434636540673,0.46510821346734355,2.3178287326611775,1.0,0.0,sieve1_kernel,0.8890790006423074,0.5361437504555836,2.5190994670252196,1.0,0.0,kernel_kernel,0.3529352501867238,0.0,0.9999999999971667,0.0,1.0,kernel_sieve1,0.38128879490921475,0.028353544722490964,1.080336392316749,0.0,0.0,kernel_kernel,0.3529352501867238,0.0,0.9999999999971667,0.0,1.0,-0.14285714285714288,-0.2,0.0,-0.7944613465542746,-0.6445033866354897,0.0,0.08827348295047496,0.07161148740394328,0.0,-0.5428571428571429,-0.4666666666666666,0.0,-0.2608969660436018,-0.2760262237369417,0.0,,,,,,,
I,9,ok,20.9,0bdc51d,1500.0,1.0,,,,,,,,,,,,S1,noise_V,0.0,0.07858374304637591,pehe,sieve1_sieve1,0.6838426096610787,6.0,sieve3_sieve3,0.841401150160473,0.15755854049939433,1.2304017595163483,0.0,0.0,sieve1_kernel,1.0753637123221131,0.39152110266103446,1.5725310139031918,1.0,0.0,sieve3_sieve3,0.841401150160473,0.15755854049939433,1.2304017595163483,0.0,0.0,sieve3_sieve3,0.841401150160473,0.15755854049939433,1.2304017595163483,0.0,0.0,sieve1_sieve1,0.6838426096610787,0.0,0.9999999999985377,0.0,1.0,kernel_kernel,1.3155483547519462,0.6317057450908675,1.923758970506423,1.0,0.0,sieve1_sieve1,0.6838426096610787,0.0,0.9999999999985377,0.0,1.0,sieve1_kernel,1.0753637123221131,0.39152110266103446,1.5725310139031918,1.0,0.0,kernel_kernel,1.3155483547519462,0.6317057450908675,1.923758970506423,1.0,0.0,sieve3_sieve3,0.841401150160473,0.15755854049939433,1.2304017595163483,0.0,0.0,sieve1_sieve1,0.6838426096610787,0.0,0.9999999999985377,0.0,1.0,0.6571428571428573,0.4666666666666666,1.0,0.7356123579206245,0.6445033866354897,1.0,0.26482044885142486,0.21483446221182986,0.0,0.7714285714285715,0.6,1.0,0.9276336570439174,0.8280786712108251,1.0,ate_err,kernel_kernel,0.3594332441912837,6.0,sieve3_sieve3,0.6272638650157885,0.26783062082450476,1.7451470478902757,1.0,0.0,sieve1_kernel,0.9441176022520695,0.5846843580607859,2.6266841409555344,1.0,0.0,sieve3_sieve3,0.6272638650157885,0.26783062082450476,1.7451470478902757,1.0,0.0,sieve3_sieve3,0.6272638650157885,0.26783062082450476,1.7451470478902757,1.0,0.0,sieve1_sieve1,1.0102141615185596,0.6507809173272758,2.8105751981531566,1.0,0.0,kernel_kernel,0.3594332441912837,0.0,0.9999999999972179,0.0,1.0,sieve1_sieve1,1.0102141615185596,0.6507809173272758,2.8105751981531566,1.0,0.0,sieve1_kernel,0.9441176022520695,0.5846843580607859,2.6266841409555344,1.0,0.0,kernel_kernel,0.3594332441912837,0.0,0.9999999999972179,0.0,1.0,sieve3_sieve3,0.6272638650157885,0.26783062082450476,1.7451470478902757,1.0,0.0,kernel_kernel,0.3594332441912837,0.0,0.9999999999972179,0.0,1.0,-0.48571428571428577,-0.3333333333333333,0.0,-0.7944613465542746,-0.6445033866354897,0.0,-0.08827348295047496,-0.07161148740394328,0.0,-0.6,-0.4666666666666666,0.0,-0.6957252427829381,-0.5520524474738834,0.0,,,,,,,
I,9,ok,38.1,0bdc51d,1500.0,1.0,,,,,,,,,,,,S1,weaken,0.7,0.0662969087789784,pehe,sieve3_sieve3,0.7765380155158921,6.0,sieve3_sieve3,0.7765380155158921,0.0,0.9999999999987123,0.0,1.0,sieve1_kernel,1.0375362674137285,0.26099825189783643,1.3361049255561641,0.0,0.0,sieve3_sieve3,0.7765380155158921,0.0,0.9999999999987123,0.0,1.0,sieve1_sieve1,0.8185100592068667,0.041972043690974625,1.0540502111310501,0.0,0.0,sieve1_sieve1,0.8185100592068667,0.041972043690974625,1.0540502111310501,0.0,0.0,kernel_kernel,1.31359557967545,0.5370575641595579,1.6916049870411982,1.0,0.0,sieve1_sieve1,0.8185100592068667,0.041972043690974625,1.0540502111310501,0.0,0.0,sieve1_kernel,1.0375362674137285,0.26099825189783643,1.3361049255561641,0.0,0.0,kernel_kernel,1.31359557967545,0.5370575641595579,1.6916049870411982,1.0,0.0,sieve3_sieve3,0.7765380155158921,0.0,0.9999999999987123,0.0,1.0,sieve3_sieve3,0.7765380155158921,0.0,0.9999999999987123,0.0,1.0,0.942857142857143,0.8666666666666666,1.0,0.08827348295047496,0.07161148740394328,0.0,0.9710083124552246,0.9309493362512627,1.0,0.5428571428571429,0.4666666666666666,1.0,0.6957252427829381,0.5520524474738834,1.0,ate_err,sieve1_kernel,0.3020117268053137,6.0,sieve3_sieve3,0.32570526072135114,0.023693533916037457,1.0784523639713919,0.0,0.0,sieve1_kernel,0.3020117268053137,0.0,0.999999999996689,0.0,1.0,sieve3_sieve3,0.32570526072135114,0.023693533916037457,1.0784523639713919,0.0,0.0,sieve1_sieve1,0.7061888520831304,0.40417712527781674,2.338282885737162,1.0,0.0,sieve1_sieve1,0.7061888520831304,0.40417712527781674,2.338282885737162,1.0,0.0,kernel_kernel,0.35344456594257734,0.05143283913726365,1.1703008014958591,0.0,0.0,sieve1_sieve1,0.7061888520831304,0.40417712527781674,2.338282885737162,1.0,0.0,sieve1_kernel,0.3020117268053137,0.0,0.999999999996689,0.0,1.0,kernel_kernel,0.35344456594257734,0.05143283913726365,1.1703008014958591,0.0,0.0,sieve3_sieve3,0.32570526072135114,0.023693533916037457,1.0784523639713919,0.0,0.0,sieve1_kernel,0.3020117268053137,0.0,0.999999999996689,0.0,1.0,0.028571428571428574,0.06666666666666665,0.0,0.23539595453459985,0.21483446221182986,1.0,0.0,0.07161148740394328,0.0,-0.2,-0.06666666666666665,0.0,-0.4058397249567139,-0.2760262237369417,0.0,,,,,,,
I,10,ok,46.8,0bdc51d,1500.0,1.0,,,,,,,,,,,,S1,,,0.07961733066812263,pehe,sieve2_sieve2,0.6004735284708073,6.0,sieve1_sieve1,0.8087273866047547,0.20825385813394748,1.3468160514301926,0.0,0.0,sieve1_kernel,0.733752611974721,0.1332790835039137,1.2219566345282635,0.0,0.0,kernel_sieve1,1.061137890837509,0.46066436236670183,1.7671684770818843,1.0,0.0,sieve1_sieve1,0.8087273866047547,0.20825385813394748,1.3468160514301926,0.0,0.0,sieve1_sieve1,0.8087273866047547,0.20825385813394748,1.3468160514301926,0.0,0.0,kernel_kernel,1.006077120745716,0.4056035922749087,1.6754728943774784,1.0,0.0,sieve1_sieve1,0.8087273866047547,0.20825385813394748,1.3468160514301926,0.0,0.0,sieve2_sieve2,0.6004735284708073,0.0,0.9999999999983347,0.0,1.0,kernel_kernel,1.006077120745716,0.4056035922749087,1.6754728943774784,1.0,0.0,kernel_sieve1,1.061137890837509,0.46066436236670183,1.7671684770818843,1.0,0.0,sieve2_sieve2,0.6004735284708073,0.0,0.9999999999983347,0.0,1.0,0.08571428571428573,0.06666666666666665,0.0,0.44136741475237473,0.21483446221182986,0.0,-0.26482044885142486,-0.21483446221182986,0.0,0.3714285714285715,0.2,0.0,0.5797710356524485,0.41403933560541256,0.0,ate_err,sieve1_kernel,0.07483490811072467,6.0,sieve1_sieve1,0.11919519237943782,0.04436028426871315,1.5927752887928388,1.0,0.0,sieve1_kernel,0.07483490811072467,0.0,0.9999999999866371,0.0,1.0,kernel_sieve1,0.07505015802581465,0.0002152499150899767,1.0028763303052182,0.0,0.0,sieve1_sieve1,0.11919519237943782,0.04436028426871315,1.5927752887928388,1.0,0.0,sieve1_sieve1,0.11919519237943782,0.04436028426871315,1.5927752887928388,1.0,0.0,kernel_kernel,0.26465444368318686,0.18981953557246217,3.5365105718854006,1.0,0.0,sieve1_sieve1,0.11919519237943782,0.04436028426871315,1.5927752887928388,1.0,0.0,sieve2_sieve2,0.4982801405694135,0.4234452324586888,6.6583918273208385,1.0,0.0,kernel_kernel,0.26465444368318686,0.18981953557246217,3.5365105718854006,1.0,0.0,kernel_sieve1,0.07505015802581465,0.0002152499150899767,1.0028763303052182,0.0,0.0,sieve1_kernel,0.07483490811072467,0.0,0.9999999999866371,0.0,1.0,-0.2,-0.2,0.0,0.20597146021777488,0.07161148740394328,1.0,-0.029424494316824982,-0.07161148740394328,0.0,-0.3714285714285715,-0.3333333333333333,0.0,-0.3768511731740915,-0.2760262237369417,0.0,,,,,,,
I,10,ok,62.7,0bdc51d,1500.0,1.0,,,,,,,,,,,,S1,shuffle_W,0.0,0.07857288184489206,pehe,sieve3_sieve3,0.7942697644442527,6.0,sieve3_sieve3,0.7942697644442527,0.0,0.999999999998741,0.0,1.0,sieve2_sieve2,2.8522550916589715,2.057985327214719,3.5910407513133675,1.0,0.0,sieve3_sieve3,0.7942697644442527,0.0,0.999999999998741,0.0,1.0,sieve3_sieve3,0.7942697644442527,0.0,0.999999999998741,0.0,1.0,sieve3_sieve3,0.7942697644442527,0.0,0.999999999998741,0.0,1.0,kernel_kernel,1.0021451802632853,0.20787541581903257,1.2617189085162022,0.0,0.0,sieve1_sieve1,1.4010852639030678,0.6068154994588151,1.7639916897524577,1.0,0.0,sieve2_sieve2,2.8522550916589715,2.057985327214719,3.5910407513133675,1.0,0.0,kernel_kernel,1.0021451802632853,0.20787541581903257,1.2617189085162022,0.0,0.0,kernel_sieve1,1.0304121705911469,0.2361424061468942,1.297307560625608,0.0,0.0,sieve3_sieve3,0.7942697644442527,0.0,0.999999999998741,0.0,1.0,0.3714285714285715,0.3333333333333333,1.0,-0.23539595453459985,-0.21483446221182986,1.0,0.5296408977028497,0.5012804118276031,1.0,0.2571428571428572,0.2,1.0,0.11595420713048968,0.13801311186847084,1.0,ate_err,kernel_kernel,0.263983164199866,6.0,sieve3_sieve3,0.7479976069291306,0.48401444272926464,2.8335049668545373,1.0,0.0,sieve2_sieve2,11.197400104767267,10.933416940567401,42.417099358075404,1.0,0.0,sieve3_sieve3,0.7479976069291306,0.48401444272926464,2.8335049668545373,1.0,0.0,sieve3_sieve3,0.7479976069291306,0.48401444272926464,2.8335049668545373,1.0,0.0,sieve3_sieve3,0.7479976069291306,0.48401444272926464,2.8335049668545373,1.0,0.0,kernel_kernel,0.263983164199866,0.0,0.9999999999962119,0.0,1.0,sieve1_sieve1,4.602488754274913,4.338505590075047,17.43478137406088,1.0,0.0,sieve2_sieve2,11.197400104767267,10.933416940567401,42.417099358075404,1.0,0.0,kernel_kernel,0.263983164199866,0.0,0.9999999999962119,0.0,1.0,kernel_sieve1,0.5253003255495968,0.2613171613497308,1.9899008603059756,1.0,0.0,kernel_kernel,0.263983164199866,0.0,0.9999999999962119,0.0,1.0,-0.2571428571428572,-0.2,0.0,-0.7944613465542746,-0.6445033866354897,0.0,-0.08827348295047496,-0.07161148740394328,0.0,-0.48571428571428577,-0.3333333333333333,0.0,-0.5797710356524485,-0.41403933560541256,0.0,,,,,,,
I,10,ok,62.7,0bdc51d,1500.0,1.0,,,,,,,,,,,,S1,noise_V,0.0,0.0788252963593761,pehe,kernel_sieve1,0.6406176966136155,6.0,sieve3_sieve3,0.7066788084210687,0.06606111180745322,1.103120959904101,0.0,0.0,sieve1_kernel,1.3233819706525756,0.6827642740389601,2.0657905294313146,1.0,0.0,sieve3_sieve3,0.7066788084210687,0.06606111180745322,1.103120959904101,0.0,0.0,sieve3_sieve3,0.7066788084210687,0.06606111180745322,1.103120959904101,0.0,0.0,sieve1_sieve1,1.296318858870565,0.6557011622569495,2.023545190401457,1.0,0.0,kernel_kernel,1.0214994081868078,0.3808817115731924,1.5945538401217854,1.0,0.0,sieve1_sieve1,1.296318858870565,0.6557011622569495,2.023545190401457,1.0,0.0,sieve2_sieve2,0.7658546490776266,0.12523695246401112,1.1954940569466528,0.0,0.0,kernel_kernel,1.0214994081868078,0.3808817115731924,1.5945538401217854,1.0,0.0,sieve3_sieve3,0.7066788084210687,0.06606111180745322,1.103120959904101,0.0,0.0,kernel_sieve1,0.6406176966136155,0.0,0.999999999998439,0.0,1.0,0.3142857142857143,0.2,0.0,-0.7356123579206245,-0.6445033866354897,0.0,0.6179143806533246,0.5012804118276031,1.0,0.028571428571428574,0.06666666666666665,0.0,-0.28988551782622424,-0.2760262237369417,0.0,ate_err,kernel_kernel,0.27148003801459325,6.0,sieve3_sieve3,0.3720544718254186,0.10057443381082537,1.3704671420594416,0.0,0.0,sieve1_kernel,0.6335089663546855,0.3620289283400922,2.3335379315008717,1.0,0.0,sieve3_sieve3,0.3720544718254186,0.10057443381082537,1.3704671420594416,0.0,0.0,sieve3_sieve3,0.3720544718254186,0.10057443381082537,1.3704671420594416,0.0,0.0,sieve1_sieve1,1.163117266918275,0.8916372289036818,4.284356505252397,1.0,0.0,kernel_kernel,0.27148003801459325,0.0,0.9999999999963166,0.0,1.0,sieve1_sieve1,1.163117266918275,0.8916372289036818,4.284356505252397,1.0,0.0,sieve2_sieve2,2.973934410665002,2.7024543726504087,10.954523332187634,1.0,0.0,kernel_kernel,0.27148003801459325,0.0,0.9999999999963166,0.0,1.0,sieve3_sieve3,0.3720544718254186,0.10057443381082537,1.3704671420594416,0.0,0.0,kernel_kernel,0.27148003801459325,0.0,0.9999999999963166,0.0,1.0,-0.48571428571428577,-0.3333333333333333,0.0,-0.7944613465542746,-0.6445033866354897,0.0,-0.08827348295047496,-0.07161148740394328,0.0,-0.6,-0.4666666666666666,0.0,-0.8696565534786727,-0.6900655593423541,0.0,,,,,,,
I,10,ok,61.9,0bdc51d,1500.0,1.0,,,,,,,,,,,,S1,weaken,0.7,0.07147099045701552,pehe,sieve1_kernel,0.7368962482239019,6.0,sieve3_sieve3,1.2507733839582145,0.5138771357343126,1.6973534428641528,1.0,0.0,sieve3_sieve3,1.2507733839582145,0.5138771357343126,1.6973534428641528,1.0,0.0,sieve3_sieve3,1.2507733839582145,0.5138771357343126,1.6973534428641528,1.0,0.0,sieve3_sieve3,1.2507733839582145,0.5138771357343126,1.6973534428641528,1.0,0.0,sieve3_sieve3,1.2507733839582145,0.5138771357343126,1.6973534428641528,1.0,0.0,kernel_kernel,1.0104929739814905,0.27359672575758864,1.3712825603545298,0.0,0.0,sieve1_sieve1,1.6978559537254778,0.960959705501576,2.304063778062946,1.0,0.0,sieve2_sieve2,13.52904003695333,12.792143788729428,18.359490999639675,1.0,0.0,kernel_kernel,1.0104929739814905,0.27359672575758864,1.3712825603545298,0.0,0.0,sieve3_sieve3,1.2507733839582145,0.5138771357343126,1.6973534428641528,1.0,0.0,sieve1_kernel,0.7368962482239019,0.0,0.999999999998643,0.0,1.0,-0.4285714285714286,-0.2,0.0,0.08827348295047496,0.07161148740394328,0.0,-0.44136741475237473,-0.21483446221182986,0.0,-0.5428571428571429,-0.3333333333333333,0.0,-0.5797710356524485,-0.41403933560541256,0.0,ate_err,kernel_sieve1,0.13740429504867746,6.0,sieve3_sieve3,0.3163236043164766,0.17891930926779914,2.3021376748238636,1.0,0.0,sieve3_sieve3,0.3163236043164766,0.17891930926779914,2.3021376748238636,1.0,0.0,sieve3_sieve3,0.3163236043164766,0.17891930926779914,2.3021376748238636,1.0,0.0,sieve3_sieve3,0.3163236043164766,0.17891930926779914,2.3021376748238636,1.0,0.0,sieve3_sieve3,0.3163236043164766,0.17891930926779914,2.3021376748238636,1.0,0.0,kernel_kernel,0.2645684701079657,0.12716417505928823,1.9254745276507768,1.0,0.0,sieve1_sieve1,1.6719549890329402,1.5345506939842628,12.168142112504254,1.0,0.0,sieve2_sieve2,32.39354828967681,32.25614399462813,235.75353505481885,1.0,0.0,kernel_kernel,0.2645684701079657,0.12716417505928823,1.9254745276507768,1.0,0.0,sieve3_sieve3,0.3163236043164766,0.17891930926779914,2.3021376748238636,1.0,0.0,kernel_sieve1,0.13740429504867746,0.0,0.9999999999927222,0.0,1.0,-0.08571428571428573,-0.06666666666666665,0.0,-0.44136741475237473,-0.21483446221182986,0.0,0.08827348295047496,0.07161148740394328,1.0,-0.3714285714285715,-0.2,0.0,-0.3188740696088466,-0.13801311186847084,0.0,,,,,,,
I,11,ok,62.8,0bdc51d,1500.0,1.0,,,,,,,,,,,,S1,,,0.07793718142173325,pehe,sieve1_sieve1,0.5020932027886962,6.0,sieve1_sieve1,0.5020932027886962,0.0,0.9999999999980084,0.0,1.0,sieve2_sieve2,1.3016829846691853,0.7995897818804891,2.5925126598744272,1.0,0.0,kernel_sieve1,0.5864053917813365,0.08431218899264037,1.1679213909353696,0.0,0.0,sieve1_sieve1,0.5020932027886962,0.0,0.9999999999980084,0.0,1.0,sieve1_sieve1,0.5020932027886962,0.0,0.9999999999980084,0.0,1.0,kernel_kernel,0.6904691844186699,0.1883759816299737,1.3751813021612957,0.0,0.0,sieve1_sieve1,0.5020932027886962,0.0,0.9999999999980084,0.0,1.0,sieve2_sieve2,1.3016829846691853,0.7995897818804891,2.5925126598744272,1.0,0.0,kernel_kernel,0.6904691844186699,0.1883759816299737,1.3751813021612957,0.0,0.0,kernel_sieve1,0.5864053917813365,0.08431218899264037,1.1679213909353696,0.0,0.0,sieve1_sieve1,0.5020932027886962,0.0,0.9999999999980084,0.0,1.0,0.14285714285714288,0.06666666666666665,1.0,0.08827348295047496,0.07161148740394328,1.0,0.20597146021777488,0.07161148740394328,1.0,0.028571428571428574,-0.06666666666666665,1.0,0.05797710356524484,0.0,1.0,ate_err,sieve1_sieve1,0.07100755457580492,6.0,sieve1_sieve1,0.07100755457580492,0.0,0.9999999999859169,0.0,1.0,sieve2_sieve2,1.7154318802856754,1.6444243257098705,24.158441880014163,1.0,0.0,kernel_sieve1,0.10744158463587321,0.03643403006006829,1.5131007577462707,1.0,0.0,sieve1_sieve1,0.07100755457580492,0.0,0.9999999999859169,0.0,1.0,sieve1_sieve1,0.07100755457580492,0.0,0.9999999999859169,0.0,1.0,kernel_kernel,0.3033073530715908,0.23229979849578586,4.271480054189447,1.0,0.0,sieve1_sieve1,0.07100755457580492,0.0,0.9999999999859169,0.0,1.0,sieve2_sieve2,1.7154318802856754,1.6444243257098705,24.158441880014163,1.0,0.0,kernel_kernel,0.3033073530715908,0.23229979849578586,4.271480054189447,1.0,0.0,kernel_sieve1,0.10744158463587321,0.03643403006006829,1.5131007577462707,1.0,0.0,sieve1_sieve1,0.07100755457580492,0.0,0.9999999999859169,0.0,1.0,0.2571428571428572,0.2,1.0,-0.08827348295047496,-0.07161148740394328,1.0,0.26482044885142486,0.21483446221182986,1.0,0.08571428571428573,0.06666666666666665,1.0,0.11595420713048968,0.13801311186847084,1.0,,,,,,,
I,11,ok,61.5,0bdc51d,1500.0,1.0,,,,,,,,,,,,S1,shuffle_W,0.0,0.07725377043783861,pehe,kernel_kernel,0.6848144421091769,6.0,sieve1_sieve1,0.8142568005105251,0.1294423584013482,1.1890181492105898,0.0,0.0,sieve1_kernel,0.8493526671622416,0.1645382250530647,1.240266873673194,0.0,0.0,kernel_sieve1,0.7691208089735166,0.08430636686433979,1.1231083366226324,0.0,0.0,sieve1_sieve1,0.8142568005105251,0.1294423584013482,1.1890181492105898,0.0,0.0,sieve1_sieve1,0.8142568005105251,0.1294423584013482,1.1890181492105898,0.0,0.0,kernel_kernel,0.6848144421091769,0.0,0.9999999999985398,0.0,1.0,sieve1_sieve1,0.8142568005105251,0.1294423584013482,1.1890181492105898,0.0,0.0,sieve2_sieve2,19.90757440613616,19.222759964026984,29.070027122665902,1.0,0.0,kernel_kernel,0.6848144421091769,0.0,0.9999999999985398,0.0,1.0,kernel_sieve1,0.7691208089735166,0.08430636686433979,1.1231083366226324,0.0,0.0,kernel_kernel,0.6848144421091769,0.0,0.9999999999985398,0.0,1.0,-0.48571428571428577,-0.3333333333333333,0.0,-0.5002164033860248,-0.3580574370197165,0.0,0.029424494316824982,0.07161148740394328,0.0,-0.6,-0.4666666666666666,0.0,-0.4638168285219587,-0.41403933560541256,0.0,ate_err,kernel_kernel,0.3028145823365746,6.0,sieve1_sieve1,8.939162513265027,8.636347930928451,29.520251119543975,1.0,0.0,sieve1_kernel,9.990949402112621,9.688134819776046,32.99362046896015,1.0,0.0,kernel_sieve1,0.5251570266171419,0.22234244428056732,1.7342527647222163,1.0,0.0,sieve1_sieve1,8.939162513265027,8.636347930928451,29.520251119543975,1.0,0.0,sieve1_sieve1,8.939162513265027,8.636347930928451,29.520251119543975,1.0,0.0,kernel_kernel,0.3028145823365746,0.0,0.9999999999966978,0.0,1.0,sieve1_sieve1,8.939162513265027,8.636347930928451,29.520251119543975,1.0,0.0,sieve2_sieve2,5.250305110104065,4.947490527767491,17.338349657980075,1.0,0.0,kernel_kernel,0.3028145823365746,0.0,0.9999999999966978,0.0,1.0,kernel_sieve1,0.5251570266171419,0.22234244428056732,1.7342527647222163,1.0,0.0,kernel_kernel,0.3028145823365746,0.0,0.9999999999966978,0.0,1.0,-0.3714285714285715,-0.3333333333333333,0.0,-0.9710083124552246,-0.9309493362512627,0.0,0.029424494316824982,0.07161148740394328,0.0,-0.6,-0.4666666666666666,0.0,-0.28988551782622424,-0.41403933560541256,0.0,,,,,,,
I,11,ok,48.7,0bdc51d,1500.0,1.0,,,,,,,,,,,,S1,noise_V,0.0,0.08499885027968648,pehe,kernel_kernel,0.6903086117187756,6.0,sieve3_sieve3,0.8412204878979186,0.15091187617914303,1.2186150855081674,0.0,0.0,sieve1_kernel,0.858555353978687,0.16824674225991143,1.243726848256689,0.0,0.0,sieve3_sieve3,0.8412204878979186,0.15091187617914303,1.2186150855081674,0.0,0.0,sieve1_sieve1,0.8617407151040496,0.17143210338527404,1.2483412498030162,0.0,0.0,sieve1_sieve1,0.8617407151040496,0.17143210338527404,1.2483412498030162,0.0,0.0,kernel_kernel,0.6903086117187756,0.0,0.9999999999985514,0.0,1.0,sieve1_sieve1,0.8617407151040496,0.17143210338527404,1.2483412498030162,0.0,0.0,sieve2_sieve2,8.205176396669344,7.514867784950569,11.886243713848033,1.0,0.0,kernel_kernel,0.6903086117187756,0.0,0.9999999999985514,0.0,1.0,sieve3_sieve3,0.8412204878979186,0.15091187617914303,1.2186150855081674,0.0,0.0,kernel_kernel,0.6903086117187756,0.0,0.9999999999985514,0.0,1.0,-0.48571428571428577,-0.3333333333333333,0.0,-0.7944613465542746,-0.6445033866354897,0.0,-0.08827348295047496,-0.07161148740394328,0.0,-0.7142857142857143,-0.6,0.0,-0.8696565534786727,-0.6900655593423541,0.0,ate_err,kernel_sieve1,0.23703303355636232,6.0,sieve3_sieve3,0.6944108183228043,0.457377784766442,2.929595119723074,1.0,0.0,sieve1_kernel,1.3631895646056194,1.126156531049257,5.751053109125929,1.0,0.0,sieve3_sieve3,0.6944108183228043,0.457377784766442,2.929595119723074,1.0,0.0,sieve1_sieve1,1.28015166539724,1.0431186318408776,5.400731055013231,1.0,0.0,sieve1_sieve1,1.28015166539724,1.0431186318408776,5.400731055013231,1.0,0.0,kernel_kernel,0.3038578140122619,0.0668247804558996,1.2819218041131297,0.0,0.0,sieve1_sieve1,1.28015166539724,1.0431186318408776,5.400731055013231,1.0,0.0,sieve2_sieve2,3.7012386861608326,3.46420565260447,15.614864437302693,1.0,0.0,kernel_kernel,0.3038578140122619,0.0668247804558996,1.2819218041131297,0.0,0.0,sieve3_sieve3,0.6944108183228043,0.457377784766442,2.929595119723074,1.0,0.0,kernel_sieve1,0.23703303355636232,0.0,0.9999999999957812,0.0,1.0,-0.2,-0.06666666666666665,0.0,-0.7944613465542746,-0.6445033866354897,0.0,0.26482044885142486,0.21483446221182986,1.0,-0.48571428571428577,-0.3333333333333333,0.0,-0.6957252427829381,-0.5520524474738834,0.0,,,,,,,
I,11,ok,31.1,0bdc51d,1500.0,1.0,,,,,,,,,,,,S1,weaken,0.7,0.08068052884610429,pehe,sieve1_sieve1,0.6832385669193793,6.0,sieve3_sieve3,1.870016807164012,1.1867782402446325,2.7369895344065567,1.0,0.0,sieve2_sieve2,0.8076485815564078,0.1244100146370285,1.182088688577392,0.0,0.0,sieve3_sieve3,1.870016807164012,1.1867782402446325,2.7369895344065567,1.0,0.0,sieve3_sieve3,1.870016807164012,1.1867782402446325,2.7369895344065567,1.0,0.0,sieve3_sieve3,1.870016807164012,1.1867782402446325,2.7369895344065567,1.0,0.0,kernel_kernel,0.6838485777952897,0.0006100108759103939,1.0008928226602605,0.0,0.0,sieve1_sieve1,0.6832385669193793,0.0,0.9999999999985364,0.0,1.0,sieve2_sieve2,0.8076485815564078,0.1244100146370285,1.182088688577392,0.0,0.0,kernel_kernel,0.6838485777952897,0.0006100108759103939,1.0008928226602605,0.0,0.0,sieve3_sieve3,1.870016807164012,1.1867782402446325,2.7369895344065567,1.0,0.0,sieve1_sieve1,0.6832385669193793,0.0,0.9999999999985364,0.0,1.0,-0.3714285714285715,-0.3333333333333333,1.0,-0.6767633692869747,-0.5012804118276031,0.0,-0.26482044885142486,-0.21483446221182986,0.0,-0.6,-0.4666666666666666,0.0,-0.550782483869826,-0.41403933560541256,0.0,ate_err,kernel_sieve1,0.20066646182439504,6.0,sieve3_sieve3,0.8459524187041655,0.6452859568797704,4.215714031178015,1.0,0.0,sieve2_sieve2,2.8903920935855196,2.6897256317611244,14.40396201384426,1.0,0.0,sieve3_sieve3,0.8459524187041655,0.6452859568797704,4.215714031178015,1.0,0.0,sieve3_sieve3,0.8459524187041655,0.6452859568797704,4.215714031178015,1.0,0.0,sieve3_sieve3,0.8459524187041655,0.6452859568797704,4.215714031178015,1.0,0.0,kernel_kernel,0.2989788887119679,0.09831242688757288,1.4899295377626034,0.0,0.0,sieve1_sieve1,1.126742903332009,0.926076441507614,5.61500358895258,1.0,0.0,sieve2_sieve2,2.8903920935855196,2.6897256317611244,14.40396201384426,1.0,0.0,kernel_kernel,0.2989788887119679,0.09831242688757288,1.4899295377626034,0.0,0.0,sieve3_sieve3,0.8459524187041655,0.6452859568797704,4.215714031178015,1.0,0.0,kernel_sieve1,0.20066646182439504,0.0,0.9999999999950165,0.0,1.0,-0.3714285714285715,-0.2,0.0,-0.7944613465542746,-0.6445033866354897,0.0,0.08827348295047496,0.07161148740394328,1.0,-0.4285714285714286,-0.3333333333333333,0.0,-0.3768511731740915,-0.2760262237369417,0.0,,,,,,,
J,0,ok,16.1,b38d3cb,,,,,,,,,,,,,,rhc,,,0.04621211438787367,,,,,,,,,,,,,,,,,,,,,,,,,,,,,,,,,,,,,,,,,,,,,,,,,,,,,,,,,,,,,,,,,,,,,,,,,,,,,,,,,,,,,,,,,,,,,,,,,,,,,,,,,,,,,,,,,,,,,,,,,,,,,,,,,,,,,,,,,,,,,,,,,,,,,,,,,,,,,,,,,,,,,,,,,,,sieve1_sieve1,-1.7886398861789172,-2.6194534325151073,-0.9578263398427272,2112.451480529713,17.862206255670422,0.08805890983463915
J,1,ok,22.0,b38d3cb,,,,,,,,,,,,,,rhc,,,0.06516551424853548,,,,,,,,,,,,,,,,,,,,,,,,,,,,,,,,,,,,,,,,,,,,,,,,,,,,,,,,,,,,,,,,,,,,,,,,,,,,,,,,,,,,,,,,,,,,,,,,,,,,,,,,,,,,,,,,,,,,,,,,,,,,,,,,,,,,,,,,,,,,,,,,,,,,,,,,,,,,,,,,,,,,,,,,,,,sieve1_sieve1,-1.8174379560228462,-2.944928342671464,-0.6899475693742283,2078.4104897679144,17.26257545225239,0.0898481028080449
J,2,ok,21.5,b38d3cb,,,,,,,,,,,,,,rhc,,,0.052922482887509906,,,,,,,,,,,,,,,,,,,,,,,,,,,,,,,,,,,,,,,,,,,,,,,,,,,,,,,,,,,,,,,,,,,,,,,,,,,,,,,,,,,,,,,,,,,,,,,,,,,,,,,,,,,,,,,,,,,,,,,,,,,,,,,,,,,,,,,,,,,,,,,,,,,,,,,,,,,,,,,,,,,,,,,,,,,sieve1_sieve1,-2.183169677896597,-3.0550933934297633,-1.3112459623634307,2116.9562220789417,19.01562594800885,0.08485225466162372
J,3,ok,20.6,b38d3cb,,,,,,,,,,,,,,rhc,,,0.045128097724548864,,,,,,,,,,,,,,,,,,,,,,,,,,,,,,,,,,,,,,,,,,,,,,,,,,,,,,,,,,,,,,,,,,,,,,,,,,,,,,,,,,,,,,,,,,,,,,,,,,,,,,,,,,,,,,,,,,,,,,,,,,,,,,,,,,,,,,,,,,,,,,,,,,,,,,,,,,,,,,,,,,,,,,,,,,,sieve1_sieve1,-2.0604055023215215,-3.0326666764168158,-1.0881443282262273,2119.5009020313587,18.274708715774786,0.08660332282327976
J,4,ok,22.5,b38d3cb,,,,,,,,,,,,,,rhc,,,0.05560297910092417,,,,,,,,,,,,,,,,,,,,,,,,,,,,,,,,,,,,,,,,,,,,,,,,,,,,,,,,,,,,,,,,,,,,,,,,,,,,,,,,,,,,,,,,,,,,,,,,,,,,,,,,,,,,,,,,,,,,,,,,,,,,,,,,,,,,,,,,,,,,,,,,,,,,,,,,,,,,,,,,,,,,,,,,,,,sieve1_sieve1,-2.291898520397684,-3.1058366693858277,-1.4779603714095397,2111.2774296744365,17.982272208979968,0.08733374796859661
J,5,ok,22.7,b38d3cb,,,,,,,,,,,,,,rhc,,,0.05112392623532336,,,,,,,,,,,,,,,,,,,,,,,,,,,,,,,,,,,,,,,,,,,,,,,,,,,,,,,,,,,,,,,,,,,,,,,,,,,,,,,,,,,,,,,,,,,,,,,,,,,,,,,,,,,,,,,,,,,,,,,,,,,,,,,,,,,,,,,,,,,,,,,,,,,,,,,,,,,,,,,,,,,,,,,,,,,sieve1_sieve1,-1.7237051858475678,-2.612834123326048,-0.8345762483690876,2096.5084399686702,22.692475105607176,0.09274278087071364
J,6,ok,21.6,b38d3cb,,,,,,,,,,,,,,rhc,,,0.05568151605834269,,,,,,,,,,,,,,,,,,,,,,,,,,,,,,,,,,,,,,,,,,,,,,,,,,,,,,,,,,,,,,,,,,,,,,,,,,,,,,,,,,,,,,,,,,,,,,,,,,,,,,,,,,,,,,,,,,,,,,,,,,,,,,,,,,,,,,,,,,,,,,,,,,,,,,,,,,,,,,,,,,,,,,,,,,,sieve1_sieve1,-1.9217910095828727,-2.8734152613251895,-0.970166757840556,2090.322427564458,20.798744467130597,0.08935264563973999
J,7,ok,20.8,b38d3cb,,,,,,,,,,,,,,rhc,,,0.049206221550380784,,,,,,,,,,,,,,,,,,,,,,,,,,,,,,,,,,,,,,,,,,,,,,,,,,,,,,,,,,,,,,,,,,,,,,,,,,,,,,,,,,,,,,,,,,,,,,,,,,,,,,,,,,,,,,,,,,,,,,,,,,,,,,,,,,,,,,,,,,,,,,,,,,,,,,,,,,,,,,,,,,,,,,,,,,,sieve1_sieve1,-1.7387547818052236,-2.7077201730318485,-0.7697893905785989,2116.4423173637742,17.26331518718561,0.08198985740158327
J,8,ok,22.4,b38d3cb,,,,,,,,,,,,,,rhc,,,0.0467463993960617,,,,,,,,,,,,,,,,,,,,,,,,,,,,,,,,,,,,,,,,,,,,,,,,,,,,,,,,,,,,,,,,,,,,,,,,,,,,,,,,,,,,,,,,,,,,,,,,,,,,,,,,,,,,,,,,,,,,,,,,,,,,,,,,,,,,,,,,,,,,,,,,,,,,,,,,,,,,,,,,,,,,,,,,,,,sieve1_sieve1,-5.064503990629776,-8.762662052435912,-1.3663459288236393,2114.28064507466,18.44090240432699,0.08452837281281977
J,9,ok,36.7,b38d3cb,,,,,,,,,,,,,,rhc,,,0.049559234145402885,,,,,,,,,,,,,,,,,,,,,,,,,,,,,,,,,,,,,,,,,,,,,,,,,,,,,,,,,,,,,,,,,,,,,,,,,,,,,,,,,,,,,,,,,,,,,,,,,,,,,,,,,,,,,,,,,,,,,,,,,,,,,,,,,,,,,,,,,,,,,,,,,,,,,,,,,,,,,,,,,,,,,,,,,,,sieve1_sieve1,-1.6110489801477923,-2.8880521595185997,-0.33404580077698487,2111.626062980012,18.70108473929643,0.0734522917278676
J,10,ok,36.7,b38d3cb,,,,,,,,,,,,,,rhc,,,0.04962618439979012,,,,,,,,,,,,,,,,,,,,,,,,,,,,,,,,,,,,,,,,,,,,,,,,,,,,,,,,,,,,,,,,,,,,,,,,,,,,,,,,,,,,,,,,,,,,,,,,,,,,,,,,,,,,,,,,,,,,,,,,,,,,,,,,,,,,,,,,,,,,,,,,,,,,,,,,,,,,,,,,,,,,,,,,,,,sieve1_sieve1,-1.3591132228028229,-2.3010401652220955,-0.4171862803835503,2067.77577417855,18.160697255819233,0.08344219090006233
J,11,ok,36.3,b38d3cb,,,,,,,,,,,,,,rhc,,,0.052904683608408734,,,,,,,,,,,,,,,,,,,,,,,,,,,,,,,,,,,,,,,,,,,,,,,,,,,,,,,,,,,,,,,,,,,,,,,,,,,,,,,,,,,,,,,,,,,,,,,,,,,,,,,,,,,,,,,,,,,,,,,,,,,,,,,,,,,,,,,,,,,,,,,,,,,,,,,,,,,,,,,,,,,,,,,,,,,sieve1_sieve1,-2.0724279035351962,-2.927267165393937,-1.2175886416764556,2095.8915723089253,18.496008766856253,0.08751708887212284
J,12,ok,37.1,b38d3cb,,,,,,,,,,,,,,rhc,,,0.04994755545216292,,,,,,,,,,,,,,,,,,,,,,,,,,,,,,,,,,,,,,,,,,,,,,,,,,,,,,,,,,,,,,,,,,,,,,,,,,,,,,,,,,,,,,,,,,,,,,,,,,,,,,,,,,,,,,,,,,,,,,,,,,,,,,,,,,,,,,,,,,,,,,,,,,,,,,,,,,,,,,,,,,,,,,,,,,,sieve1_sieve1,-2.1312582017084925,-3.053381225550795,-1.2091351778661903,2111.7781481552847,18.190569542403054,0.08679666480536763
J,13,ok,37.1,b38d3cb,,,,,,,,,,,,,,rhc,,,0.04709072971044237,,,,,,,,,,,,,,,,,,,,,,,,,,,,,,,,,,,,,,,,,,,,,,,,,,,,,,,,,,,,,,,,,,,,,,,,,,,,,,,,,,,,,,,,,,,,,,,,,,,,,,,,,,,,,,,,,,,,,,,,,,,,,,,,,,,,,,,,,,,,,,,,,,,,,,,,,,,,,,,,,,,,,,,,,,,sieve1_sieve1,-2.286371105864808,-3.2047566153252642,-1.3679855964043517,2118.8797931118575,17.175674091994843,0.07122490195967301
J,14,ok,36.3,b38d3cb,,,,,,,,,,,,,,rhc,,,0.04833181766886348,,,,,,,,,,,,,,,,,,,,,,,,,,,,,,,,,,,,,,,,,,,,,,,,,,,,,,,,,,,,,,,,,,,,,,,,,,,,,,,,,,,,,,,,,,,,,,,,,,,,,,,,,,,,,,,,,,,,,,,,,,,,,,,,,,,,,,,,,,,,,,,,,,,,,,,,,,,,,,,,,,,,,,,,,,,sieve1_sieve1,-1.7894758225484584,-2.708686516700903,-0.8702651283960138,2090.346704227286,19.88624118876988,0.09771841742019172
J,15,ok,37.0,b38d3cb,,,,,,,,,,,,,,rhc,,,0.04742960894245579,,,,,,,,,,,,,,,,,,,,,,,,,,,,,,,,,,,,,,,,,,,,,,,,,,,,,,,,,,,,,,,,,,,,,,,,,,,,,,,,,,,,,,,,,,,,,,,,,,,,,,,,,,,,,,,,,,,,,,,,,,,,,,,,,,,,,,,,,,,,,,,,,,,,,,,,,,,,,,,,,,,,,,,,,,,sieve1_sieve1,-1.7709859984759881,-2.934140399037536,-0.6078315979144402,2075.0249303768614,17.635963915421062,0.05869058940481753
J,16,ok,36.7,b38d3cb,,,,,,,,,,,,,,rhc,,,0.05226509079267233,,,,,,,,,,,,,,,,,,,,,,,,,,,,,,,,,,,,,,,,,,,,,,,,,,,,,,,,,,,,,,,,,,,,,,,,,,,,,,,,,,,,,,,,,,,,,,,,,,,,,,,,,,,,,,,,,,,,,,,,,,,,,,,,,,,,,,,,,,,,,,,,,,,,,,,,,,,,,,,,,,,,,,,,,,,sieve1_sieve1,-1.9700574531472599,-2.8199391628018837,-1.120175743492636,2115.3519546840776,16.665663121689008,0.08268312981106207
J,17,ok,47.9,b38d3cb,,,,,,,,,,,,,,rhc,,,0.0382944439153901,,,,,,,,,,,,,,,,,,,,,,,,,,,,,,,,,,,,,,,,,,,,,,,,,,,,,,,,,,,,,,,,,,,,,,,,,,,,,,,,,,,,,,,,,,,,,,,,,,,,,,,,,,,,,,,,,,,,,,,,,,,,,,,,,,,,,,,,,,,,,,,,,,,,,,,,,,,,,,,,,,,,,,,,,,,sieve1_sieve1,-2.0230086313104443,-2.9324578931212884,-1.1135593694996004,2127.4958066968593,17.532159052122825,0.07609576967921294
J,18,ok,44.9,b38d3cb,,,,,,,,,,,,,,rhc,,,0.04686770608397671,,,,,,,,,,,,,,,,,,,,,,,,,,,,,,,,,,,,,,,,,,,,,,,,,,,,,,,,,,,,,,,,,,,,,,,,,,,,,,,,,,,,,,,,,,,,,,,,,,,,,,,,,,,,,,,,,,,,,,,,,,,,,,,,,,,,,,,,,,,,,,,,,,,,,,,,,,,,,,,,,,,,,,,,,,,sieve1_sieve1,-2.9540024892921095,-5.2956608675963555,-0.6123441109878631,2083.8740216895717,20.40272190620159,0.09099607067435067
J,19,ok,49.3,b38d3cb,,,,,,,,,,,,,,rhc,,,0.047598982153196065,,,,,,,,,,,,,,,,,,,,,,,,,,,,,,,,,,,,,,,,,,,,,,,,,,,,,,,,,,,,,,,,,,,,,,,,,,,,,,,,,,,,,,,,,,,,,,,,,,,,,,,,,,,,,,,,,,,,,,,,,,,,,,,,,,,,,,,,,,,,,,,,,,,,,,,,,,,,,,,,,,,,,,,,,,,sieve1_sieve1,-1.2244626744719826,-4.360547092159264,1.9116217432152989,2119.9240471531166,19.537102360106964,0.0913352206026462
J,20,ok,50.2,b38d3cb,,,,,,,,,,,,,,rhc,,,0.04663541257478184,,,,,,,,,,,,,,,,,,,,,,,,,,,,,,,,,,,,,,,,,,,,,,,,,,,,,,,,,,,,,,,,,,,,,,,,,,,,,,,,,,,,,,,,,,,,,,,,,,,,,,,,,,,,,,,,,,,,,,,,,,,,,,,,,,,,,,,,,,,,,,,,,,,,,,,,,,,,,,,,,,,,,,,,,,,sieve1_sieve1,-1.7062682264405427,-3.0684473525681204,-0.34408910031296513,2109.7289119254087,20.454356668167282,0.08765313103462158
J,21,ok,50.4,b38d3cb,,,,,,,,,,,,,,rhc,,,0.04505465267966299,,,,,,,,,,,,,,,,,,,,,,,,,,,,,,,,,,,,,,,,,,,,,,,,,,,,,,,,,,,,,,,,,,,,,,,,,,,,,,,,,,,,,,,,,,,,,,,,,,,,,,,,,,,,,,,,,,,,,,,,,,,,,,,,,,,,,,,,,,,,,,,,,,,,,,,,,,,,,,,,,,,,,,,,,,,sieve1_sieve1,-2.111761749027505,-3.0410558904648606,-1.1824676075901492,2104.9899652815593,18.467084126004615,0.08626726001093676
J,22,ok,52.5,b38d3cb,,,,,,,,,,,,,,rhc,,,0.050222798123355006,,,,,,,,,,,,,,,,,,,,,,,,,,,,,,,,,,,,,,,,,,,,,,,,,,,,,,,,,,,,,,,,,,,,,,,,,,,,,,,,,,,,,,,,,,,,,,,,,,,,,,,,,,,,,,,,,,,,,,,,,,,,,,,,,,,,,,,,,,,,,,,,,,,,,,,,,,,,,,,,,,,,,,,,,,,sieve1_sieve1,-2.2729268911098317,-3.3955269943659934,-1.15032678785367,2093.8350347199857,18.816519512874326,0.07717238703773532
J,23,ok,51.7,b38d3cb,,,,,,,,,,,,,,rhc,,,0.0445526712808573,,,,,,,,,,,,,,,,,,,,,,,,,,,,,,,,,,,,,,,,,,,,,,,,,,,,,,,,,,,,,,,,,,,,,,,,,,,,,,,,,,,,,,,,,,,,,,,,,,,,,,,,,,,,,,,,,,,,,,,,,,,,,,,,,,,,,,,,,,,,,,,,,,,,,,,,,,,,,,,,,,,,,,,,,,,sieve1_sieve1,-1.8422283382451343,-2.7178010961755046,-0.9666555803147638,2108.93877604679,18.184504542069405,0.08364570078727018
J,24,ok,49.3,b38d3cb,,,,,,,,,,,,,,rhc,,,0.05234413952056319,,,,,,,,,,,,,,,,,,,,,,,,,,,,,,,,,,,,,,,,,,,,,,,,,,,,,,,,,,,,,,,,,,,,,,,,,,,,,,,,,,,,,,,,,,,,,,,,,,,,,,,,,,,,,,,,,,,,,,,,,,,,,,,,,,,,,,,,,,,,,,,,,,,,,,,,,,,,,,,,,,,,,,,,,,,sieve1_sieve1,-2.028504459874993,-2.8738279381990264,-1.1831809815509597,2100.488536586619,20.378362603556926,0.07883535532490016
