study,seed,candidate,D_h_rff_l2,D_q_rff_l2,pehe,ate_err,ate1,ate1_lo,ate1_hi,q_balance,ess,max_q
B,0,kernel_kernel,0.05396174328701505,0.22221456068585732,0.9953068645821198,0.4025369462044755,0.1480707703091289,-0.03956397871761655,0.33570551933587434,0.41328592487176263,373.907434537442,3.2805724143981934
B,0,kernel_sieve1,0.05396174328701505,0.039976115536393304,0.9282717215895202,0.2066432252861443,0.6574669231124985,0.16093751444923998,1.1539963317757571,0.11763167374004951,233.70947069173673,23.03573390639899
B,0,sieve1_kernel,0.04114066014975294,0.22221456068585732,0.5913699034746467,0.10325466778648584,0.832623855111443,0.7214211498723921,0.9438265603504938,0.41328592487176263,373.907434537442,3.2805724143981934
B,0,sieve1_sieve1,0.04114066014975294,0.039976115536393304,0.5558485417527479,0.19072737167463916,0.7424806720884083,0.4666536333792562,1.0183077107975604,0.11763167374004951,233.70947069173673,23.03573390639899
B,0,sieve2_sieve2,0.041731747550297016,0.08101685302539531,0.6676063087158585,2.731179921405321,3.3410570535404918,0.7047091566622439,5.977404950418739,0.8493546824283085,149.44541608111203,50.0
B,0,sieve3_sieve3,0.031404136127552135,0.045186618047073836,5.401655110833136,0.1760210285275301,0.6145946678379696,-0.24620760991287616,1.4753969455888152,0.21238805973249517,140.07525604982737,50.0
B,1,kernel_kernel,0.05661462085751547,0.22620120710264688,1.0964545281652076,0.23999195279948093,0.47136922377216617,0.2749113976656112,0.6678270498787211,0.416126834154129,373.6997788297676,3.073991298675537
B,1,kernel_sieve1,0.05661462085751547,0.036553015211655875,0.5229769742585931,0.08755977098194266,0.8662307379159232,0.42295561763093315,1.3095058582009131,0.09424089942801867,242.72869869264647,24.512524661935593
B,1,sieve1_kernel,0.027084984742174748,0.22620120710264688,0.6966265620092913,0.054403223274326624,0.887302711865979,0.7596167069303827,1.0149887168015752,0.416126834154129,373.6997788297676,3.073991298675537
B,1,sieve1_sieve1,0.027084984742174748,0.036553015211655875,0.7613735809349459,0.07382204532615792,0.8841633590240666,0.623515024485978,1.1448116935621553,0.09424089942801867,242.72869869264647,24.512524661935593
B,1,sieve2_sieve2,0.03418546363921613,0.07178051829645518,0.7161592721713756,0.1283620525242126,0.9539466843389279,-0.08023392868319168,1.9881272973610475,0.695703585900171,150.41736548398944,50.0
B,1,sieve3_sieve3,0.03291007406387327,0.044527854173899144,2.1259610599074144,0.6144398901284286,1.7046813534587388,0.46190599076633165,2.9474567161511462,0.22879800237709125,143.55144279811964,50.0
B,2,kernel_kernel,0.05650065668286347,0.21600896452286253,0.8140787618584219,0.20484663099256906,0.5853224549366602,0.3926597610395447,0.7779851488337758,0.40817146027088164,373.89852056024847,3.1684815883636475
B,2,kernel_sieve1,0.05650065668286347,0.037006067346213666,0.6825746827125804,0.07510494850600934,0.836657101445739,0.4227179132606603,1.2505962896308178,0.0942373738911308,243.51847303813375,23.333189362028442
B,2,sieve1_kernel,0.032075144621464484,0.21600896452286253,0.5595046506698039,0.08459889837333184,0.8270906190926526,0.7056454477060159,0.9485357904792893,0.40817146027088164,373.89852056024847,3.1684815883636475
B,2,sieve1_sieve1,0.032075144621464484,0.037006067346213666,0.5763728771660362,0.07659394663619787,0.8398746596657675,0.5701201722138307,1.1096291471177042,0.0942373738911308,243.51847303813375,23.333189362028442
B,2,sieve2_sieve2,0.02929507788428577,0.08167861769301267,0.6683926757785641,0.3302621727171518,1.3022726470727193,-0.2395678682313893,2.8441131623768277,0.8563293246837742,156.86809186432004,50.0
B,2,sieve3_sieve3,0.033706847127826574,0.04989634204656829,1.2133207338289325,0.4610947324741286,1.4898946469510848,-0.12901739752889574,3.1088066914310652,0.3296377675128238,148.99308437501114,50.0
B,3,kernel_kernel,0.058143281594161315,0.21565374686286023,0.9244400428959274,0.276239550804604,0.39045890866929367,0.1983970646018082,0.5825207527367792,0.4048969188928604,373.4598591244671,3.398416042327881
B,3,kernel_sieve1,0.058143281594161315,0.039796955948283703,0.5671419111211745,0.1409186943872357,0.8677269646183046,0.41582019849059354,1.3196337307460155,0.10340282727526223,235.9306369991089,27.61428769565162
B,3,sieve1_kernel,0.03497002383031695,0.21565374686286023,0.6291077325011298,0.09301186913789661,0.9435400882499798,0.8219083988983313,1.0651717776016283,0.4048969188928604,373.4598591244671,3.398416042327881
B,3,sieve1_sieve1,0.03497002383031695,0.039796955948283703,0.5079645154385112,0.06170855322444827,0.8940159168924695,0.6165883437534151,1.1714434900315238,0.10340282727526223,235.9306369991089,27.61428769565162
B,3,sieve2_sieve2,0.03799932871645425,0.07159789393804261,0.8155877561285096,3.0393474889075285,-2.3341738844742865,-5.622914602331813,0.95456683338324,0.6701012523955144,151.19093962088644,50.0
B,3,sieve3_sieve3,0.03575192575019916,0.04613713314840038,0.6338439558399214,0.25049810771540626,1.329517155128773,0.45265949229045577,2.2063748179670903,0.2265851627714466,143.85955419320143,50.0
B,4,kernel_kernel,0.05400039742156241,0.21971627901107757,0.8070289445892975,0.371864068575295,0.5468389720253466,0.35072475925041435,0.7429531848002788,0.40943979463974634,373.81061574528496,3.0838050842285156
B,4,kernel_sieve1,0.05400039742156241,0.03802460344484088,1.055141346297347,0.13377964033540343,0.9943412477656365,0.5033238513442795,1.4853586441869935,0.1106467179288374,234.5800367202376,27.817676008223575
B,4,sieve1_kernel,0.03148737868740358,0.21971627901107757,0.5386577105193268,0.12205341416593658,1.0267303239554997,0.9069040651236273,1.146556582787372,0.40943979463974634,373.81061574528496,3.0838050842285156
B,4,sieve1_sieve1,0.03148737868740358,0.03802460344484088,0.5194737424691347,0.1594686941868832,1.123969978382738,0.8537078122884678,1.394232144477008,0.1106467179288374,234.5800367202376,27.817676008223575
B,4,sieve2_sieve2,0.035856352269584765,0.07831418900334404,4.288158655536519,0.07515900801734916,1.0552649931993974,0.22141889420054517,1.8891110921982497,0.7567353285681846,159.75598472543703,50.0
B,4,sieve3_sieve3,0.03659038031518872,0.04402633577784034,0.8517787793498987,0.5080117996924194,0.33556390901859906,-0.6551020999482067,1.326229917985405,0.25659521282977826,145.57126983186598,50.0
B,5,kernel_kernel,0.05956515617867161,0.2192568734372672,0.8377812556342324,0.27546512966891057,0.50577272332971,0.3162506707980991,0.6952947758613209,0.4106588284969329,373.9720150610188,3.087144374847412
B,5,kernel_sieve1,0.05956515617867161,0.0413870196772597,0.627211498755512,0.12737981404082258,1.0761673807385832,0.6106727562004733,1.541662005276693,0.10635176286198039,240.0843893941981,22.522228368652193
B,5,sieve1_kernel,0.03470713672173877,0.2192568734372672,0.6735374616325795,0.0633263613683704,1.1248754047425187,1.00870100228519,1.2410498071998473,0.4106588284969329,373.9720150610188,3.087144374847412
B,5,sieve1_sieve1,0.03470713672173877,0.0413870196772597,1.0698257491533318,0.02235574265799702,1.0340056132262334,0.780322663648612,1.2876885628038548,0.10635176286198039,240.0843893941981,22.522228368652193
B,5,sieve2_sieve2,0.030437131228401037,0.08350401988348848,1.8410241978460997,0.5962567456198672,0.6833245694454366,-0.3815052407791386,1.7481543796700119,0.8948244985034216,155.2510886153962,50.0
B,5,sieve3_sieve3,0.034908025444824485,0.04634428994015933,1.2407572144246197,0.14886683979643253,0.7632548350896569,-0.1334410746991388,1.6599507448784525,0.28850676750254844,142.876714657217,50.0
B,6,kernel_kernel,0.05625860581556475,0.22262083019694398,0.7672355179297959,0.3352606093041383,0.3295723107602546,0.13540930832676942,0.5237353131937398,0.4138740101655324,374.05190956965214,2.8835229873657227
B,6,kernel_sieve1,0.05625860581556475,0.04044060973188497,1.0701708470848432,0.12109577057804773,1.0242975827026828,0.5939183039699512,1.4546768614354144,0.09915299694649427,248.070071556111,21.35694436028357
B,6,sieve1_kernel,0.038184598836816575,0.22262083019694398,0.5180711250804318,0.10594298423509026,1.0663100185281655,0.9402857617258259,1.192334275330505,0.4138740101655324,374.05190956965214,2.8835229873657227
B,6,sieve1_sieve1,0.038184598836816575,0.04044060973188497,0.6848265088365079,0.1507548070091134,1.138266559282981,0.8663530936776553,1.4101800248883067,0.09915299694649427,248.070071556111,21.35694436028357
B,6,sieve2_sieve2,0.035194526578077666,0.08096838006020164,0.720663738416401,0.4622122162679896,0.5120765160972777,-1.1065649489210956,2.130717981115651,0.8129795636883443,150.6775707533083,50.0
B,6,sieve3_sieve3,0.029994732199271918,0.049133349816783724,0.7635730005953129,0.29952019764675525,0.5180534665221328,-0.5587412793170985,1.594848212361364,0.20470582699904485,150.17551986584596,50.0
B,7,kernel_kernel,0.05496228790478127,0.21779596592945513,0.6462860693179566,0.3044367073102276,0.3873828538691794,0.20031945335758974,0.5744462543807691,0.408435522476832,373.67497188656824,3.0782389640808105
B,7,kernel_sieve1,0.05496228790478127,0.04752247464995218,0.5540086619907643,0.13426326878322495,1.0327219904207916,0.5276594057595644,1.5377845750820187,0.11208257732222976,241.73522719706054,32.20027864813779
B,7,sieve1_kernel,0.03037666622917312,0.21779596592945513,0.610267352330798,0.19057614288042912,1.1270562760909644,1.0122004725366185,1.2419120796453103,0.408435522476832,373.67497188656824,3.0782389640808105
B,7,sieve1_sieve1,0.03037666622917312,0.04752247464995218,0.6445276065866546,0.20974623088569233,1.1932984734575052,0.8885856041502256,1.4980113427647848,0.11208257732222976,241.73522719706054,32.20027864813779
B,7,sieve2_sieve2,0.03377469681694223,0.07623589667406773,1.9012059668372765,0.27486001867580345,1.135771535911778,-0.7312138084985069,3.002756880322063,0.79595781115431,149.89777287765435,50.0
B,7,sieve3_sieve3,0.035516399376961987,0.049669303003734615,1.3545058074082785,0.9710908994485482,2.448207979137184,1.0376840221696597,3.858731936104708,0.2715724975919891,143.3758910595648,50.0
B,8,kernel_kernel,0.05865977027458157,0.22964990640200897,0.7588203977817854,0.2584077952542641,0.326485242995674,0.13578036956890693,0.5171901164224411,0.42169194865226745,373.5528523708437,3.171325922012329
B,8,kernel_sieve1,0.05865977027458157,0.04567365150626573,0.6181080310795823,0.30789773996959685,0.5958538176101864,0.16393610263687325,1.0277715325834995,0.07716276657296595,247.45968599830326,21.656092506151094
B,8,sieve1_kernel,0.04005236544421992,0.22964990640200897,0.6968040552645272,0.24719622287568258,0.705501041467962,0.5899655567084781,0.8210365262274459,0.42169194865226745,373.5528523708437,3.171325922012329
B,8,sieve1_sieve1,0.04005236544421992,0.04567365150626573,0.6094716408648831,0.2416086319686821,0.7006060264828555,0.4543981058783514,0.9468139470873597,0.07716276657296595,247.45968599830326,21.656092506151094
B,8,sieve2_sieve2,0.03914989145980446,0.07729952486316603,1.257963867292744,2.0609126667644753,-1.0148041702815211,-3.5498879805652197,1.5202796400021774,0.7688771160012988,162.54881081922397,50.0
B,8,sieve3_sieve3,0.03503678694331631,0.044891316144353655,8.143970082051457,0.7419366561184554,1.1749820442318437,-0.30377133523264277,2.65373542369633,0.26749507272783735,143.8873559074253,50.0
B,9,kernel_kernel,0.054788020030654694,0.21200085035698268,1.2917136907469575,0.352618284451993,0.30837141168161464,0.11036314157187518,0.5063796817913541,0.4014385968844096,373.91285714193464,3.1302144527435303
B,9,kernel_sieve1,0.054788020030654694,0.03920390168012821,0.49250670985510014,0.06306366945149901,0.8942390840602796,0.4108820190121641,1.3775961491083952,0.09490806027032167,245.20106646175617,28.053203915705193
B,9,sieve1_kernel,0.03131686133648126,0.21200085035698268,0.5471020548458972,0.04392726363462251,0.9529988598230766,0.8364658247802537,1.0695318948658996,0.4014385968844096,373.91285714193464,3.1302144527435303
B,9,sieve1_sieve1,0.03131686133648126,0.03920390168012821,0.5186031834941094,0.03286441202259393,0.9630053312235771,0.6898254350284858,1.2361852274186684,0.09490806027032167,245.20106646175617,28.053203915705193
B,9,sieve2_sieve2,0.03361004236868755,0.07234577133606228,0.7100292657987813,0.1611000203963359,0.7524647009874676,-0.5508409278587889,2.055770329833724,0.7335248416851414,144.76454319145506,50.0
B,9,sieve3_sieve3,0.03197604130962695,0.04438005013427432,6.161252789661044,0.31309012939483444,1.2498636986294862,0.06205025966867628,2.4376771375902964,0.26180052431129064,135.67607557494148,50.0
B,10,kernel_kernel,0.05565333580162412,0.21161121549010706,1.006077120745716,0.26465444368318686,0.5093715414071509,0.32600962766482317,0.6927334551494786,0.4003533178567886,373.8173704562986,3.0365686416625977
B,10,kernel_sieve1,0.05565333580162412,0.04448539533422532,1.061137890837509,0.07505015802581465,0.8824964792737143,0.38920379373457537,1.3757891648128533,0.11737979845121727,234.0551648680592,27.950928030387107
B,10,sieve1_kernel,0.03513193533389731,0.21161121549010706,0.733752611974721,0.07483490811072467,0.8546870863958429,0.7300229959603609,0.9793511768313249,0.4003533178567886,373.8173704562986,3.0365686416625977
B,10,sieve1_sieve1,0.03513193533389731,0.04448539533422532,0.8087273866047547,0.11919519237943782,0.8577674843806381,0.5566705262510224,1.1588644425102537,0.11737979845121727,234.0551648680592,27.950928030387107
B,10,sieve2_sieve2,0.03661416177917499,0.07606520222076375,0.6004735284708073,0.4982801405694135,1.9560838759878498,0.8890088549842718,3.023158896991428,0.7580895020029432,150.0440764951939,50.0
B,10,sieve3_sieve3,0.03557025987283401,0.046482253371865324,0.71469531533269,0.7105973192219048,0.6404712533199762,-0.17403491177226182,1.4549774184122142,0.17959370123630033,144.67267380763923,50.0
B,11,kernel_kernel,0.057955706635329264,0.20921352854910133,0.6904691844186699,0.3033073530715908,0.39165008806043444,0.19265145290071106,0.5906487232201578,0.39626551373799646,373.8424932354543,3.3055927753448486
B,11,kernel_sieve1,0.057955706635329264,0.03985359074272984,0.5864053917813365,0.10744158463587321,0.8842752375510903,0.42201580534371536,1.3465346697584653,0.111854917565057,227.2835621475732,26.12977534356834
B,11,sieve1_kernel,0.038083590679003416,0.20921352854910133,0.5442946748255804,0.090192460271803,0.9456441889028614,0.8258008410599903,1.0654875367457324,0.39626551373799646,373.8424932354543,3.3055927753448486
B,11,sieve1_sieve1,0.038083590679003416,0.03985359074272984,0.5020932027886962,0.07100755457580492,0.9664046576022879,0.6829308049567002,1.2498785102478756,0.111854917565057,227.2835621475732,26.12977534356834
B,11,sieve2_sieve2,0.037408663846716136,0.07516193363699929,1.3016829846691853,1.7154318802856754,2.0197744277060194,0.3120396314120233,3.7275092240000154,0.7281714875923464,150.3834109537631,50.0
B,11,sieve3_sieve3,0.03977273978934111,0.04479912711262333,2.2813551814573105,0.6602654705758392,0.9894820860331107,0.0025185564091078083,1.9764456156571137,0.22067445103846586,139.48373580375994,50.0
C,0,kernel_kernel,0.0788510327768557,0.2208141065861826,0.8321614176145348,0.5568362557769763,0.6261138776788329,0.4369828161673788,0.815244939190287,0.413209728717804,374.02374125149635,2.91908860206604
C,0,kernel_sieve1,0.0788510327768557,0.038500809527516756,0.7752530933488395,0.20596916466633894,1.3806904280057217,0.93454576123952,1.8268350947719234,0.10987065137492624,239.7588262496404,25.196353413957567
C,0,sieve1_kernel,0.03418919440644721,0.2208141065861826,0.5177881631669112,0.3361541613253933,1.3975821072980184,1.2732216624014379,1.5219425521945988,0.413209728717804,374.02374125149635,2.91908860206604
C,0,sieve1_sieve1,0.03418919440644721,0.038500809527516756,0.5245333184733758,0.21574869698636054,1.2326815484999583,0.9455551009468257,1.5198079960530908,0.10987065137492624,239.7588262496404,25.196353413957567
C,0,sieve2_sieve2,0.035639797699979575,0.08132112474878221,1.4103464326315904,1.3794328260384774,1.6374369160782363,0.8040522602483738,2.4708215719080986,0.851914683399607,152.819601977609,50.0
C,0,sieve3_sieve3,0.032645225215501866,0.04438205461363264,0.7456484395078029,0.6931924017828361,1.407661995962529,0.34108838958985666,2.4742356023352015,0.24342110759374247,152.8137582323446,50.0
C,1,kernel_kernel,0.0820613367591738,0.22730768826570258,0.8646004949767662,0.49138576784521043,0.6586098618736571,0.4623691243737369,0.8548505993735773,0.42000994767745337,373.6080069403357,2.988490343093872
C,1,kernel_sieve1,0.0820613367591738,0.040518704937763446,1.3235074044585982,0.12672576558602378,1.0463585878357362,0.5560002499937209,1.5367169256777515,0.11822409049098304,242.88046673166662,36.831713245424226
C,1,sieve1_kernel,0.03060388570897703,0.22730768826570258,0.45737627906743533,0.1431563371441447,1.019078779092144,0.907448638232338,1.13070891995195,0.42000994767745337,373.6080069403357,2.988490343093872
C,1,sieve1_sieve1,0.03060388570897703,0.040518704937763446,0.6022765324415893,0.12220955156455167,1.0059129696810643,0.7242747290394749,1.2875512103226536,0.11822409049098304,242.88046673166662,36.831713245424226
C,1,sieve2_sieve2,0.029324218466287775,0.07593969023481058,2.677117123497697,0.3459293336693596,1.1544770248414993,0.25364831200731963,2.055305737675679,0.8070434321208215,145.24365666742688,50.0
C,1,sieve3_sieve3,0.03137585413961599,0.04379481084320827,0.9129353756945928,0.8892681343513207,-0.1572695782672343,-1.5281440720712745,1.2136049155368056,0.23210587815793632,145.75354140719946,50.0
C,2,kernel_kernel,0.07856260846604046,0.21394633242404573,0.7304696384404794,0.5530181487174184,0.7941869552745945,0.6027283239350771,0.9856455866141118,0.40541377218564356,373.9195362449672,3.1351330280303955
C,2,kernel_sieve1,0.07856260846604046,0.03955370029029812,0.6172833615560587,0.09721719715034179,1.1566561828860291,0.7226239414933648,1.5906884242786934,0.0797343268731267,238.96332073557357,26.578432431061454
C,2,sieve1_kernel,0.02880088113476258,0.21394633242404573,0.4418352671928412,0.1007232218548421,1.1140803524835363,0.9935200160070895,1.234640688959983,0.40541377218564356,373.9195362449672,3.1351330280303955
C,2,sieve1_sieve1,0.02880088113476258,0.03955370029029812,0.8579529669980467,0.13204480069920851,1.0945310461527542,0.8220482238731763,1.367013868432332,0.0797343268731267,238.96332073557357,26.578432431061454
C,2,sieve2_sieve2,0.03615912891706244,0.07286858573181386,0.9991717193467968,0.8541467978112123,-0.16663389084961205,-1.46606670651169,1.1327989248124657,0.7278446017709537,150.66765854504743,50.0
C,2,sieve3_sieve3,0.03129536073259222,0.043050822016918844,1.5350174081865848,0.9278542842167772,1.8250510533229956,0.9914578630530616,2.6586442435929296,0.19128151224063672,144.38912683513902,50.0
C,3,kernel_kernel,0.07711461300934526,0.2143277737914817,1.0017317771811816,0.7639914055272747,0.32579924363174867,0.13824515440057714,0.5133533328629202,0.40335773330926894,373.18179066245915,3.3149709701538086
C,3,kernel_sieve1,0.07711461300934526,0.04202836239690857,0.6000166930489292,0.15369074355381437,0.9009153297221945,0.47782342658519966,1.3240072328591892,0.10355672705034535,241.9517419357186,22.440206422358155
C,3,sieve1_kernel,0.03244232015212389,0.2143277737914817,0.5008264947265991,0.07380605139491499,0.8678258367612864,0.7495728153384337,0.9860788581841392,0.40335773330926894,373.18179066245915,3.3149709701538086
C,3,sieve1_sieve1,0.03244232015212389,0.04202836239690857,0.5265696256780001,0.07829991579808637,0.7955985445546688,0.5131858141547858,1.0780112749545518,0.10355672705034535,241.9517419357186,22.440206422358155
C,3,sieve2_sieve2,0.03354293531917344,0.08040901422459833,5.816525237399899,0.4885277637101357,1.419455978792613,0.4811068109133605,2.3578051466718657,0.8451559634228203,153.312832588876,50.0
C,3,sieve3_sieve3,0.04532216633739633,0.05537924794317709,0.7108496455117763,0.17269422606333415,1.0847180589973273,-0.5469630529153833,2.716399170910038,0.3705535788354408,149.39701843484258,50.0
C,4,kernel_kernel,0.07181443949251308,0.21828438664827407,1.1894349842390077,0.5808749449819428,0.6153048125194107,0.429740327856574,0.8008692971822474,0.4092193225622177,373.85318980397795,2.9390358924865723
C,4,kernel_sieve1,0.07181443949251308,0.06090545992292603,1.3369269307056202,0.300100026179759,0.6951566576339445,0.25968837679060386,1.1306249384772853,0.11011522322121581,247.8031361317553,24.317080715441172
C,4,sieve1_kernel,0.0380752487220087,0.21828438664827407,0.5168723704469704,0.1353407959213515,0.8650042169289163,0.7457722835638796,0.984236150293953,0.4092193225622177,373.85318980397795,2.9390358924865723
C,4,sieve1_sieve1,0.0380752487220087,0.06090545992292603,0.4463235504861912,0.16879386605826538,0.8582688892924938,0.5898403488236494,1.1266974297613381,0.11011522322121581,247.8031361317553,24.317080715441172
C,4,sieve2_sieve2,0.03586439267505039,0.0823835102059118,0.6652679028367781,0.14959620070589633,1.0451036379047294,-0.5283538882458332,2.6185611640552917,0.8564836848239044,159.22613691180533,50.0
C,4,sieve3_sieve3,0.03847177475680675,0.03913278291552403,0.738334238589779,0.4891290084452867,1.490168048342345,0.6000147392119203,2.3803213574727695,0.11119930053454613,141.04681242612844,50.0
C,5,kernel_kernel,0.07776249778786913,0.21511695036375014,1.3195053264811896,0.5389312486468126,0.6555722975847125,0.46120165541334324,0.8499429397560817,0.40720205652713776,373.9927537367787,3.16733455657959
C,5,kernel_sieve1,0.07776249778786913,0.03477086873536305,0.5323983249813247,0.11525399412329573,1.0040785047702365,0.585779208731729,1.4223778008087442,0.0871969003923741,245.0990000984179,24.63129744795207
C,5,sieve1_kernel,0.05072746999452176,0.21511695036375014,0.5547902702533662,0.04805529613558864,0.9342465134175871,0.8137704099966154,1.0547226168385588,0.40720205652713776,373.9927537367787,3.16733455657959
C,5,sieve1_sieve1,0.05072746999452176,0.03477086873536305,0.47825979022285553,0.0518268831506552,0.9352697462377294,0.6708265456446174,1.1997129468308414,0.0871969003923741,245.0990000984179,24.63129744795207
C,5,sieve2_sieve2,0.038931615703632884,0.0834987344925789,0.7636574665227215,0.9493285780243058,2.0449756274815334,0.9580346669129722,3.1319165880500943,0.8741788823678329,154.97939154640252,50.0
C,5,sieve3_sieve3,0.03885264369780629,0.0428031292828377,0.8991585268961967,0.2878124093799345,0.6767050140358987,-0.5631462122809755,1.9165562403527727,0.24456514613732805,137.92771090180986,50.0
C,6,kernel_kernel,0.07444727752253416,0.22176787854830415,0.7357859625451598,0.5738832855883956,0.5693703462596169,0.38756170240005483,0.751178990119179,0.4140976710716883,374.07062833987453,2.845824956893921
C,6,kernel_sieve1,0.07444727752253416,0.04572456224810916,0.6123239993884503,0.13886059058943898,1.2085647002295594,0.7595514187856809,1.657577981673438,0.10703104660524193,238.17873308862306,23.478410978682486
C,6,sieve1_kernel,0.03243134537602937,0.22176787854830415,0.46211618802217985,0.1045143651844147,1.1486454127461618,1.0344025688094358,1.2628882566828878,0.4140976710716883,374.07062833987453,2.845824956893921
C,6,sieve1_sieve1,0.03243134537602937,0.04572456224810916,0.4318377380695945,0.10696750027146125,1.1747027122953986,0.9051229131063738,1.4442825114844233,0.10703104660524193,238.17873308862306,23.478410978682486
C,6,sieve2_sieve2,0.03831240656388181,0.07692038562084108,0.9327702712950777,0.315981175271629,1.7852686038583505,0.676233735810172,2.894303471906529,0.740154666665942,157.6871750192098,50.0
C,6,sieve3_sieve3,0.03387681517950355,0.04333354361302454,0.5233860795863957,0.2582115238014268,1.0111904488740668,0.21207790328664988,1.810302994461484,0.24755281022935016,150.60579850491365,50.0
C,7,kernel_kernel,0.07009857777408406,0.215843963407603,1.1415668601288151,0.5354189490549522,0.5867524255265554,0.4024922788939538,0.771012572159157,0.40755571190516154,373.40625417451025,3.0762932300567627
C,7,kernel_sieve1,0.07009857777408406,0.039236916800630434,0.9757091554076881,0.13141414902385226,1.1428681411757537,0.7441933848578042,1.5415428974937033,0.09134836286583942,248.13579299570017,23.944247342315425
C,7,sieve1_kernel,0.030600102665052753,0.215843963407603,0.5180817378496242,0.14193521011806734,1.2632015468467295,1.1493573403680812,1.3770457533253777,0.40755571190516154,373.40625417451025,3.0762932300567627
C,7,sieve1_sieve1,0.030600102665052753,0.039236916800630434,0.5066187027606763,0.13097876403269101,1.2724160471126684,1.0024367311638853,1.5423953630614515,0.09134836286583942,248.13579299570017,23.944247342315425
C,7,sieve2_sieve2,0.03166887965999263,0.07662764824100021,1.4306139777089049,1.2502357256171566,2.907462028880913,-0.6059889783931918,6.420913036155017,0.7741827855234826,153.012773694103,50.0
C,7,sieve3_sieve3,0.03440090215565014,0.03780053477654435,1.0461562629101209,0.2917375791282037,1.486573913683557,0.5300325214855578,2.4431153058815562,0.16974543502634265,141.93053014172474,50.0
C,8,kernel_kernel,0.07079397546346568,0.22824915580052005,1.349847792502655,0.6657691694055837,0.47622361037117555,0.2892437964695873,0.6632034242727638,0.4220887912114461,373.7204197755819,2.9992520809173584
C,8,kernel_sieve1,0.07079397546346568,0.03625387486836439,0.632880738406794,0.1953745408568804,0.6978259121045239,0.26283041636569604,1.1328214078433518,0.09110453745088365,241.38204290635662,20.768426044837742
C,8,sieve1_kernel,0.032549454238630406,0.22824915580052005,0.5118575826677348,0.1731114456448896,0.7944495962052903,0.6750517738589992,0.9138474185515815,0.4220887912114461,373.7204197755819,2.9992520809173584
C,8,sieve1_sieve1,0.032549454238630406,0.03625387486836439,0.5906583258259089,0.1806063840106991,0.7166934197275947,0.4399872623753953,0.9933995770797941,0.09110453745088365,241.38204290635662,20.768426044837742
C,8,sieve2_sieve2,0.03900307441925308,0.07374994053506255,0.6379488485096009,0.19220722460643402,1.3179940658484608,0.4059287337459808,2.230059397950941,0.7406895494163358,150.6152285674258,50.0
C,8,sieve3_sieve3,0.03376574258314808,0.04570092333585801,2.601786353714414,0.3886251221244615,0.1062269382208974,-1.193868178366546,1.4063220548083406,0.28310658479023704,140.95139407692204,50.0
C,9,kernel_kernel,0.0797606097780219,0.2133685275794673,0.7001848529424547,0.485339838952276,0.8544795996620785,0.6515441188285447,1.0574150804956124,0.4017583218812943,373.8962938736651,2.961805820465088
C,9,kernel_sieve1,0.0797606097780219,0.043174385102571794,0.5004378123687394,0.13516986897177094,1.0790839327554105,0.6408554577799056,1.5173124077309152,0.09085641965438918,244.98326833492777,22.437718153263795
C,9,sieve1_kernel,0.03501402559193251,0.2133685275794673,0.454434357869419,0.037865064506653244,0.9813013233259065,0.8615110079124266,1.1010916387393863,0.4017583218812943,373.8962938736651,2.961805820465088
C,9,sieve1_sieve1,0.03501402559193251,0.043174385102571794,0.41341425403036763,0.029270067145878282,0.9511566157487893,0.6968600740409221,1.2054531574566565,0.09085641965438918,244.98326833492777,22.437718153263795
C,9,sieve2_sieve2,0.036586104318333146,0.07603603053347999,3.0394228132283656,0.80462277390156,-0.07525625680968717,-1.097613330941535,0.9471008173221606,0.7981401934623003,148.56316249994637,50.0
C,9,sieve3_sieve3,0.03448441449777137,0.0474311087664138,0.817871590218116,0.25052938656028273,0.9597440369671886,-0.05879114522381679,1.978279219158194,0.23199910519755773,148.53029250687982,50.0
C,10,kernel_kernel,0.07182323443898248,0.2080013946022893,1.1900794624817406,0.45343670468159986,0.5511503705300227,0.3694087868468676,0.7328919542131778,0.3993437269528707,374.0041410819335,3.012310028076172
C,10,kernel_sieve1,0.07182323443898248,0.029647608661925857,0.43466755671930524,0.09253898775999943,1.1254796071686684,0.7216003954732174,1.5293588188641194,0.07441912288295344,243.91468154693558,22.90711151372916
C,10,sieve1_kernel,0.031693740433344636,0.2080013946022893,0.7504983650680082,0.19499345533880663,1.1355206615790534,1.009063232763123,1.2619780903949838,0.3993437269528707,374.0041410819335,3.012310028076172
C,10,sieve1_sieve1,0.031693740433344636,0.029647608661925857,0.39198220783784093,0.23923011080586828,1.1734570744460529,0.8995661441636122,1.4473480047284935,0.07441912288295344,243.91468154693558,22.90711151372916
C,10,sieve2_sieve2,0.03560665261368987,0.07525524480570506,1.2971123991657465,0.22370862172142247,1.0582101542596587,0.1623451319386091,1.9540751765807083,0.7315469035086295,153.48670132937184,50.0
C,10,sieve3_sieve3,0.03302492738499407,0.045173650537158334,1.2134419979172768,0.7413246904726934,0.31289937454563477,-0.43112033902133795,1.0569190881126076,0.2828784170409613,137.68336803907223,50.0
C,11,kernel_kernel,0.07712816953488018,0.20618255245649494,0.788079864742496,0.46953242360106356,0.690214785579183,0.4899445783961647,0.8904849927622014,0.3948584617376327,373.9057907558195,3.1218883991241455
C,11,kernel_sieve1,0.07712816953488018,0.04497347576009284,0.846594111273226,0.12291429666749516,1.1727128237467175,0.7470953168086794,1.5983303306847556,0.08977606992318576,252.2294917180056,22.124087132900527
C,11,sieve1_kernel,0.038091204843265246,0.20618255245649494,0.452344302846651,0.07699418158384001,1.1151375001621642,0.9954208871818871,1.234854113142441,0.3948584617376327,373.9057907558195,3.1218883991241455
C,11,sieve1_sieve1,0.038091204843265246,0.04497347576009284,0.42794525388708043,0.08140763032933662,1.1098652749420328,0.8614932372412458,1.3582373126428198,0.08977606992318576,252.2294917180056,22.124087132900527
C,11,sieve2_sieve2,0.036628515023554756,0.08324219075757903,0.9613597976940368,2.9442618574512274,1.3133923665759668,0.46347707369659374,2.1633076594553398,0.8496610509271308,160.14156286415053,50.0
C,11,sieve3_sieve3,0.03787630357949596,0.0425808538028275,0.7594117888070205,0.4378661799534751,1.2695895527871925,0.1876514885265661,2.351527617047819,0.22951871518595085,143.31455931972164,50.0
D,0,kernel_kernel,0.19930746395083387,0.08668174960600054,1.4019130508388968,1.0712934043630704,3.0712934043630704,2.85314214009744,3.289444668628701,0.07206854931513473,749.3896381060018,2.1751632690429688
D,0,kernel_sieve1,0.19930746395083387,0.06135877115350361,0.9526843204476266,0.2901823699187531,2.290182369918753,1.9273773566976664,2.65298738313984,0.2623930445473639,380.5729050996696,32.127789465593686
D,0,sieve1_kernel,0.04547436412916064,0.08668174960600054,0.6901639483225712,0.04723950098135665,2.0472395009813567,1.8590242963446713,2.235454705618042,0.07206854931513473,749.3896381060018,2.1751632690429688
D,0,sieve1_sieve1,0.04547436412916064,0.06135877115350361,0.6600969509721227,0.35215160192060946,2.3521516019206095,1.8824851343332802,2.8218180695079385,0.2623930445473639,380.5729050996696,32.127789465593686
D,0,sieve2_sieve2,0.0404876052398577,0.06479996258294053,2.5533314426660163,0.04946151808597277,1.9505384819140272,-11.774370258204318,15.675447222032371,0.3786523632268415,238.96679697225147,50.0
D,0,sieve3_sieve3,0.029714727036122365,0.09214391874015693,1.541561158417827,12.907278079245053,14.907278079245053,5.072329174669891,24.742226983820217,0.8834741134311972,212.67269222623565,50.0
D,1,kernel_kernel,0.1846813263681321,0.08637532112444822,1.2631703041837365,0.8815567481167759,2.881556748116776,2.6583337127436466,3.104779783489905,0.08105451142787934,749.6783248227654,2.208080768585205
D,1,kernel_sieve1,0.1846813263681321,0.06057924888336824,0.9273237899164516,0.06496845920496774,2.0649684592049677,1.6926682033132447,2.4372687150966907,0.19297455399443186,416.17515612714584,35.50598728687463
D,1,sieve1_kernel,0.042528652788260214,0.08637532112444822,0.6114573087502637,0.12184060299804877,1.8781593970019512,1.6686704773192897,2.087648316684613,0.08105451142787934,749.6783248227654,2.208080768585205
D,1,sieve1_sieve1,0.042528652788260214,0.06057924888336824,1.1030082269208656,0.11030109931593324,1.8896989006840668,1.4701028889870165,2.309294912381117,0.19297455399443186,416.17515612714584,35.50598728687463
D,1,sieve2_sieve2,0.024821908877404653,0.05810189099021782,2.2910950732145188,2.4005593767096443,-0.4005593767096443,-2.3940342950960325,1.5929155416767438,0.335235583887441,268.06561114826593,50.0
D,1,sieve3_sieve3,0.037032548143757206,0.09140462349643279,1.7532123166006788,4.7536736979207275,6.7536736979207275,-4.927635497841011,18.434982893682466,0.7960761826215847,222.26470566763808,50.0
D,2,kernel_kernel,0.18294753377031855,0.08252821335120067,1.2930145044798569,0.9861668400827894,2.9861668400827894,2.7581177401218384,3.2142159400437404,0.07582516082127888,749.6364954441574,2.1937830448150635
D,2,kernel_sieve1,0.18294753377031855,0.05612147602932879,1.2291948172273917,0.4676238768859977,2.4676238768859977,2.1352618265785503,2.799985927193445,0.1849680206338763,403.9575621379936,40.49046722828571
D,2,sieve1_kernel,0.03171250926213376,0.08252821335120067,0.5337637682468181,0.4168424020986148,2.416842402098615,2.220664645565728,2.6130201586315014,0.07582516082127888,749.6364954441574,2.1937830448150635
D,2,sieve1_sieve1,0.03171250926213376,0.05612147602932879,1.0847561238558654,0.22366754776034048,2.2236675477603405,1.8663290555392769,2.581006039981404,0.1849680206338763,403.9575621379936,40.49046722828571
D,2,sieve2_sieve2,0.03811514725168661,0.054064374859409486,7.801192626328865,2.88268374493519,4.88268374493519,3.138235697341365,6.627131792529015,0.2957839508611859,290.94573495492716,50.0
D,2,sieve3_sieve3,0.0345625117079584,0.08562278295937455,32.947120070324196,13.206018683332028,15.206018683332028,-0.46012102790236753,30.872158394566423,0.7613197022354306,223.19793079466794,50.0
D,3,kernel_kernel,0.20380384632627824,0.08969742847466385,1.2986419978469628,1.1180281388171869,3.118028138817187,2.890876545771096,3.345179731863278,0.07411008914311729,749.2497993964865,2.3837366104125977
D,3,kernel_sieve1,0.20380384632627824,0.0711965803342341,0.9086147640619231,0.330381929998258,2.330381929998258,1.9481520761038125,2.7126117838927035,0.25611015293773687,399.6694133340669,38.919940085369866
D,3,sieve1_kernel,0.03525606639160711,0.08969742847466385,0.44175371940708613,0.0414887299847464,1.9585112700152536,1.7827113903157226,2.134311149714785,0.07411008914311729,749.2497993964865,2.3837366104125977
D,3,sieve1_sieve1,0.03525606639160711,0.0711965803342341,0.6023781994699335,0.10006026245122657,1.8999397375487734,1.532686012158403,2.267193462939144,0.25611015293773687,399.6694133340669,38.919940085369866
D,3,sieve2_sieve2,0.03906259099182865,0.06391261265338337,10.837028533361718,3.0091207813813607,-1.009120781381361,-5.507370192961596,3.4891286301988744,0.4014911957092584,253.26661087914297,50.0
D,3,sieve3_sieve3,0.04169027135303418,0.0910630195083697,2.106009125886931,1.9098801832774381,0.09011981672256177,-14.528010303957128,14.70824993740225,0.7967024691770329,233.30612110780265,50.0
D,4,kernel_kernel,0.18448859018729413,0.08146141912610673,1.1542846497371204,0.990472097543083,2.990472097543083,2.7626378862134504,3.2183063088727155,0.07016666706403096,749.54646438744,2.204089403152466
D,4,kernel_sieve1,0.18448859018729413,0.0713418795359522,1.2391763436573258,0.32331717559221573,2.3233171755922157,1.9552542948562468,2.6913800563281844,0.30037383995513456,398.7578077728833,39.962987923818865
D,4,sieve1_kernel,0.035601447144280235,0.08146141912610673,0.5420362777794825,0.21388527260481904,1.786114727395181,1.594478677611492,1.9777507771788698,0.07016666706403096,749.54646438744,2.204089403152466
D,4,sieve1_sieve1,0.035601447144280235,0.0713418795359522,1.0858904823628683,0.04909704205187948,2.0490970420518795,1.5618495139546962,2.536344570149063,0.30037383995513456,398.7578077728833,39.962987923818865
D,4,sieve2_sieve2,0.03676908671426434,0.08389172802122324,1.7630946935659098,4.675084351055784,6.675084351055784,-3.6411038442395682,16.991272546351134,0.670042699179286,267.449420124198,50.0
D,4,sieve3_sieve3,0.05144794455683201,0.09521873851541718,26.33656402096917,3.656145836343274,5.656145836343274,-9.771311902233716,21.083603574920264,0.7848653931488916,240.4735993841458,50.0
D,5,kernel_kernel,0.19353806514258798,0.08441465972107505,1.6759349173360716,0.9718860093682995,2.9718860093682995,2.7467052405651646,3.1970667781714344,0.0775707509915034,749.4526033219274,2.2442617416381836
D,5,kernel_sieve1,0.19353806514258798,0.06283973040148509,1.2439486480682593,0.3675750835985334,2.3675750835985334,2.033680742740003,2.7014694244570636,0.19949745245692363,419.58578888240265,22.11428073742684
D,5,sieve1_kernel,0.033074262622507074,0.08441465972107505,0.5720367207651815,0.18435209890906634,2.1843520989090663,2.005874176797325,2.3628300210208075,0.0775707509915034,749.4526033219274,2.2442617416381836
D,5,sieve1_sieve1,0.033074262622507074,0.06283973040148509,0.5329421004025354,0.24009852961189226,2.2400985296118923,1.9173323312319352,2.5628647279918493,0.19949745245692363,419.58578888240265,22.11428073742684
D,5,sieve2_sieve2,0.02554374374101277,0.06951229454617042,0.911576668173331,5.932726963797844,7.932726963797844,1.0540271793947822,14.811426748200905,0.35211898088118065,253.1394902171012,50.0
D,5,sieve3_sieve3,0.026323585163382873,0.10134463122542707,1.9138805352610326,2.6773002753095465,-0.6773002753095467,-11.445838409616032,10.091237858996939,0.9597494550882494,249.13101882206269,50.0
D,6,kernel_kernel,0.17903434098744395,0.08581614348360328,1.3873787079033755,0.9938575982699502,2.9938575982699502,2.771164185237128,3.2165510113027724,0.08078280584017433,749.570616646051,2.106039047241211
D,6,kernel_sieve1,0.17903434098744395,0.05873564163547856,0.9318757734436984,0.48796180571918235,2.4879618057191824,2.1493620131111726,2.826561598327192,0.17323250599310724,410.6528870068722,31.250969505223317
D,6,sieve1_kernel,0.03707172427035433,0.08581614348360328,0.7446398359158206,0.439600915561031,2.439600915561031,2.260580462216767,2.618621368905295,0.08078280584017433,749.570616646051,2.106039047241211
D,6,sieve1_sieve1,0.03707172427035433,0.05873564163547856,1.1056903696016003,0.3856471510552679,2.385647151055268,2.071143207899908,2.7001510942106277,0.17323250599310724,410.6528870068722,31.250969505223317
D,6,sieve2_sieve2,0.03282933409062473,0.0872007558996603,16.795238947215076,3.6659226959141265,-1.6659226959141265,-6.23333934534195,2.9014939535136968,0.622340747996564,289.33000730340666,50.0
D,6,sieve3_sieve3,0.03232522581905812,0.09480819692351065,10.968694944085629,16.460404486721437,-14.460404486721437,-28.97223207114756,0.051423097704685006,0.8301858318939831,231.77500184805388,50.0
D,7,kernel_kernel,0.18063511491695214,0.08526057687798205,1.2147439157015438,0.8374117016949096,2.8374117016949096,2.6212766982529376,3.0535467051368816,0.081522922873497,749.5938827981423,2.1453585624694824
D,7,kernel_sieve1,0.18063511491695214,0.059215029646915086,0.935792316950339,0.12527269293389676,2.1252726929338968,1.7853571124955603,2.4651882733722332,0.20824063790008562,391.9840723017413,27.82216548533519
D,7,sieve1_kernel,0.03789757475997518,0.08526057687798205,0.5425820026052602,0.05467871458752405,1.945321285412476,1.775442941933339,2.1151996288916126,0.081522922873497,749.5938827981423,2.1453585624694824
D,7,sieve1_sieve1,0.03789757475997518,0.059215029646915086,0.7530235741608898,0.10885938871499468,1.8911406112850053,1.5649916437382194,2.2172895788317915,0.20824063790008562,391.9840723017413,27.82216548533519
D,7,sieve2_sieve2,0.04258460684570797,0.060817318353478755,15.010847863763823,1.172993623129658,0.8270063768703418,-4.537824847801848,6.191837601542532,0.36851579318924577,242.71690367238466,50.0
D,7,sieve3_sieve3,0.04097039508328521,0.09095391526470716,1.5852691775564873,11.612169758385338,13.612169758385338,-0.4012877523951559,27.625627269165832,0.7430494805810409,237.07877118496833,50.0
D,8,kernel_kernel,0.1840044361046027,0.08509744147410796,1.3909223902930365,0.92382074296291,2.92382074296291,2.7002436027520678,3.147397883173752,0.07207518053054807,749.6607909133147,2.1325457096099854
D,8,kernel_sieve1,0.1840044361046027,0.06819739403125445,1.2285492497726025,0.6220218680119913,2.6220218680119913,2.276772704879212,2.9672710311447705,0.2494531751593816,395.53491606506043,31.41019469616925
D,8,sieve1_kernel,0.03580762098689517,0.08509744147410796,0.7518698213191906,0.5233707957888551,2.523370795788855,2.3234067259216893,2.723334865656021,0.07207518053054807,749.6607909133147,2.1325457096099854
D,8,sieve1_sieve1,0.03580762098689517,0.06819739403125445,1.27255281162379,0.3924801087548171,2.392480108754817,2.0083348013842492,2.776625416125385,0.2494531751593816,395.53491606506043,31.41019469616925
D,8,sieve2_sieve2,0.034849067486570566,0.08302888871409173,1.0079361292918023,1.5522044547824376,3.5522044547824376,1.7575428329098182,5.346866076655057,0.563846070046211,261.8066468721153,50.0
D,8,sieve3_sieve3,0.03497399037902268,0.09913253112391744,35.34233052731232,10.089524434246917,12.089524434246917,-5.166649710041627,29.345698578535462,0.913602918980822,229.74197713957963,50.0
D,9,kernel_kernel,0.19650355248448934,0.08711637933317497,1.4140735737725114,0.9266343966804911,2.926634396680491,2.698268871237476,3.154999922123506,0.07447240650653841,749.39489552382,2.1091814041137695
D,9,kernel_sieve1,0.19650355248448934,0.06792845221383459,0.9843294528054304,0.32523280695974144,2.3252328069597414,1.978979469139342,2.6714861447801406,0.20051204475672002,401.59041422944495,30.335426503651338
D,9,sieve1_kernel,0.03612643980691882,0.08711637933317497,0.4227073480723376,0.05691730312052501,2.056917303120525,1.8619487352385329,2.251885871002517,0.07447240650653841,749.39489552382,2.1091814041137695
D,9,sieve1_sieve1,0.03612643980691882,0.06792845221383459,0.8832282248613509,0.03945773694898547,2.0394577369489855,1.6526799719543588,2.426235501943612,0.20051204475672002,401.59041422944495,30.335426503651338
D,9,sieve2_sieve2,0.028640549030622426,0.06281108993606134,1.8224978374940346,25.573388015901184,27.573388015901184,-33.76649949410343,88.9132755259058,0.3970276134825689,282.10380844202507,50.0
D,9,sieve3_sieve3,0.03201472092238828,0.09415993514033731,40.07630792283834,1.661758164826053,3.661758164826053,-7.2314570790574235,14.554973408709529,0.8246145384112699,234.88366844653876,50.0
D,10,kernel_kernel,0.1809275913901277,0.08041810989496002,1.3553900239960015,0.735450747718974,2.735450747718974,2.509877742063481,2.961023753374467,0.0740999077161153,749.5733096343379,2.2504050731658936
D,10,kernel_sieve1,0.1809275913901277,0.06300726126598935,1.0331735413582521,0.3849017086427966,2.3849017086427966,2.056330530389981,2.7134728868956124,0.19016700748840776,427.6525331284108,27.84866375511398
D,10,sieve1_kernel,0.037548861353164334,0.08041810989496002,0.5355859085606456,0.4354412809271788,2.435441280927179,2.2379769068937714,2.6329056549605863,0.0740999077161153,749.5733096343379,2.2504050731658936
D,10,sieve1_sieve1,0.037548861353164334,0.06300726126598935,0.6916652730686301,0.050342996997628564,2.0503429969976286,1.701686515795184,2.398999478200073,0.19016700748840776,427.6525331284108,27.84866375511398
D,10,sieve2_sieve2,0.0326650157854163,0.0831551324584582,3.8865227886726688,6.832964447496473,-4.832964447496473,-47.32438182426982,37.658452929276876,0.6325997627223203,289.93998515653436,50.0
D,10,sieve3_sieve3,0.03146372696721738,0.09449025744272739,1.7992870329344408,6.028664125484056,8.028664125484056,-5.081467316346215,21.138795567314325,0.7354186969581517,251.5191426927808,50.0
D,11,kernel_kernel,0.18142729896223608,0.08025441158337149,1.8174534626736893,0.9876043488201915,2.9876043488201915,2.754573916600578,3.2206347810398053,0.06999468648433682,749.5168294847897,2.1867733001708984
D,11,kernel_sieve1,0.18142729896223608,0.05546365353745932,0.8029872912137208,0.42646815817187944,2.4264681581718794,2.087418149668191,2.7655181666755677,0.15455917648559592,423.4122972789436,27.54549114432117
D,11,sieve1_kernel,0.039870132219404414,0.08025441158337149,0.8741022311609141,0.5371004665516224,2.5371004665516224,2.3393525920645017,2.734848341038743,0.06999468648433682,749.5168294847897,2.1867733001708984
D,11,sieve1_sieve1,0.039870132219404414,0.05546365353745932,0.7651214384306458,0.4015711034207876,2.4015711034207876,2.0677185052561153,2.73542370158546,0.15455917648559592,423.4122972789436,27.54549114432117
D,11,sieve2_sieve2,0.02952469899559257,0.07135361118190404,13.457951097905246,3.4831270934027163,-1.483127093402716,-13.787302326433998,10.821048139628566,0.4245677143041081,289.17642170309966,50.0
D,11,sieve3_sieve3,0.03803341328232162,0.08635134076839761,115.91233160987655,49.661515369178225,51.661515369178225,-13.930403114638487,117.25343385299493,0.7581865027126378,216.2798501259253,50.0
E,0,kernel_kernel,0.04065755884012228,0.22709783508309866,1.0865842056274935,0.37162126060923856,0.1430304069310905,-0.05680852458455862,0.3428693384467396,0.40992524377504985,373.61530604493555,3.147306442260742
E,0,kernel_sieve1,0.04065755884012228,0.04429021843749447,4.36958690688124,0.28210278948784423,0.5650810110551864,-0.014269596898604076,1.144431619008977,0.17349827881735053,230.60603139843266,27.58699132565513
E,0,sieve1_kernel,0.030224442062366852,0.22709783508309866,0.6499715467438016,0.22205171133566745,0.6422500580951868,0.5212498398066561,0.7632502763837175,0.40992524377504985,373.61530604493555,3.147306442260742
E,0,sieve1_sieve1,0.030224442062366852,0.04429021843749447,1.2600202317973155,0.125131583351516,0.8171665016875561,0.5042911303519776,1.1300418730231345,0.17349827881735053,230.60603139843266,27.58699132565513
E,0,sieve2_sieve2,0.03657948226401158,0.0617891735674454,0.9697838289194974,0.8247748390019191,-0.8068118983249783,-1.7783431889532473,0.1647193923032907,0.43221241238776453,160.03789959671343,50.0
E,0,sieve3_sieve3,0.03966148153946772,3.2373437711317252,0.9857908647268225,0.3706459417370378,0.05700958097360764,-0.008879866761827199,0.12289902870904248,0.9336066535463668,191.9177386861549,3.0695113142400117
E,1,kernel_kernel,0.04090554797569754,0.21709635414617198,0.7116844721281063,0.4019774734913411,0.2190697267776038,0.01625021757664466,0.421889235978563,0.4011534425020218,373.7465611883322,3.3677682876586914
E,1,kernel_sieve1,0.04090554797569754,0.050593368638873065,0.5496014257528206,0.09977895964232292,0.9786527398892676,0.4441042564329384,1.5132012233455967,0.1977390487943917,229.9235763664114,31.579702317681928
E,1,sieve1_kernel,0.030634859103378778,0.21709635414617198,0.5551691158076646,0.2003474500792979,1.2320413994132233,1.1080447962651068,1.3560380025613399,0.4011534425020218,373.7465611883322,3.3677682876586914
E,1,sieve1_sieve1,0.030634859103378778,0.050593368638873065,0.7601517624608192,0.2356668451696611,1.1920494814509517,0.8680571379326862,1.5160418249692171,0.1977390487943917,229.9235763664114,31.579702317681928
E,1,sieve2_sieve2,0.03075932866455855,0.052463605538598156,1.6915554586507253,0.1358627158641099,1.1768990213879003,0.37304386368234277,1.9807541790934577,0.3319451861638187,153.67858891698663,50.0
E,1,sieve3_sieve3,0.040347550594453045,2.9900226261989515,0.9289595497921875,0.33017347505998645,0.13214578541945235,0.060681436540680964,0.20361013429822372,0.9337616231039869,174.0926200209608,3.1172796943272294
E,2,kernel_kernel,0.043608348851408844,0.23902792167548595,0.7217014248028518,0.3693614840247572,0.26379697863460544,0.06854477054044891,0.45904918672876194,0.4246353467702866,373.735295407981,2.9182724952697754
E,2,kernel_sieve1,0.043608348851408844,0.04502809979881502,0.625890326351379,0.0872822653506314,0.8731086023809069,0.33076439953873593,1.415452805223078,0.1679934496559229,235.83941965502575,31.571357265878
E,2,sieve1_kernel,0.03748775661981239,0.23902792167548595,0.5499127906160761,0.08141588724336472,0.9051223500015539,0.7823230255302034,1.0279216744729045,0.4246353467702866,373.735295407981,2.9182724952697754
E,2,sieve1_sieve1,0.03748775661981239,0.04502809979881502,0.523083970639267,0.09611058059842592,0.8840432851156894,0.5474329908932056,1.2206535793381732,0.1679934496559229,235.83941965502575,31.571357265878
E,2,sieve2_sieve2,0.03533598665722192,0.056460301721953265,0.6612962105817852,0.199680800006624,0.8740961984845463,0.07956261673198939,1.6686297802371033,0.3853272114309157,156.85579178213987,50.0
E,2,sieve3_sieve3,0.04287278298639047,3.076346665127712,0.90731307657128,0.2979227510293046,0.13315156726464733,0.06687878870860635,0.1994243458206883,0.9331509455223821,196.51326577184,2.878893829031836
E,3,kernel_kernel,0.04182505593963909,0.2125647238838793,0.6308526625047902,0.3054505483410533,0.40386878873525395,0.20094609066993896,0.6067914868005689,0.3958948877255122,373.39534960711467,3.342459201812744
E,3,kernel_sieve1,0.04182505593963909,0.04727259228113073,0.5500363260149885,0.16544986095759737,1.01604736770808,0.5180301656000896,1.5140645698160702,0.19418054620764702,232.4528956888421,26.179861496541047
E,3,sieve1_kernel,0.035625513640145906,0.2125647238838793,0.6561547512921004,0.17558703465826175,1.0808482839989115,0.9590717839329693,1.2026247840648538,0.3958948877255122,373.39534960711467,3.342459201812744
E,3,sieve1_sieve1,0.035625513640145906,0.04727259228113073,0.5948700297064375,0.17883778977832654,1.0841302881339714,0.7969441122326848,1.371316464035258,0.19418054620764702,232.4528956888421,26.179861496541047
E,3,sieve2_sieve2,0.04165081656307241,0.05845668338471282,0.6718528091011562,0.1894966104186756,0.8721184896295237,0.056857839733264415,1.687379139525783,0.41306110262524237,164.86661173488835,50.0
E,3,sieve3_sieve3,0.045852715721544625,3.024173961873089,0.9340490600872202,0.32959596710753347,0.1490617427811175,0.08234797783546455,0.21577550772677045,0.9334269953440006,189.88885853849308,2.379778964066882
E,4,kernel_kernel,0.04997420152032406,0.2171738066637573,0.6518104561577216,0.349197863374183,0.3191333565641611,0.11267293237257944,0.5255937807557427,0.40023123300075536,373.70954882411775,3.043048858642578
E,4,kernel_sieve1,0.04997420152032406,0.047043935953074045,0.614160960329299,0.060814895724532074,0.9646525398809226,0.4461712528034686,1.4831338269583765,0.18247250794686698,228.50978326534246,27.132259871947117
E,4,sieve1_kernel,0.04862920277792284,0.2171738066637573,0.504962922038906,0.09228819560810314,0.8318937378317056,0.7128365458116344,0.9509509298517769,0.40023123300075536,373.70954882411775,3.043048858642578
E,4,sieve1_sieve1,0.04862920277792284,0.047043935953074045,0.5358552290656758,0.04056826944506819,0.9140419083296656,0.6084725159851749,1.2196113006741562,0.18247250794686698,228.50978326534246,27.132259871947117
E,4,sieve2_sieve2,0.042413471721159,0.058737236152842924,1.1202735569581401,0.69468463708763,0.07632214492620515,-0.8311131548858534,0.9837574447382637,0.4189822683939207,157.44521803386576,50.0
E,4,sieve3_sieve3,0.05042880446887136,2.989339038070249,0.9837315085621158,0.3373747277711619,0.1291766859200127,0.061346937311666544,0.19700643452835884,0.934077948531692,170.19411471248876,3.4087623719537445
E,5,kernel_kernel,0.049708004712842674,0.22417969994899203,0.6081290132482223,0.1924810179759063,0.48451671841392735,0.2890767665868529,0.6799566702410018,0.4079764029979706,373.8004924696904,3.021573066711426
E,5,kernel_sieve1,0.049708004712842674,0.04479468712791274,0.6562326842442665,0.0800906427031315,0.9485440327438356,0.4622700220740675,1.4348180434136037,0.17497282045368828,231.11054472893477,26.23530246767601
E,5,sieve1_kernel,0.039184076363073805,0.22417969994899203,0.7568032439480114,0.07407452398147517,0.8159323766475896,0.6957721181581528,0.9360926351370263,0.4079764029979706,373.8004924696904,3.021573066711426
E,5,sieve1_sieve1,0.039184076363073805,0.04479468712791274,0.5739852183505417,0.09867333666188915,0.7973297856050897,0.5195619730795329,1.0750975981306465,0.17497282045368828,231.11054472893477,26.23530246767601
E,5,sieve2_sieve2,0.034664359075709646,0.053455832670798654,0.8999163787679044,0.714715892050672,-0.3665716051253458,-1.4985869493364348,0.7654437390857431,0.3969905647976065,153.65387512754643,50.0
E,5,sieve3_sieve3,0.04688374735663572,3.067959021110964,0.8702277006440489,0.31204339076101845,0.1663405253537125,0.09634281540742534,0.23633823529999964,0.9351158216692946,176.80485529563836,2.2359343162202006
E,6,kernel_kernel,0.046075365811993764,0.2141992972604101,0.6464412498362628,0.22237972970423794,0.4957662119288631,0.29584253648204456,0.6956898873756816,0.3949918024142583,373.4823210672347,3.306020975112915
E,6,kernel_sieve1,0.046075365811993764,0.049402808542607195,0.5904575880179045,0.07498898785681131,1.0717219671651692,0.5625541722745574,1.5808897620557811,0.15990404857358026,239.07913959248123,23.487187659051944
E,6,sieve1_kernel,0.0382625352006827,0.2141992972604101,0.9207789409209031,0.05824808253427926,1.0053274425969336,0.8825594129897736,1.1280954722040937,0.3949918024142583,373.4823210672347,3.306020975112915
E,6,sieve1_sieve1,0.0382625352006827,0.049402808542607195,0.7473299129937275,0.16399939742782732,0.938832412535579,0.6375935790951859,1.2400712459759722,0.15990404857358026,239.07913959248123,23.487187659051944
E,6,sieve2_sieve2,0.03654544710488616,0.06373295368417951,1.111931257768628,0.23464840653356855,1.5876870746606118,0.42696868947315925,2.7484054598480645,0.48958193500954417,166.93728340981428,50.0
E,6,sieve3_sieve3,0.04639128279721947,2.9467437820945364,1.0174485152743862,0.29769113877093617,0.15366610227810176,0.08683329363032605,0.22049891092587748,0.9322992256551913,184.00223313380295,2.6867987988067945
E,7,kernel_kernel,0.041818228510723636,0.2025173808965598,0.6504225972454036,0.2754151478521401,0.34514384150728333,0.13679806539711978,0.5534896176174469,0.38187275326251985,373.729410571272,3.4574921131134033
E,7,kernel_sieve1,0.041818228510723636,0.04774498192387388,0.6464626903454727,0.15794349984198489,0.7077975301974736,0.13815266901561118,1.277442391379336,0.19603411663611003,225.21372564838953,28.115588104936595
E,7,sieve1_kernel,0.033901370413922015,0.2025173808965598,0.8777854577485258,0.11409048925096492,0.8247343934933272,0.6994300152013937,0.9500387717852607,0.38187275326251985,373.729410571272,3.4574921131134033
E,7,sieve1_sieve1,0.033901370413922015,0.04774498192387388,0.5774565995321593,0.14650284225518442,0.702261568855484,0.36372003890867904,1.040803098802289,0.19603411663611003,225.21372564838953,28.115588104936595
E,7,sieve2_sieve2,0.04042874451661482,0.06442672801191168,2.370430031016392,0.34455515207961224,0.2957582433621119,-0.49866305229907415,1.090179539023298,0.4610138387720793,167.8896750160548,50.0
E,7,sieve3_sieve3,0.039346147830519776,3.070294604957903,1.0314367366717994,0.37772646987221753,0.06800820730153742,-0.00026154541131126474,0.1362779600143861,0.9352446824964791,189.67764486950614,1.80770332533856
E,8,kernel_kernel,0.04514233178075441,0.21719788893672573,0.6206300571955338,0.22216669757036786,0.4179430716393816,0.21606736964259063,0.6198187736361725,0.40016308061281836,373.58498339618086,3.2555854320526123
E,8,kernel_sieve1,0.04514233178075441,0.04017983950634007,0.5714873821454806,0.14857294241066835,1.1314609609867885,0.6589788373001466,1.6039430846734304,0.15693205249223485,237.71484267693077,25.86135114936081
E,8,sieve1_kernel,0.03627217870204812,0.21719788893672573,0.7399480936224313,0.08334227907087365,1.0433281602518292,0.9242990691703591,1.1623572513332994,0.40016308061281836,373.58498339618086,3.2555854320526123
E,8,sieve1_sieve1,0.03627217870204812,0.04017983950634007,0.5510339460832595,0.16642176009002305,1.1285158895148752,0.8501289449368089,1.4069028340929415,0.15693205249223485,237.71484267693077,25.86135114936081
E,8,sieve2_sieve2,0.037094129709690664,0.07140726704936971,0.7469928077724836,0.39375790617746326,0.17125000741558696,-0.828304988231129,1.170805003062303,0.5500934979927842,149.6809308720595,50.0
E,8,sieve3_sieve3,0.046371375065307086,3.3789501956229855,1.1190921859742682,0.33793717587786737,0.09549093908603838,0.02666078526102958,0.16432109291104718,0.9377257908856373,198.03558660421336,1.7419764492037733
E,9,kernel_kernel,0.041741829369299766,0.21865381042153528,0.6757372838987328,0.3238263560398587,0.33802939666589604,0.1338895819373817,0.5421692113944103,0.4028158683379491,373.52830588360825,3.33176589012146
E,9,kernel_sieve1,0.041741829369299766,0.044552992053732664,0.5544689001188486,0.2070249107789229,1.1148712860031311,0.6136801494538805,1.6160624225523819,0.17935656052518772,229.87169624850134,27.95466489235703
E,9,sieve1_kernel,0.027483684345660248,0.21865381042153528,0.8886303992930024,0.09239411712736008,1.0089919933911706,0.8898748620783961,1.1281091247039452,0.4028158683379491,373.52830588360825,3.33176589012146
E,9,sieve1_sieve1,0.027483684345660248,0.044552992053732664,0.5703350986706294,0.14164678985802034,1.0684975976275457,0.7454262841521317,1.3915689111029597,0.17935656052518772,229.87169624850134,27.95466489235703
E,9,sieve2_sieve2,0.029083560840641787,0.05522467662801608,0.8368328685871704,0.39785971373293316,0.2112452303071903,-0.8530037700171142,1.275494230631495,0.38807801036964973,157.5301567808414,50.0
E,9,sieve3_sieve3,0.03657102219888855,3.078158338703791,1.129770618290356,0.30938780079888656,0.1761716717085368,0.10781696273830121,0.24452638067877236,0.9320095763346614,183.93637702993928,4.667646460754533
F,0,kernel_kernel,0.06663092195987078,0.22219286592238321,0.8902834562703831,0.2979397265412825,0.7708971103729447,0.5902580488765412,0.9515361718693482,0.4137418483694394,373.9452095179345,3.2419111728668213
F,0,kernel_sieve1,0.06663092195987078,0.033672359674919744,0.6145278711528752,0.11038509655333785,0.8912539565115036,0.49162851669676677,1.2908793963262406,0.062150816589297,266.47823710033407,18.206059123298996
F,0,sieve1_kernel,0.039907301000464086,0.22219286592238321,0.5738946357062242,0.10073182746746684,0.8289709624564748,0.7191760979519877,0.938765826960962,0.4137418483694394,373.9452095179345,3.2419111728668213
F,0,sieve1_sieve1,0.039907301000464086,0.033672359674919744,0.5195024192255496,0.19517689965447294,0.76212693734797,0.5277846197026815,0.9964692549932584,0.062150816589297,266.47823710033407,18.206059123298996
F,0,sieve2_sieve2,0.028071363781923698,0.0794566083686068,0.7292367462174655,0.28928188431969754,0.21089467322120253,-1.3230861552836455,1.7448755017260504,0.7888283612532156,157.48950306389438,50.0
F,0,sieve3_sieve3,0.031630853492723966,0.055506352250180996,1.1777839126320704,0.17221388802475082,0.5923951108640713,-0.012270101513807141,1.1970603232419497,0.31715338671823645,149.22724651586316,50.0
F,0,kernel_kernel,0.05612445376628303,0.223302068510147,1.124668737382569,0.3538350834511937,0.3958539926230234,0.21508042961541046,0.5766275556306364,0.4138596221407254,373.9040364997088,3.321188449859619
F,0,kernel_sieve1,0.05612445376628303,0.037840742120650875,0.6548904457806901,0.1873955616658375,0.6755744929833788,0.22683113830917062,1.124317847657587,0.0783930321189023,250.6294692246938,20.745214238264847
F,0,sieve1_kernel,0.03127131560838156,0.223302068510147,0.6244760478720689,0.14236393581889192,0.7027216793305303,0.5945937115721733,0.8108496470888873,0.4138596221407254,373.9040364997088,3.321188449859619
F,0,sieve1_sieve1,0.03127131560838156,0.037840742120650875,0.5727051418514577,0.2127999127586668,0.6518124690675094,0.39574193727543233,0.9078830008595866,0.0783930321189023,250.6294692246938,20.745214238264847
F,0,sieve2_sieve2,0.03170618584708227,0.07830939342690589,1.078778317590056,1.1271199578720292,1.7659808743448242,-0.26154286080003364,3.7935046094896823,0.8063236952555954,148.9351370070999,50.0
F,0,sieve3_sieve3,0.032847056632333456,0.053473840100066124,0.6604903482614708,0.17268599842697316,0.943259617846132,0.40888651169830903,1.4776327239939548,0.3488069334488604,149.06717776362257,50.0
F,0,kernel_kernel,0.053961385289538644,0.22221455983558583,0.9974431094509928,0.40252965425095705,0.1480746118382328,-0.03956027570080817,0.3357094993772738,0.41328592387835184,373.9074345062747,3.2805724143981934
F,0,kernel_sieve1,0.053961385289538644,0.039976115536393304,0.9256461604558612,0.20664525340287998,0.6574592449617974,0.16092911715664004,1.1539893727669548,0.11763167374004951,233.70947069173673,23.03573390639899
F,0,sieve1_kernel,0.04114066014975294,0.22221455983558583,0.5913699021174237,0.10325466709745341,0.8326238552245905,0.7214211500025098,0.9438265604466711,0.41328592387835184,373.9074345062747,3.2805724143981934
F,0,sieve1_sieve1,0.04114066014975294,0.039976115536393304,0.5558485417527479,0.19072737167463916,0.7424806720884083,0.4666536333792562,1.0183077107975604,0.11763167374004951,233.70947069173673,23.03573390639899
F,0,sieve2_sieve2,0.041731747550297356,0.08101685302539531,0.6676063087158585,2.7311799214086387,3.3410570535438167,0.7047091566622266,5.977404950425407,0.8493546824283086,149.44541608111203,50.0
F,0,sieve3_sieve3,0.03140413612755218,0.04518661804709464,5.401655110833136,0.17602102852698545,0.6145946678382737,-0.24620760991263302,1.4753969455891802,0.2123880597324714,140.0752560498946,50.0
F,0,kernel_kernel,0.05203568167361803,0.22585747129304848,1.0184362390017865,0.43507696332033635,-0.01697085055258026,-0.20469862000596734,0.1707569189008068,0.41635574603080755,373.90934348603736,3.250774383544922
F,0,kernel_sieve1,0.05203568167361803,0.05160263300249382,1.415469493597503,0.1902910397674402,0.6436375002831549,0.11820528620491744,1.1690697143613924,0.21662244995714314,209.4720850839528,34.07348398467524
F,0,sieve1_kernel,0.038038155049340806,0.22585747129304848,0.5782551511212284,0.06029110872624918,0.9872840432759173,0.8716247152635381,1.1029433712882966,0.41635574603080755,373.90934348603736,3.250774383544922
F,0,sieve1_sieve1,0.038038155049340806,0.05160263300249382,0.929120632896806,0.13770528153527767,0.8144392066401414,0.4909455593348675,1.1379328539454152,0.21662244995714314,209.4720850839528,34.07348398467524
F,0,sieve2_sieve2,0.04202626949736795,0.08171838342340879,6.806889386817024,0.7616589384997631,1.4608446071564558,-1.5930214448431965,4.514710659156108,0.8307747535011902,156.3958145402242,50.0
F,0,sieve3_sieve3,0.03294064918880252,0.05705475727891166,0.8283966212227782,0.491994571821003,-0.2046961167243998,-1.5397111040937084,1.1303188706449085,0.3759644730400742,143.45490302118054,50.0
F,1,kernel_kernel,0.06679023704146957,0.2269023718436045,0.977955505707589,0.028519352918658675,1.0329195781953935,0.836279217038965,1.229559939351822,0.4159421172936758,373.64604741923625,3.1096315383911133
F,1,kernel_sieve1,0.06679023704146957,0.042858066962749776,0.5280528822345878,0.06706219591486198,1.0403165390692986,0.6242387606685917,1.4563943174700054,0.07137956571540593,265.5341021798646,18.65816377573224
F,1,sieve1_kernel,0.034108482984903925,0.2269023718436045,0.6089631946981523,0.044669156695672375,0.9778349584737556,0.8550129765009965,1.1006569404465147,0.4159421172936758,373.64604741923625,3.1096315383911133
F,1,sieve1_sieve1,0.034108482984903925,0.042858066962749776,0.4992309965656049,0.06727427936965748,1.0210667046066806,0.7790969095719787,1.2630364996413825,0.07137956571540593,265.5341021798646,18.65816377573224
F,1,sieve2_sieve2,0.03734320941962609,0.07312603542047873,0.6135364833029945,0.1412533533895469,1.3108854180849672,0.3537181314416169,2.2680527047283174,0.7243511166865528,157.3388805282037,50.0
F,1,sieve3_sieve3,0.03120807349542039,0.04647211927002331,0.8525771788865502,0.09154803078368669,1.125901892294481,0.3991768576175101,1.852626926971452,0.23937722004516854,144.79797127945244,50.0
F,1,kernel_kernel,0.05962636106207423,0.22604779771778513,1.1072904134299462,0.11593439779631488,0.7308060036477373,0.5340629168843427,0.9275490904111319,0.4155802398125331,373.63521016785506,3.0614237785339355
F,1,kernel_sieve1,0.05962636106207423,0.03770943508617413,0.513166700552419,0.038500268633143674,0.9807720685523844,0.5670818286036221,1.3944623085011467,0.07339601967793447,264.0383193141078,18.189861041331906
F,1,sieve1_kernel,0.030919674685303034,0.22604779771778513,0.7049780801808655,0.02048535758931414,0.9590535931620809,0.8329683131405065,1.0851388731836555,0.4155802398125331,373.63521016785506,3.0614237785339355
F,1,sieve1_sieve1,0.030919674685303034,0.03770943508617413,0.553285813786335,0.02491034923718864,0.9839167543325792,0.7361843226446264,1.2316491860205319,0.07339601967793447,264.0383193141078,18.189861041331906
F,1,sieve2_sieve2,0.039129533640964324,0.07234704257806658,0.9489731703353268,0.21521102521491467,1.2025062412895715,0.34412715422154794,2.060885328357595,0.6853049465390488,158.4961648393209,50.0
F,1,sieve3_sieve3,0.033246078708953915,0.044058354785222825,7.136598030710192,0.5349517242252753,1.4923330513868913,0.40197459694458115,2.5826915058292013,0.2680309335214686,147.31386802695963,50.0
F,1,kernel_kernel,0.05661462085751547,0.22620120710264688,1.0964545281652076,0.23999195279948093,0.47136922377216617,0.2749113976656112,0.6678270498787211,0.416126834154129,373.6997788297676,3.073991298675537
F,1,kernel_sieve1,0.05661462085751547,0.036553015211655875,0.5229769742585931,0.08755977098194266,0.8662307379159232,0.42295561763093315,1.3095058582009131,0.09424089942801867,242.72869869264647,24.512524661935593
F,1,sieve1_kernel,0.027084984742174748,0.22620120710264688,0.6966265620092913,0.054403223274326624,0.887302711865979,0.7596167069303827,1.0149887168015752,0.416126834154129,373.6997788297676,3.073991298675537
F,1,sieve1_sieve1,0.027084984742174748,0.036553015211655875,0.7613735809349459,0.07382204532615792,0.8841633590240666,0.623515024485978,1.1448116935621553,0.09424089942801867,242.72869869264647,24.512524661935593
F,1,sieve2_sieve2,0.03418546363921613,0.07178051829645518,0.7161592721713756,0.1283620525242126,0.9539466843389279,-0.08023392868319168,1.9881272973610475,0.695703585900171,150.41736548398944,50.0
F,1,sieve3_sieve3,0.03291007406387327,0.044527854173899144,2.1259610599074144,0.6144398901284286,1.7046813534587388,0.46190599076633165,2.9474567161511462,0.22879800237709125,143.55144279811964,50.0
F,1,kernel_kernel,0.05832490031562465,0.23263252971006124,0.9552646997453046,0.41398219271320463,0.15731018443020087,-0.03806695351018205,0.35268732237058376,0.4200797103643418,373.54689032777526,3.2491743564605713
F,1,kernel_sieve1,0.05832490031562465,0.04740316255280177,0.9085512985831566,0.21127760410653088,0.647351986500126,0.16352452102405618,1.131179451976196,0.1984996848275049,209.61345069701144,39.929702261542836
F,1,sieve1_kernel,0.036079172361187704,0.23263252971006124,0.7226568878737145,0.08820260412229942,0.8528318940239045,0.7224670510051137,0.9831967370426953,0.4200797103643418,373.54689032777526,3.2491743564605713
F,1,sieve1_sieve1,0.036079172361187704,0.04740316255280177,0.589766856268771,0.20035594298603068,0.7668130089251772,0.4609949190086243,1.0726310988417302,0.1984996848275049,209.61345069701144,39.929702261542836
F,1,sieve2_sieve2,0.03672487726125639,0.0785120799387888,3.764270201298728,1.2840379665522572,0.8508852469638546,0.22985363293390337,1.4719168609938058,0.7321899186362559,158.19629193366958,50.0
F,1,sieve3_sieve3,0.04126619660791885,0.057579662151621434,0.8398704481275798,0.5285538920954673,-0.20444216061312298,-2.149409701521843,1.7405253802955973,0.3756886624608783,143.8930245731579,50.0
F,2,kernel_kernel,0.06739543984908865,0.21493374331004814,0.5267206353581658,0.10827870637827354,1.2181986422468507,1.025575355667287,1.4108219288264143,0.40735337237517033,373.93845323917964,3.2055513858795166
F,2,kernel_sieve1,0.06739543984908865,0.028802511337433417,0.5512180647881634,0.06632860714023751,1.0873828580841747,0.699771870574482,1.4749938455938674,0.053319943861416697,273.9460563924014,22.90361230671624
F,2,sieve1_kernel,0.03859457391831306,0.21493374331004814,0.5063344748663456,0.07020012813853907,1.0770731419830057,0.9578103390948599,1.1963359448711517,0.40735337237517033,373.93845323917964,3.2055513858795166
F,2,sieve1_sieve1,0.03859457391831306,0.028802511337433417,0.5891185306638537,0.1086492296982473,1.0825087754298723,0.8356002245080029,1.329417326351742,0.053319943861416697,273.9460563924014,22.90361230671624
F,2,sieve2_sieve2,0.03203691551924653,0.07559700741402071,0.6809872847973606,0.3086178710196305,1.1840783554429402,0.20001658510594555,2.1681401257799346,0.7593827136238129,157.08432696883105,50.0
F,2,sieve3_sieve3,0.03455128213487985,0.04496399250344485,1.3110913336028203,0.718066483390257,1.538394002221703,0.4418948937824527,2.634893110660953,0.16256414523472568,145.18457113259265,50.0
F,2,kernel_kernel,0.06132884456633827,0.2149581003393887,0.5630099387264654,0.11501624260748806,0.9295277797572088,0.7369358061736688,1.1221197533407488,0.40692819162209826,373.9032396428658,3.164691925048828
F,2,kernel_sieve1,0.06132884456633827,0.03094158735983865,0.5473056544935972,0.08298716384949903,1.0586878180411867,0.6536056575053234,1.4637699785770502,0.060433041640410856,264.6710912387382,21.78412221812445
F,2,sieve1_kernel,0.0368136785515446,0.2149581003393887,0.49101853520782657,0.09302822323245219,1.048519050799536,0.9282392974541184,1.1687988041449533,0.40692819162209826,373.9032396428658,3.164691925048828
F,2,sieve1_sieve1,0.0368136785515446,0.03094158735983865,0.5606068871327192,0.11946041188959144,1.0608645189504562,0.8053521517382578,1.3163768861626546,0.060433041640410856,264.6710912387382,21.78412221812445
F,2,sieve2_sieve2,0.026588760959241352,0.07787237698698164,0.6555761312814742,0.4320162889271671,1.5282160826578068,0.542069059485852,2.5143631058297617,0.7732924873366933,157.3953581218704,50.0
F,2,sieve3_sieve3,0.03465516164347266,0.04597803527346216,0.6616922196448797,0.5091238479690442,1.6213636955868251,0.39464058438202043,2.84808680679163,0.2614993310069519,147.34647810691405,50.0
F,2,kernel_kernel,0.05650065668286347,0.21600896452286253,0.8140787618584219,0.20484663099256906,0.5853224549366602,0.3926597610395447,0.7779851488337758,0.40817146027088164,373.89852056024847,3.1684815883636475
F,2,kernel_sieve1,0.05650065668286347,0.037006067346213666,0.6825746827125804,0.07510494850600934,0.836657101445739,0.4227179132606603,1.2505962896308178,0.0942373738911308,243.51847303813375,23.333189362028442
F,2,sieve1_kernel,0.032075144621464484,0.21600896452286253,0.5595046506698039,0.08459889837333184,0.8270906190926526,0.7056454477060159,0.9485357904792893,0.40817146027088164,373.89852056024847,3.1684815883636475
F,2,sieve1_sieve1,0.032075144621464484,0.037006067346213666,0.5763728771660362,0.07659394663619787,0.8398746596657675,0.5701201722138307,1.1096291471177042,0.0942373738911308,243.51847303813375,23.333189362028442
F,2,sieve2_sieve2,0.02929507788428577,0.08167861769301267,0.6683926757785641,0.3302621727171518,1.3022726470727193,-0.2395678682313893,2.8441131623768277,0.8563293246837742,156.86809186432004,50.0
F,2,sieve3_sieve3,0.033706847127826574,0.04989634204656829,1.2133207338289325,0.4610947324741286,1.4898946469510848,-0.12901739752889574,3.1088066914310652,0.3296377675128238,148.99308437501114,50.0
F,2,kernel_kernel,0.05613783099784841,0.22180953004890258,0.8465257096492619,0.32045195127619364,0.30409981438583933,0.11020067229440123,0.49799895647727743,0.4121344306866328,373.77488004352597,3.261690616607666
F,2,kernel_sieve1,0.05613783099784841,0.04805415232181682,0.7408507906350119,0.17975862672081555,0.7310987218020718,0.2769399076255457,1.185257535978598,0.17731669983464038,215.93184019233425,32.721182452244015
F,2,sieve1_kernel,0.03021527765186548,0.22180953004890258,0.6884189798951953,0.22594145966923626,0.7984423304299901,0.6746505716841884,0.9222340891757919,0.4121344306866328,373.77488004352597,3.261690616607666
F,2,sieve1_sieve1,0.03021527765186548,0.04805415232181682,0.6131571804435076,0.19971864247041568,0.849306584259513,0.5591052569616283,1.1395079115573976,0.17731669983464038,215.93184019233425,32.721182452244015
F,2,sieve2_sieve2,0.03902130050547719,0.07989498059976233,1.2223252221315264,3.2262728508920238,-2.8504301307208824,-5.296396948507869,-0.4044633129338959,0.8381856624984942,153.84285620038025,50.0
F,2,sieve3_sieve3,0.03246432538851515,0.05734854871784822,0.7595988045139692,0.2989711523983651,1.4321787004881235,-0.9091024043617795,3.7734598053380264,0.31089118447268327,151.34733115338307,50.0
F,3,kernel_kernel,0.06427069361118977,0.21539718681231124,0.8378333744913447,0.0640252452838503,0.9405279869676632,0.7502007588304214,1.130855215104905,0.4047558049758275,373.3923370581032,3.3009424209594727
F,3,kernel_sieve1,0.06427069361118977,0.03985622889357959,0.5477348764864751,0.10041031158516822,1.0547269827894346,0.6499651567077684,1.4594888088711007,0.08107368653672575,262.2163738532678,20.54537096413226
F,3,sieve1_kernel,0.033320861284178355,0.21539718681231124,0.6246998368045756,0.09025754452230304,1.0138207085404498,0.8929792282443632,1.1346621888365365,0.4047558049758275,373.3923370581032,3.3009424209594727
F,3,sieve1_sieve1,0.033320861284178355,0.03985622889357959,0.49939318075179534,0.09856062827966228,1.0122471907315598,0.7562866677405335,1.268207713722586,0.08107368653672575,262.2163738532678,20.54537096413226
F,3,sieve2_sieve2,0.03886326921666788,0.07640170696311706,0.6656929020293886,0.44245871918773155,0.43958872903546753,-0.7853471966742428,1.6645246547451777,0.7629565600669947,148.30325923141356,50.0
F,3,sieve3_sieve3,0.03168911360216633,0.04038006699230538,0.6594035326917768,0.2771397501195287,0.7731294867019339,0.0719650867651459,1.4742938866387219,0.12388773062127392,140.17863249596547,50.0
F,3,kernel_kernel,0.05701034606148276,0.2148236084895596,0.5807354045467876,0.18868678343994857,0.628122743124021,0.4343769964620269,0.8218684897860152,0.4044492754538854,373.39593017646735,3.2896792888641357
F,3,kernel_sieve1,0.05701034606148276,0.03679066225450665,0.5602397392771103,0.08298514337694315,0.9866316505671687,0.5657827109893669,1.4074805901449705,0.08289169615146569,252.76997094353698,20.118613606432355
F,3,sieve1_kernel,0.032876612092847125,0.2148236084895596,0.6116773073239257,0.09104436802166271,1.0059630681412413,0.8833080782358191,1.1286180580466634,0.4044492754538854,373.39593017646735,3.2896792888641357
F,3,sieve1_sieve1,0.032876612092847125,0.03679066225450665,0.49307903830231925,0.06342216817714509,0.9941911456380617,0.7280640182277238,1.2603182730483995,0.08289169615146569,252.76997094353698,20.118613606432355
F,3,sieve2_sieve2,0.03944005703818557,0.0720139747170915,0.9090042626587035,0.8818302248402539,-0.16937533215381792,-1.3525680262885464,1.0138173619809108,0.7021292077906113,146.94205004720834,50.0
F,3,sieve3_sieve3,0.033641458786545626,0.044990826367068415,0.6824516930879667,0.10116345387973862,0.8818275834091998,-0.02124197885813628,1.7848971456765357,0.220968941995423,147.72840140303427,50.0
F,3,kernel_kernel,0.058143281594161315,0.21565374686286023,0.9244400428959274,0.276239550804604,0.39045890866929367,0.1983970646018082,0.5825207527367792,0.4048969188928604,373.4598591244671,3.398416042327881
F,3,kernel_sieve1,0.058143281594161315,0.039796955948283703,0.5671419111211745,0.1409186943872357,0.8677269646183046,0.41582019849059354,1.3196337307460155,0.10340282727526223,235.9306369991089,27.61428769565162
F,3,sieve1_kernel,0.03497002383031695,0.21565374686286023,0.6291077325011298,0.09301186913789661,0.9435400882499798,0.8219083988983313,1.0651717776016283,0.4048969188928604,373.4598591244671,3.398416042327881
F,3,sieve1_sieve1,0.03497002383031695,0.039796955948283703,0.5079645154385112,0.06170855322444827,0.8940159168924695,0.6165883437534151,1.1714434900315238,0.10340282727526223,235.9306369991089,27.61428769565162
F,3,sieve2_sieve2,0.03799932871645425,0.07159789393804261,0.8155877561285096,3.0393474889075285,-2.3341738844742865,-5.622914602331813,0.95456683338324,0.6701012523955144,151.19093962088644,50.0
F,3,sieve3_sieve3,0.03575192575019916,0.04613713314840038,0.6338439558399214,0.25049810771540626,1.329517155128773,0.45265949229045577,2.2063748179670903,0.2265851627714466,143.85955419320143,50.0
F,3,kernel_kernel,0.056946286932612916,0.21907350594748823,0.9898242119266226,0.4222586315669501,0.22228689183790618,0.03337986653676983,0.4111939171390425,0.4078998783429464,373.5041483992287,3.567138195037842
F,3,kernel_sieve1,0.056946286932612916,0.045034165050035324,1.9310954736167283,0.2565451378954722,0.7855705176481476,0.32343794921248353,1.2477030860838116,0.16107006181521327,212.88090128485055,39.64162861459908
F,3,sieve1_kernel,0.0374892283841875,0.21907350594748823,0.6686880786432892,0.13084902019585662,0.9594808182158686,0.836983321625072,1.0819783148066653,0.4078998783429464,373.5041483992287,3.567138195037842
F,3,sieve1_sieve1,0.0374892283841875,0.045034165050035324,3.942714823440668,0.058016569814704155,0.9601734192040208,0.6616339214649383,1.2587129169431033,0.16107006181521327,212.88090128485055,39.64162861459908
F,3,sieve2_sieve2,0.04017467643001799,0.07234709603199783,0.7166978819983247,0.5217394817272017,0.3968822871621519,-0.8957217282174946,1.6894863025417983,0.6783399894813789,151.9368516563173,50.0
F,3,sieve3_sieve3,0.029869306049985046,0.05609657599350856,0.6932011059927233,0.27123122849069,0.8419098903254423,-0.2838422333300634,1.967662013980948,0.3337974567000628,141.72162985662334,50.0
F,4,kernel_kernel,0.06358066682758534,0.2187713916081754,1.1455961348689345,0.18153458626790778,1.1035809830807182,0.9130892083341832,1.294072757827253,0.4109552273352941,373.8549274365267,3.117696762084961
F,4,kernel_sieve1,0.06358066682758534,0.03240167898398047,0.7218995577529218,0.09999487486023449,1.0293270728541792,0.6028701097598728,1.4557840359484857,0.06428555102179412,258.18802104282366,18.874704719170406
F,4,sieve1_kernel,0.03606891843059915,0.2187713916081754,0.5286827167903292,0.09420848344190837,0.9847674997007313,0.8694273170553836,1.100107682346079,0.4109552273352941,373.8549274365267,3.117696762084961
F,4,sieve1_sieve1,0.03606891843059915,0.03240167898398047,0.5095586640438496,0.07545038381224055,0.9835591431742593,0.719475726033316,1.2476425603152026,0.06428555102179412,258.18802104282366,18.874704719170406
F,4,sieve2_sieve2,0.03398932585397476,0.07949621293567614,0.5929947346742825,0.2129319840447609,1.495436145202985,0.5315283529354535,2.4593439374705164,0.8129232428495325,155.65672352074802,50.0
F,4,sieve3_sieve3,0.03058854245901244,0.04466057146937904,0.733518066140385,0.35533974413555675,1.0402058558534752,0.07474297761388904,2.0056687340930615,0.2756036165394745,141.8522967201172,50.0
F,4,kernel_kernel,0.05811628185627793,0.2186498744946189,1.1907910808212565,0.21135861278958123,0.8873056644993168,0.6916179078550596,1.0829934211435739,0.4098285241325696,373.8207137748622,3.0682294368743896
F,4,kernel_sieve1,0.05811628185627793,0.03672186781356227,0.7608775107751633,0.17190994302588394,1.126101484248287,0.6680397204442334,1.5841632480523407,0.08537223984069897,247.60276910091522,21.94197787313231
F,4,sieve1_kernel,0.03112361860714721,0.2186498744946189,0.5219058640114108,0.13797392281449436,1.0929269989239045,0.973454656822685,1.2123993410251241,0.4098285241325696,373.8207137748622,3.0682294368743896
F,4,sieve1_sieve1,0.03112361860714721,0.03672186781356227,0.5086553742694578,0.1343668195453194,1.129585355565037,0.8652593806105261,1.3939113305195479,0.08537223984069897,247.60276910091522,21.94197787313231
F,4,sieve2_sieve2,0.037646853991155985,0.07906885267303271,0.7229843443956243,0.7080310057604833,0.6205279014328391,-0.2407853845344442,1.4818411874001223,0.7893710749380529,156.17249726375704,50.0
F,4,sieve3_sieve3,0.030362741472783245,0.04661243364859525,0.745658098081563,0.41120496216671043,0.647770472378723,-0.36717413233666396,1.66271507709411,0.2965966831323239,141.800806869345,50.0
F,4,kernel_kernel,0.054002872789154444,0.21971627901107757,0.8050888450283973,0.37186363597202204,0.5468371375473379,0.35072191266519137,0.7429523624294844,0.40943979463974634,373.81061574528496,3.0838050842285156
F,4,kernel_sieve1,0.054002872789154444,0.03802460344484088,1.0468662826937964,0.1337783108894923,0.9943402170922888,0.503325451076309,1.4853549831082686,0.1106467179288374,234.5800367202376,27.817676008223575
F,4,sieve1_kernel,0.03148737868740358,0.21971627901107757,0.5386577105193268,0.12205341416593658,1.0267303239554997,0.9069040651236273,1.146556582787372,0.40943979463974634,373.81061574528496,3.0838050842285156
F,4,sieve1_sieve1,0.03148737868740358,0.03802460344484088,0.5194737424691347,0.1594686941868832,1.123969978382738,0.8537078122884678,1.394232144477008,0.1106467179288374,234.5800367202376,27.817676008223575
F,4,sieve2_sieve2,0.035856352269584765,0.07831418900334404,4.288158655536519,0.07515900801734916,1.0552649931993974,0.22141889420054517,1.8891110921982497,0.7567353285681846,159.75598472543703,50.0
F,4,sieve3_sieve3,0.03659038031518872,0.04402633577784034,0.8517787793498987,0.5080117996924194,0.33556390901859906,-0.6551020999482067,1.326229917985405,0.25659521282977826,145.57126983186598,50.0
F,4,kernel_kernel,0.05328074485157456,0.2240766038827269,0.9478800129748501,0.5293577098556284,0.12564372805489563,-0.06820636181755077,0.319493817927342,0.4136992484529813,373.9061504504443,3.0909926891326904
F,4,kernel_sieve1,0.05328074485157456,0.047527321766088926,1.2940238590003745,0.2954612715373025,0.6423185128028556,0.11670174541392087,1.1679352801917902,0.21875301912605877,207.30986466093162,38.25295549339474
F,4,sieve1_kernel,0.030429559821171525,0.2240766038827269,0.5777709394749773,0.1697949850130177,0.9163519215705324,0.7980031443908205,1.0347006987502443,0.4136992484529813,373.9061504504443,3.0909926891326904
F,4,sieve1_sieve1,0.030429559821171525,0.047527321766088926,0.5310969660008875,0.14031451274443177,0.922302853715171,0.611185938998682,1.23341976843166,0.21875301912605877,207.30986466093162,38.25295549339474
F,4,sieve2_sieve2,0.033264988323472154,0.07634393173268286,0.6356761799852766,2.108945572928827,5.784586562011648,2.795332348872944,8.77384077515035,0.7202436072682501,152.45481004873082,50.0
F,4,sieve3_sieve3,0.03459954188930891,0.05311480301370078,4.23285707429634,0.6573847769454318,-0.2938896683388084,-1.808221232112044,1.2204418954344274,0.3299355681947676,143.92065594563664,50.0
F,5,kernel_kernel,0.0767600170353309,0.21596285402279128,0.894145595400013,0.15035003659733662,1.2434984277185517,1.0547224876065384,1.432274367830565,0.407732019662857,373.85794328766815,3.003244161605835
F,5,kernel_sieve1,0.0767600170353309,0.03615321623602954,1.1862742934325445,0.2671073357519372,1.3401823608965306,0.9449980186412418,1.7353667031518194,0.07408853420097528,266.36040771992066,20.971816273027294
F,5,sieve1_kernel,0.030972907038550112,0.21596285402279128,0.688667376457257,0.17585727332064835,1.2017735219616756,1.0897338499491838,1.3138131939741675,0.407732019662857,373.85794328766815,3.003244161605835
F,5,sieve1_sieve1,0.030972907038550112,0.03615321623602954,0.7421074213617448,0.19827540734744528,1.2063748747226404,0.9689885551941197,1.443761194251161,0.07408853420097528,266.36040771992066,20.971816273027294
F,5,sieve2_sieve2,0.03375470651223266,0.08390165939165155,0.8356140051235128,0.6859391501343932,0.3586610228756923,-0.5077486699236737,1.2250707156750584,0.8720084257140855,159.78072473598954,50.0
F,5,sieve3_sieve3,0.03199519706828428,0.04307317057626655,0.6756577731837401,0.3823191153581759,0.9334021388114137,0.17474606425474903,1.6920582133680782,0.2451462100603855,135.7808065236897,50.0
F,5,kernel_kernel,0.06709051917617427,0.2168873662150315,1.2910872945354162,0.16282377940147372,0.9498287052726149,0.7583685235251628,1.141288887020067,0.40812224650383,373.90766957475046,3.0153768062591553
F,5,kernel_sieve1,0.06709051917617427,0.03713817183392864,0.823143646064426,0.20021144998049403,1.1977237693143505,0.7855108465781251,1.609936692050576,0.07409613301612311,256.7518879173972,19.57033988850384
F,5,sieve1_kernel,0.033950430857660564,0.2168873662150315,0.6991414741429375,0.126566216539696,1.1403975190881994,1.024613677742618,1.2561813604337808,0.40812224650383,373.90766957475046,3.0153768062591553
F,5,sieve1_sieve1,0.033950430857660564,0.03713817183392864,0.6096872740847342,0.11120109229904314,1.1034427928643218,0.8667828589048445,1.340102726823799,0.07409613301612311,256.7518879173972,19.57033988850384
F,5,sieve2_sieve2,0.0318675277547874,0.08438873587873628,1.0458982440984679,0.6506701008932001,0.9833187470894484,0.06471294754430235,1.9019245466345946,0.9321041697979741,155.4386653874849,50.0
F,5,sieve3_sieve3,0.0342819304503316,0.044269726528498594,1.6106855625659728,0.5545362148769027,2.123599190483472,0.9182389394321453,3.328959441534799,0.26847725225229363,139.92924116005557,50.0
F,5,kernel_kernel,0.05956515617867161,0.2192568734372672,0.8377812556342324,0.27546512966891057,0.50577272332971,0.3162506707980991,0.6952947758613209,0.4106588284969329,373.9720150610188,3.087144374847412
F,5,kernel_sieve1,0.05956515617867161,0.0413870196772597,0.627211498755512,0.12737981404082258,1.0761673807385832,0.6106727562004733,1.541662005276693,0.10635176286198039,240.0843893941981,22.522228368652193
F,5,sieve1_kernel,0.03470713672173877,0.2192568734372672,0.6735374616325795,0.0633263613683704,1.1248754047425187,1.00870100228519,1.2410498071998473,0.4106588284969329,373.9720150610188,3.087144374847412
F,5,sieve1_sieve1,0.03470713672173877,0.0413870196772597,1.0698257491533318,0.02235574265799702,1.0340056132262334,0.780322663648612,1.2876885628038548,0.10635176286198039,240.0843893941981,22.522228368652193
F,5,sieve2_sieve2,0.030437131228401037,0.08350401988348848,1.8410241978460997,0.5962567456198672,0.6833245694454366,-0.3815052407791386,1.7481543796700119,0.8948244985034216,155.2510886153962,50.0
F,5,sieve3_sieve3,0.034908025444824485,0.04634428994015933,1.2407572144246197,0.14886683979643253,0.7632548350896569,-0.1334410746991388,1.6599507448784525,0.28850676750254844,142.876714657217,50.0
F,5,kernel_kernel,0.05774030508494554,0.22583682602491506,0.7455179626865818,0.47506578495738805,0.3013159875186155,0.11528464678457054,0.48734732825266047,0.41737821334600456,373.989023781984,3.0850799083709717
F,5,kernel_sieve1,0.05774030508494554,0.04558124109767592,0.6136173751570236,0.2900739366856408,0.8448458883194562,0.37782438850401984,1.3118673881348926,0.17665589554678413,214.98987715288496,31.819791500509808
F,5,sieve1_kernel,0.03419759638675925,0.22583682602491506,0.5519729852357864,0.08503172758271065,1.094548007413913,0.9781988847378573,1.2108971300899685,0.41737821334600456,373.989023781984,3.0850799083709717
F,5,sieve1_sieve1,0.03419759638675925,0.04558124109767592,0.5897696257630246,0.06153341429151052,1.034265054587926,0.75956203893879,1.3089680702370619,0.17665589554678413,214.98987715288496,31.819791500509808
F,5,sieve2_sieve2,0.03527391174230203,0.07947743362369712,1.2245533927883805,2.9481591203786395,0.8534106551231051,-0.1925011272076258,1.899322437453836,0.8497851637259024,148.4857536148276,50.0
F,5,sieve3_sieve3,0.03284015000050023,0.05012004834120156,0.6358278777621521,0.1398771580413161,1.2899068497599564,-0.335793500187348,2.915607199707261,0.2692447528950117,134.35597511105,50.0
F,6,kernel_kernel,0.061796593583699856,0.2215807591211744,0.7662044834884039,0.09433117013422042,0.9226062042430276,0.7298226849560537,1.1153897235300014,0.4139635027249654,374.08334029547973,2.8932955265045166
F,6,kernel_sieve1,0.061796593583699856,0.04006797707607534,0.9433785244870676,0.08951317064676685,1.0736422618198265,0.6690331429010095,1.4782513807386435,0.06900652817625597,270.54631838237833,18.964322708394025
F,6,sieve1_kernel,0.03254194257815639,0.2215807591211744,0.5954764886590987,0.07607220956556983,0.9850050702692773,0.8645515074760626,1.105458633062492,0.4139635027249654,374.08334029547973,2.8932955265045166
F,6,sieve1_sieve1,0.03254194257815639,0.04006797707607534,0.5250528889022066,0.10131194070487758,0.9989398241338319,0.7506240399879636,1.2472556082797002,0.06900652817625597,270.54631838237833,18.964322708394025
F,6,sieve2_sieve2,0.03231523365373703,0.08442228141925363,1.0339381240381442,0.4407769491157949,0.0317456727342203,-0.8873697859095753,0.9508611313780158,0.8539221316811954,157.41655721476414,50.0
F,6,sieve3_sieve3,0.032247025352330816,0.04708015678465976,0.6955880739712743,0.5230472189915019,1.2070820557936095,0.34009159535587297,2.074072516231346,0.28896359298703034,139.92777945259724,50.0
F,6,kernel_kernel,0.0593171138048262,0.22196235919489316,0.8712698812356652,0.21605761841414192,0.6736274056924673,0.47647533647460294,0.8707794749103316,0.41333497452735896,374.04590417690963,2.8530824184417725
F,6,kernel_sieve1,0.0593171138048262,0.0444846577658403,0.8957410476495701,0.19795594175176845,1.2483344847057882,0.8331700566757358,1.6634989127358406,0.07887191005979893,261.4072797275666,20.15087545151859
F,6,sieve1_kernel,0.03453213569751903,0.22196235919489316,0.5173632945328852,0.13492723176214697,1.125121235789191,1.000216997502934,1.2500254740754482,0.41333497452735896,374.04590417690963,2.8530824184417725
F,6,sieve1_sieve1,0.03453213569751903,0.0444846577658403,0.6902444688510797,0.19982544968030228,1.2151485904528643,0.9604307043002895,1.469866476605439,0.07887191005979893,261.4072797275666,20.15087545151859
F,6,sieve2_sieve2,0.03311657506561003,0.08098377111384651,0.8039307403139452,0.5457375442327609,-0.1306828913021756,-1.2017971545589734,0.9404313719546222,0.7916793087204148,161.91914895413151,50.0
F,6,sieve3_sieve3,0.031761135718099354,0.04128498964664427,0.666951629442012,0.38513710473681906,1.4567102342044678,0.2691284704098309,2.6442919979991046,0.1452806372398664,144.51179611462527,50.0
F,6,kernel_kernel,0.05625860581556475,0.22262083019694398,0.7672355179297959,0.3352606093041383,0.3295723107602546,0.13540930832676942,0.5237353131937398,0.4138740101655324,374.05190956965214,2.8835229873657227
F,6,kernel_sieve1,0.05625860581556475,0.04044060973188497,1.0701708470848432,0.12109577057804773,1.0242975827026828,0.5939183039699512,1.4546768614354144,0.09915299694649427,248.070071556111,21.35694436028357
F,6,sieve1_kernel,0.038184598836816575,0.22262083019694398,0.5180711250804318,0.10594298423509026,1.0663100185281655,0.9402857617258259,1.192334275330505,0.4138740101655324,374.05190956965214,2.8835229873657227
F,6,sieve1_sieve1,0.038184598836816575,0.04044060973188497,0.6848265088365079,0.1507548070091134,1.138266559282981,0.8663530936776553,1.4101800248883067,0.09915299694649427,248.070071556111,21.35694436028357
F,6,sieve2_sieve2,0.035194526578077666,0.08096838006020164,0.720663738416401,0.4622122162679896,0.5120765160972777,-1.1065649489210956,2.130717981115651,0.8129795636883443,150.6775707533083,50.0
F,6,sieve3_sieve3,0.029994732199271918,0.049133349816783724,0.7635730005953129,0.29952019764675525,0.5180534665221328,-0.5587412793170985,1.594848212361364,0.20470582699904485,150.17551986584596,50.0
F,6,kernel_kernel,0.05343434496346886,0.22577351749037824,0.9067736519956967,0.43169621836264677,0.065948113068421,-0.1278857988875569,0.2597820250243989,0.4157897308270136,373.89226944644133,3.0382890701293945
F,6,kernel_sieve1,0.05343434496346886,0.0416567976472918,0.9166582164264576,0.17043861793471096,0.7968522028490179,0.3151067949235703,1.2785976107744657,0.14769490227381848,220.15326500578027,28.54899181595064
F,6,sieve1_kernel,0.03500441792422854,0.22577351749037824,0.491829462489677,0.0625434152941981,1.0371057481147925,0.91306469906302,1.161146797166565,0.4157897308270136,373.89226944644133,3.0382890701293945
F,6,sieve1_sieve1,0.03500441792422854,0.0416567976472918,0.5143668137189384,0.10933975235638771,1.1247308523324648,0.820940812672957,1.4285208919919725,0.14769490227381848,220.15326500578027,28.54899181595064
F,6,sieve2_sieve2,0.04270421647991499,0.073829173513839,0.9915572993385177,4.805695766595211,-3.4190177921251865,-10.822786410260564,3.9847508260101905,0.7063963211143129,149.9844194440304,50.0
F,6,sieve3_sieve3,0.0346945024814856,0.04616106777843434,2.6270641915090307,0.4246541441447846,1.5312658968706412,0.342572957104627,2.719958836636655,0.25222060369183463,149.7560508529019,50.0
F,7,kernel_kernel,0.06800369258529122,0.2166157072366174,0.8402853387462543,0.11907848953707967,1.1626176767048773,0.974021881951749,1.3512134714580055,0.40625410501162207,373.5391174524355,3.141796588897705
F,7,kernel_sieve1,0.06800369258529122,0.039917733113330085,0.5781691984905551,0.20052750787349427,1.244849513726424,0.8448087150331913,1.6448903124196566,0.06263205864950855,270.93197911917116,17.302301617300323
F,7,sieve1_kernel,0.029489659816839316,0.2166157072366174,0.6208941087492238,0.1526737716313164,1.11320700388296,0.9980998072342475,1.2283142005316725,0.40625410501162207,373.5391174524355,3.141796588897705
F,7,sieve1_sieve1,0.029489659816839316,0.039917733113330085,0.5666217776097848,0.16649486316806736,1.1219437345409564,0.8803549330151983,1.3635325360667145,0.06263205864950855,270.93197911917116,17.302301617300323
F,7,sieve2_sieve2,0.0334230586405214,0.074011728967192,0.7748779682730539,0.36463332547239036,0.5741878416765323,-0.3700471956127116,1.518422878965776,0.6876041436362098,164.6712084622143,50.0
F,7,sieve3_sieve3,0.03175896121912405,0.04204863936935533,0.6586385579389633,0.2788226658347987,1.0118643968279508,-0.13047885503289924,2.154207648688801,0.20320230875949444,140.2132637337816,50.0
F,7,kernel_kernel,0.05927238955056241,0.21735950081133648,0.8354383690648887,0.18179875813173094,0.7121924256114127,0.5210306482949953,0.9033542029278301,0.4077333342631658,373.6337044105775,3.1308481693267822
F,7,kernel_sieve1,0.05927238955056241,0.04758150567463332,0.5427901550692301,0.1823668355282221,1.1583390789029093,0.7006335392032298,1.6160446186025887,0.0828941700220166,258.8783151159304,21.011630829149805
F,7,sieve1_kernel,0.02986387146053623,0.21735950081133648,0.6790849492285053,0.16328091214497778,1.0440550949234098,0.9293891843445582,1.1587210055022612,0.4077333342631658,373.6337044105775,3.1308481693267822
F,7,sieve1_sieve1,0.02986387146053623,0.04758150567463332,0.9633481828198238,0.17629397497848007,1.0869991525056526,0.8220938282133041,1.351904476798001,0.0828941700220166,258.8783151159304,21.011630829149805
F,7,sieve2_sieve2,0.030248447376357523,0.0777621950419195,2.154046184398248,0.779535854142876,0.6229992393286373,-2.8011900005697283,4.047188479227003,0.7777427323322947,161.45092411661244,50.0
F,7,sieve3_sieve3,0.03231945783492996,0.04405537864592968,1.9493972029573996,1.1820340744010414,2.6497676416404916,0.9800170220810431,4.31951826119994,0.23621863604758825,133.3970331821357,50.0
F,7,kernel_kernel,0.05496228790478127,0.21779596592945513,0.6462860693179566,0.3044367073102276,0.3873828538691794,0.20031945335758974,0.5744462543807691,0.408435522476832,373.67497188656824,3.0782389640808105
F,7,kernel_sieve1,0.05496228790478127,0.04752247464995218,0.5540086619907643,0.13426326878322495,1.0327219904207916,0.5276594057595644,1.5377845750820187,0.11208257732222976,241.73522719706054,32.20027864813779
F,7,sieve1_kernel,0.03037666622917312,0.21779596592945513,0.610267352330798,0.19057614288042912,1.1270562760909644,1.0122004725366185,1.2419120796453103,0.408435522476832,373.67497188656824,3.0782389640808105
F,7,sieve1_sieve1,0.03037666622917312,0.04752247464995218,0.6445276065866546,0.20974623088569233,1.1932984734575052,0.8885856041502256,1.4980113427647848,0.11208257732222976,241.73522719706054,32.20027864813779
F,7,sieve2_sieve2,0.03377469681694223,0.07623589667406773,1.9012059668372765,0.27486001867580345,1.135771535911778,-0.7312138084985069,3.002756880322063,0.79595781115431,149.89777287765435,50.0
F,7,sieve3_sieve3,0.035516399376961987,0.049669303003734615,1.3545058074082785,0.9710908994485482,2.448207979137184,1.0376840221696597,3.858731936104708,0.2715724975919891,143.3758910595648,50.0
F,7,kernel_kernel,0.054941978836947424,0.2194418451921917,0.7264549029715133,0.42427150794941615,0.15701519401529856,-0.028620125201344854,0.34265051323194196,0.40946301398674645,373.6379498034219,3.029097318649292
F,7,kernel_sieve1,0.054941978836947424,0.0538475957558845,0.583085302090481,0.18151837254187284,0.7224674699504582,0.21354635073828498,1.2313885891626315,0.1949245773783873,214.14426888187174,38.23474197956973
F,7,sieve1_kernel,0.026078103595076747,0.2194418451921917,0.5196186879013831,0.12648963709805136,1.0742114028886924,0.9579343502623671,1.1904884555150177,0.40946301398674645,373.6379498034219,3.029097318649292
F,7,sieve1_sieve1,0.026078103595076747,0.0538475957558845,0.6255269966421454,0.15535683229931332,1.0960485148123165,0.7686559334502749,1.423441096174358,0.1949245773783873,214.14426888187174,38.23474197956973
F,7,sieve2_sieve2,0.03231671300980298,0.0788294090076677,5.988820457818983,1.7144315942298052,-3.8984522657211045,-6.9661336450286955,-0.8307708864135135,0.7902939780602631,154.48457643914577,50.0
F,7,sieve3_sieve3,0.03428265227508453,0.05299469332212264,0.97938971323549,0.7655770600691673,0.10846816955745278,-1.0595248839247193,1.2764612230396248,0.30906272088249537,148.71267966352926,50.0
F,8,kernel_kernel,0.06756054511208322,0.22875121114681965,0.8114794729383716,0.11749859535271834,0.9157731287891648,0.7316708619741128,1.0998753956042169,0.42140164349476494,373.5919880350266,3.072388172149658
F,8,kernel_sieve1,0.06756054511208322,0.04095701412423903,0.5930906227689525,0.19391226338916276,0.8771066706056451,0.5103490466378681,1.243864294573422,0.045234255585872574,276.2261749966834,18.04211553491566
F,8,sieve1_kernel,0.04365827588564092,0.22875121114681965,0.6952973856521673,0.1558049554065043,0.8703593901879515,0.7539537016111225,0.9867650787647805,0.42140164349476494,373.5919880350266,3.072388172149658
F,8,sieve1_sieve1,0.04365827588564092,0.04095701412423903,0.5725204726202462,0.14058665434649564,0.8921636043297365,0.657260415741608,1.127066792917865,0.045234255585872574,276.2261749966834,18.04211553491566
F,8,sieve2_sieve2,0.04237288976188782,0.08081339998502939,21.398164987729764,1.397060234090018,-0.5301101499802884,-3.1984194219335116,2.138199121972935,0.785049003152541,169.45904914194875,50.0
F,8,sieve3_sieve3,0.0376432753532883,0.04966107934213656,0.7008705728925093,0.22907303765801057,0.9278906194533304,0.015319823854074044,1.8404614150525869,0.3003031337739716,146.80160414043968,50.0
F,8,kernel_kernel,0.060785565749187316,0.2279425383848288,0.7732087898969293,0.21177153811426855,0.5604870733248621,0.37021855372165713,0.7507555929280672,0.4215320454438528,373.6385941659528,3.0981264114379883
F,8,kernel_sieve1,0.060785565749187316,0.037740367365049654,0.5615710506203389,0.19192735313601536,0.7674690750973794,0.3679203180893531,1.1670178321054057,0.04451049128946466,264.93577453204756,19.05460209424924
F,8,sieve1_kernel,0.043749968591800824,0.2279425383848288,0.7163315773947708,0.17618022296055583,0.7755799064229899,0.6588696016894796,0.8922902111565002,0.4215320454438528,373.6385941659528,3.0981264114379883
F,8,sieve1_sieve1,0.043749968591800824,0.037740367365049654,0.5800488037482456,0.1643895656838197,0.778310232119057,0.5385226157638898,1.0180978484742242,0.04451049128946466,264.93577453204756,19.05460209424924
F,8,sieve2_sieve2,0.03375722263579363,0.07837816434859594,6.391578081609615,5.07253174402648,-3.7286454045420334,-8.671768097633835,1.214477288549768,0.7920690845734459,157.868436572436,50.0
F,8,sieve3_sieve3,0.03640743235708785,0.043953886061784374,2.243446734751441,0.6760177789631846,0.8725067351789199,-0.49210371385701446,2.237117184214854,0.2632005643833633,142.00316986641764,50.0
F,8,kernel_kernel,0.05865977027458157,0.22964990640200897,0.7588203977817854,0.2584077952542641,0.326485242995674,0.13578036956890693,0.5171901164224411,0.42169194865226745,373.5528523708437,3.171325922012329
F,8,kernel_sieve1,0.05865977027458157,0.04567365150626573,0.6181080310795823,0.30789773996959685,0.5958538176101864,0.16393610263687325,1.0277715325834995,0.07716276657296595,247.45968599830326,21.656092506151094
F,8,sieve1_kernel,0.04005236544421992,0.22964990640200897,0.6968040552645272,0.24719622287568258,0.705501041467962,0.5899655567084781,0.8210365262274459,0.42169194865226745,373.5528523708437,3.171325922012329
F,8,sieve1_sieve1,0.04005236544421992,0.04567365150626573,0.6094716408648831,0.2416086319686821,0.7006060264828555,0.4543981058783514,0.9468139470873597,0.07716276657296595,247.45968599830326,21.656092506151094
F,8,sieve2_sieve2,0.03914989145980446,0.07729952486316603,1.257963867292744,2.0609126667644753,-1.0148041702815211,-3.5498879805652197,1.5202796400021774,0.7688771160012988,162.54881081922397,50.0
F,8,sieve3_sieve3,0.03503678694331631,0.044891316144353655,8.143970082051457,0.7419366561184554,1.1749820442318437,-0.30377133523264277,2.65373542369633,0.26749507272783735,143.8873559074253,50.0
F,8,kernel_kernel,0.05706233830370249,0.23288414153050732,0.7929416246651866,0.40170746525697315,0.10364304763279814,-0.08774981151812283,0.2950359067837191,0.42456610983610155,373.58234728726313,3.1541450023651123
F,8,kernel_sieve1,0.05706233830370249,0.04750159694436521,0.6822885824182615,0.37475872838959917,0.394114417962563,-0.05842280710444009,0.8466516430295661,0.153751092789419,219.55185089058836,29.695736166939977
F,8,sieve1_kernel,0.03531939904237893,0.23288414153050732,0.7342651471707158,0.22913829531275406,0.6858284495341286,0.5657868393265901,0.805870059741667,0.42456610983610155,373.58234728726313,3.1541450023651123
F,8,sieve1_sieve1,0.03531939904237893,0.04750159694436521,0.6288812691701002,0.2752707739306079,0.6689349119236507,0.39943846296219426,0.9384313608851071,0.153751092789419,219.55185089058836,29.695736166939977
F,8,sieve2_sieve2,0.0320852199726156,0.08170448351233948,4.0152858157422795,0.6005209453502713,0.14057537891888555,-2.548613893248295,2.8297646510860663,0.8370205327262623,156.86063358022935,50.0
F,8,sieve3_sieve3,0.03411421502517776,0.05505408212446316,2.717161471350319,0.7430433403742502,-0.4270801050761751,-2.7933767492240897,1.9392165390717397,0.3706092820372364,131.85707552701072,50.0
F,9,kernel_kernel,0.06279614577633587,0.21089021099301197,1.2206679810352268,0.09763630542355427,0.9385978462063486,0.7415233707065196,1.1356723217061775,0.40070367670059204,373.8293180753189,3.204188346862793
F,9,kernel_sieve1,0.06279614577633587,0.037092996562982816,1.332459599329713,0.047273805380746194,0.9879939963918686,0.588100073844521,1.3878879189392161,0.04918378590248185,273.16744448187603,22.30179836200762
F,9,sieve1_kernel,0.03263214162555187,0.21089021099301197,0.8830191760087265,0.07965927255107132,0.9683050940869895,0.8538797785522126,1.0827304096217665,0.40070367670059204,373.8293180753189,3.204188346862793
F,9,sieve1_sieve1,0.03263214162555187,0.037092996562982816,0.5355383643571889,0.0846714496192618,0.9432401472456164,0.7136634644466756,1.1728168300445572,0.04918378590248185,273.16744448187603,22.30179836200762
F,9,sieve2_sieve2,0.03280489145640837,0.0713011439135286,0.7018163416950658,0.24599644930530515,0.4855787304003716,-0.23816748343135752,1.2093249442321006,0.6890803803906789,152.94502470269236,50.0
F,9,sieve3_sieve3,0.03584780117789224,0.04826477371529211,5.254111931038994,0.2092640240452386,1.0970281684596666,-0.4880980971094193,2.682154434028752,0.2638581519505497,142.33174720909864,50.0
F,9,kernel_kernel,0.056927686269807376,0.21132685676189947,1.3461869423619137,0.2380231470938173,0.5846391797872266,0.387044586622304,0.7822337729521491,0.4005770891110102,373.8563899968639,3.175121545791626
F,9,kernel_sieve1,0.056927686269807376,0.03864285896839106,0.5315014856242011,0.04905651421042126,1.0478399824435274,0.5985170764135007,1.4971628884735542,0.06932498164622297,261.262589377932,24.957521771936257
F,9,sieve1_kernel,0.03468179293015906,0.21132685676189947,0.5840009858437881,0.052474892585740146,0.9688618228983711,0.8561702767332033,1.0815533690635388,0.4005770891110102,373.8563899968639,3.175121545791626
F,9,sieve1_sieve1,0.03468179293015906,0.03864285896839106,0.5135405326929726,0.040288995671429496,0.9756482423061221,0.7282071204394258,1.2230893641728184,0.06932498164622297,261.262589377932,24.957521771936257
F,9,sieve2_sieve2,0.03659368894856669,0.0695338348018099,0.7555116447726781,0.8239661899581928,-0.20239915765479732,-1.0904711118581014,0.6856727965485067,0.677713764364613,150.56012664797726,50.0
F,9,sieve3_sieve3,0.03368190474784844,0.04353694638856843,0.6840209485802031,0.39514484986548065,1.683653255994796,0.6650059929890484,2.702300519000544,0.2170966342957309,139.5104911195529,50.0
F,9,kernel_kernel,0.054788020030654694,0.21200085035698268,1.2917136907469575,0.352618284451993,0.30837141168161464,0.11036314157187518,0.5063796817913541,0.4014385968844096,373.91285714193464,3.1302144527435303
F,9,kernel_sieve1,0.054788020030654694,0.03920390168012821,0.49250670985510014,0.06306366945149901,0.8942390840602796,0.4108820190121641,1.3775961491083952,0.09490806027032167,245.20106646175617,28.053203915705193
F,9,sieve1_kernel,0.03131686133648126,0.21200085035698268,0.5471020548458972,0.04392726363462251,0.9529988598230766,0.8364658247802537,1.0695318948658996,0.4014385968844096,373.91285714193464,3.1302144527435303
F,9,sieve1_sieve1,0.03131686133648126,0.03920390168012821,0.5186031834941094,0.03286441202259393,0.9630053312235771,0.6898254350284858,1.2361852274186684,0.09490806027032167,245.20106646175617,28.053203915705193
F,9,sieve2_sieve2,0.03361004236868755,0.07234577133606228,0.7100292657987813,0.1611000203963359,0.7524647009874676,-0.5508409278587889,2.055770329833724,0.7335248416851414,144.76454319145506,50.0
F,9,sieve3_sieve3,0.03197604130962695,0.04438005013427432,6.161252789661044,0.31309012939483444,1.2498636986294862,0.06205025966867628,2.4376771375902964,0.26180052431129064,135.67607557494148,50.0
F,9,kernel_kernel,0.054174398736227876,0.21712125627930454,0.8277519491403469,0.48954856921498774,0.027931442140629998,-0.16760684654510094,0.22346973082636096,0.4057284042835236,373.938860336763,3.1619980335235596
F,9,kernel_sieve1,0.054174398736227876,0.048366870079081636,0.6410375346026905,0.14680239395494454,0.686897263006267,0.16898233612000735,1.2048121898925266,0.18962703755447313,213.14769247722796,33.42661747773707
F,9,sieve1_kernel,0.027957769481899642,0.21712125627930454,0.5082085069235012,0.04922910910582762,0.9436901463154332,0.827071537435794,1.0603087551950725,0.4057284042835236,373.938860336763,3.1619980335235596
F,9,sieve1_sieve1,0.027957769481899642,0.048366870079081636,0.5224089420932878,0.02975133277304853,1.0092743555333281,0.7154146640236521,1.3031340470430042,0.18962703755447313,213.14769247722796,33.42661747773707
F,9,sieve2_sieve2,0.03266289672287517,0.0727326470310685,0.7319743387774044,0.4481312707949637,0.45765808665564206,-0.42860461062886096,1.343920783940145,0.6965448942864993,148.60218159508517,50.0
F,9,sieve3_sieve3,0.0335016348352041,0.05273356889737321,0.6317878274444836,0.14557140681662764,1.1518183405575162,-0.40865759225381115,2.7122942733688435,0.31675055930117,145.27734103126267,50.0
G,0,kernel_kernel,0.053961385289538644,0.22221455983558583,0.9974431094509928,0.40252965425095705,0.1480746118382328,-0.03956027570080817,0.3357094993772738,0.41328592387835184,373.9074345062747,3.2805724143981934
G,0,kernel_sieve1,0.053961385289538644,0.039976115536393304,0.9256461604558612,0.20664525340287998,0.6574592449617974,0.16092911715664004,1.1539893727669548,0.11763167374004951,233.70947069173673,23.03573390639899
G,0,sieve1_kernel,0.04114066014975294,0.22221455983558583,0.5913699021174237,0.10325466709745341,0.8326238552245905,0.7214211500025098,0.9438265604466711,0.41328592387835184,373.9074345062747,3.2805724143981934
G,0,sieve1_sieve1,0.04114066014975294,0.039976115536393304,0.5558485417527479,0.19072737167463916,0.7424806720884083,0.4666536333792562,1.0183077107975604,0.11763167374004951,233.70947069173673,23.03573390639899
G,0,sieve2_sieve2,0.041731747550297356,0.08101685302539531,0.6676063087158585,2.7311799214086387,3.3410570535438167,0.7047091566622266,5.977404950425407,0.8493546824283086,149.44541608111203,50.0
G,0,sieve3_sieve3,0.03140413612755218,0.04518661804709464,5.401655110833136,0.17602102852698545,0.6145946678382737,-0.24620760991263302,1.4753969455891802,0.2123880597324714,140.0752560498946,50.0
G,0,kernel_kernel,0.05389611757973204,0.22218610201075903,0.9928833973741695,0.4027657222884626,0.1468197236941387,-0.04097872429044572,0.3346181716787231,0.41332332787911097,373.9081232784052,3.2801637649536133
G,0,kernel_sieve1,0.05389611757973204,0.0400109112813395,0.9321115460892889,0.20858189167122423,0.6529361730180587,0.15224105556685863,1.1536312904692587,0.11776335463356385,232.89058015424553,23.298557284393087
G,0,sieve1_kernel,0.04247124388016732,0.22218610201075903,0.600966549534441,0.10132396797218607,0.8376904453382436,0.7258625226826636,0.9495183679938235,0.41332332787911097,373.9081232784052,3.2801637649536133
G,0,sieve1_sieve1,0.04247124388016732,0.0400109112813395,0.5574167753594171,0.19262761543272908,0.740637152823491,0.4605063630811686,1.0207679425658134,0.11776335463356385,232.89058015424553,23.298557284393087
G,0,sieve2_sieve2,0.04122090141398305,0.08081815868721985,0.6879615868103903,1.4468318357756964,1.7911097461658165,0.21067414020150022,3.371545352130133,0.8306452844747454,152.00404258353234,50.0
G,0,sieve3_sieve3,0.030450953109278384,0.043111167204499395,5.009779431553736,0.31118643974712157,0.38319575906667713,-0.4819726545770662,1.2483641727104204,0.19135573218770446,135.8774165643373,50.0
G,0,kernel_kernel,0.05370867513047591,0.22217028500280375,0.9945760286980196,0.4026461080300819,0.1458618349487508,-0.04215046640182596,0.33387413629932755,0.41332497785488764,373.9085555002773,3.2796387672424316
G,0,kernel_sieve1,0.05370867513047591,0.040172167825956395,0.9293232879947112,0.21024609231044525,0.6468982514391406,0.14015448034110944,1.1536420225371717,0.11918307124843497,231.53835686429176,24.001995671938797
G,0,sieve1_kernel,0.04359991595893831,0.22217028500280375,0.7548772677630307,0.10002885205649696,0.8431196784145935,0.72949080630738,0.956748550521807,0.41332497785488764,373.9085555002773,3.2796387672424316
G,0,sieve1_sieve1,0.04359991595893831,0.040172167825956395,0.5594128278375582,0.1932378095461893,0.739085092275354,0.4505292251454387,1.0276409594052693,0.11918307124843497,231.53835686429176,24.001995671938797
G,0,sieve2_sieve2,0.03974215918693345,0.08078912504535583,0.6897941033738124,0.9074503671605886,0.775511269787535,-0.5963186232761108,2.147341162851181,0.8126986719495708,155.15727646055552,50.0
G,0,sieve3_sieve3,0.030565873539979055,0.04150341172304143,5.563031496770874,0.4535214894602732,0.16925432705098978,-0.742273530407364,1.0807821845093435,0.17149983859944684,131.27067705562501,50.0
G,0,kernel_kernel,0.05348487146715392,0.22216242944664089,0.9961606564774395,0.40302046046801676,0.14396308989046203,-0.044362138283775415,0.3322883180646995,0.41325317809979123,373.9073725712458,3.2785680294036865
G,0,kernel_sieve1,0.05348487146715392,0.04048278817180856,0.9290339114881577,0.20953805424587102,0.6411439896362795,0.12653465037941414,1.155753328893145,0.12209973773818589,229.78387639206608,24.90812729190026
G,0,sieve1_kernel,0.04450030030874447,0.22216242944664089,0.622140953248708,0.09945903395459582,0.8488092447777528,0.7322501406855575,0.965368348869948,0.41325317809979123,373.9073725712458,3.2785680294036865
G,0,sieve1_sieve1,0.04450030030874447,0.04048278817180856,0.5611861100404466,0.19294211801030378,0.7377957167218386,0.436699560326049,1.0388918731176282,0.12209973773818589,229.78387639206608,24.90812729190026
G,0,sieve2_sieve2,0.033620984587201336,0.07978169229205823,2.441621178947799,1.2217845538128376,-0.1806070589134528,-2.1631964448062497,1.8019823269793442,0.7883151634196857,156.51013763792002,50.0
G,0,sieve3_sieve3,0.03141176968050596,0.0413684812638248,6.229789643506534,0.5655651607273025,0.11775104857753745,-0.7714256515957122,1.006927748750787,0.16203882223101038,129.67323553639602,50.0
G,0,kernel_kernel,0.053961385289538644,0.22221455983558583,0.9974431094509928,0.40252965425095705,0.1480746118382328,-0.03956027570080817,0.3357094993772738,0.41328592387835184,373.9074345062747,3.2805724143981934
G,0,kernel_sieve1,0.053961385289538644,0.039976115536393304,0.9256461604558612,0.20664525340287998,0.6574592449617974,0.16092911715664004,1.1539893727669548,0.11763167374004951,233.70947069173673,23.03573390639899
G,0,sieve1_kernel,0.04114066014975294,0.22221455983558583,0.5913699021174237,0.10325466709745341,0.8326238552245905,0.7214211500025098,0.9438265604466711,0.41328592387835184,373.9074345062747,3.2805724143981934
G,0,sieve1_sieve1,0.04114066014975294,0.039976115536393304,0.5558485417527479,0.19072737167463916,0.7424806720884083,0.4666536333792562,1.0183077107975604,0.11763167374004951,233.70947069173673,23.03573390639899
G,0,sieve2_sieve2,0.041731747550297356,0.08101685302539531,0.6676063087158585,2.7311799214086387,3.3410570535438167,0.7047091566622266,5.977404950425407,0.8493546824283086,149.44541608111203,50.0
G,0,sieve3_sieve3,0.03140413612755218,0.04518661804709464,5.401655110833136,0.17602102852698545,0.6145946678382737,-0.24620760991263302,1.4753969455891802,0.2123880597324714,140.0752560498946,50.0
G,0,kernel_kernel,0.053572773160466526,0.2219518329844229,0.992706298708217,0.40312063564690154,0.14602898901482794,-0.04196764200574932,0.3340256200354052,0.41322227313121157,373.90235298409436,3.300063371658325
G,0,kernel_sieve1,0.053572773160466526,0.04317838267353122,0.8931658642462071,0.18412053132286335,0.7038101822366104,0.17746022598215772,1.2301601384910632,0.13532300466994074,229.96617287974496,26.981428553609614
G,0,sieve1_kernel,0.03987582671042576,0.2219518329844229,0.5199731125776288,0.0689315806535076,0.9071607528594932,0.7880983661746002,1.0262231395443862,0.41322227313121157,373.90235298409436,3.300063371658325
G,0,sieve1_sieve1,0.03987582671042576,0.04317838267353122,0.5441575079807309,0.13713663242239704,0.8078436053709439,0.4779554174170258,1.137731793324862,0.13532300466994074,229.96617287974496,26.981428553609614
G,0,sieve2_sieve2,0.03595969740449917,0.08051774008372416,0.714977928205968,2.1014511063172505,3.2699257272955,-11.922144346683076,18.461995801274078,0.8503984304193712,148.13974047048617,50.0
G,0,sieve3_sieve3,0.03276277779004339,0.041101974204347885,0.7467042521692818,0.4316224276714484,0.3557875236055744,-0.6359422062558947,1.3475172534670437,0.19080495823686064,133.47818344342784,50.0
G,0,kernel_kernel,0.053207858593817915,0.22171864200487898,0.9944900925115752,0.4028661923091493,0.14481511577292805,-0.04392153855439185,0.33355177010024795,0.4131004190842311,373.89020639143024,3.3294224739074707
G,0,kernel_sieve1,0.053207858593817915,0.04469916102350736,0.9827721291972759,0.26006765192060005,0.6259059721017229,0.10979099657278224,1.1420209476306638,0.14548943901528671,232.31023412596966,26.176533734625746
G,0,sieve1_kernel,0.04131717575716497,0.22171864200487898,0.5374365841479041,0.11179838539227559,0.8425323267207357,0.71816625899608,0.9668983944453915,0.4131004190842311,373.89020639143024,3.3294224739074707
G,0,sieve1_sieve1,0.04131717575716497,0.04469916102350736,0.5735503723495777,0.22406239126169344,0.6974929208826164,0.3553676397025616,1.0396182020626712,0.14548943901528671,232.31023412596966,26.176533734625746
G,0,sieve2_sieve2,0.03732292917645126,0.08076095459085043,4.027040049488933,3.573617162059302,4.11109077331175,-10.840071099900179,19.062252646523678,0.8693565453012957,148.31919313489652,50.0
G,0,sieve3_sieve3,0.031213368841752995,0.038074855420529886,4.732450164540505,0.3735789408220529,0.5868645708426848,-0.564612340454112,1.7383414821394818,0.12723346593762547,136.52722531925258,50.0
G,0,kernel_kernel,0.05276409559748815,0.22153968711469818,0.9960079813391183,0.40231171326879434,0.1434938002062552,-0.0458403215195092,0.3328279219320196,0.4130635401010513,373.8769617995397,3.367654323577881
G,0,kernel_sieve1,0.05276409559748815,0.046322700589660114,1.0522383678117,0.2473550289913552,0.6054197815869082,0.06005172490907795,1.1507878382647385,0.1734506098778439,229.67852385060561,32.80354137802087
G,0,sieve1_kernel,0.042822932287096875,0.22153968711469818,0.9338075149490009,0.05154079787379546,1.035495880750366,0.8972056345541628,1.1737861269465693,0.4130635401010513,373.8769617995397,3.367654323577881
G,0,sieve1_sieve1,0.042822932287096875,0.046322700589660114,0.5489908829522493,0.1501712789731548,0.810425234853231,0.4232104820580003,1.1976399876484618,0.1734506098778439,229.67852385060561,32.80354137802087
G,0,sieve2_sieve2,0.0346629030977084,0.08198886250432867,1.099971759632549,2.0587854240421493,-3.2780143866073534,-18.12529013000879,11.569261356794083,0.8953916600273113,147.77836212170251,50.0
G,0,sieve3_sieve3,0.03389985162888271,0.03992486725349808,0.7406245236802581,0.7164857496182572,0.12769253073971254,-0.9702534998507593,1.2256385613301843,0.1826414063609779,137.57209467362884,50.0
G,1,kernel_kernel,0.05661462085751547,0.22620120710264688,1.0964545281652076,0.23999195279948093,0.47136922377216617,0.2749113976656112,0.6678270498787211,0.416126834154129,373.6997788297676,3.073991298675537
G,1,kernel_sieve1,0.05661462085751547,0.036553015211655875,0.5229769742585931,0.08755977098194266,0.8662307379159232,0.42295561763093315,1.3095058582009131,0.09424089942801867,242.72869869264647,24.512524661935593
G,1,sieve1_kernel,0.027084984742174748,0.22620120710264688,0.6966265620092913,0.054403223274326624,0.887302711865979,0.7596167069303827,1.0149887168015752,0.416126834154129,373.6997788297676,3.073991298675537
G,1,sieve1_sieve1,0.027084984742174748,0.036553015211655875,0.7613735809349459,0.07382204532615792,0.8841633590240666,0.623515024485978,1.1448116935621553,0.09424089942801867,242.72869869264647,24.512524661935593
G,1,sieve2_sieve2,0.03418546363921613,0.07178051829645518,0.7161592721713756,0.1283620525242126,0.9539466843389279,-0.08023392868319168,1.9881272973610475,0.695703585900171,150.41736548398944,50.0
G,1,sieve3_sieve3,0.03291007406387327,0.044527854173899144,2.1259610599074144,0.6144398901284286,1.7046813534587388,0.46190599076633165,2.9474567161511462,0.22879800237709125,143.55144279811964,50.0
G,1,kernel_kernel,0.056518334247840286,0.22617539031064107,1.0993374646121983,0.2400058665040903,0.4713403628178862,0.27480081218758423,0.6678799134481882,0.4161319514115651,373.70270191142447,3.0777816772460938
G,1,kernel_sieve1,0.056518334247840286,0.03727070879737548,0.523343072072681,0.08177453281771926,0.8810934151422728,0.4338692004371306,1.3283176298474149,0.09815857626152924,241.74798825578227,24.656384424259894
G,1,sieve1_kernel,0.027155102968810584,0.22617539031064107,0.7203378732378417,0.05423683748649477,0.9105158782923112,0.7814282516363995,1.0396035049482228,0.4161319514115651,373.70270191142447,3.0777816772460938
G,1,sieve1_sieve1,0.027155102968810584,0.03727070879737548,0.7873570489329279,0.07567267965115236,0.8999499229960948,0.6334707701919592,1.1664290758002305,0.09815857626152924,241.74798825578227,24.656384424259894
G,1,sieve2_sieve2,0.03134925404148486,0.07127099309869518,0.6318992231655863,0.08437938010232182,1.0427162851988212,-0.0018034335216234876,2.0872360039192657,0.6869708339415794,150.230031303663,50.0
G,1,sieve3_sieve3,0.0322714283457707,0.047185637501016814,4.872924967740625,0.7481007823950887,2.092902052571455,0.7200872068295878,3.465716898313322,0.23842390916009792,143.8957436256729,50.0
G,1,kernel_kernel,0.05631238498147769,0.22615253087945023,1.0931336785193762,0.24065580157073474,0.47086506387985805,0.2740958735566762,0.6676342542030399,0.41610306336482367,373.705395391973,3.084789752960205
G,1,kernel_sieve1,0.05631238498147769,0.03806451516832633,0.5224880017023589,0.08080083925007388,0.890592790828731,0.43845952599859905,1.342726055658863,0.1027673504168729,240.37330070598426,24.8290902034387
G,1,sieve1_kernel,0.02737632502475003,0.22615253087945023,0.7447140822649748,0.054850010319966634,0.9320025371384919,0.800032444799411,1.0639726294775729,0.41610306336482367,373.705395391973,3.084789752960205
G,1,sieve1_sieve1,0.02737632502475003,0.03806451516832633,0.810065470706164,0.07940064469528779,0.9113622074877566,0.6346881785457299,1.1880362364297834,0.1027673504168729,240.37330070598426,24.8290902034387
G,1,sieve2_sieve2,0.030224157751313808,0.07089071512380986,0.6546893609700071,0.1351600538241593,1.2327515380371536,0.1327977647000751,2.332705311374232,0.6805558224144782,149.83667868217154,50.0
G,1,sieve3_sieve3,0.03206122279161034,0.04899383896247594,19.313018265722576,0.7121965105266916,2.1675823253137567,0.8026232946689791,3.5325413559585344,0.2367041420909757,143.01850277697682,50.0
G,1,kernel_kernel,0.056011590338866914,0.22611780136937817,1.0993259159017346,0.24091320683644366,0.47077459150466244,0.27375316502261293,0.667796017986712,0.4160792257388433,373.70669902414056,3.091362714767456
G,1,kernel_sieve1,0.056011590338866914,0.03892397929197241,0.5229284068144424,0.09125323661753774,0.8970812462869506,0.4394244067456459,1.3547380858282554,0.10804485344902132,238.54352385342258,25.03455148978651
G,1,sieve1_kernel,0.027706086238409384,0.22611780136937817,0.7755552099886515,0.05661197856232263,0.9511846894284657,0.8147423047828759,1.0876270740740555,0.4160792257388433,373.70669902414056,3.091362714767456
G,1,sieve1_sieve1,0.027706086238409384,0.03892397929197241,0.8342815781054735,0.08413452766559067,0.9194207394385171,0.6280059618535012,1.210835517023533,0.10804485344902132,238.54352385342258,25.03455148978651
G,1,sieve2_sieve2,0.033651729459369555,0.07085524226671229,0.7294708336888538,0.8909720342912598,1.5650726496741514,0.3352313632073298,2.794913936140973,0.6819377078578642,149.227087773201,50.0
G,1,sieve3_sieve3,0.03234402997244321,0.04951858058308089,18.101452374329945,0.6226047587356236,1.8902225643757968,0.6484340304293268,3.132011098322267,0.2287303355636597,142.18686121138498,50.0
G,1,kernel_kernel,0.05661462085751547,0.22620120710264688,1.0964545281652076,0.23999195279948093,0.47136922377216617,0.2749113976656112,0.6678270498787211,0.416126834154129,373.6997788297676,3.073991298675537
G,1,kernel_sieve1,0.05661462085751547,0.036553015211655875,0.5229769742585931,0.08755977098194266,0.8662307379159232,0.42295561763093315,1.3095058582009131,0.09424089942801867,242.72869869264647,24.512524661935593
G,1,sieve1_kernel,0.027084984742174748,0.22620120710264688,0.6966265620092913,0.054403223274326624,0.887302711865979,0.7596167069303827,1.0149887168015752,0.416126834154129,373.6997788297676,3.073991298675537
G,1,sieve1_sieve1,0.027084984742174748,0.036553015211655875,0.7613735809349459,0.07382204532615792,0.8841633590240666,0.623515024485978,1.1448116935621553,0.09424089942801867,242.72869869264647,24.512524661935593
G,1,sieve2_sieve2,0.03418546363921613,0.07178051829645518,0.7161592721713756,0.1283620525242126,0.9539466843389279,-0.08023392868319168,1.9881272973610475,0.695703585900171,150.41736548398944,50.0
G,1,sieve3_sieve3,0.03291007406387327,0.044527854173899144,2.1259610599074144,0.6144398901284286,1.7046813534587388,0.46190599076633165,2.9474567161511462,0.22879800237709125,143.55144279811964,50.0
G,1,kernel_kernel,0.055849967271338445,0.22575213685609338,1.0872378487673053,0.24021435590088322,0.4732524425218909,0.27605636420417223,0.6704485208396096,0.4158645801941554,373.6924644139531,3.077544689178467
G,1,kernel_sieve1,0.055849967271338445,0.03668729415226401,0.5208230534672059,0.07974125933756228,0.8828826463044497,0.42302284653877414,1.3427424460701252,0.10247269620378086,240.82167240373767,25.543345824159687
G,1,sieve1_kernel,0.026901737362047488,0.22575213685609338,0.7867402647184804,0.039680956186592765,0.9159755011865082,0.7809456886286197,1.0510053137443967,0.4158645801941554,373.6924644139531,3.077544689178467
G,1,sieve1_sieve1,0.026901737362047488,0.03668729415226401,0.7545213067772254,0.04965913133086808,0.9061737128543011,0.6240683815783772,1.1882790441302251,0.10247269620378086,240.82167240373767,25.543345824159687
G,1,sieve2_sieve2,0.03183527307197832,0.07510961249785987,3.3065916936694193,1.3388359500575941,2.8105138081016365,1.0323115113952819,4.588716104807991,0.7418943643869428,156.4521822730961,50.0
G,1,sieve3_sieve3,0.033115763853583176,0.04298653493651925,2.7540898505373033,0.47894718244549495,1.7311462551704808,0.6094085762188968,2.852883934122065,0.2034637219974951,143.6788541962175,50.0
G,1,kernel_kernel,0.0555641829623388,0.22576488709002504,1.0967510606775301,0.24138321613380412,0.47055166446746777,0.2732479623294413,0.6678553666054943,0.41595609043041865,373.6517220572591,3.065859079360962
G,1,kernel_sieve1,0.0555641829623388,0.036769429679050274,0.5319820119022818,0.12470049489282581,0.7937100106572252,0.3356923018604652,1.2517277194539853,0.10235293236127485,240.0207702452762,23.355367801039336
G,1,sieve1_kernel,0.029840188958763,0.22576488709002504,0.7586627877712507,0.09782530944524642,0.8593125705078768,0.7139500819214898,1.004675059094264,0.41595609043041865,373.6517220572591,3.065859079360962
G,1,sieve1_sieve1,0.029840188958763,0.036769429679050274,0.7705382922733637,0.12789106168511824,0.8165119757074676,0.5016155726672827,1.1314083787476523,0.10235293236127485,240.0207702452762,23.355367801039336
G,1,sieve2_sieve2,0.03786191194236472,0.07416721463042932,3.1854537540762142,0.44860648665354147,1.124627091324305,-0.9320923465480953,3.1813465291967056,0.7434365047547993,151.37819173685193,50.0
G,1,sieve3_sieve3,0.03294072103344272,0.043629527321195606,3.548327235411011,0.3265862126105876,1.510236265323742,0.13926574117948265,2.8812067894680014,0.21582668736926575,145.3260956956444,50.0
G,1,kernel_kernel,0.054477833544814974,0.22542669435614723,1.108511888695272,0.24394766756378758,0.46643026890261746,0.26854927006795004,0.6643112677372849,0.4158242600361506,373.6140426253313,3.090785026550293
G,1,kernel_sieve1,0.054477833544814974,0.03924454599109144,0.5249791685408064,0.10270871895138316,0.7983927271295354,0.29271292827016704,1.3040725259889037,0.12853877767685834,233.49407329724298,24.611178434597385
G,1,sieve1_kernel,0.032497612972624934,0.22542669435614723,0.9697879904689537,0.02955403039621411,0.9502457378859289,0.7762126757995357,1.124278799972322,0.4158242600361506,373.6140426253313,3.090785026550293
G,1,sieve1_sieve1,0.032497612972624934,0.03924454599109144,0.7226223340185963,0.07422347227540595,0.8630524765711644,0.44723279584274966,1.278872157299579,0.12853877767685834,233.49407329724298,24.611178434597385
G,1,sieve2_sieve2,0.0358823126854851,0.08047518641432352,12.696360864628694,3.069888235740724,2.3064806968633276,-7.696392359047015,12.30935375277367,0.8228403377369677,158.7254108165273,50.0
G,1,sieve3_sieve3,0.031321620014408025,0.04512611530305033,2.274823763927406,0.3223499317043417,0.9465684085381308,-0.39109059984550354,2.284227416921765,0.2294253279429691,137.81328934513175,50.0
G,2,kernel_kernel,0.05650065668286347,0.21600896452286253,0.8140787618584219,0.20484663099256906,0.5853224549366602,0.3926597610395447,0.7779851488337758,0.40817146027088164,373.89852056024847,3.1684815883636475
G,2,kernel_sieve1,0.05650065668286347,0.037006067346213666,0.6825746827125804,0.07510494850600934,0.836657101445739,0.4227179132606603,1.2505962896308178,0.0942373738911308,243.51847303813375,23.333189362028442
G,2,sieve1_kernel,0.032075144621464484,0.21600896452286253,0.5595046506698039,0.08459889837333184,0.8270906190926526,0.7056454477060159,0.9485357904792893,0.40817146027088164,373.89852056024847,3.1684815883636475
G,2,sieve1_sieve1,0.032075144621464484,0.037006067346213666,0.5763728771660362,0.07659394663619787,0.8398746596657675,0.5701201722138307,1.1096291471177042,0.0942373738911308,243.51847303813375,23.333189362028442
G,2,sieve2_sieve2,0.02929507788428577,0.08167861769301267,0.6683926757785641,0.3302621727171518,1.3022726470727193,-0.2395678682313893,2.8441131623768277,0.8563293246837742,156.86809186432004,50.0
G,2,sieve3_sieve3,0.033706847127826574,0.04989634204656829,1.2133207338289325,0.4610947324741286,1.4898946469510848,-0.12901739752889574,3.1088066914310652,0.3296377675128238,148.99308437501114,50.0
G,2,kernel_kernel,0.05649053289057624,0.21573609104022373,0.816385334371416,0.2050470594791144,0.5843032155878262,0.3916005378238321,0.7770058933518202,0.4078672586083412,373.89749513898875,3.1698567867279053
G,2,kernel_sieve1,0.05649053289057624,0.036982931054285705,0.669545955415625,0.06957401604633322,0.859371207142367,0.4435135393123165,1.2752288749724174,0.0945559305081018,243.29658699082188,23.292167567930296
G,2,sieve1_kernel,0.031474836691309176,0.21573609104022373,0.5601098924211637,0.07656187634420557,0.8474681419400285,0.7257596169308866,0.9691766669491704,0.4078672586083412,373.89749513898875,3.1698567867279053
G,2,sieve1_sieve1,0.031474836691309176,0.036982931054285705,0.5745808185437011,0.07456249350687645,0.8530211301848007,0.5812381177768069,1.1248041425927946,0.0945559305081018,243.29658699082188,23.292167567930296
G,2,sieve2_sieve2,0.02931494705450356,0.08072977156630044,0.646609699518606,0.6170458822415116,1.5570245292058347,0.13107151172371267,2.9829775466879567,0.8472416779910885,155.6848327737336,50.0
G,2,sieve3_sieve3,0.03433134918144851,0.04900581328966717,2.451365798910104,0.2579287118266032,1.0185361157825408,-0.7154738737476865,2.752546105312768,0.3214000422072838,146.70869451476077,50.0
G,2,kernel_kernel,0.05642146677383767,0.21589954030564082,0.8158956558955219,0.2054943858274129,0.5833077656610905,0.3905267106023266,0.7760888207198545,0.40806220602989196,373.9163101428274,3.152700185775757
G,2,kernel_sieve1,0.05642146677383767,0.03708438261426646,0.5563315782251343,0.06303328201226523,0.8848254572294229,0.4646787719518181,1.3049721425070275,0.09629814165901457,242.63454850184834,23.250746048020687
G,2,sieve1_kernel,0.030945490768754996,0.21589954030564082,0.5605267984158367,0.06895254640226199,0.867630565181986,0.7446895839650998,0.9905715463988722,0.40806220602989196,373.9163101428274,3.152700185775757
G,2,sieve1_sieve1,0.030945490768754996,0.03708438261426646,0.572981460861734,0.07201812618602672,0.8633696448045609,0.5863700223194738,1.140369267289648,0.09629814165901457,242.63454850184834,23.250746048020687
G,2,sieve2_sieve2,0.030197859068909247,0.07914903293108355,0.6918224635188714,1.176613910551197,1.6192006840400857,0.08826092213276415,3.1501404459474074,0.8357153789199963,152.41302366940315,50.0
G,2,sieve3_sieve3,0.03372015648583509,0.048955227155689146,3.1782672824060563,0.25695681610307136,0.7241403446994209,-0.9829212820640173,2.431201971462859,0.3135044369494657,145.33851714366838,50.0
G,2,kernel_kernel,0.05621674766569481,0.21595601378423604,0.8197618843456671,0.20615123077871897,0.5818593413694969,0.38889619726307356,0.7748224854759203,0.40818946186701455,373.9316599399419,3.1397950649261475
G,2,kernel_sieve1,0.05621674766569481,0.03731288606408809,0.5551274515792456,0.057184567805456804,0.9084740527088401,0.48188050579514036,1.3350675996225398,0.0991430282055416,241.35757056162726,23.386887595110913
G,2,sieve1_kernel,0.030513034461218867,0.21595601378423604,0.5637481660909218,0.06196387150801716,0.8873466135883221,0.7621114289907898,1.0125817981858545,0.40818946186701455,373.9316599399419,3.1397950649261475
G,2,sieve1_sieve1,0.030513034461218867,0.03731288606408809,0.5728694626365967,0.06855143826363104,0.8698235181529513,0.5843481755583357,1.155298860747567,0.0991430282055416,241.35757056162726,23.386887595110913
G,2,sieve2_sieve2,0.031132667616598924,0.0779358206494634,0.685263662219847,0.9507123580308764,1.390098144225758,-0.7348182404954464,3.5150145289469625,0.8265779892099714,149.74752552867454,50.0
G,2,sieve3_sieve3,0.032208489674707484,0.049012372622512956,2.434721568591032,0.26019786617157453,0.5415181025904785,-1.1071049838855842,2.190141189066541,0.2998716767113634,144.53793301885568,50.0
G,2,kernel_kernel,0.05650065668286347,0.21600896452286253,0.8140787618584219,0.20484663099256906,0.5853224549366602,0.3926597610395447,0.7779851488337758,0.40817146027088164,373.89852056024847,3.1684815883636475
G,2,kernel_sieve1,0.05650065668286347,0.037006067346213666,0.6825746827125804,0.07510494850600934,0.836657101445739,0.4227179132606603,1.2505962896308178,0.0942373738911308,243.51847303813375,23.333189362028442
G,2,sieve1_kernel,0.032075144621464484,0.21600896452286253,0.5595046506698039,0.08459889837333184,0.8270906190926526,0.7056454477060159,0.9485357904792893,0.40817146027088164,373.89852056024847,3.1684815883636475
G,2,sieve1_sieve1,0.032075144621464484,0.037006067346213666,0.5763728771660362,0.07659394663619787,0.8398746596657675,0.5701201722138307,1.1096291471177042,0.0942373738911308,243.51847303813375,23.333189362028442
G,2,sieve2_sieve2,0.02929507788428577,0.08167861769301267,0.6683926757785641,0.3302621727171518,1.3022726470727193,-0.2395678682313893,2.8441131623768277,0.8563293246837742,156.86809186432004,50.0
G,2,sieve3_sieve3,0.033706847127826574,0.04989634204656829,1.2133207338289325,0.4610947324741286,1.4898946469510848,-0.12901739752889574,3.1088066914310652,0.3296377675128238,148.99308437501114,50.0
G,2,kernel_kernel,0.055990833823392185,0.2155492168484725,0.8222102300922228,0.20529989466510593,0.5843768751975321,0.3909057686531663,0.777847981741898,0.40774506042400993,373.86291695980924,3.184494733810425
G,2,kernel_sieve1,0.055990833823392185,0.03709194412553749,0.5567104998266845,0.08110930839448842,0.874886679804508,0.4474426976373631,1.3023306619716528,0.09952444827492224,242.9820636538299,23.781477181643723
G,2,sieve1_kernel,0.030997773412577544,0.2155492168484725,0.5650596114508543,0.09598540196166039,0.8450229243668985,0.7166846398547957,0.9733612088790013,0.40774506042400993,373.86291695980924,3.184494733810425
G,2,sieve1_sieve1,0.030997773412577544,0.03709194412553749,0.5774648684011029,0.07272308885527139,0.8603531646104302,0.5664913542181794,1.1542149750026809,0.09952444827492224,242.9820636538299,23.781477181643723
G,2,sieve2_sieve2,0.031336729840406835,0.0755810885143674,0.7446108457925942,4.974797983707621,5.604966162502783,-5.2409253165352,16.450857641540765,0.7531193819539788,153.41694034021904,50.0
G,2,sieve3_sieve3,0.03316554178282244,0.04734798983580399,0.7793902024593257,0.3717486417535807,0.9815185002496407,-0.2981684604692487,2.2612054609685304,0.2937508101600235,143.88157258752162,50.0
G,2,kernel_kernel,0.055197208011046384,0.21566530352383062,0.826059699807662,0.20551353717243767,0.584042400938985,0.39009789387796445,0.7779869080000055,0.40805137662092844,373.86035508563907,3.200340509414673
G,2,kernel_sieve1,0.055197208011046384,0.03996446573752763,0.5582713086128914,0.07226533523322431,0.8212963393893636,0.3714552119875589,1.2711374667911683,0.11887005398907363,239.38986441732845,27.05205113239209
G,2,sieve1_kernel,0.03116533698415051,0.21566530352383062,0.575875533309572,0.11857272322507124,0.8385679612727047,0.7041181790493573,0.9730177434960522,0.40805137662092844,373.86035508563907,3.200340509414673
G,2,sieve1_sieve1,0.03116533698415051,0.03996446573752763,0.5924937907982327,0.09859079005827966,0.8270873924255561,0.5026692139187552,1.151505570932357,0.11887005398907363,239.38986441732845,27.05205113239209
G,2,sieve2_sieve2,0.032517809001324664,0.07777296473243028,31.556359424296417,9.434333578706092,-23.920394744466506,-42.73011072623779,-5.110678762695223,0.7779227170211507,154.45908286187833,50.0
G,2,sieve3_sieve3,0.03059170581524241,0.04674634925973814,0.9333027403759507,0.5716376971481236,1.7574960119640595,0.6265069269444814,2.8884850969836373,0.284907328357671,146.2601447088559,50.0
G,2,kernel_kernel,0.05460708607153627,0.2155319447287359,0.8256401736473694,0.20624244126340288,0.5822512078911307,0.38783234373798103,0.7766700720442804,0.4081986613074938,373.8330341771956,3.267073154449463
G,2,kernel_sieve1,0.05460708607153627,0.04301210844166247,0.5656792755879533,0.1496038304277398,0.7382006098843358,0.2559348976245771,1.2204663221440946,0.14700387834878237,238.9689460290268,32.39354228943571
G,2,sieve1_kernel,0.030639626682475066,0.2155319447287359,0.6647709711901035,0.20076076245400473,0.7185162385056865,0.5794107043719136,0.8576217726394594,0.4081986613074938,373.8330341771956,3.267073154449463
G,2,sieve1_sieve1,0.030639626682475066,0.04301210844166247,0.6319037271464987,0.16376946608983556,0.7351064500667083,0.38300391621845714,1.0872089839149595,0.14700387834878237,238.9689460290268,32.39354228943571
G,2,sieve2_sieve2,0.03359569551172781,0.08699659588144253,0.8552509309816054,2.555292895869187,-2.201009045245987,-9.746026319978412,5.344008229486439,0.9772410039182196,155.8667416673321,50.0
G,2,sieve3_sieve3,0.03357002091805659,0.04781990109879658,0.8062821583354073,0.4002998769658647,1.105331417217806,-0.1245522433845987,2.3352150778202105,0.28281302287580246,145.96035364363343,50.0
G,3,kernel_kernel,0.058143281594161315,0.21565374686286023,0.9244400428959274,0.276239550804604,0.39045890866929367,0.1983970646018082,0.5825207527367792,0.4048969188928604,373.4598591244671,3.398416042327881
G,3,kernel_sieve1,0.058143281594161315,0.039796955948283703,0.5671419111211745,0.1409186943872357,0.8677269646183046,0.41582019849059354,1.3196337307460155,0.10340282727526223,235.9306369991089,27.61428769565162
G,3,sieve1_kernel,0.03497002383031695,0.21565374686286023,0.6291077325011298,0.09301186913789661,0.9435400882499798,0.8219083988983313,1.0651717776016283,0.4048969188928604,373.4598591244671,3.398416042327881
G,3,sieve1_sieve1,0.03497002383031695,0.039796955948283703,0.5079645154385112,0.06170855322444827,0.8940159168924695,0.6165883437534151,1.1714434900315238,0.10340282727526223,235.9306369991089,27.61428769565162
G,3,sieve2_sieve2,0.03799932871645425,0.07159789393804261,0.8155877561285096,3.0393474889075285,-2.3341738844742865,-5.622914602331813,0.95456683338324,0.6701012523955144,151.19093962088644,50.0
G,3,sieve3_sieve3,0.03575192575019916,0.04613713314840038,0.6338439558399214,0.25049810771540626,1.329517155128773,0.45265949229045577,2.2063748179670903,0.2265851627714466,143.85955419320143,50.0
G,3,kernel_kernel,0.05801816676725824,0.2156256505514038,0.9233380524302571,0.2758231721330432,0.39142039918491717,0.19923246866075361,0.5836083297090807,0.40485080083211267,373.45935713148543,3.398685932159424
G,3,kernel_sieve1,0.05801816676725824,0.040051238106168195,0.5682543240659221,0.138791079984226,0.8502314261879174,0.40019018199754663,1.300272670378288,0.10237360831583758,236.17038548296446,28.7061851666942
G,3,sieve1_kernel,0.03507226526578392,0.2156256505514038,0.625117060433691,0.09048154834072004,0.9276866072507273,0.8060716249597437,1.0493015895417108,0.40485080083211267,373.45935713148543,3.398685932159424
G,3,sieve1_sieve1,0.03507226526578392,0.040051238106168195,0.5079090854469807,0.06503002668168889,0.8620856307330633,0.586688595136934,1.1374826663291926,0.10237360831583758,236.17038548296446,28.7061851666942
G,3,sieve2_sieve2,0.037561008005141096,0.06980245447159071,0.8128888646781004,1.5540891937599122,-1.0362827468521474,-2.984660810603557,0.9120953168992623,0.6382605470767999,152.1406002075371,50.0
G,3,sieve3_sieve3,0.03652275370973273,0.045689783364640336,0.6394337317198574,0.3947853645432255,1.4470957720554107,0.5083791208404402,2.385812423270381,0.22895730189909413,145.8527944835616,50.0
G,3,kernel_kernel,0.057828337181530444,0.21542562000577317,0.9272373195911431,0.2756058765372928,0.39236223919615204,0.19994801328780687,0.5847764651044972,0.40478701178232834,373.4593559460625,3.399174690246582
G,3,kernel_sieve1,0.057828337181530444,0.040466379997301856,0.568667512118833,0.1373477396077072,0.8314771861512454,0.3816376915083032,1.2813166807941876,0.1027253885344021,235.90487788695293,29.843160720802587
G,3,sieve1_kernel,0.035105651045993724,0.21542562000577317,0.6224933462646552,0.08847133688772012,0.9116638695548567,0.7891152680810795,1.034212471028634,0.40478701178232834,373.4593559460625,3.399174690246582
G,3,sieve1_sieve1,0.035105651045993724,0.040466379997301856,0.5101863232598227,0.0699642506921132,0.8297757618419459,0.553095766725004,1.1064557569588878,0.1027253885344021,235.90487788695293,29.843160720802587
G,3,sieve2_sieve2,0.03621229366976802,0.06929564990284025,0.7589928762526621,1.0750936846835915,-0.6724301255373845,-2.502995547258451,1.1581352961836817,0.6250116691568851,154.6746762069503,50.0
G,3,sieve3_sieve3,0.036604781798117936,0.045588557413910456,0.6429745844204277,0.48840282120747397,1.4545600353272397,0.46420590259164973,2.4449141680628297,0.23566862489480123,145.76444301382216,50.0
G,3,kernel_kernel,0.05752638241393646,0.2153878652596647,0.9268034753994987,0.275461825890098,0.39334896968499816,0.20069479095780185,0.5860031484121945,0.4047441828250885,373.4614869377796,3.3967134952545166
G,3,kernel_sieve1,0.05752638241393646,0.04094104016183751,0.5706122475338877,0.13648286210610183,0.8144912369467323,0.36344147142599087,1.2655410024674738,0.10410364977012826,235.03958871261682,31.02188952353918
G,3,sieve1_kernel,0.03508454247598806,0.2153878652596647,0.6228298695267879,0.08683118031410708,0.8955104238928522,0.7711665072997097,1.0198543404859945,0.4047441828250885,373.4614869377796,3.3967134952545166
G,3,sieve1_sieve1,0.03508454247598806,0.04094104016183751,0.5146407654922596,0.07543140934784534,0.7985001848342829,0.5174820711841512,1.0795182984844145,0.10410364977012826,235.03958871261682,31.02188952353918
G,3,sieve2_sieve2,0.036547708612201545,0.06993264572924325,0.8555780148912102,0.8820135812525459,-1.0433275854406592,-2.775800410547762,0.6891452396664435,0.629993074443295,155.83437010914815,50.0
G,3,sieve3_sieve3,0.03635048708824202,0.045568608697279356,0.6458359538505758,0.4217829116964576,1.2805212722154835,0.24757557605920644,2.3134669683717606,0.23725557543464726,145.3817990802105,50.0
G,3,kernel_kernel,0.05814289199699133,0.21565374686286023,0.9248601372607846,0.2762396946540444,0.39046408589490983,0.19840233074302482,0.5825258410467948,0.4048969188928604,373.4598591244671,3.398416042327881
G,3,kernel_sieve1,0.05814289199699133,0.039796955948283703,0.5671412332039303,0.14091377440197914,0.8677291332567576,0.4158225417846044,1.3196357247289108,0.10340282727526223,235.9306369991089,27.61428769565162
G,3,sieve1_kernel,0.03497002383031695,0.21565374686286023,0.6291077325011298,0.09301186913789661,0.9435400882499798,0.8219083988983313,1.0651717776016283,0.4048969188928604,373.4598591244671,3.398416042327881
G,3,sieve1_sieve1,0.03497002383031695,0.039796955948283703,0.5079645154385112,0.06170855322444827,0.8940159168924695,0.6165883437534151,1.1714434900315238,0.10340282727526223,235.9306369991089,27.61428769565162
G,3,sieve2_sieve2,0.03799932871645425,0.07159789393804261,0.8155877561285096,3.0393474889075285,-2.3341738844742865,-5.622914602331813,0.95456683338324,0.6701012523955144,151.19093962088644,50.0
G,3,sieve3_sieve3,0.03575192575019916,0.04613713314840038,0.6338439558399214,0.25049810771540626,1.329517155128773,0.45265949229045577,2.2063748179670903,0.2265851627714466,143.85955419320143,50.0
G,3,kernel_kernel,0.05752678653176119,0.21532031776798152,0.9277299408364316,0.27598817915229434,0.39151511726237315,0.1986312127280247,0.5843990217967217,0.4046992073853811,373.4423499990354,3.4008383750915527
G,3,kernel_sieve1,0.05752678653176119,0.04273774483633511,0.5692988978781652,0.0944448921615297,0.8431400049317396,0.3756439039776993,1.3106361058857798,0.12026785911072246,234.62578492016377,27.65282879009241
G,3,sieve1_kernel,0.033744241535986035,0.21532031776798152,0.597496729021843,0.04436863662250232,0.978652059388005,0.8502701856782675,1.1070339330977426,0.4046992073853811,373.4423499990354,3.4008383750915527
G,3,sieve1_sieve1,0.033744241535986035,0.04273774483633511,0.4920817116720106,0.04675064803745063,0.9330202743082024,0.6417938454629233,1.2242467031534816,0.12026785911072246,234.62578492016377,27.65282879009241
G,3,sieve2_sieve2,0.03704638442923119,0.0703034188768609,0.9859972304303488,2.2290991890395113,-1.8823478906738296,-4.2576146515813775,0.49291887023371794,0.6417560096867027,149.3788922989129,50.0
G,3,sieve3_sieve3,0.0358947734554373,0.05369117345815641,0.7080631459688543,0.4824658400186805,0.5632966852107125,-0.44251411153601994,1.5691074819574449,0.22764126534038964,139.57756531723376,50.0
G,3,kernel_kernel,0.05689702653145056,0.21509494027120493,0.9194129077941465,0.27835829262824047,0.3863384033947923,0.1926414659329328,0.5800353408566519,0.40463234786192576,373.4084375472112,3.397378444671631
G,3,kernel_sieve1,0.05689702653145056,0.04598927987948731,0.5550010571262373,0.05864731479391392,0.8871685367027333,0.38898733880817693,1.3853497345972898,0.1502006991135279,231.28263928962397,28.726387510693108
G,3,sieve1_kernel,0.038315115572365784,0.21509494027120493,0.6363842273031365,0.07549503844985676,1.1165173461236222,0.973937561034026,1.2590971312132184,0.40463234786192576,373.4084375472112,3.397378444671631
G,3,sieve1_sieve1,0.038315115572365784,0.04598927987948731,0.524036474831006,0.07548780134780461,1.1076965220363382,0.7550730687620215,1.4603199753106548,0.1502006991135279,231.28263928962397,28.726387510693108
G,3,sieve2_sieve2,0.0369557150732187,0.07260135252527947,25.416060494551775,6.623464121484687,8.83375578378645,0.19515734177110744,17.472354225801794,0.6784510477950136,149.29408900753697,50.0
G,3,sieve3_sieve3,0.03570377379366493,0.05676952168537546,0.7083003596527073,0.15401583392838955,1.1458901657926661,0.07325525997789706,2.218525071607435,0.2659423083588018,145.0485314229022,50.0
G,3,kernel_kernel,0.05644523231155099,0.21488459932818052,0.9208047961699496,0.2801387845079539,0.3841139595537984,0.18978518198736485,0.578442737120232,0.4046487348477046,373.3808481803411,3.394453287124634
G,3,kernel_sieve1,0.05644523231155099,0.047683604919048626,0.5632192332972965,0.0718568762262239,0.834764153584364,0.3350238802845165,1.3345044268842114,0.1620230569485126,232.17891294468237,30.06840351021636
G,3,sieve1_kernel,0.04004368443277811,0.21488459932818052,0.622154455343195,0.0898193935151288,1.1015221171909768,0.9498610526912473,1.2531831816907064,0.4046487348477046,373.3808481803411,3.394453287124634
G,3,sieve1_sieve1,0.04004368443277811,0.047683604919048626,0.5314006417421694,0.07963933263726719,1.0137056490094616,0.6478188318697754,1.3795924661491479,0.1620230569485126,232.17891294468237,30.06840351021636
G,3,sieve2_sieve2,0.03263757635588737,0.07368562398189303,3.6815626095259053,9.503665898884378,0.19308946211730046,-6.436652498528227,6.822831422762828,0.6997729272606016,147.8063477816395,50.0
G,3,sieve3_sieve3,0.036703902436049436,0.05627584567883256,0.59248760672769,0.6695968267697269,1.6211917550393133,0.5847332803528551,2.6576502297257716,0.30589308821977684,145.40345736823292,50.0
G,4,kernel_kernel,0.05400039742156241,0.21971627901107757,0.8070289445892975,0.371864068575295,0.5468389720253466,0.35072475925041435,0.7429531848002788,0.40943979463974634,373.81061574528496,3.0838050842285156
G,4,kernel_sieve1,0.05400039742156241,0.03802460344484088,1.055141346297347,0.13377964033540343,0.9943412477656365,0.5033238513442795,1.4853586441869935,0.1106467179288374,234.5800367202376,27.817676008223575
G,4,sieve1_kernel,0.03148737868740358,0.21971627901107757,0.5386577105193268,0.12205341416593658,1.0267303239554997,0.9069040651236273,1.146556582787372,0.40943979463974634,373.81061574528496,3.0838050842285156
G,4,sieve1_sieve1,0.03148737868740358,0.03802460344484088,0.5194737424691347,0.1594686941868832,1.123969978382738,0.8537078122884678,1.394232144477008,0.1106467179288374,234.5800367202376,27.817676008223575
G,4,sieve2_sieve2,0.035856352269584765,0.07831418900334404,4.288158655536519,0.07515900801734916,1.0552649931993974,0.22141889420054517,1.8891110921982497,0.7567353285681846,159.75598472543703,50.0
G,4,sieve3_sieve3,0.03659038031518872,0.04402633577784034,0.8517787793498987,0.5080117996924194,0.33556390901859906,-0.6551020999482067,1.326229917985405,0.25659521282977826,145.57126983186598,50.0
G,4,kernel_kernel,0.05407869471857338,0.2195598136324689,0.8065864979723447,0.3717798272875361,0.5471044744730789,0.3510423377370593,0.7431666112090984,0.40938356228669487,373.81363072607854,3.0967042446136475
G,4,kernel_sieve1,0.05407869471857338,0.03792561123244942,1.0626554359503089,0.13513923748327564,0.9922546517367823,0.49983544036346633,1.4846738631100982,0.10933868870994362,233.80089649077547,26.760988455466116
G,4,sieve1_kernel,0.03146063416206952,0.2195598136324689,0.5421814714203883,0.12064654571561949,1.025123135200737,0.9044088861648428,1.1458373842366312,0.40938356228669487,373.81363072607854,3.0967042446136475
G,4,sieve1_sieve1,0.03146063416206952,0.03792561123244942,0.5293923873607875,0.1630385598145563,1.1295596586953203,0.8565704966187864,1.4025488207718542,0.10933868870994362,233.80089649077547,26.760988455466116
G,4,sieve2_sieve2,0.03606120386743925,0.07755374300624836,8.131231304796167,0.2839398791421937,1.3210797265156227,0.3855755189161286,2.256583934115117,0.7544766393254132,158.8052343601802,50.0
G,4,sieve3_sieve3,0.03617529339345537,0.044358926858210884,0.8739020494298615,0.5436320275479857,0.6799544833336167,-0.3197429365381341,1.6796519032053676,0.2612517347045281,145.6220186097251,50.0
G,4,kernel_kernel,0.0540536177163495,0.2193643562758257,0.806776500262926,0.37178998712322225,0.5470978831348106,0.3509562292949,0.7432395369747211,0.4091637433767319,373.81238831407643,3.1072025299072266
G,4,kernel_sieve1,0.0540536177163495,0.03788494505433419,1.0436385001798643,0.13646262339270465,0.988377359418441,0.4928026144867127,1.4839521043501693,0.10908558620934156,232.27575494281575,25.71654783509167
G,4,sieve1_kernel,0.031471615855609134,0.2193643562758257,0.5464438820119913,0.11981484536199231,1.0244091176883243,0.90164936355128,1.1471688718253688,0.4091637433767319,373.81238831407643,3.1072025299072266
G,4,sieve1_sieve1,0.031471615855609134,0.03788494505433419,0.5429848050627857,0.1668603794059954,1.1349272183189762,0.8555905980471902,1.4142638385907622,0.10908558620934156,232.27575494281575,25.71654783509167
G,4,sieve2_sieve2,0.037101587372309376,0.07686454595822385,6.816964079431005,0.5733947303655259,1.6030900445260874,0.4664778974443615,2.7397021916078135,0.753446304438482,157.58063820300453,50.0
G,4,sieve3_sieve3,0.036468776517874946,0.04450884930253571,0.8904282133042977,0.5656040472794716,0.8790984269788962,-0.12954049332214357,1.887737347279936,0.25900415872150273,144.8831231941467,50.0
G,4,kernel_kernel,0.053940875921339115,0.21923022054377872,0.8078052347942947,0.3721039259010103,0.547040612395875,0.3508211022375858,0.7432601225541642,0.40910339470704393,373.8157794991733,3.1191935539245605
G,4,kernel_sieve1,0.053940875921339115,0.037909286200234406,0.7949778753073116,0.13887154172490626,0.9817473204118036,0.4813207908854872,1.4821738499381198,0.11005876934427505,230.15658352562073,26.044169134042676
G,4,sieve1_kernel,0.031511403854801445,0.21923022054377872,0.5503818865024297,0.11955944519102384,1.0246196819418278,0.8987292375973507,1.1505101262863051,0.40910339470704393,373.8157794991733,3.1191935539245605
G,4,sieve1_sieve1,0.031511403854801445,0.037909286200234406,0.557651042340698,0.1694910270601585,1.138269234745924,0.8488147279717864,1.4277237415200617,0.11005876934427505,230.15658352562073,26.044169134042676
G,4,sieve2_sieve2,0.037187976481279895,0.07762760642894106,1.3125184502954366,0.4835510249062997,1.5563865763465772,-1.7415517598912966,4.854324912584451,0.7754323513833191,156.39984040498317,50.0
G,4,sieve3_sieve3,0.03696056748596356,0.04441281806950395,0.9108038123872055,0.588736017930155,0.9317366131760403,-0.029886887674583584,1.893360114026664,0.24891126757112594,143.74715382856573,50.0
G,4,kernel_kernel,0.05400039742156241,0.21971627901107757,0.8070289445892975,0.371864068575295,0.5468389720253466,0.35072475925041435,0.7429531848002788,0.40943979463974634,373.81061574528496,3.0838050842285156
G,4,kernel_sieve1,0.05400039742156241,0.03802460344484088,1.055141346297347,0.13377964033540343,0.9943412477656365,0.5033238513442795,1.4853586441869935,0.1106467179288374,234.5800367202376,27.817676008223575
G,4,sieve1_kernel,0.03148737868740358,0.21971627901107757,0.5386577105193268,0.12205341416593658,1.0267303239554997,0.9069040651236273,1.146556582787372,0.40943979463974634,373.81061574528496,3.0838050842285156
G,4,sieve1_sieve1,0.03148737868740358,0.03802460344484088,0.5194737424691347,0.1594686941868832,1.123969978382738,0.8537078122884678,1.394232144477008,0.1106467179288374,234.5800367202376,27.817676008223575
G,4,sieve2_sieve2,0.035856352269584765,0.07831418900334404,4.288158655536519,0.07515900801734916,1.0552649931993974,0.22141889420054517,1.8891110921982497,0.7567353285681846,159.75598472543703,50.0
G,4,sieve3_sieve3,0.03659038031518872,0.04402633577784034,0.8517787793498987,0.5080117996924194,0.33556390901859906,-0.6551020999482067,1.326229917985405,0.25659521282977826,145.57126983186598,50.0
G,4,kernel_kernel,0.053428895721883245,0.2196568961405875,0.8069725589117377,0.3732461640708473,0.5453979570390879,0.34884782285472643,0.7419480912234493,0.4094012919068336,373.7809974990572,3.0975341796875
G,4,kernel_sieve1,0.053428895721883245,0.04019040349562556,1.1429949839177784,0.16658312449823823,0.9868052172276954,0.4628514595544464,1.5107589749009445,0.1320727182275403,231.38695829897858,32.10546739042872
G,4,sieve1_kernel,0.030029203531017196,0.2196568961405875,0.5517404651608865,0.1642554714312249,1.0584546162496133,0.9302776204418979,1.1866316120573288,0.4094012919068336,373.7809974990572,3.0975341796875
G,4,sieve1_sieve1,0.030029203531017196,0.04019040349562556,0.5161687305205589,0.15540950414534735,1.165252951137645,0.8713752529202885,1.4591306493550016,0.1320727182275403,231.38695829897858,32.10546739042872
G,4,sieve2_sieve2,0.035179574659742176,0.08343452709225485,17.41944384025017,2.2747384574210288,-0.5165689164841569,-7.029577426260573,5.99643959329226,0.8312842945237826,163.09245021088964,50.0
G,4,sieve3_sieve3,0.03788556049346616,0.05064991616229745,0.9233768467898142,0.8587422916357111,-0.7956999019838767,-2.196133551600937,0.6047337476331837,0.3093272286635167,142.88498881763763,50.0
G,4,kernel_kernel,0.05287798051650411,0.21913215814446294,0.8046400397566477,0.37428525851432876,0.5438680521356103,0.3468681647178694,0.7408679395533512,0.4091819246610006,373.7615409524585,3.099390745162964
G,4,kernel_sieve1,0.05287798051650411,0.04205961504901687,1.1498497411519568,0.14972250130951206,1.0137093354883424,0.47179713051079764,1.555621540465887,0.14636838676472708,231.23232618256267,33.7122412940824
G,4,sieve1_kernel,0.035642358243587115,0.21913215814446294,0.5469506322322988,0.17993366348695214,1.1239946391225872,0.9854935099686857,1.2624957682764888,0.4091819246610006,373.7615409524585,3.099390745162964
G,4,sieve1_sieve1,0.035642358243587115,0.04205961504901687,0.5288022773488263,0.20145236324484386,1.2368617917074978,0.9144264325418663,1.5592971508731293,0.14636838676472708,231.23232618256267,33.7122412940824
G,4,sieve2_sieve2,0.03251012241958584,0.08238767123242595,1.855436563383326,3.3100871764156423,1.9383156815150682,-2.6177257139619443,6.494357076992081,0.8449598313344409,155.52722088850652,50.0
G,4,sieve3_sieve3,0.03420067425906417,0.045648420726525994,0.7940228194726356,0.23779254213218803,0.5011812903303471,-0.9763353258376556,1.9786979064983496,0.2738960469940793,136.63364789024433,50.0
G,4,kernel_kernel,0.052306848016796414,0.2186494732816481,0.8047399481711965,0.37463981424908915,0.5432229419918149,0.3458394225703587,0.740606461413271,0.40892784742514293,373.7222811940401,3.1226165294647217
G,4,kernel_sieve1,0.052306848016796414,0.04674994756845203,0.8995810209214576,0.1777674326956971,1.1063690805452897,0.5049971846508269,1.7077409764397524,0.1936257259571011,228.21050397422056,43.00387399957325
G,4,sieve1_kernel,0.03945625290746338,0.2186494732816481,0.550596949524149,0.20187172215230473,1.2598606122829734,1.1055187258458652,1.4142024987200816,0.40892784742514293,373.7222811940401,3.1226165294647217
G,4,sieve1_sieve1,0.03945625290746338,0.04674994756845203,0.60738191688325,0.2000297131613035,1.334493004921749,0.9574283832186719,1.711557626624826,0.1936257259571011,228.21050397422056,43.00387399957325
G,4,sieve2_sieve2,0.03941615447952127,0.0822709698294834,0.844361751557507,1.999640185120912,-0.9612118709519164,-9.631832964995326,7.709409223091492,0.8455933828230557,154.3312574883463,50.0
G,4,sieve3_sieve3,0.034373082739179515,0.044723426597256,1.041972400724078,0.7562190924222278,0.5724642033243368,-0.7353885136425831,1.8803169202912566,0.2651525306962041,139.08975705266107,50.0
G,5,kernel_kernel,0.05956515617867161,0.2192568734372672,0.8377812556342324,0.27546512966891057,0.50577272332971,0.3162506707980991,0.6952947758613209,0.4106588284969329,373.9720150610188,3.087144374847412
G,5,kernel_sieve1,0.05956515617867161,0.0413870196772597,0.627211498755512,0.12737981404082258,1.0761673807385832,0.6106727562004733,1.541662005276693,0.10635176286198039,240.0843893941981,22.522228368652193
G,5,sieve1_kernel,0.03470713672173877,0.2192568734372672,0.6735374616325795,0.0633263613683704,1.1248754047425187,1.00870100228519,1.2410498071998473,0.4106588284969329,373.9720150610188,3.087144374847412
G,5,sieve1_sieve1,0.03470713672173877,0.0413870196772597,1.0698257491533318,0.02235574265799702,1.0340056132262334,0.780322663648612,1.2876885628038548,0.10635176286198039,240.0843893941981,22.522228368652193
G,5,sieve2_sieve2,0.030437131228401037,0.08350401988348848,1.8410241978460997,0.5962567456198672,0.6833245694454366,-0.3815052407791386,1.7481543796700119,0.8948244985034216,155.2510886153962,50.0
G,5,sieve3_sieve3,0.034908025444824485,0.04634428994015933,1.2407572144246197,0.14886683979643253,0.7632548350896569,-0.1334410746991388,1.6599507448784525,0.28850676750254844,142.876714657217,50.0
G,5,kernel_kernel,0.059477326444443736,0.21922709731912163,1.2224296627651825,0.275781390712718,0.5055637473281379,0.3159880757095295,0.6951394189467464,0.4106211443543434,373.9668914142693,3.0887463092803955
G,5,kernel_sieve1,0.059477326444443736,0.04131618951955836,0.6277668855773033,0.1258565492179076,1.0769638491279947,0.6094397930465492,1.5444879052094402,0.10638139858447826,239.79801907839936,22.80817080479875
G,5,sieve1_kernel,0.03520611142049543,0.21922709731912163,0.669096044876497,0.0552894464219622,1.1189419038510062,1.0016053712398714,1.236278436462141,0.4106211443543434,373.9668914142693,3.0887463092803955
G,5,sieve1_sieve1,0.03520611142049543,0.04131618951955836,1.0654300465365918,0.026019446724823193,1.0334540969607622,0.7759782303251848,1.2909299635963396,0.10638139858447826,239.79801907839936,22.80817080479875
G,5,sieve2_sieve2,0.029625064628868037,0.08374341597417219,1.7312659105465016,0.42038684539447146,0.8242867833365151,-0.26888598951957055,1.9174595561926007,0.895514050448583,155.85406872437846,50.0
G,5,sieve3_sieve3,0.03385097941581177,0.04673500114518508,2.540448945091143,0.15554291536793738,0.7077607313897323,-0.22842777607726616,1.6439492388567307,0.28724193345088045,139.46145051842433,50.0
G,5,kernel_kernel,0.05924087713465625,0.21935930595200137,0.8340788206777183,0.27621015273906285,0.5046717435345993,0.31502078335889905,0.6943227037102996,0.41064659440517426,373.96491663661516,3.089630603790283
G,5,kernel_sieve1,0.05924087713465625,0.04135120819342628,0.6274352838479972,0.12422088679137272,1.0762523792466447,0.6055280694534456,1.5469766890398438,0.10794814352592047,239.49829945500207,23.072758594537056
G,5,sieve1_kernel,0.035480022008748134,0.21935930595200137,0.6676695198383544,0.0522290527105436,1.1141121163006436,0.9943400261518119,1.233884206449475,0.41064659440517426,373.96491663661516,3.089630603790283
G,5,sieve1_sieve1,0.035480022008748134,0.04135120819342628,1.0820214738923117,0.03014167081980591,1.032868667796808,0.7677299882872537,1.2980073473063622,0.10794814352592047,239.49829945500207,23.072758594537056
G,5,sieve2_sieve2,0.02941242095074322,0.08448845093994824,3.0699782981577015,0.19085953300509031,1.0555350296045376,-0.11754187465524768,2.2286119338643227,0.899610817191565,157.28069904068275,50.0
G,5,sieve3_sieve3,0.032294427637240726,0.04802388950280347,1.4216964124928313,0.23609435859679603,0.42942514010308713,-0.5559743878504027,1.4148246680565768,0.28807772149486877,137.44444277707947,50.0
G,5,kernel_kernel,0.058891875363768685,0.21938421010835027,1.2249921811743891,0.27688550571327014,0.5043191824422518,0.3145659835689458,0.6940723813155578,0.4106516235272089,373.95947875507323,3.0924322605133057
G,5,kernel_sieve1,0.058891875363768685,0.04144032446373997,0.6210711382985671,0.12260469562690988,1.0755067774068465,0.6006638126648203,1.5503497421488728,0.11029099403166237,238.87684452564326,23.312727562162596
G,5,sieve1_kernel,0.03556471985629505,0.21938421010835027,0.623823352137896,0.050990185730515836,1.1103948465335323,0.9869798066564286,1.233809886410636,0.4106516235272089,373.95947875507323,3.0924322605133057
G,5,sieve1_sieve1,0.03556471985629505,0.04144032446373997,0.5495224754906974,0.034595996285663594,1.0312549385716545,0.7549435392083589,1.3075663379349503,0.11029099403166237,238.87684452564326,23.312727562162596
G,5,sieve2_sieve2,0.030323830916092587,0.08569186801630753,1.7488446502471082,0.5243218544056778,1.1849906256981853,-0.22806428005737556,2.598045531453746,0.9042459704204068,159.59661094188618,50.0
G,5,sieve3_sieve3,0.03122054294943187,0.04904125933355228,0.8128318016103262,0.3768818480064653,0.028068066666104775,-1.0037729107235156,1.0599090440557253,0.2886621325533809,136.35210635775113,50.0
G,5,kernel_kernel,0.05956515617867161,0.2192568734372672,0.8377812556342324,0.27546512966891057,0.50577272332971,0.3162506707980991,0.6952947758613209,0.4106588284969329,373.9720150610188,3.087144374847412
G,5,kernel_sieve1,0.05956515617867161,0.0413870196772597,0.627211498755512,0.12737981404082258,1.0761673807385832,0.6106727562004733,1.541662005276693,0.10635176286198039,240.0843893941981,22.522228368652193
G,5,sieve1_kernel,0.03470713672173877,0.2192568734372672,0.6735374616325795,0.0633263613683704,1.1248754047425187,1.00870100228519,1.2410498071998473,0.4106588284969329,373.9720150610188,3.087144374847412
G,5,sieve1_sieve1,0.03470713672173877,0.0413870196772597,1.0698257491533318,0.02235574265799702,1.0340056132262334,0.780322663648612,1.2876885628038548,0.10635176286198039,240.0843893941981,22.522228368652193
G,5,sieve2_sieve2,0.030437131228401037,0.08350401988348848,1.8410241978460997,0.5962567456198672,0.6833245694454366,-0.3815052407791386,1.7481543796700119,0.8948244985034216,155.2510886153962,50.0
G,5,sieve3_sieve3,0.034908025444824485,0.04634428994015933,1.2407572144246197,0.14886683979643253,0.7632548350896569,-0.1334410746991388,1.6599507448784525,0.28850676750254844,142.876714657217,50.0
G,5,kernel_kernel,0.059597967854990073,0.21905997836583405,0.841880041207119,0.27577716161740745,0.503613980525867,0.31371367985051324,0.6935142812012208,0.41059334808588027,373.96524080467555,3.0897319316864014
G,5,kernel_sieve1,0.059597967854990073,0.044829090543769816,0.6347879615476365,0.10719038755064175,1.0814585749701546,0.5839072530110765,1.5790098969292328,0.1356904947093916,233.54597038392083,26.149229378027723
G,5,sieve1_kernel,0.036811026538965015,0.21905997836583405,0.6997424318959983,0.07410071266657285,1.2052299111153582,1.0781235133839102,1.332336308846806,0.41059334808588027,373.96524080467555,3.0897319316864014
G,5,sieve1_sieve1,0.036811026538965015,0.044829090543769816,1.030492069700654,0.07838680907067809,1.0764190465153844,0.7691193265918423,1.3837187664389266,0.1356904947093916,233.54597038392083,26.149229378027723
G,5,sieve2_sieve2,0.03134083628581058,0.08470301433289677,8.74845227087809,0.6576414928520535,1.3524574184845746,-1.6243491774725143,4.329264014441663,0.9359453401815815,154.38229834932932,50.0
G,5,sieve3_sieve3,0.031235390622380177,0.04786699137754232,0.804255524144128,0.6204142374537658,-0.5251074494826573,-1.6846015254953104,0.6343866265299958,0.29361720574091166,140.78392572177478,50.0
G,5,kernel_kernel,0.05910937135935398,0.2186606376351715,1.2284912304949585,0.27741618600972623,0.501490914639304,0.31116509493591216,0.6918167343426957,0.4103043730854988,373.9594773729839,3.0907561779022217
G,5,kernel_sieve1,0.05910937135935398,0.04735003737072959,0.6868613123881775,0.2011723063133989,1.209840123884391,0.6453523311735435,1.7743279165952384,0.1724563699409074,225.03462903097486,37.43657936320295
G,5,sieve1_kernel,0.03755562569504737,0.2186606376351715,0.7307635548162691,0.19603473506632926,1.4080247819067078,1.2662201240317956,1.54982943978162,0.4103043730854988,373.9594773729839,3.0907561779022217
G,5,sieve1_sieve1,0.03755562569504737,0.04735003737072959,1.0279296313564368,0.08887706567182373,1.2382213095775751,0.852043697255253,1.6243989218998973,0.1724563699409074,225.03462903097486,37.43657936320295
G,5,sieve2_sieve2,0.03385851395878416,0.08682870619530608,0.6802796944981992,1.2894030447034923,3.3608049338266306,-0.8801789726083302,7.601788840261591,0.9273373793855142,162.74247756056366,50.0
G,5,sieve3_sieve3,0.03173058456408448,0.05027687284392921,0.7771286279029739,0.5208047886204169,0.2334418555039514,-0.9052396826499116,1.3721233936578145,0.33122987588934916,141.9473597637052,50.0
G,5,kernel_kernel,0.05822171415544158,0.21858114075477622,1.2333908229093054,0.2795008843523718,0.4989730420716904,0.307979885022061,0.6899661991213198,0.41035623741149907,373.9505446455884,3.0941314697265625
G,5,kernel_sieve1,0.05822171415544158,0.051830812623279175,0.7217947283999738,0.25663576772387536,1.3699751470502706,0.7467247522238843,1.9932255418766567,0.2034835357708591,224.1596653085649,39.41628594460373
G,5,sieve1_kernel,0.03529652914781776,0.21858114075477622,0.9313200066295657,0.3092568460136189,1.7582971921772985,1.5777164619530362,1.9388779224015609,0.41035623741149907,373.9505446455884,3.0941314697265625
G,5,sieve1_sieve1,0.03529652914781776,0.051830812623279175,1.2781802903497115,0.23997440630425684,1.6023895188892547,1.1075951537392503,2.0971838840392594,0.2034835357708591,224.1596653085649,39.41628594460373
G,5,sieve2_sieve2,0.03199210611722798,0.0833849710011683,0.8957831356740306,10.250577964052868,-0.617924889901428,-5.084340735812466,3.8484909560096106,0.9212317312491303,150.45874114824952,50.0
G,5,sieve3_sieve3,0.030448388432328565,0.04748937652700693,0.8014695786488722,0.6380178862291428,-0.2815228061062108,-1.535709442436179,0.9726638302237576,0.3070516864263106,138.07933636945805,50.0
G,6,kernel_kernel,0.05625860581556475,0.22262083019694398,0.7672355179297959,0.3352606093041383,0.3295723107602546,0.13540930832676942,0.5237353131937398,0.4138740101655324,374.05190956965214,2.8835229873657227
G,6,kernel_sieve1,0.05625860581556475,0.04044060973188497,1.0701708470848432,0.12109577057804773,1.0242975827026828,0.5939183039699512,1.4546768614354144,0.09915299694649427,248.070071556111,21.35694436028357
G,6,sieve1_kernel,0.038184598836816575,0.22262083019694398,0.5180711250804318,0.10594298423509026,1.0663100185281655,0.9402857617258259,1.192334275330505,0.4138740101655324,374.05190956965214,2.8835229873657227
G,6,sieve1_sieve1,0.038184598836816575,0.04044060973188497,0.6848265088365079,0.1507548070091134,1.138266559282981,0.8663530936776553,1.4101800248883067,0.09915299694649427,248.070071556111,21.35694436028357
G,6,sieve2_sieve2,0.035194526578077666,0.08096838006020164,0.720663738416401,0.4622122162679896,0.5120765160972777,-1.1065649489210956,2.130717981115651,0.8129795636883443,150.6775707533083,50.0
G,6,sieve3_sieve3,0.029994732199271918,0.049133349816783724,0.7635730005953129,0.29952019764675525,0.5180534665221328,-0.5587412793170985,1.594848212361364,0.20470582699904485,150.17551986584596,50.0
G,6,kernel_kernel,0.056173284717062365,0.22272038168207345,0.7697481262668432,0.3351108757031575,0.3295602030011865,0.13543134562026468,0.5236890603821083,0.4139792947769165,374.04924478163133,2.890134811401367
G,6,kernel_sieve1,0.056173284717062365,0.0397950706771411,1.07489922501782,0.10430381037751074,0.9922589765679497,0.5661335014818857,1.4183844516540138,0.09577436669000117,248.74014211839105,21.108137969546615
G,6,sieve1_kernel,0.040615886649432865,0.22272038168207345,0.5165416167614333,0.08649727005927255,1.0357644901722185,0.9099233961407494,1.1616055842036876,0.4139792947769165,374.04924478163133,2.890134811401367
G,6,sieve1_sieve1,0.040615886649432865,0.0397950706771411,0.5262284543672957,0.13447693039116906,1.1038785911513271,0.8297510250167495,1.3780061572859048,0.09577436669000117,248.74014211839105,21.108137969546615
G,6,sieve2_sieve2,0.039271182010011015,0.07950076554184056,0.7242448278745832,1.762493114295447,2.445350641147027,-0.6215400388315371,5.512241321125591,0.7949755181972683,148.23335100617726,50.0
G,6,sieve3_sieve3,0.02994727763119327,0.04972443220552573,0.7499531404643348,0.35109391940962453,0.30857682543904214,-0.7509572161838363,1.3681108670619206,0.21342141252664126,150.86772022554496,50.0
G,6,kernel_kernel,0.05601313629480298,0.22266508506507454,0.7691689684421421,0.3353656242488288,0.32908497218523847,0.134951184424977,0.5232187599454999,0.41401437071959174,374.0503869045887,2.9089107513427734
G,6,kernel_sieve1,0.05601313629480298,0.03934080269956916,1.0860458100258967,0.10563878034608226,0.9618151030786839,0.5382953616957156,1.3853348444616522,0.09362168746552535,248.97712256795444,21.260351228086954
G,6,sieve1_kernel,0.042778234220297064,0.22266508506507454,0.5185810403299429,0.06753247650793769,1.0047218919393093,0.8775693995502862,1.1318743843283323,0.41401437071959174,374.0503869045887,2.9089107513427734
G,6,sieve1_sieve1,0.042778234220297064,0.03934080269956916,0.5253763121712876,0.12133073370625903,1.0650978644702036,0.7845905967221969,1.3456051322182103,0.09362168746552535,248.97712256795444,21.260351228086954
G,6,sieve2_sieve2,0.04135612861210655,0.07857209107083148,0.7329445726127973,0.32721502091924026,0.9835478283692625,-1.2820766503412078,3.249172307079733,0.7806506085664244,147.8024487752582,50.0
G,6,sieve3_sieve3,0.03051492091698413,0.05028807219061727,0.7242374250645419,0.35069804031939183,0.2049987716097549,-0.8595765903236933,1.2695741335432031,0.22276136784842554,149.2848657930166,50.0
G,6,kernel_kernel,0.055791322885912466,0.22261114236617185,0.7677136566697655,0.33557347002980936,0.3287559387195373,0.13453995827756238,0.5229719191615122,0.4139462056954702,374.05259736393833,2.9252429008483887
G,6,kernel_sieve1,0.055791322885912466,0.03902277388245944,0.9367508331950071,0.10746572375572272,0.9343551670022862,0.5118510819516873,1.356859252052885,0.09260225430457858,248.81637899616405,21.74118128444941
G,6,sieve1_kernel,0.04455752108935421,0.22261114236617185,0.5171533775334118,0.06581911237435487,0.97337935819454,0.8435727108450937,1.1031860055439864,0.4139462056954702,374.05259736393833,2.9252429008483887
G,6,sieve1_sieve1,0.04455752108935421,0.03902277388245944,0.5249265626141668,0.10709251308728573,1.0219460795783066,0.7314033856504008,1.3124887735062125,0.09260225430457858,248.81637899616405,21.74118128444941
G,6,sieve2_sieve2,0.041443987675762635,0.07757840149235334,0.8331936832072093,2.1688863354710466,-1.5416029789171244,-5.600310234270372,2.5171042764361236,0.7646644924297781,147.64134670000018,50.0
G,6,sieve3_sieve3,0.030983767740563727,0.0518294392225919,0.6743656000106137,0.3181273289232387,0.30485156444157785,-0.7795559891985446,1.3892591180817004,0.23932490266227294,147.2241822519726,50.0
G,6,kernel_kernel,0.0562586006442122,0.22262083019694398,0.7677610766214579,0.33526053437133213,0.3295724898507873,0.1354094905648554,0.5237354891367192,0.4138740101655324,374.05190956965214,2.8835229873657227
G,6,kernel_sieve1,0.0562586006442122,0.04044060973188497,1.0719427627476865,0.1210956190551659,1.024297412456149,0.5939181561497895,1.4546766687625086,0.09915299694649427,248.070071556111,21.35694436028357
G,6,sieve1_kernel,0.038184598836816575,0.22262083019694398,0.5180711250804318,0.10594298423509026,1.0663100185281655,0.9402857617258259,1.192334275330505,0.4138740101655324,374.05190956965214,2.8835229873657227
G,6,sieve1_sieve1,0.038184598836816575,0.04044060973188497,0.6848265088365079,0.1507548070091134,1.138266559282981,0.8663530936776553,1.4101800248883067,0.09915299694649427,248.070071556111,21.35694436028357
G,6,sieve2_sieve2,0.035194526578077666,0.08096838006020164,0.720663738416401,0.4622122162679896,0.5120765160972777,-1.1065649489210956,2.130717981115651,0.8129795636883443,150.6775707533083,50.0
G,6,sieve3_sieve3,0.029994732199271918,0.049133349816783724,0.7635730005953129,0.29952019764675525,0.5180534665221328,-0.5587412793170985,1.594848212361364,0.20470582699904485,150.17551986584596,50.0
G,6,kernel_kernel,0.05589951531974655,0.22250289902926101,0.7668914367491517,0.3348010486185977,0.3298745736310488,0.13543740155481196,0.5243117457072856,0.41390279269218444,374.04643231016746,2.885746955871582
G,6,kernel_sieve1,0.05589951531974655,0.04067391165849052,1.1234528076820678,0.12477663614422119,1.0415475247241057,0.5985310800295986,1.4845639694186128,0.11008182953802303,245.49351033301133,23.413683065180173
G,6,sieve1_kernel,0.03710714879815425,0.22250289902926101,0.600545412686858,0.1007156247005272,1.0885990387789028,0.9551992707521095,1.2219988068056962,0.41390279269218444,374.04643231016746,2.885746955871582
G,6,sieve1_sieve1,0.03710714879815425,0.04067391165849052,0.7015265365758231,0.13574811275313256,1.1251022746361947,0.8327842264970446,1.4174203227753448,0.11008182953802303,245.49351033301133,23.413683065180173
G,6,sieve2_sieve2,0.03679145619594117,0.08203308850040501,0.8226187432267751,0.23854562075564592,0.5633446325179291,-2.1788891167000966,3.3055783817359545,0.8280404698747144,151.18454645328808,50.0
G,6,sieve3_sieve3,0.029734667953628804,0.050686137332647464,0.7584208667186874,0.4082549568027352,0.6169014990997199,-0.44277608967864834,1.6765790878780882,0.24301824253842488,141.10578964807178,50.0
G,6,kernel_kernel,0.055132679891846226,0.22239978000983618,0.9363402499298153,0.33529558015860417,0.32871071373146366,0.13387417510333682,0.5235472523595905,0.41385626403490705,374.0365243909679,2.8913111686706543
G,6,kernel_sieve1,0.055132679891846226,0.04081915363508149,0.8657518065741527,0.16018684667747654,1.0806459619665665,0.6352926891984421,1.525999234734691,0.11540589847580662,242.04827381207653,23.395951383257913
G,6,sieve1_kernel,0.03449799002377724,0.22239978000983618,0.6065703350180928,0.1191871875067795,1.1047957156354538,0.9613050562505105,1.248286375020397,0.41385626403490705,374.0365243909679,2.8913111686706543
G,6,sieve1_sieve1,0.03449799002377724,0.04081915363508149,0.6004085884820058,0.13841833260279685,1.1253749335403593,0.8015901799810892,1.4491596870996295,0.11540589847580662,242.04827381207653,23.395951383257913
G,6,sieve2_sieve2,0.03610517603747346,0.08326470078726346,0.8458000272037396,2.650947645103282,0.6305678448424924,-3.5689622340539606,4.830097923738945,0.8672619050994894,149.129934339273,50.0
G,6,sieve3_sieve3,0.03017455693436216,0.051061144840609196,1.710904098652689,0.3654152766820282,0.5858447810723405,-0.5062112373511408,1.6779007994958217,0.280596550859233,140.78176853018897,50.0
G,6,kernel_kernel,0.05417627587767391,0.22216717909602055,0.7706258318763555,0.33569007132051937,0.3287339572901322,0.13369247301123785,0.5237754415690266,0.41377217241128283,374.0058794766612,2.9081525802612305
G,6,kernel_sieve1,0.05417627587767391,0.04285864843682968,0.9231478543638747,0.1509947963547692,1.0346947769172918,0.5444721102052756,1.524917443629308,0.1452282376908841,233.15131605203845,27.9577975759961
G,6,sieve1_kernel,0.035099755882590115,0.22216717909602055,0.6388132207805196,0.14532933450255595,1.1862924583350676,1.026810173793633,1.3457747428765021,0.41377217241128283,374.0058794766612,2.9081525802612305
G,6,sieve1_sieve1,0.035099755882590115,0.04285864843682968,0.5907216485800404,0.14003294667364005,1.1675416144047737,0.7743002694808098,1.5607829593287375,0.1452282376908841,233.15131605203845,27.9577975759961
G,6,sieve2_sieve2,0.034650672293368656,0.07970329394321536,21.366599875518318,4.487809809966335,-7.138200870031428,-15.01344453320394,0.7370427931410841,0.8642365026788644,144.35619381134882,50.0
G,6,sieve3_sieve3,0.030763302491405863,0.04621332959741801,0.8023164833096988,0.5370132551749516,0.34917744153111185,-0.9375072145680724,1.6358620976302962,0.23968540611348413,134.42424612124603,50.0
G,7,kernel_kernel,0.05496228790478127,0.21779596592945513,0.6462860693179566,0.3044367073102276,0.3873828538691794,0.20031945335758974,0.5744462543807691,0.408435522476832,373.67497188656824,3.0782389640808105
G,7,kernel_sieve1,0.05496228790478127,0.04752247464995218,0.5540086619907643,0.13426326878322495,1.0327219904207916,0.5276594057595644,1.5377845750820187,0.11208257732222976,241.73522719706054,32.20027864813779
G,7,sieve1_kernel,0.03037666622917312,0.21779596592945513,0.610267352330798,0.19057614288042912,1.1270562760909644,1.0122004725366185,1.2419120796453103,0.408435522476832,373.67497188656824,3.0782389640808105
G,7,sieve1_sieve1,0.03037666622917312,0.04752247464995218,0.6445276065866546,0.20974623088569233,1.1932984734575052,0.8885856041502256,1.4980113427647848,0.11208257732222976,241.73522719706054,32.20027864813779
G,7,sieve2_sieve2,0.03377469681694223,0.07623589667406773,1.9012059668372765,0.27486001867580345,1.135771535911778,-0.7312138084985069,3.002756880322063,0.79595781115431,149.89777287765435,50.0
G,7,sieve3_sieve3,0.035516399376961987,0.049669303003734615,1.3545058074082785,0.9710908994485482,2.448207979137184,1.0376840221696597,3.858731936104708,0.2715724975919891,143.3758910595648,50.0
G,7,kernel_kernel,0.05484913107286849,0.21768491985300606,0.6460529552452725,0.3049741163818082,0.38629844283202663,0.19905427560702235,0.5735426100570309,0.408389056622982,373.6686939290128,3.0777523517608643
G,7,kernel_sieve1,0.05484913107286849,0.04758109991321737,0.5562682011371863,0.14731613243760036,1.0631296447094227,0.5443949927197125,1.581864296699133,0.11657575931704917,240.83980974346412,33.08709832390163
G,7,sieve1_kernel,0.030293982036255492,0.21768491985300606,0.6186315119637189,0.20100368069815797,1.1452254254831418,1.029948309755797,1.2605025412104864,0.408389056622982,373.6686939290128,3.0777523517608643
G,7,sieve1_sieve1,0.030293982036255492,0.04758109991321737,0.6509069086246247,0.22032238280204186,1.222773247902715,0.9121726326867824,1.5333738631186473,0.11657575931704917,240.83980974346412,33.08709832390163
G,7,sieve2_sieve2,0.03424371834503786,0.07571720689670909,1.53627800521776,0.6556718362269337,0.21253783073486132,-1.8846644786940272,2.3097401401637496,0.7802992294474962,149.29571431585478,50.0
G,7,sieve3_sieve3,0.03644367528117028,0.04911014437106537,0.6629227490306558,0.914391407393165,2.347362424782517,1.0035448996288152,3.691179949936219,0.26523128732855533,142.12824989061482,50.0
G,7,kernel_kernel,0.05466878636823743,0.21752933093502227,0.6471643656573784,0.30560858485850034,0.38491286129510005,0.19741956302061764,0.5724061595695824,0.4083461998303731,373.6604718237256,3.077073097229004
G,7,kernel_sieve1,0.05466878636823743,0.047707253845304276,0.5599240364486099,0.1595063853318456,1.0906484589262837,0.5546327583744245,1.626664159478143,0.1230399983627658,239.3952446890101,35.6724934317169
G,7,sieve1_kernel,0.030133081099845138,0.21752933093502227,0.6341264563010884,0.2117467540236828,1.1646953857331277,1.0477859924091735,1.281604779057082,0.4083461998303731,373.6604718237256,3.077073097229004
G,7,sieve1_sieve1,0.030133081099845138,0.047707253845304276,0.6545894551104473,0.23023688593332592,1.2491107046489733,0.9275031192445606,1.570718290053386,0.1230399983627658,239.3952446890101,35.6724934317169
G,7,sieve2_sieve2,0.03328629279528463,0.0755624878142941,1.2436531250963427,0.9988893840063146,-0.803891776109406,-3.9584412119773367,2.350657659758525,0.7654417236378807,149.69961552861764,50.0
G,7,sieve3_sieve3,0.03713379221966528,0.050051114217843445,0.6322159952280295,0.8592383707265397,2.1738851616999293,0.8874845095418642,3.460285813857994,0.2676246298560304,143.7420718298469,50.0
G,7,kernel_kernel,0.05438791477989496,0.217483093844524,0.6477760298414684,0.3061762958971154,0.3834919660037562,0.19574380866636967,0.5712401233411427,0.4083176194826762,373.6529775219007,3.0772666931152344
G,7,kernel_sieve1,0.05438791477989496,0.04781145225569699,0.5610800196666385,0.17161026837586754,1.117907150850774,0.5609148804851024,1.6748994212164456,0.13131599307341418,237.29215755182815,38.49852489159313
G,7,sieve1_kernel,0.029891069894959394,0.217483093844524,0.6504701502960726,0.22287726621116458,1.1857031973544134,1.0660040998556815,1.3054022948531454,0.4083176194826762,373.6529775219007,3.0772666931152344
G,7,sieve1_sieve1,0.029891069894959394,0.04781145225569699,0.6606090402500024,0.23887504669012738,1.2695818839511634,0.931534020053995,1.607629747848332,0.13131599307341418,237.29215755182815,38.49852489159313
G,7,sieve2_sieve2,0.03357144988800052,0.07637247226316556,0.7174103087391204,0.37368529163114844,0.13551522823973278,-4.272782575983308,4.543813032462773,0.7586178357319197,152.32394946702644,50.0
G,7,sieve3_sieve3,0.03731786423000752,0.050480380865520945,0.8740662384918824,0.7960479235604002,2.010879691986908,0.7523234797480385,3.2694359042257775,0.26002522824076546,144.66388600483737,50.0
G,7,kernel_kernel,0.05496228790478127,0.21779596592945513,0.6462860693179566,0.3044367073102276,0.3873828538691794,0.20031945335758974,0.5744462543807691,0.408435522476832,373.67497188656824,3.0782389640808105
G,7,kernel_sieve1,0.05496228790478127,0.04752247464995218,0.5540086619907643,0.13426326878322495,1.0327219904207916,0.5276594057595644,1.5377845750820187,0.11208257732222976,241.73522719706054,32.20027864813779
G,7,sieve1_kernel,0.03037666622917312,0.21779596592945513,0.610267352330798,0.19057614288042912,1.1270562760909644,1.0122004725366185,1.2419120796453103,0.408435522476832,373.67497188656824,3.0782389640808105
G,7,sieve1_sieve1,0.03037666622917312,0.04752247464995218,0.6445276065866546,0.20974623088569233,1.1932984734575052,0.8885856041502256,1.4980113427647848,0.11208257732222976,241.73522719706054,32.20027864813779
G,7,sieve2_sieve2,0.03377469681694223,0.07623589667406773,1.9012059668372765,0.27486001867580345,1.135771535911778,-0.7312138084985069,3.002756880322063,0.79595781115431,149.89777287765435,50.0
G,7,sieve3_sieve3,0.035516399376961987,0.049669303003734615,1.3545058074082785,0.9710908994485482,2.448207979137184,1.0376840221696597,3.858731936104708,0.2715724975919891,143.3758910595648,50.0
G,7,kernel_kernel,0.05402268362769753,0.2178013671697979,0.6476863665012167,0.3059161387306968,0.3832283027706071,0.19557119223350555,0.5708854133077086,0.4085950404802958,373.6436520542926,3.091498613357544
G,7,kernel_sieve1,0.05402268362769753,0.050584035801926185,0.5501528042338087,0.11775414871514238,0.9718878667342371,0.44136333916449255,1.5024123943039815,0.13053621913313745,238.38174913515797,38.449246619206725
G,7,sieve1_kernel,0.029088379586760027,0.2178013671697979,0.6953558223480621,0.1848277850001265,1.1445698940989686,1.0249128432823744,1.2642269449155628,0.4085950404802958,373.6436520542926,3.091498613357544
G,7,sieve1_sieve1,0.029088379586760027,0.050584035801926185,0.9330998252936475,0.19316275546612505,1.199046308095238,0.8711760632141898,1.5269165529762863,0.13053621913313745,238.38174913515797,38.449246619206725
G,7,sieve2_sieve2,0.038679781624905124,0.07884491267875403,5.995121219939776,1.580497576821607,3.6707514691130805,1.8845970672029735,5.456905871023188,0.8238647248503032,153.08443642004744,50.0
G,7,sieve3_sieve3,0.035931222706800145,0.0444323101442804,0.998495225118233,0.8746202769543553,2.0872388659825027,1.0516577602951798,3.1228199716698257,0.22746387450917685,141.1628654172499,50.0
G,7,kernel_kernel,0.05320120620296278,0.21784727543468066,0.6491256818190267,0.30695676883402584,0.3810539825643853,0.19320806175981262,0.5688999033689579,0.408584356645743,373.6320238891228,3.099501848220825
G,7,kernel_sieve1,0.05320120620296278,0.051525014187763424,0.5435810237786111,0.1245296188684807,0.9034099196933054,0.3614161003048172,1.4454037390817938,0.14427389944369395,234.53434538987028,41.68703395326575
G,7,sieve1_kernel,0.030324139915241462,0.21784727543468066,0.671069701151328,0.17075244039711115,1.1730099675978336,1.0461757610087858,1.2998441741868814,0.408584356645743,373.6320238891228,3.099501848220825
G,7,sieve1_sieve1,0.030324139915241462,0.051525014187763424,1.0531541082612466,0.1882019765334053,1.244752704810804,0.9027697218586115,1.5867356877629966,0.14427389944369395,234.53434538987028,41.68703395326575
G,7,sieve2_sieve2,0.03367856884653277,0.07880530782548377,0.9197918270598111,1.4114017353388604,-0.38423422892010173,-4.523616560623308,3.755148102783105,0.8140298000340055,152.13565126733658,50.0
G,7,sieve3_sieve3,0.03537566855073556,0.04512469027205951,1.3094975550496077,0.7422841864184061,1.746556663327422,0.6699151693131067,2.8231981573417375,0.19862747481198711,145.18614052299296,50.0
G,7,kernel_kernel,0.05224895099823679,0.21725949152140459,0.6501557951890335,0.3071922779200928,0.38031068789112504,0.19204700796168864,0.5685743678205615,0.40836170184612275,373.5884066597844,3.119691848754883
G,7,kernel_sieve1,0.05224895099823679,0.05275612725634642,0.5396865245207331,0.15277795612247394,0.8365993589955009,0.26136191205113213,1.4118368059398696,0.17049029837112856,235.52583120812926,38.94213645155165
G,7,sieve1_kernel,0.03174731987100987,0.21725949152140459,0.6183367259803789,0.1847404912076546,1.1891699747984512,1.0523915981227097,1.3259483514741928,0.40836170184612275,373.5884066597844,3.119691848754883
G,7,sieve1_sieve1,0.03174731987100987,0.05275612725634642,0.9703402566993563,0.20910183042531671,1.2900235142794838,0.8948512603268661,1.6851957682321015,0.17049029837112856,235.52583120812926,38.94213645155165
G,7,sieve2_sieve2,0.03661459326868655,0.08144861797411677,0.6766564518778674,1.011151558866281,1.6041574631343816,-3.2713441902721367,6.479659116540899,0.8359653239594811,160.2048285236778,50.0
G,7,sieve3_sieve3,0.035155381737340216,0.04712477309775598,1.2376019446433875,0.873340807081198,1.677562053195354,0.5643125932489825,2.7908115131417253,0.23904426394994038,144.2810107608329,50.0
G,8,kernel_kernel,0.05865977027458157,0.22964990640200897,0.7588203977817854,0.2584077952542641,0.326485242995674,0.13578036956890693,0.5171901164224411,0.42169194865226745,373.5528523708437,3.171325922012329
G,8,kernel_sieve1,0.05865977027458157,0.04567365150626573,0.6181080310795823,0.30789773996959685,0.5958538176101864,0.16393610263687325,1.0277715325834995,0.07716276657296595,247.45968599830326,21.656092506151094
G,8,sieve1_kernel,0.04005236544421992,0.22964990640200897,0.6968040552645272,0.24719622287568258,0.705501041467962,0.5899655567084781,0.8210365262274459,0.42169194865226745,373.5528523708437,3.171325922012329
G,8,sieve1_sieve1,0.04005236544421992,0.04567365150626573,0.6094716408648831,0.2416086319686821,0.7006060264828555,0.4543981058783514,0.9468139470873597,0.07716276657296595,247.45968599830326,21.656092506151094
G,8,sieve2_sieve2,0.03914989145980446,0.07729952486316603,1.257963867292744,2.0609126667644753,-1.0148041702815211,-3.5498879805652197,1.5202796400021774,0.7688771160012988,162.54881081922397,50.0
G,8,sieve3_sieve3,0.03503678694331631,0.044891316144353655,8.143970082051457,0.7419366561184554,1.1749820442318437,-0.30377133523264277,2.65373542369633,0.26749507272783735,143.8873559074253,50.0
G,8,kernel_kernel,0.058794762006571376,0.22963110236126535,0.7561179840238522,0.25857563276264955,0.32633291692760885,0.13570890551907683,0.5169569283361408,0.42164319256941474,373.5543082156416,3.181617498397827
G,8,kernel_sieve1,0.058794762006571376,0.04542153576836685,0.6191634637892972,0.30340907837515774,0.6043906301777342,0.17183428970205317,1.0369469706534153,0.07734357200759345,247.51160067288248,21.776072196612787
G,8,sieve1_kernel,0.0392782225324834,0.22963110236126535,0.7052656616734051,0.24130340905831296,0.7171811921225556,0.6007960061197604,0.8335663781253508,0.42164319256941474,373.5543082156416,3.181617498397827
G,8,sieve1_sieve1,0.0392782225324834,0.04542153576836685,0.6052180727957799,0.23257007987933917,0.7208040858788017,0.47264551407754185,0.9689626576800616,0.07734357200759345,247.51160067288248,21.776072196612787
G,8,sieve2_sieve2,0.03746263352386101,0.07783225201126821,0.9656500789346841,0.9873571104858659,0.13135007488480702,-0.9096744836287375,1.1723746333983516,0.7831646300185836,162.4486741792251,50.0
G,8,sieve3_sieve3,0.03558215643107269,0.04622221769473723,5.635435038480703,0.7501047384880174,1.1847853071119336,-0.2027984187811993,2.5723690330050664,0.2753926536617527,143.68800650932405,50.0
G,8,kernel_kernel,0.05881373457083345,0.22942679383841835,0.7565496396882407,0.25838828980997297,0.3257761060279456,0.1350822725083519,0.5164699395475393,0.4215480997165044,373.553932654025,3.193580150604248
G,8,kernel_sieve1,0.05881373457083345,0.045151348594453876,0.6198454782511058,0.3022076429321609,0.6055138612575668,0.17040789209740814,1.0406198304177254,0.07947595838245791,247.27123981557702,21.87730029492232
G,8,sieve1_kernel,0.03832083050726976,0.22942679383841835,0.7110285462061365,0.23737174714501807,0.7269480881964149,0.6085062836754099,0.8453898927174198,0.4215480997165044,373.553932654025,3.193580150604248
G,8,sieve1_sieve1,0.03832083050726976,0.045151348594453876,0.6012172883278066,0.2250115745049914,0.7403827557890705,0.48672308122273134,0.9940424303554097,0.07947595838245791,247.27123981557702,21.87730029492232
G,8,sieve2_sieve2,0.034485721064867546,0.07870003879686888,1.4067355119645266,1.7215948248537956,-0.5994913435072985,-2.84652597301674,1.6475432860021426,0.7977700623877954,162.56855483723922,50.0
G,8,sieve3_sieve3,0.03638242963306693,0.04777249491410732,0.749717004231253,0.7207541320607312,1.152411084147578,-0.07856465672930057,2.3833868250244565,0.2804861378152227,143.87124422548393,50.0
G,8,kernel_kernel,0.05870866233352804,0.22921758865389996,0.7557605398989512,0.25795297591350097,0.32527594682444394,0.1345081710944864,0.5160437225544015,0.42147700613737105,373.55441284737526,3.202812910079956
G,8,kernel_sieve1,0.05870866233352804,0.04490459314384851,0.6227975123915388,0.30199149586927065,0.6049148355061607,0.16566923487707452,1.0441604361352468,0.08344704470918807,246.69618332328142,21.95730207931299
G,8,sieve1_kernel,0.037258813940836695,0.22921758865389996,0.7146053872028529,0.23554178010620605,0.7347038259729617,0.6129764581511176,0.8564311937948058,0.42147700613737105,373.55441284737526,3.202812910079956
G,8,sieve1_sieve1,0.037258813940836695,0.04490459314384851,0.5964532886684893,0.21988391781781602,0.757622841042384,0.4947064787939837,1.0205392032907843,0.08344704470918807,246.69618332328142,21.95730207931299
G,8,sieve2_sieve2,0.03444399493187025,0.07996523638351176,3.321879785284111,2.477022443120258,-1.3546978479848835,-4.882897589804915,2.173501893835148,0.8159682901265919,162.68287622742457,50.0
G,8,sieve3_sieve3,0.03705032206904661,0.048814071144661554,0.7466423398702878,0.6386268708558611,1.1406566388541062,-0.03336985523836988,2.3146831329465822,0.28021759579247046,144.8441117859261,50.0
G,8,kernel_kernel,0.05865977027458157,0.22964990640200897,0.7588203977817854,0.2584077952542641,0.326485242995674,0.13578036956890693,0.5171901164224411,0.42169194865226745,373.5528523708437,3.171325922012329
G,8,kernel_sieve1,0.05865977027458157,0.04567365150626573,0.6181080310795823,0.30789773996959685,0.5958538176101864,0.16393610263687325,1.0277715325834995,0.07716276657296595,247.45968599830326,21.656092506151094
G,8,sieve1_kernel,0.04005236544421992,0.22964990640200897,0.6968040552645272,0.24719622287568258,0.705501041467962,0.5899655567084781,0.8210365262274459,0.42169194865226745,373.5528523708437,3.171325922012329
G,8,sieve1_sieve1,0.04005236544421992,0.04567365150626573,0.6094716408648831,0.2416086319686821,0.7006060264828555,0.4543981058783514,0.9468139470873597,0.07716276657296595,247.45968599830326,21.656092506151094
G,8,sieve2_sieve2,0.03914989145980446,0.07729952486316603,1.257963867292744,2.0609126667644753,-1.0148041702815211,-3.5498879805652197,1.5202796400021774,0.7688771160012988,162.54881081922397,50.0
G,8,sieve3_sieve3,0.03503678694331631,0.044891316144353655,8.143970082051457,0.7419366561184554,1.1749820442318437,-0.30377133523264277,2.65373542369633,0.26749507272783735,143.8873559074253,50.0
G,8,kernel_kernel,0.05839594970964163,0.2293160518232303,0.7584011174614942,0.258512248468894,0.32639478207362344,0.1353780914296098,0.5174114727176371,0.4216854454477628,373.55149400464506,3.1817398071289062
G,8,kernel_sieve1,0.05839594970964163,0.04343748525539304,0.637295072993175,0.35776560794256596,0.5476147502586769,0.11434771941505018,0.9808817811023036,0.08035735232292246,246.97569178739886,20.87819478686123
G,8,sieve1_kernel,0.04071231682031267,0.2293160518232303,0.722482665862949,0.2910373091685958,0.6787926413890103,0.5576588519339066,0.799926430844114,0.4216854454477628,373.55149400464506,3.1817398071289062
G,8,sieve1_sieve1,0.04071231682031267,0.04343748525539304,0.6285153084724212,0.28921357250984675,0.6487151868045756,0.38184250866883046,0.9155878649403209,0.08035735232292246,246.97569178739886,20.87819478686123
G,8,sieve2_sieve2,0.03781744118637433,0.07878152666157802,0.761699891381941,0.40511505967589717,0.34154400969682863,-2.007629146157729,2.690717165551386,0.7945375939913761,158.74521654398066,50.0
G,8,sieve3_sieve3,0.0382876271402376,0.04643082416308181,0.7179365982935977,0.7475361310320131,1.5635710981843476,-0.22181009835788035,3.3489522947265753,0.2645148868772815,144.0700568239867,50.0
G,8,kernel_kernel,0.05771506146433585,0.22898861331872514,0.7590567208015325,0.2578739506813401,0.3255975627943553,0.13461249231043634,0.5165826332782743,0.4216734820604325,373.55397105193504,3.1931798458099365
G,8,kernel_sieve1,0.05771506146433585,0.04356772376345888,0.646513166480729,0.3607184749110987,0.47906613973932083,0.043204044759607874,0.9149282347190337,0.08237204499331996,243.34002847208959,21.717753655183632
G,8,sieve1_kernel,0.04099089599102776,0.22898861331872514,0.762673619647266,0.29434802892071094,0.6361434070761712,0.5113309525125355,0.760955861639807,0.4216734820604325,373.55397105193504,3.1931798458099365
G,8,sieve1_sieve1,0.04099089599102776,0.04356772376345888,0.6657159771179614,0.26309729785576946,0.6308582816907526,0.3354991155780928,0.9262174478034124,0.08237204499331996,243.34002847208959,21.717753655183632
G,8,sieve2_sieve2,0.03332764866159905,0.08455572196374572,0.6991371076397979,1.2176883613336762,0.33267740671476503,-7.305046674137785,7.970401487567315,0.8699822723358457,153.6212932109432,50.0
G,8,sieve3_sieve3,0.03830391403875466,0.04817536967150985,0.6206645345534347,1.0432396277069176,2.7342809943399087,0.719561719194588,4.749000269485229,0.25594341624164374,142.71119865156712,50.0
G,8,kernel_kernel,0.05722301758440943,0.2285082786425364,0.757614488341085,0.2569378372978847,0.32452826409438756,0.13318509939159695,0.5158714287971782,0.42141969803969065,373.50910805778585,3.1896402835845947
G,8,kernel_sieve1,0.05722301758440943,0.042622743214072174,0.6791490868753327,0.3253281953091374,0.45541977747313755,0.013915505083230417,0.8969240498630446,0.09259660061245067,243.09977211638574,22.212684407589165
G,8,sieve1_kernel,0.04015497016030566,0.2285082786425364,0.7629725107511752,0.24439424333667828,0.664824823976196,0.532034587526693,0.7976150604256991,0.42141969803969065,373.50910805778585,3.1896402835845947
G,8,sieve1_sieve1,0.04015497016030566,0.042622743214072174,0.6610338237038693,0.23520928994275833,0.6822759755557898,0.37100592641154245,0.9935460247000372,0.09259660061245067,243.09977211638574,22.212684407589165
G,8,sieve2_sieve2,0.04140307978045497,0.08526670229928927,7.427957333905654,13.840135028136663,-14.453430207000052,-32.25128733986739,3.344426925867287,0.9222057219807442,156.19021230421734,50.0
G,8,sieve3_sieve3,0.03940196911038349,0.052152086582811195,0.6645163268043153,0.3292448256232197,1.2185427700763416,-0.6555288278425253,3.0926143679952087,0.3193743376953837,145.20396049894214,50.0
G,9,kernel_kernel,0.054788020030654694,0.21200085035698268,1.2917136907469575,0.352618284451993,0.30837141168161464,0.11036314157187518,0.5063796817913541,0.4014385968844096,373.91285714193464,3.1302144527435303
G,9,kernel_sieve1,0.054788020030654694,0.03920390168012821,0.49250670985510014,0.06306366945149901,0.8942390840602796,0.4108820190121641,1.3775961491083952,0.09490806027032167,245.20106646175617,28.053203915705193
G,9,sieve1_kernel,0.03131686133648126,0.21200085035698268,0.5471020548458972,0.04392726363462251,0.9529988598230766,0.8364658247802537,1.0695318948658996,0.4014385968844096,373.91285714193464,3.1302144527435303
G,9,sieve1_sieve1,0.03131686133648126,0.03920390168012821,0.5186031834941094,0.03286441202259393,0.9630053312235771,0.6898254350284858,1.2361852274186684,0.09490806027032167,245.20106646175617,28.053203915705193
G,9,sieve2_sieve2,0.03361004236868755,0.07234577133606228,0.7100292657987813,0.1611000203963359,0.7524647009874676,-0.5508409278587889,2.055770329833724,0.7335248416851414,144.76454319145506,50.0
G,9,sieve3_sieve3,0.03197604130962695,0.04438005013427432,6.161252789661044,0.31309012939483444,1.2498636986294862,0.06205025966867628,2.4376771375902964,0.26180052431129064,135.67607557494148,50.0
G,9,kernel_kernel,0.05464457123098993,0.211992855187086,1.2876772783294255,0.3530467007950752,0.3068197656543799,0.10870427708788463,0.5049352542208752,0.40141438309351607,373.91196507890567,3.1225571632385254
G,9,kernel_sieve1,0.05464457123098993,0.03899160466673895,0.49669681710971203,0.06629259612609852,0.8909136030782698,0.4053046195905248,1.376522586566015,0.09566261556455902,245.39472657323972,27.885065879032613
G,9,sieve1_kernel,0.0314628483372758,0.211992855187086,0.5380425660089705,0.03921073734505672,0.9551957683779425,0.8385928322681897,1.0717987044876953,0.40141438309351607,373.91196507890567,3.1225571632385254
G,9,sieve1_sieve1,0.0314628483372758,0.03899160466673895,0.5211944697686187,0.034858267143117634,0.9602273804334006,0.6844408243026465,1.2360139365641547,0.09566261556455902,245.39472657323972,27.885065879032613
G,9,sieve2_sieve2,0.032926102785667606,0.07314845628114562,0.7077841403735172,0.1535828730242723,0.9475768142163901,-0.5071514089499731,2.402305037382753,0.7401783527289241,146.2171700934701,50.0
G,9,sieve3_sieve3,0.03235819018623495,0.04280453436362814,3.1239072274235866,0.32156579248709605,1.121224574038138,-0.08064033128431669,2.3230894793605925,0.2568571818303532,134.97798874299446,50.0
G,9,kernel_kernel,0.05440928238748279,0.21214751323794798,1.2889622789041406,0.3536064366887303,0.3054342294737912,0.10717523253116859,0.5036932264164138,0.40147813185056047,373.9104270436445,3.110344409942627
G,9,kernel_sieve1,0.05440928238748279,0.03888209343136631,0.5000132416876948,0.06864914930618783,0.8871059569850362,0.3984941576433835,1.3757177563266891,0.09743547241126765,245.2975989342636,27.696280350768344
G,9,sieve1_kernel,0.03165567148797246,0.21214751323794798,0.5568367169037834,0.03491135239890301,0.9558153701347376,0.8378669421039966,1.0737637981654786,0.40147813185056047,373.9104270436445,3.110344409942627
G,9,sieve1_sieve1,0.03165567148797246,0.03888209343136631,0.5252004074507061,0.03888680646452388,0.9532339401544555,0.6708285799647874,1.2356393003441237,0.09743547241126765,245.2975989342636,27.696280350768344
G,9,sieve2_sieve2,0.032927763956795135,0.07430348931270907,0.7289034108902097,0.25125413307992583,0.6177137283575899,-0.9274233835422968,2.1628508402574766,0.7530624736504421,147.7685523213375,50.0
G,9,sieve3_sieve3,0.032789573074900186,0.04085769429870778,2.4643148197629636,0.3011063003667151,0.9728280131069441,-0.19434721425649626,2.1400032404703846,0.24291198248559825,135.7436779461418,50.0
G,9,kernel_kernel,0.054062717977982094,0.21209070626238521,1.2990938059362562,0.3541890247084157,0.30378555074755703,0.10530372541238991,0.5022673760827241,0.40140978483359024,373.9104206344022,3.097039222717285
G,9,kernel_sieve1,0.054062717977982094,0.03887211977874971,0.5022079222529492,0.07102452329895324,0.8805285146065813,0.38814077032321254,1.3729162588899502,0.09975158507987525,244.73199268414143,27.48817578937791
G,9,sieve1_kernel,0.03187814141330792,0.21209070626238521,0.5635022369997205,0.030970293307795937,0.9549558342495743,0.8343708548325752,1.0755408136665734,0.40140978483359024,373.9104206344022,3.097039222717285
G,9,sieve1_sieve1,0.03187814141330792,0.03887211977874971,0.531902483951075,0.04462425976413114,0.9380324400752034,0.6448510419045963,1.2312138382458104,0.09975158507987525,244.73199268414143,27.48817578937791
G,9,sieve2_sieve2,0.0333261897095227,0.075681072396399,0.7670558490424517,1.1423603894358283,-0.2379635101797842,-1.7951404731383298,1.3192134527787616,0.7715103474859116,149.24416407309894,50.0
G,9,sieve3_sieve3,0.03300749968003932,0.03973562228370424,1.8556548447596795,0.3374191961255517,0.9625266820795597,-0.16764472716726675,2.092698091326386,0.2306630186861235,137.72109901510584,50.0
G,9,kernel_kernel,0.054788020030654694,0.21200085035698268,1.2917136907469575,0.352618284451993,0.30837141168161464,0.11036314157187518,0.5063796817913541,0.4014385968844096,373.91285714193464,3.1302144527435303
G,9,kernel_sieve1,0.054788020030654694,0.03920390168012821,0.49250670985510014,0.06306366945149901,0.8942390840602796,0.4108820190121641,1.3775961491083952,0.09490806027032167,245.20106646175617,28.053203915705193
G,9,sieve1_kernel,0.03131686133648126,0.21200085035698268,0.5471020548458972,0.04392726363462251,0.9529988598230766,0.8364658247802537,1.0695318948658996,0.4014385968844096,373.91285714193464,3.1302144527435303
G,9,sieve1_sieve1,0.03131686133648126,0.03920390168012821,0.5186031834941094,0.03286441202259393,0.9630053312235771,0.6898254350284858,1.2361852274186684,0.09490806027032167,245.20106646175617,28.053203915705193
G,9,sieve2_sieve2,0.03361004236868755,0.07234577133606228,0.7100292657987813,0.1611000203963359,0.7524647009874676,-0.5508409278587889,2.055770329833724,0.7335248416851414,144.76454319145506,50.0
G,9,sieve3_sieve3,0.03197604130962695,0.04438005013427432,6.161252789661044,0.31309012939483444,1.2498636986294862,0.06205025966867628,2.4376771375902964,0.26180052431129064,135.67607557494148,50.0
G,9,kernel_kernel,0.05431324955335539,0.2116327354444346,1.2977749024333862,0.353282432564801,0.30626437116781846,0.10772046614108766,0.5048082761945493,0.4011376575231552,373.8811898544997,3.1517932415008545
G,9,kernel_sieve1,0.05431324955335539,0.03900065582628009,0.49612644193224203,0.0677143375564111,0.8713142834278507,0.39015694396032163,1.3524716228953797,0.09852918273793942,242.74284874151232,29.11997418360862
G,9,sieve1_kernel,0.030973866658434778,0.2116327354444346,0.5188750365963648,0.056920179496127286,0.9337433708237719,0.8108676822584914,1.0566190593890523,0.4011376575231552,373.8811898544997,3.1517932415008545
G,9,sieve1_sieve1,0.030973866658434778,0.03900065582628009,0.5212686266887842,0.033818940936007756,0.9535070908316596,0.6667907673664619,1.2402234142968573,0.09852918273793942,242.74284874151232,29.11997418360862
G,9,sieve2_sieve2,0.036868705621825655,0.07356767346419585,0.8027024582632588,0.9173192892454666,0.05594110150369079,-2.4460642047797228,2.557946407787104,0.7625667403605383,144.5566335411218,50.0
G,9,sieve3_sieve3,0.03361570804278414,0.04376416670714422,0.9885232078523436,0.6167373700527338,0.07704801869723785,-1.2344199633279855,1.388516000722461,0.2642465490894864,137.2074711215203,50.0
G,9,kernel_kernel,0.05353516558514177,0.21107312557410393,1.287019236128666,0.3542348243028672,0.3063198389771768,0.10733729782505194,0.5053023801293016,0.40079637805620827,373.8672793417909,3.050612449645996
G,9,kernel_sieve1,0.05353516558514177,0.039006554904644365,0.4938212713258716,0.07604461847928805,0.8587237438081017,0.3773961782002176,1.3400513094159858,0.09813341525124941,243.4262812706531,24.820835092417
G,9,sieve1_kernel,0.031069553529356222,0.21107312557410393,0.5349049663903174,0.06174049792696699,0.9123378093374045,0.7773156502942625,1.0473599683805466,0.40079637805620827,373.8672793417909,3.050612449645996
G,9,sieve1_sieve1,0.031069553529356222,0.039006554904644365,0.5342140002026623,0.07033107670151967,0.9084910397737893,0.5905662258218156,1.226415853725763,0.09813341525124941,243.4262812706531,24.820835092417
G,9,sieve2_sieve2,0.03194798246339211,0.07374832937099207,0.8752717862327116,1.1695608392380592,-0.11006254538452799,-2.590543456230212,2.3704183654611564,0.7593267952216949,146.85234162555048,50.0
G,9,sieve3_sieve3,0.03525316382699452,0.04020144864788231,0.8330091970583727,0.4927121699088053,0.20834825645471808,-1.149843331058759,1.5665398439681952,0.20182781497810598,138.57615188118618,50.0
G,9,kernel_kernel,0.05292618255821662,0.21102461658772073,1.3014625066810572,0.3543633010983927,0.3060354688667305,0.10680536957589054,0.5052655681575704,0.4009014930725098,373.8477552986938,3.0973479747772217
G,9,kernel_sieve1,0.05292618255821662,0.04081803323822727,0.4980484177252731,0.09653916121485016,0.8756046231465798,0.38589374073250604,1.3653155055606536,0.11532516434294288,241.00993654376975,24.461887212487923
G,9,sieve1_kernel,0.030595676277703526,0.21102461658772073,0.4952111565098308,0.04599092729657971,0.9912720579438128,0.8428146784359276,1.139729437451698,0.4009014930725098,373.8477552986938,3.0973479747772217
G,9,sieve1_sieve1,0.030595676277703526,0.04081803323822727,0.5407132020967612,0.07958091811944909,0.9550145567889498,0.6033799502707493,1.3066491633071502,0.11532516434294288,241.00993654376975,24.461887212487923
G,9,sieve2_sieve2,0.03103503923873886,0.08103658523120087,0.7158917039459048,8.607618037810854,9.380060729735755,0.3253595814555972,18.434761878015912,0.8670677888396148,152.87977540763558,50.0
G,9,sieve3_sieve3,0.03603766559323041,0.03996104797813571,0.8901936642793783,0.6309698559350997,0.3258206043985535,-0.8868197176197397,1.5384609264168465,0.20931267522007785,138.69689642580659,50.0
I,0,kernel_kernel,0.053961385289538644,0.22221455983558583,0.9974431094509928,0.40252965425095705,0.1480746118382328,-0.03956027570080817,0.3357094993772738,0.41328592387835184,373.9074345062747,3.2805724143981934
I,0,kernel_sieve1,0.053961385289538644,0.039976115536393304,0.9256461604558612,0.20664525340287998,0.6574592449617974,0.16092911715664004,1.1539893727669548,0.11763167374004951,233.70947069173673,23.03573390639899
I,0,sieve1_kernel,0.04114066014975294,0.22221455983558583,0.5913699021174237,0.10325466709745341,0.8326238552245905,0.7214211500025098,0.9438265604466711,0.41328592387835184,373.9074345062747,3.2805724143981934
I,0,sieve1_sieve1,0.04114066014975294,0.039976115536393304,0.5558485417527479,0.19072737167463916,0.7424806720884083,0.4666536333792562,1.0183077107975604,0.11763167374004951,233.70947069173673,23.03573390639899
I,0,sieve2_sieve2,0.041731747550297356,0.08101685302539531,0.6676063087158585,2.7311799214086387,3.3410570535438167,0.7047091566622266,5.977404950425407,0.8493546824283086,149.44541608111203,50.0
I,0,sieve3_sieve3,0.03140413612755218,0.04518661804709464,5.401655110833136,0.17602102852698545,0.6145946678382737,-0.24620760991263302,1.4753969455891802,0.2123880597324714,140.0752560498946,50.0
I,0,kernel_kernel,0.05405497101924611,0.22109880759867942,0.997292529318492,0.4031394824196777,0.13640054072891133,-0.053356713156509944,0.3261577946143326,0.4126424486637116,373.9063966679028,3.2760794162750244
I,0,kernel_sieve1,0.05405497101924611,0.03792747356108799,1.2215704578110318,0.4339096992989007,-0.12167323644090175,-0.5674029291666582,0.3240564562848547,0.11953293125066128,248.93562042640508,23.102928219487808
I,0,sieve1_kernel,0.0380267005975948,0.22109880759867942,2.6211847164233175,1.926484892515732,-1.360631137863392,-3.8716658999668057,1.1504036242400217,0.4126424486637116,373.9063966679028,3.2760794162750244
I,0,sieve1_sieve1,0.0380267005975948,0.03792747356108799,0.7798585888044202,1.2803764283701025,1.6610113309996002,-4.066821731300552,7.3888443932997525,0.11953293125066128,248.93562042640508,23.102928219487808
I,0,sieve2_sieve2,0.04520979505312015,0.08109263862827065,0.8246442586686736,13.307347288146872,11.786658695481885,-15.56771107729333,39.1410284682571,0.8228489418748561,152.4510972984597,50.0
I,0,sieve3_sieve3,0.03599440624741815,0.03968045283679338,0.839673099832119,0.8919914145738593,-0.38064370896079125,-1.9249785349222361,1.1636911170006536,0.18358484222820573,142.53664939497875,50.0
I,0,kernel_kernel,0.04634128303645271,0.2219687269018533,1.0025675087281196,0.4027245336761429,0.12692074394986516,-0.06595891002936341,0.31980039792909376,0.413026397327582,373.8892853844944,3.157660961151123
I,0,kernel_sieve1,0.04634128303645271,0.07159891756474983,1.0936483439865154,0.6536369747969304,-0.7588145481799399,-1.720478951124665,0.20284985476478523,0.6110884464707244,160.5257037630585,50.0
I,0,sieve1_kernel,0.03589008364933228,0.2219687269018533,1.3927768076386178,1.5187371925141713,0.6152684860773217,-3.1917663953418707,4.4223033674965135,0.413026397327582,373.8892853844944,3.157660961151123
I,0,sieve1_sieve1,0.03589008364933228,0.07159891756474983,3.1805652048511117,3.469505821431652,9.55327030311302,-13.436387100907591,32.54292770713363,0.6110884464707244,160.5257037630585,50.0
I,0,sieve2_sieve2,0.03244860539905092,0.08740199274855392,0.7031243312249659,6.392787360656105,4.587141484086249,-12.556985806274817,21.731268774447315,1.0412565075060787,139.91766282921344,50.0
I,0,sieve3_sieve3,0.032343562631764265,0.05897974714002549,0.84930150629902,0.46438742207019673,0.4184193806432094,-0.40048606014237065,1.2373248214287895,0.33077268907444723,145.71798203249207,50.0
I,0,kernel_kernel,0.04903538013839526,0.22082156127578792,0.9888022472259825,0.3985303748990155,0.14339391978722518,-0.04665120115963933,0.3334390407340897,0.41268554468949636,373.8979322684692,3.092266082763672
I,0,kernel_sieve1,0.04903538013839526,0.0488055917358815,0.6479059849751949,0.1911713471689391,0.5966241490633268,-0.09121747970136151,1.2844657778280153,0.2300928254814007,188.92393446418754,41.92328429009649
I,0,sieve1_kernel,0.04315411397305265,0.22082156127578792,0.9043551702463205,0.2367065665328493,0.6162832975392958,0.4097514275253731,0.8228151675532185,0.41268554468949636,373.8979322684692,3.092266082763672
I,0,sieve1_sieve1,0.04315411397305265,0.0488055917358815,0.7073228392594493,0.6013380899416547,0.5364982670014339,-0.12008841734414344,1.1930849513470112,0.2300928254814007,188.92393446418754,41.92328429009649
I,0,sieve2_sieve2,0.03927569214024421,0.0813737191347321,0.8139509789777369,14.96821698666614,-8.509881705562302,-22.581174665862918,5.561411254738315,0.8481585926977506,149.5914053720063,50.0
I,0,sieve3_sieve3,0.036079255650828874,0.04766032155301811,0.7277369804932665,0.5778663283555339,0.22205370854870216,-0.7404572593173624,1.1845646764147666,0.23583475671814735,137.49526699827746,50.0
I,1,kernel_kernel,0.05661462085751547,0.22620120710264688,1.0964545281652076,0.23999195279948093,0.47136922377216617,0.2749113976656112,0.6678270498787211,0.416126834154129,373.6997788297676,3.073991298675537
I,1,kernel_sieve1,0.05661462085751547,0.036553015211655875,0.5229769742585931,0.08755977098194266,0.8662307379159232,0.42295561763093315,1.3095058582009131,0.09424089942801867,242.72869869264647,24.512524661935593
I,1,sieve1_kernel,0.027084984742174748,0.22620120710264688,0.6966265620092913,0.054403223274326624,0.887302711865979,0.7596167069303827,1.0149887168015752,0.416126834154129,373.6997788297676,3.073991298675537
I,1,sieve1_sieve1,0.027084984742174748,0.036553015211655875,0.7613735809349459,0.07382204532615792,0.8841633590240666,0.623515024485978,1.1448116935621553,0.09424089942801867,242.72869869264647,24.512524661935593
I,1,sieve2_sieve2,0.03418546363921613,0.07178051829645518,0.7161592721713756,0.1283620525242126,0.9539466843389279,-0.08023392868319168,1.9881272973610475,0.695703585900171,150.41736548398944,50.0
I,1,sieve3_sieve3,0.03291007406387327,0.044527854173899144,2.1259610599074144,0.6144398901284286,1.7046813534587388,0.46190599076633165,2.9474567161511462,0.22879800237709125,143.55144279811964,50.0
I,1,kernel_kernel,0.05652123271046031,0.22475462706877955,1.1038628393507985,0.24546455364324402,0.47169358287647434,0.2725330162214734,0.6708541495314753,0.4157354197104772,373.69670468831634,3.0741562843322754
I,1,kernel_sieve1,0.05652123271046031,0.04498901330800988,0.6886489006270607,0.7438212814088477,0.7352821649372362,0.21680755127297524,1.2537567786014971,0.15727823472520847,230.62102460936853,29.125238246771122
I,1,sieve1_kernel,0.04499408003827171,0.22475462706877955,7.815193298871521,5.351497992279827,-3.6118211231417883,-8.172241191602328,0.9485989453187518,0.4157354197104772,373.69670468831634,3.0741562843322754
I,1,sieve1_sieve1,0.04499408003827171,0.04498901330800988,40.86620245431858,6.096696590220795,-8.909598928253198,-23.155176740986704,5.335978884480308,0.15727823472520847,230.62102460936853,29.125238246771122
I,1,sieve2_sieve2,0.04317973664073312,0.07378425800736843,4.109341723974098,7.758931802029536,19.441063696006132,-2.094305149512717,40.976432541524986,0.7106381963404946,155.20444170105583,50.0
I,1,sieve3_sieve3,0.036677206043415546,0.04395754554572442,0.7715912661310876,0.6916226518048719,0.1963223402815097,-1.296930473737034,1.6895751543000535,0.20357661919602724,141.4029233783691,50.0
I,1,kernel_kernel,0.04808136560265888,0.22609979678313485,1.0968800528378722,0.24889747973814624,0.45749779000392593,0.2580665922031723,0.6569289878046796,0.4162824371258418,373.68161276467106,3.047677516937256
I,1,kernel_sieve1,0.04808136560265888,0.07045867691035365,1.7967042696805184,0.8677535620795475,-0.9246124793381092,-1.7834269709184412,-0.06579798775777712,0.5589756645075128,157.95460498440718,50.0
I,1,sieve1_kernel,0.041107622470283954,0.22609979678313485,1.1193646837479738,1.9095448522048748,-1.9143578999564588,-2.9611458962864745,-0.8675699036264428,0.4162824371258418,373.68161276467106,3.047677516937256
I,1,sieve1_sieve1,0.041107622470283954,0.07045867691035365,1.0773098513388317,2.4149761853227596,-3.205381518574139,-5.539283888266049,-0.8714791488822291,0.5589756645075128,157.95460498440718,50.0
I,1,sieve2_sieve2,0.03825559177223991,0.07711343856065962,15.949999709004892,2.587274357801804,-3.0730779651916316,-11.291128306827446,5.1449723764441835,0.8268026929507177,143.04929196880414,50.0
I,1,sieve3_sieve3,0.033916734086297855,0.05044456286051211,4.980636283647746,0.2981633242072779,0.7438622544174471,-0.36030271076518416,1.8480272196000784,0.27483251481789817,142.94316735735848,50.0
I,1,kernel_kernel,0.050513346565470456,0.22497125322319356,1.093004302353751,0.24170523993207252,0.47675238695954153,0.27770912498837214,0.6757956489307109,0.4158253156145414,373.6752216654861,3.1077184677124023
I,1,kernel_sieve1,0.050513346565470456,0.0583921535078011,0.9060161647091426,0.3923738303494983,0.374996625594918,-0.2029339582022417,0.9529272093920776,0.30607831552502396,205.90115122338847,34.914566840043356
I,1,sieve1_kernel,0.03836263525174544,0.22497125322319356,0.969845711031208,5.829778181067186,-4.509559727639177,-9.494399701053167,0.47528024577481354,0.4158253156145414,373.6752216654861,3.1077184677124023
I,1,sieve1_sieve1,0.03836263525174544,0.0583921535078011,0.9679166382693761,11.732039941844448,-10.085333700236875,-20.715091352455687,0.5444239519819387,0.30607831552502396,205.90115122338847,34.914566840043356
I,1,sieve2_sieve2,0.042568707975238436,0.07750404825418625,11.437478266566258,2.070686394163843,-3.6138848335013676,-12.024346242934062,4.796576575931326,0.8328642754955642,144.12977106955495,50.0
I,1,sieve3_sieve3,0.0349666051726601,0.04760821158886414,3.691637060199251,0.41471910074447255,1.6909474851319555,0.02072740387459371,3.3611675663893172,0.22759678153899954,136.20072488235334,50.0
I,2,kernel_kernel,0.05650065668286347,0.21600896452286253,0.8140787618584219,0.20484663099256906,0.5853224549366602,0.3926597610395447,0.7779851488337758,0.40817146027088164,373.89852056024847,3.1684815883636475
I,2,kernel_sieve1,0.05650065668286347,0.037006067346213666,0.6825746827125804,0.07510494850600934,0.836657101445739,0.4227179132606603,1.2505962896308178,0.0942373738911308,243.51847303813375,23.333189362028442
I,2,sieve1_kernel,0.032075144621464484,0.21600896452286253,0.5595046506698039,0.08459889837333184,0.8270906190926526,0.7056454477060159,0.9485357904792893,0.40817146027088164,373.89852056024847,3.1684815883636475
I,2,sieve1_sieve1,0.032075144621464484,0.037006067346213666,0.5763728771660362,0.07659394663619787,0.8398746596657675,0.5701201722138307,1.1096291471177042,0.0942373738911308,243.51847303813375,23.333189362028442
I,2,sieve2_sieve2,0.02929507788428577,0.08167861769301267,0.6683926757785641,0.3302621727171518,1.3022726470727193,-0.2395678682313893,2.8441131623768277,0.8563293246837742,156.86809186432004,50.0
I,2,sieve3_sieve3,0.033706847127826574,0.04989634204656829,1.2133207338289325,0.4610947324741286,1.4898946469510848,-0.12901739752889574,3.1088066914310652,0.3296377675128238,148.99308437501114,50.0
I,2,kernel_kernel,0.05656385665665401,0.2140207657101739,0.8260058877203373,0.21247512744457175,0.5747915334518258,0.3792829054298025,0.770300161473849,0.4075074149767558,373.8864421381871,3.165479898452759
I,2,kernel_sieve1,0.05656385665665401,0.033491777874571506,0.777173094825317,0.389799883161054,-0.03728639041136974,-0.4404676187917027,0.36589483796896327,0.07579500803370998,244.1120737831815,23.38449235095624
I,2,sieve1_kernel,0.033737659243760466,0.2140207657101739,20.181470709076734,8.112899029417811,-1.898942752577652,-3.930399592528559,0.13251408737325487,0.4075074149767558,373.8864421381871,3.165479898452759
I,2,sieve1_sieve1,0.033737659243760466,0.033491777874571506,0.8748916760321217,4.643934505690926,-2.517856360438566,-7.026260011271326,1.9905472903941934,0.07579500803370998,244.1120737831815,23.38449235095624
I,2,sieve2_sieve2,0.04064500100799066,0.06921094878139634,31.56752350835405,18.272416356411153,-18.759180719697536,-45.88774420512591,8.36938276573084,0.613462214080031,164.66638710714903,50.0
I,2,sieve3_sieve3,0.03309678240626318,0.0433170654794263,0.73714674299509,0.501385248436521,-0.07800532769836453,-1.7008036975754743,1.5447930421787452,0.24755855921789313,137.0847104424233,50.0
I,2,kernel_kernel,0.049123318817735184,0.21660572707028783,0.8292148706320039,0.21225713070812655,0.5715421820174849,0.3755206706242309,0.7675636934107388,0.40908491134643554,374.0008059170435,3.098904848098755
I,2,kernel_sieve1,0.049123318817735184,0.06752179827979549,0.7088657061848557,0.43029043590231203,0.1924775323211217,-0.700305453496521,1.0852605181387642,0.5750167125725155,173.531829880595,50.0
I,2,sieve1_kernel,0.03068904756219032,0.21660572707028783,1.0012685673471147,0.49818827268923266,1.5866905876710908,1.1892214487972779,1.9841597265449038,0.40908491134643554,374.0008059170435,3.098904848098755
I,2,sieve1_sieve1,0.03068904756219032,0.06752179827979549,0.7208926701209551,0.7011424922596993,2.2071199893701703,0.45403759208487426,3.9602023866554665,0.5750167125725155,173.531829880595,50.0
I,2,sieve2_sieve2,0.03334051500702781,0.08243011568870708,0.9502029051781621,4.286798424406829,-7.179515727639666,-23.17923348551429,8.820202030234954,0.9399491840974914,143.9597204224991,50.0
I,2,sieve3_sieve3,0.03331173330688104,0.047023512546907044,3.5908996166686205,0.39518085023935545,1.1015847776355991,-0.29538034037205896,2.498549895643257,0.25103727462176617,142.47630161265138,50.0
I,2,kernel_kernel,0.0509389837633753,0.21457921187259357,0.8221598428590831,0.2098595388594909,0.5813765542084338,0.3859592546132576,0.7767938538036101,0.4077093049287796,373.9377314538163,3.1858928203582764
I,2,kernel_sieve1,0.0509389837633753,0.05362612475667123,0.5730137621577344,0.07484052467485232,1.0303847094834935,0.4030082312146501,1.6577611877523368,0.33245778681432864,188.01484747359638,49.13664957714431
I,2,sieve1_kernel,0.04052047768844333,0.21457921187259357,0.7315761886435397,0.21130812502087196,0.9899869696624443,0.7071251597015245,1.272848779623364,0.4077093049287796,373.9377314538163,3.1858928203582764
I,2,sieve1_sieve1,0.04052047768844333,0.05362612475667123,0.6450790553539033,0.40150981265511493,0.7690032618184667,-0.1570797396225312,1.6950862632594645,0.33245778681432864,188.01484747359638,49.13664957714431
I,2,sieve2_sieve2,0.031049970305517732,0.07802501685771289,19.920350495443916,1.7457919427176816,1.6973099955610766,-2.791774529247161,6.186394520369315,0.8205642940853213,147.9525963039853,50.0
I,2,sieve3_sieve3,0.034969728555471924,0.04514046598117707,0.8824544965874898,0.9029663001197333,-0.19509697181106167,-1.4827855112197552,1.092591567597632,0.24888891379812197,133.41228337484858,50.0
I,3,kernel_kernel,0.058143281594161315,0.21565374686286023,0.9244400428959274,0.276239550804604,0.39045890866929367,0.1983970646018082,0.5825207527367792,0.4048969188928604,373.4598591244671,3.398416042327881
I,3,kernel_sieve1,0.058143281594161315,0.039796955948283703,0.5671419111211745,0.1409186943872357,0.8677269646183046,0.41582019849059354,1.3196337307460155,0.10340282727526223,235.9306369991089,27.61428769565162
I,3,sieve1_kernel,0.03497002383031695,0.21565374686286023,0.6291077325011298,0.09301186913789661,0.9435400882499798,0.8219083988983313,1.0651717776016283,0.4048969188928604,373.4598591244671,3.398416042327881
I,3,sieve1_sieve1,0.03497002383031695,0.039796955948283703,0.5079645154385112,0.06170855322444827,0.8940159168924695,0.6165883437534151,1.1714434900315238,0.10340282727526223,235.9306369991089,27.61428769565162
I,3,sieve2_sieve2,0.03799932871645425,0.07159789393804261,0.8155877561285096,3.0393474889075285,-2.3341738844742865,-5.622914602331813,0.95456683338324,0.6701012523955144,151.19093962088644,50.0
I,3,sieve3_sieve3,0.03575192575019916,0.04613713314840038,0.6338439558399214,0.25049810771540626,1.329517155128773,0.45265949229045577,2.2063748179670903,0.2265851627714466,143.85955419320143,50.0
I,3,kernel_kernel,0.05847986473113526,0.21390318799742206,0.9162644928383824,0.28264159836647257,0.3898354444456115,0.19476566728154485,0.5849052216096782,0.40443143550554905,373.47025857653335,3.3934402465820312
I,3,kernel_sieve1,0.05847986473113526,0.05163244657973376,0.7775058098911446,0.5517156493549213,0.20317744323645884,-0.22323846184966958,0.6295933483225873,0.22708055460404514,229.21846708624864,34.56350414173261
I,3,sieve1_kernel,0.03814180265594886,0.21390318799742206,3.7330785196332457,2.4895146664522243,0.2030605483189247,-1.4767250692462066,1.882846165884056,0.40443143550554905,373.47025857653335,3.3934402465820312
I,3,sieve1_sieve1,0.03814180265594886,0.05163244657973376,0.7991061978864503,4.154017355658844,-0.5431920991407662,-3.9349134340170253,2.848529235735493,0.22708055460404514,229.21846708624864,34.56350414173261
I,3,sieve2_sieve2,0.03610157115932935,0.07258188535969357,0.8144487158019916,4.1102509905387725,9.087291306835999,-8.515246214880287,26.689828828552287,0.7042064799181194,148.23784072347448,50.0
I,3,sieve3_sieve3,0.035301206709684195,0.042561750540983545,1.2795493246652636,1.073915493026034,-1.4808794766188162,-3.270493568575173,0.3087346153375401,0.24133300267828087,138.29025575432303,50.0
I,3,kernel_kernel,0.05137120922576044,0.21557173328077708,0.9265712266146049,0.2840228267441382,0.385284756900863,0.18972269529524927,0.5808468185064768,0.40502333962917325,373.40328077822215,3.379551887512207
I,3,kernel_sieve1,0.05137120922576044,0.07378979981331922,1.830036802659156,0.6000750028211744,0.1335762733714615,-0.8862227414658282,1.1533752882087511,0.676936094409867,157.93155035387332,50.0
I,3,sieve1_kernel,0.03462445168943468,0.21557173328077708,1.5484381672985903,0.9814423636473464,1.306540971000213,1.0541243797498625,1.5589575622505634,0.40502333962917325,373.40328077822215,3.379551887512207
I,3,sieve1_sieve1,0.03462445168943468,0.07378979981331922,14.038948070133408,1.3957124769253486,1.357438954691685,0.2912188728988063,2.4236590364845636,0.676936094409867,157.93155035387332,50.0
I,3,sieve2_sieve2,0.04404587995407191,0.08764066056815219,24.621371397311407,1.7559514112121046,1.721358661261298,-8.326443068289455,11.769160390812052,0.9429765972900827,153.1349410325028,50.0
I,3,sieve3_sieve3,0.034866135560186536,0.041229808264915214,0.6898749238471277,0.6298916150492778,1.4789239272945816,0.4871977408632425,2.4706501137259207,0.19670704351264773,133.2096197298562,50.0
I,3,kernel_kernel,0.053408936176811646,0.21431638047304769,0.9178815736964145,0.2835483670801807,0.3923740098025378,0.1981820772058948,0.5865659423991807,0.40461611038446427,373.4639218740954,3.392688751220703
I,3,kernel_sieve1,0.053408936176811646,0.04945680909265776,0.644832148444098,0.323017892122835,0.7162558510518157,0.16011269939709305,1.2723990027065382,0.263842754420875,182.0199184366768,37.59120421360412
I,3,sieve1_kernel,0.03739565970365588,0.21431638047304769,1.4481282345039785,0.4726202356488538,0.921733475474628,-0.06029012319642113,1.9037570741456773,0.40461611038446427,373.4639218740954,3.392688751220703
I,3,sieve1_sieve1,0.03739565970365588,0.04945680909265776,0.7132849942666237,0.8085015191254795,0.035165695444114284,-2.0882703974232313,2.15860178831146,0.263842754420875,182.0199184366768,37.59120421360412
I,3,sieve2_sieve2,0.033297157197990694,0.08099986688737684,0.8446499289667212,5.721548302256366,-4.0881431228616885,-15.406066294914869,7.229780049191491,0.7692344675896041,154.83105103767267,50.0
I,3,sieve3_sieve3,0.03665790123860516,0.04546064969842003,0.6692514731809869,0.6442344355147233,1.206659969817753,-0.29836874182673356,2.711688681462239,0.25218417415581973,140.51217219747937,50.0
I,4,kernel_kernel,0.05400039742156241,0.21971627901107757,0.8070289445892975,0.371864068575295,0.5468389720253466,0.35072475925041435,0.7429531848002788,0.40943979463974634,373.81061574528496,3.0838050842285156
I,4,kernel_sieve1,0.05400039742156241,0.03802460344484088,1.055141346297347,0.13377964033540343,0.9943412477656365,0.5033238513442795,1.4853586441869935,0.1106467179288374,234.5800367202376,27.817676008223575
I,4,sieve1_kernel,0.03148737868740358,0.21971627901107757,0.5386577105193268,0.12205341416593658,1.0267303239554997,0.9069040651236273,1.146556582787372,0.40943979463974634,373.81061574528496,3.0838050842285156
I,4,sieve1_sieve1,0.03148737868740358,0.03802460344484088,0.5194737424691347,0.1594686941868832,1.123969978382738,0.8537078122884678,1.394232144477008,0.1106467179288374,234.5800367202376,27.817676008223575
I,4,sieve2_sieve2,0.035856352269584765,0.07831418900334404,4.288158655536519,0.07515900801734916,1.0552649931993974,0.22141889420054517,1.8891110921982497,0.7567353285681846,159.75598472543703,50.0
I,4,sieve3_sieve3,0.03659038031518872,0.04402633577784034,0.8517787793498987,0.5080117996924194,0.33556390901859906,-0.6551020999482067,1.326229917985405,0.25659521282977826,145.57126983186598,50.0
I,4,kernel_kernel,0.05384879647098575,0.21748047687769048,0.8054716995610033,0.3741482569404338,0.5480691247160951,0.3507962129997742,0.7453420364324161,0.40862806105613714,373.7906009535424,3.0868351459503174
I,4,kernel_sieve1,0.05384879647098575,0.03917651045385071,0.9288994378112982,0.5560331391529608,-0.006647509491598162,-0.47670489948855,0.4634098805053537,0.09071824144625262,230.0837186900451,36.54920249753543
I,4,sieve1_kernel,0.029398600738880842,0.21748047687769048,1.0048138297671754,1.6138026133673815,1.3159617350351718,-3.192072232306666,5.82399570237701,0.40862806105613714,373.7906009535424,3.0868351459503174
I,4,sieve1_sieve1,0.029398600738880842,0.03917651045385071,15.803166120514593,4.921412425019494,5.722341225226023,-3.07228096728746,14.516963417739506,0.09071824144625262,230.0837186900451,36.54920249753543
I,4,sieve2_sieve2,0.036029451832853505,0.0808023792153035,0.971791784488744,11.11764238625162,-12.273782905050192,-26.033144214737735,1.4855784046373515,0.807667048658515,158.53348233751223,50.0
I,4,sieve3_sieve3,0.03164407074461723,0.04540598747628951,0.8977069487798578,1.0200608896867216,-0.4528246455332009,-2.0530709186174945,1.1474216275510924,0.24312101572439856,137.01443452484733,50.0
I,4,kernel_kernel,0.04699954451805493,0.21939262714957442,0.8101546263877838,0.3810877929612406,0.5295669577368823,0.3308052296681764,0.7283286858055883,0.409229810655117,373.76892351528306,3.238250494003296
I,4,kernel_sieve1,0.04699954451805493,0.07654535596407785,2.4754672874836023,0.4870875160358335,0.8420492408211776,-0.24568555175889062,1.929784033401246,0.7024565015570424,161.450643285246,50.0
I,4,sieve1_kernel,0.035675537373075744,0.21939262714957442,1.2869387778870585,2.9937882569404746,-1.6721371265189695,-2.249335347608252,-1.0949389054296872,0.409229810655117,373.76892351528306,3.238250494003296
I,4,sieve1_sieve1,0.035675537373075744,0.07654535596407785,0.9540216284095004,3.6530252997878256,-1.9584457781067612,-4.4096716932249045,0.4927801370113818,0.7024565015570424,161.450643285246,50.0
I,4,sieve2_sieve2,0.03716902071449855,0.08481582669687093,8.0498619080242,1.8952851889548634,-0.9144690415308917,-6.113570479462976,4.284632396401192,0.9174331575706564,146.1844606492335,50.0
I,4,sieve3_sieve3,0.03537909456770399,0.04139035715376548,0.6834574122618301,0.15321551493225058,0.8204464661874193,-0.33325225411381676,1.9741451864886554,0.18685865525242534,133.15924573874557,50.0
I,4,kernel_kernel,0.04925931744303232,0.21728731556151004,0.8007555516270629,0.37507404201180794,0.5408164132270843,0.3431299216986604,0.7385029047555082,0.40824912520249684,373.7931064820881,3.1200547218322754
I,4,kernel_sieve1,0.04925931744303232,0.040867694730544364,1.1948016719536492,0.4676288754322293,1.0473327331678548,0.5370642004731272,1.5576012658625824,0.16142595842204727,200.3853901490978,35.171293652554944
I,4,sieve1_kernel,0.03474606261958787,0.21728731556151004,0.6989227324518253,0.9192873559268961,0.9768244129954786,0.546414513993621,1.4072343119973363,0.40824912520249684,373.7931064820881,3.1200547218322754
I,4,sieve1_sieve1,0.03474606261958787,0.040867694730544364,1.6331355092639104,0.49453578117593383,0.8022822368938476,-0.38111830568988814,1.9856827794775833,0.16142595842204727,200.3853901490978,35.171293652554944
I,4,sieve2_sieve2,0.03875109457679878,0.0787237771315786,4.051347807939334,2.6167416759274773,-3.384364260843834,-15.393105325804672,8.624376804117006,0.7773080720442442,153.00298826256721,50.0
I,4,sieve3_sieve3,0.036267433562889397,0.039376820227471354,0.8993157998730996,0.4469091321869265,0.1409320659847117,-1.2206973520428501,1.5025614840122736,0.13547768757730522,139.91491064881873,50.0
I,5,kernel_kernel,0.05956515617867161,0.2192568734372672,0.8377812556342324,0.27546512966891057,0.50577272332971,0.3162506707980991,0.6952947758613209,0.4106588284969329,373.9720150610188,3.087144374847412
I,5,kernel_sieve1,0.05956515617867161,0.0413870196772597,0.627211498755512,0.12737981404082258,1.0761673807385832,0.6106727562004733,1.541662005276693,0.10635176286198039,240.0843893941981,22.522228368652193
I,5,sieve1_kernel,0.03470713672173877,0.2192568734372672,0.6735374616325795,0.0633263613683704,1.1248754047425187,1.00870100228519,1.2410498071998473,0.4106588284969329,373.9720150610188,3.087144374847412
I,5,sieve1_sieve1,0.03470713672173877,0.0413870196772597,1.0698257491533318,0.02235574265799702,1.0340056132262334,0.780322663648612,1.2876885628038548,0.10635176286198039,240.0843893941981,22.522228368652193
I,5,sieve2_sieve2,0.030437131228401037,0.08350401988348848,1.8410241978460997,0.5962567456198672,0.6833245694454366,-0.3815052407791386,1.7481543796700119,0.8948244985034216,155.2510886153962,50.0
I,5,sieve3_sieve3,0.034908025444824485,0.04634428994015933,1.2407572144246197,0.14886683979643253,0.7632548350896569,-0.1334410746991388,1.6599507448784525,0.28850676750254844,142.876714657217,50.0
I,5,kernel_kernel,0.05922966925717698,0.2180546528505911,1.236821150534761,0.28120096482614976,0.5018265911448978,0.3104397728710123,0.6932134094187833,0.41004575759172435,373.9712790451966,3.0867018699645996
I,5,kernel_sieve1,0.05922966925717698,0.04686201075045924,0.708171304759466,0.3251439813989246,1.176543239532773,0.6465251271807924,1.7065613518847538,0.16886329254661242,232.80594466691704,27.43289184672204
I,5,sieve1_kernel,0.02602322991875784,0.2180546528505911,0.8033761758246817,2.1312285763844527,-1.931385224297044,-9.50069504249055,5.637924593896463,0.41004575759172435,373.9712790451966,3.0867018699645996
I,5,sieve1_sieve1,0.02602322991875784,0.04686201075045924,26.724017744154207,5.418331961551414,8.402445388189978,-8.553621369795874,25.35851214617583,0.16886329254661242,232.80594466691704,27.43289184672204
I,5,sieve2_sieve2,0.033793116367333696,0.07084541570895035,0.7181454185085179,5.206523085616087,-5.464349143520661,-34.21293511715608,23.284236830114754,0.6893852406707409,145.09964857036763,50.0
I,5,sieve3_sieve3,0.033826169597962946,0.04175672269483636,0.8932558665895663,1.1350388060220122,-0.5838234448444873,-1.9428285154225007,0.7751816257335261,0.2408520112890177,144.81419319370445,50.0
I,5,kernel_kernel,0.05198607368409788,0.21944312538815294,0.8455645163434811,0.28420337722271966,0.4939707260250971,0.30281971010134,0.6851217419488542,0.4109251081148783,373.85254154710174,3.1146411895751953
I,5,kernel_sieve1,0.05198607368409788,0.08264131726920752,0.9030324330014619,0.56556810897131,0.8389458349870298,-0.06312559151123942,1.741017261485299,0.7290944012150365,178.9922041712147,50.0
I,5,sieve1_kernel,0.032179198494000465,0.21944312538815294,4.4782217575637455,3.0613742031079343,0.6975684035613173,0.28249359274010244,1.1126432143825322,0.4109251081148783,373.85254154710174,3.1146411895751953
I,5,sieve1_sieve1,0.032179198494000465,0.08264131726920752,11.355115768007632,4.258078069484596,2.5828694496384568,0.2981471160855582,4.867591783191355,0.7290944012150365,178.9922041712147,50.0
I,5,sieve2_sieve2,0.03129436332872623,0.0869096858652355,0.7462731647883649,3.073810747431762,2.243868630944957,-2.98568041574647,7.473417677636384,0.9419623519739168,150.93131842308412,50.0
I,5,sieve3_sieve3,0.03418457983412308,0.04196176738186178,1.3628970244279826,0.3021101440143876,1.6256407381343434,0.7579731933355031,2.493308282933184,0.2110849544328398,129.75909868330552,50.0
I,5,kernel_kernel,0.05345786176143149,0.218523038152474,1.2414254241726215,0.28151634707699846,0.5009777638293575,0.3099592787121078,0.6919962489466073,0.41026076022783914,373.8925889250716,3.049323797225952
I,5,kernel_sieve1,0.05345786176143149,0.054927344028075364,0.6197004966852305,0.1492555666082454,0.6000136576428966,0.07183456612326433,1.1281927491625288,0.3236082271843375,202.43067487544718,50.0
I,5,sieve1_kernel,0.03222395176433355,0.218523038152474,0.8689132498297059,2.760217048359881,-0.7911064953556664,-2.411246055214515,0.8290330645031823,0.41026076022783914,373.8925889250716,3.049323797225952
I,5,sieve1_sieve1,0.03222395176433355,0.054927344028075364,0.8349622419330349,2.375592332429957,-0.6567499661095616,-4.282342707764431,2.968842775545308,0.3236082271843375,202.43067487544718,50.0
I,5,sieve2_sieve2,0.03825574468993812,0.08213088807948721,173.2429420760395,36.59185795860793,-35.88115906319754,-59.24794333671193,-12.51437478968316,0.7986176470666921,158.60780335395168,50.0
I,5,sieve3_sieve3,0.03722318419264757,0.042191519033799176,0.8462090074728457,0.867501089878092,-0.09907938717942534,-1.3205913720364015,1.1224325976775509,0.20430592989798232,131.65024051731157,50.0
I,6,kernel_kernel,0.05625860581556475,0.22262083019694398,0.7672355179297959,0.3352606093041383,0.3295723107602546,0.13540930832676942,0.5237353131937398,0.4138740101655324,374.05190956965214,2.8835229873657227
I,6,kernel_sieve1,0.05625860581556475,0.04044060973188497,1.0701708470848432,0.12109577057804773,1.0242975827026828,0.5939183039699512,1.4546768614354144,0.09915299694649427,248.070071556111,21.35694436028357
I,6,sieve1_kernel,0.038184598836816575,0.22262083019694398,0.5180711250804318,0.10594298423509026,1.0663100185281655,0.9402857617258259,1.192334275330505,0.4138740101655324,374.05190956965214,2.8835229873657227
I,6,sieve1_sieve1,0.038184598836816575,0.04044060973188497,0.6848265088365079,0.1507548070091134,1.138266559282981,0.8663530936776553,1.4101800248883067,0.09915299694649427,248.070071556111,21.35694436028357
I,6,sieve2_sieve2,0.035194526578077666,0.08096838006020164,0.720663738416401,0.4622122162679896,0.5120765160972777,-1.1065649489210956,2.130717981115651,0.8129795636883443,150.6775707533083,50.0
I,6,sieve3_sieve3,0.029994732199271918,0.049133349816783724,0.7635730005953129,0.29952019764675525,0.5180534665221328,-0.5587412793170985,1.594848212361364,0.20470582699904485,150.17551986584596,50.0
I,6,kernel_kernel,0.05619399882932489,0.22070456432941912,0.7674754827335951,0.3351039501604724,0.33190768398334386,0.13713520513684654,0.5266801628298412,0.4132021683057149,374.0512990279705,2.8904008865356445
I,6,kernel_sieve1,0.05619399882932489,0.03542601044714383,1.5154926628613694,0.5838437617268348,0.5561128063131004,0.10098344251995323,1.0112421701062477,0.0820756452654876,242.10996702459323,22.138535829634776
I,6,sieve1_kernel,0.029813930493169355,0.22070456432941912,0.804982641727002,1.417667272290724,1.1469127361782097,-0.2963455503422232,2.5901710226986427,0.4132021683057149,374.0512990279705,2.8904008865356445
I,6,sieve1_sieve1,0.029813930493169355,0.03542601044714383,0.7713969884976228,1.0910908899733769,0.9768063141836747,-2.0804430074592837,4.0340556358266335,0.0820756452654876,242.10996702459323,22.138535829634776
I,6,sieve2_sieve2,0.029884239785371178,0.0724326562419866,13.624721202539845,5.169965323141118,5.748777570851186,-9.342380445929418,20.839935587631793,0.6826499505902839,157.8246216424099,50.0
I,6,sieve3_sieve3,0.03425446937419363,0.0415736387060716,1.0388821443508989,1.0904542089910152,-0.6757378213596575,-2.095077397474162,0.7436017547548469,0.1980982675045111,137.10722921135982,50.0
I,6,kernel_kernel,0.04888111893895419,0.22330683129908746,0.7771667308824711,0.3397101429469909,0.32373235672206246,0.12898211299909762,0.5184826004450274,0.41464362808068594,374.1256155193263,2.8833956718444824
I,6,kernel_sieve1,0.04888111893895419,0.07817057197629154,3.1211730753093576,0.4813265382996554,0.36542588767312373,-0.5482300000115372,1.2790817753577848,0.7546252717768567,169.09487845844086,50.0
I,6,sieve1_kernel,0.03207368956336922,0.22330683129908746,1.017109744163572,0.7633770025264967,-0.19017766313789464,-0.48165245606721485,0.10129712979142558,0.41464362808068594,374.1256155193263,2.8833956718444824
I,6,sieve1_sieve1,0.03207368956336922,0.07817057197629154,1.518172737400237,0.5815894062605685,-0.09147427887113643,-1.3545414543927536,1.1715928966504807,0.7546252717768567,169.09487845844086,50.0
I,6,sieve2_sieve2,0.027902457546550057,0.08901132381580927,5.079923587875627,4.058897893519082,2.9432725248267757,-2.523438602119469,8.40998365177302,0.9898186505512077,150.43667101426414,50.0
I,6,sieve3_sieve3,0.030086088522708974,0.05315791787257269,1.128945650114867,0.4965368506915724,0.48938320201122254,-0.4727470495970124,1.4515134536194574,0.23561000444871288,132.57763996978412,50.0
I,6,kernel_kernel,0.0509104018062573,0.22111107364247432,0.7706338860681061,0.3366553566857942,0.3302711783812167,0.13570658239599007,0.5248357743664434,0.4136957656145096,374.0944947081657,3.0227081775665283
I,6,kernel_sieve1,0.0509104018062573,0.04708446623183656,1.0713666370497876,0.3293428766484335,0.47657702049337447,0.004594632871192494,0.9485594081155564,0.17846887452229288,221.23578991834563,33.639891544048666
I,6,sieve1_kernel,0.03346611103809206,0.22111107364247432,0.7174008019968477,0.3347650353130598,1.0658634609336883,0.6417606565885672,1.4899662652788095,0.4136957656145096,374.0944947081657,3.0227081775665283
I,6,sieve1_sieve1,0.03346611103809206,0.04708446623183656,0.671813194279305,0.34290011142608184,0.9785278519309349,-0.06671485279623368,2.0237705566581035,0.17846887452229288,221.23578991834563,33.639891544048666
I,6,sieve2_sieve2,0.029635231431231136,0.08046953861274207,0.7837378786033802,6.991228447722915,4.2049153793978435,-4.325957019623956,12.735787778419642,0.8142714343825993,156.3644938094152,50.0
I,6,sieve3_sieve3,0.02970242456098932,0.04100605634967194,1.63802353620025,0.8705168819570689,-0.46281619567202914,-1.6649085905739205,0.7392761992298622,0.18833583151676744,147.94520348985446,50.0
I,7,kernel_kernel,0.05496228790478127,0.21779596592945513,0.6462860693179566,0.3044367073102276,0.3873828538691794,0.20031945335758974,0.5744462543807691,0.408435522476832,373.67497188656824,3.0782389640808105
I,7,kernel_sieve1,0.05496228790478127,0.04752247464995218,0.5540086619907643,0.13426326878322495,1.0327219904207916,0.5276594057595644,1.5377845750820187,0.11208257732222976,241.73522719706054,32.20027864813779
I,7,sieve1_kernel,0.03037666622917312,0.21779596592945513,0.610267352330798,0.19057614288042912,1.1270562760909644,1.0122004725366185,1.2419120796453103,0.408435522476832,373.67497188656824,3.0782389640808105
I,7,sieve1_sieve1,0.03037666622917312,0.04752247464995218,0.6445276065866546,0.20974623088569233,1.1932984734575052,0.8885856041502256,1.4980113427647848,0.11208257732222976,241.73522719706054,32.20027864813779
I,7,sieve2_sieve2,0.03377469681694223,0.07623589667406773,1.9012059668372765,0.27486001867580345,1.135771535911778,-0.7312138084985069,3.002756880322063,0.79595781115431,149.89777287765435,50.0
I,7,sieve3_sieve3,0.035516399376961987,0.049669303003734615,1.3545058074082785,0.9710908994485482,2.448207979137184,1.0376840221696597,3.858731936104708,0.2715724975919891,143.3758910595648,50.0
I,7,kernel_kernel,0.0549787548904254,0.21605385597403237,0.6501399266639318,0.3080456667109081,0.3827053298904697,0.1938283168534046,0.5715823429275347,0.4078751708865166,373.6748274049138,3.073497772216797
I,7,kernel_sieve1,0.0549787548904254,0.04221303261702786,0.8971690714890327,0.49350669290180565,-0.042458472660400655,-0.5062033240743775,0.4212863787535762,0.09355380731253954,247.407442545808,21.844018726387713
I,7,sieve1_kernel,0.033040184167304316,0.21605385597403237,1.0178534918432323,9.549524403430302,-11.515176433172838,-23.783345732989453,0.7529928666437762,0.4078751708865166,373.6748274049138,3.073497772216797
I,7,sieve1_sieve1,0.033040184167304316,0.04221303261702786,0.8298300752117643,1.7589962822262193,1.42320428613994,-23.663086090705566,26.509494662985443,0.09355380731253954,247.407442545808,21.844018726387713
I,7,sieve2_sieve2,0.037148811592587046,0.08266487727909844,468.19872848274895,16.538791287639743,-15.384797988478548,-47.942692943177306,17.173096966220214,0.7850181683560247,167.0821852361305,50.0
I,7,sieve3_sieve3,0.0341053952069997,0.043114749759697736,0.7746611391406313,0.3908115494406232,0.2968618701819923,-1.018593321881103,1.6123170622450875,0.22461113734028376,135.71077748583903,50.0
I,7,kernel_kernel,0.04813988779364995,0.21866837845632606,0.6513815906297974,0.3100751056313666,0.3723850904981614,0.1831994067371614,0.5615707742591614,0.4094534386793772,373.5532140386448,3.1675233840942383
I,7,kernel_sieve1,0.04813988779364995,0.06782360359110717,0.7929515340372555,0.4523047002338048,0.185948436628201,-0.8266423941542981,1.1985392674107,0.5580595851932526,171.06445940816866,50.0
I,7,sieve1_kernel,0.03488245473258751,0.21866837845632606,0.6507158196051517,1.759576098806053,2.7384333342224334,1.7085711593498345,3.768295509095032,0.4094534386793772,373.5532140386448,3.1675233840942383
I,7,sieve1_sieve1,0.03488245473258751,0.06782360359110717,0.7233985663226467,2.430405903612668,5.223863188608619,2.012176663130546,8.435549714086692,0.5580595851932526,171.06445940816866,50.0
I,7,sieve2_sieve2,0.04197335194623039,0.08103080902515884,6.351110548218025,2.4411150673520514,-1.0747949236088623,-6.875045026589579,4.725455179371854,0.9028784477878262,142.0099005759006,50.0
I,7,sieve3_sieve3,0.03533756972961425,0.04890895267738269,0.6630700945965211,0.5289131807042192,1.250774558915496,0.47140310872642954,2.030146009104562,0.29994756132857064,141.22248194799812,50.0
I,7,kernel_kernel,0.04999509966063067,0.21686909828717238,0.6481158935020623,0.3068322078423326,0.3865541787485445,0.19817391896074654,0.5749344385363424,0.40849405789375304,373.63833167844257,3.044301986694336
I,7,kernel_sieve1,0.04999509966063067,0.050409684939157116,0.7190652661927178,0.23437544236207572,0.7641237993182048,0.0686963733916156,1.4595512252447942,0.28991036916180724,197.5554977357147,45.12929461739359
I,7,sieve1_kernel,0.04062588603081174,0.21686909828717238,0.7502446067929092,0.8246996993591683,1.1736846556789666,0.8436467807677648,1.5037225305901685,0.40849405789375304,373.63833167844257,3.044301986694336
I,7,sieve1_sieve1,0.04062588603081174,0.050409684939157116,0.6957160622567121,0.214755434490867,0.9212558505355889,-0.0770234559200671,1.9195351569912449,0.28991036916180724,197.5554977357147,45.12929461739359
I,7,sieve2_sieve2,0.03379284414195585,0.0774750768846441,0.8569041840555487,3.3115621742072334,-0.7670880545900374,-5.65367586718844,4.119499758008365,0.7563600366180526,152.23322209248266,50.0
I,7,sieve3_sieve3,0.0347634616674518,0.03985562290331127,0.6757186718264372,0.45462557533860276,0.9986087549573907,0.24183625062493164,1.7553812592898497,0.15979570297351084,153.56932130949048,50.0
I,8,kernel_kernel,0.05865977027458157,0.22964990640200897,0.7588203977817854,0.2584077952542641,0.326485242995674,0.13578036956890693,0.5171901164224411,0.42169194865226745,373.5528523708437,3.171325922012329
I,8,kernel_sieve1,0.05865977027458157,0.04567365150626573,0.6181080310795823,0.30789773996959685,0.5958538176101864,0.16393610263687325,1.0277715325834995,0.07716276657296595,247.45968599830326,21.656092506151094
I,8,sieve1_kernel,0.04005236544421992,0.22964990640200897,0.6968040552645272,0.24719622287568258,0.705501041467962,0.5899655567084781,0.8210365262274459,0.42169194865226745,373.5528523708437,3.171325922012329
I,8,sieve1_sieve1,0.04005236544421992,0.04567365150626573,0.6094716408648831,0.2416086319686821,0.7006060264828555,0.4543981058783514,0.9468139470873597,0.07716276657296595,247.45968599830326,21.656092506151094
I,8,sieve2_sieve2,0.03914989145980446,0.07729952486316603,1.257963867292744,2.0609126667644753,-1.0148041702815211,-3.5498879805652197,1.5202796400021774,0.7688771160012988,162.54881081922397,50.0
I,8,sieve3_sieve3,0.03503678694331631,0.044891316144353655,8.143970082051457,0.7419366561184554,1.1749820442318437,-0.30377133523264277,2.65373542369633,0.26749507272783735,143.8873559074253,50.0
I,8,kernel_kernel,0.05872060617015662,0.22770846150734614,0.7608275494864379,0.2557359232308742,0.3187396227797109,0.126460765885785,0.5110184796736368,0.4210185693303744,373.53726738263055,3.1723690032958984
I,8,kernel_sieve1,0.05872060617015662,0.03848712866532054,1.0185250129225125,0.6208200752639569,-0.40729084208450905,-0.8418832944713798,0.027301610302361667,0.0632135395440453,253.3977035719683,22.218049872430203
I,8,sieve1_kernel,0.04257490625694727,0.22770846150734614,1.8626069172702924,1.4331278898464417,-1.2444562791868907,-2.8011835553199833,0.31227099694620186,0.4210185693303744,373.53726738263055,3.1723690032958984
I,8,sieve1_sieve1,0.04257490625694727,0.03848712866532054,2.8871404610930322,4.101197210835468,-1.7389773605791912,-5.107674342667664,1.629719621509282,0.0632135395440453,253.3977035719683,22.218049872430203
I,8,sieve2_sieve2,0.03658975027429639,0.07882694235242084,120.60930482170889,16.11003384420597,27.9345276311863,-5.102972038390369,60.97202730076297,0.7628914294937768,164.14522395382187,50.0
I,8,sieve3_sieve3,0.03676605992360459,0.05135925573037228,1.0557508442908887,0.931707294927136,-1.2920210926461322,-2.787259944057367,0.2032177587651025,0.2796890049975701,147.80842318687525,50.0
I,8,kernel_kernel,0.050678209950452725,0.22894269902801404,0.7665093562654638,0.2578797174556114,0.3112695037699722,0.11794333076514091,0.5045956767748034,0.4212837332685788,373.58187791168837,3.010056734085083
I,8,kernel_sieve1,0.050678209950452725,0.07208496167847024,0.9677153601332289,0.5750714702397421,-0.3788589184603997,-1.411017452653416,0.6532996157326167,0.657580491137103,156.77075364787243,50.0
I,8,sieve1_kernel,0.04430420843733949,0.22894269902801404,0.6842207948541891,0.33271927088056347,0.6469448729612268,0.4733777422176205,0.8205120037048331,0.4212837332685788,373.58187791168837,3.010056734085083
I,8,sieve1_sieve1,0.04430420843733949,0.07208496167847024,3.6813262856159117,0.4444698745094873,0.21210845385318575,-0.636654195135139,1.0608711028415105,0.657580491137103,156.77075364787243,50.0
I,8,sieve2_sieve2,0.03457962379659122,0.08488811755806758,0.7873170046704976,2.164022965182895,-0.24865992767759568,-6.8392413879384675,6.341921532583275,0.9881489118526063,138.5243152062589,50.0
I,8,sieve3_sieve3,0.034572316955971384,0.04907468938185181,1.212006859053948,0.7150976084317161,0.13909031836452967,-1.1595276636309242,1.4377083003599833,0.29558313393634117,140.82683993475965,50.0
I,8,kernel_kernel,0.052705125291674905,0.2282322902901827,0.7587647438730966,0.2557202497434,0.3192924695348114,0.12761218075825145,0.5109727583113713,0.4214887869556745,373.56093413915903,3.182652473449707
I,8,kernel_sieve1,0.052705125291674905,0.04606822225359696,0.7261209657032273,0.31406139306574604,0.3058245118814547,-0.1670523299495838,0.7787013537124932,0.1689932402280695,210.08383471218536,29.431382952703736
I,8,sieve1_kernel,0.03915525121776479,0.2282322902901827,1.779824387460098,0.356135336535856,0.7179761906247304,-0.6482541689412036,2.0842065501906646,0.4214887869556745,373.56093413915903,3.182652473449707
I,8,sieve1_sieve1,0.03915525121776479,0.04606822225359696,16.731403614720026,0.9582571522160981,1.2534363016354948,-1.916495774340577,4.423368377611567,0.1689932402280695,210.08383471218536,29.431382952703736
I,8,sieve2_sieve2,0.03616647252884794,0.08328577802115407,0.9536670993583891,11.725974317314067,-9.676090140740596,-27.21333054279924,7.861150261318047,0.8393447700334391,162.0182836430837,50.0
I,8,sieve3_sieve3,0.034078186286609774,0.04569625816507084,2.075655094221099,0.7655395184057263,0.2554789623445053,-0.9831600016808044,1.494117926369815,0.19814909117585786,139.35020610387986,50.0
I,9,kernel_kernel,0.054788020030654694,0.21200085035698268,1.2917136907469575,0.352618284451993,0.30837141168161464,0.11036314157187518,0.5063796817913541,0.4014385968844096,373.91285714193464,3.1302144527435303
I,9,kernel_sieve1,0.054788020030654694,0.03920390168012821,0.49250670985510014,0.06306366945149901,0.8942390840602796,0.4108820190121641,1.3775961491083952,0.09490806027032167,245.20106646175617,28.053203915705193
I,9,sieve1_kernel,0.03131686133648126,0.21200085035698268,0.5471020548458972,0.04392726363462251,0.9529988598230766,0.8364658247802537,1.0695318948658996,0.4014385968844096,373.91285714193464,3.1302144527435303
I,9,sieve1_sieve1,0.03131686133648126,0.03920390168012821,0.5186031834941094,0.03286441202259393,0.9630053312235771,0.6898254350284858,1.2361852274186684,0.09490806027032167,245.20106646175617,28.053203915705193
I,9,sieve2_sieve2,0.03361004236868755,0.07234577133606228,0.7100292657987813,0.1611000203963359,0.7524647009874676,-0.5508409278587889,2.055770329833724,0.7335248416851414,144.76454319145506,50.0
I,9,sieve3_sieve3,0.03197604130962695,0.04438005013427432,6.161252789661044,0.31309012939483444,1.2498636986294862,0.06205025966867628,2.4376771375902964,0.26180052431129064,135.67607557494148,50.0
I,9,kernel_kernel,0.0545744415263504,0.21016820964320163,1.3128104822676903,0.3529352501867238,0.31160287145302157,0.11153563931478919,0.511670103591254,0.4007983404397965,373.88387948537377,3.1574854850769043
I,9,kernel_sieve1,0.0545744415263504,0.043978247709523605,0.7115545133004427,0.38128879490921475,0.22160174736496613,-0.20563611269847132,0.6488396074284035,0.12126898933502062,239.73348783880058,31.638482063042495
I,9,sieve1_kernel,0.028739091996987973,0.21016820964320163,0.8741535523941006,0.8890790006423074,-0.40358358421554963,-4.406910545489275,3.5997433770581755,0.4007983404397965,373.88387948537377,3.1574854850769043
I,9,sieve1_sieve1,0.028739091996987973,0.043978247709523605,0.8670496265262837,0.8180434636540673,0.5084611856449253,-7.413194622283289,8.43011699357314,0.12126898933502062,239.73348783880058,31.638482063042495
I,9,sieve2_sieve2,0.03365854792619565,0.07869307515697188,27.197915500909108,4.011653481597697,5.247522597032344,-5.470328096702174,15.96537329076686,0.8158833549944039,151.45570409059462,50.0
I,9,sieve3_sieve3,0.03490523439099836,0.04277758999491615,0.8508505815790615,0.5189685973404489,-0.18928077731316725,-1.447624002315346,1.0690624476890114,0.13671896327133512,132.61490860431658,50.0
I,9,kernel_kernel,0.04640386570427213,0.21238754270516144,1.3155483547519462,0.3594332441912837,0.29225680613763033,0.09180302308071805,0.4927105891945426,0.40218545182545984,373.93500993787325,3.066807985305786
I,9,kernel_sieve1,0.04640386570427213,0.0749419712566659,3.17823523564108,0.6197051738126906,-0.44233303102050664,-1.3816448590117933,0.4969787969707801,0.6893070911148859,160.25721683972324,50.0
I,9,sieve1_kernel,0.030422457461705733,0.21238754270516144,1.0753637123221131,0.9441176022520695,1.9968258102966068,1.6494789211227818,2.3441726994704317,0.40218545182545984,373.93500993787325,3.066807985305786
I,9,sieve1_sieve1,0.030422457461705733,0.0749419712566659,0.6838426096610787,1.0102141615185596,1.9520800539714862,0.6602310758031757,3.2439290321397967,0.6893070911148859,160.25721683972324,50.0
I,9,sieve2_sieve2,0.031108171166715753,0.07956697489966608,0.7797731408136085,2.3802550848680637,1.9786521517908502,-7.0620497116008405,11.019354015182541,0.8677797874087603,140.82061053066514,50.0
I,9,sieve3_sieve3,0.032123635711561564,0.04646010733481434,0.841401150160473,0.6272638650157885,0.15816148692392273,-0.7647221631343712,1.0810451369822167,0.24364621539784964,144.36889753110424,50.0
I,9,kernel_kernel,0.048202829724536767,0.21122030061982514,1.31359557967545,0.35344456594257734,0.3104911455580637,0.11006402497164597,0.5109182661444813,0.40153435242176055,373.97865770468024,3.152721405029297
I,9,kernel_sieve1,0.048202829724536767,0.046191382851896286,0.7782737788484394,0.32638778769389654,0.2963304828761594,-0.21763825898882283,0.8102992247411416,0.18186858779811022,223.15751444983957,30.943823723509915
I,9,sieve1_kernel,0.030814912537518255,0.21122030061982514,1.0375362674137285,0.3020117268053137,0.4865722769488148,0.03268091683774382,0.9404636370598858,0.40153435242176055,373.97865770468024,3.152721405029297
I,9,sieve1_sieve1,0.030814912537518255,0.046191382851896286,0.8185100592068667,0.7061888520831304,0.1367048803555821,-0.8983015155968259,1.1717112763079902,0.18186858779811022,223.15751444983957,30.943823723509915
I,9,sieve2_sieve2,0.037843194240473756,0.0706754197240303,1.0181539358233824,3.9476629378785835,-5.540416496300044,-13.074549939874732,1.9937169472746437,0.6814714592957817,148.25481964468165,50.0
I,9,sieve3_sieve3,0.03347047953414217,0.032826429244836225,0.7765380155158921,0.32570526072135114,0.889962865594628,0.002979741865036911,1.776945989324219,0.11219302437234774,149.87822457069728,50.0
I,10,kernel_kernel,0.05565333580162412,0.21161121549010706,1.006077120745716,0.26465444368318686,0.5093715414071509,0.32600962766482317,0.6927334551494786,0.4003533178567886,373.8173704562986,3.0365686416625977
I,10,kernel_sieve1,0.05565333580162412,0.04448539533422532,1.061137890837509,0.07505015802581465,0.8824964792737143,0.38920379373457537,1.3757891648128533,0.11737979845121727,234.0551648680592,27.950928030387107
I,10,sieve1_kernel,0.03513193533389731,0.21161121549010706,0.733752611974721,0.07483490811072467,0.8546870863958429,0.7300229959603609,0.9793511768313249,0.4003533178567886,373.8173704562986,3.0365686416625977
I,10,sieve1_sieve1,0.03513193533389731,0.04448539533422532,0.8087273866047547,0.11919519237943782,0.8577674843806381,0.5566705262510224,1.1588644425102537,0.11737979845121727,234.0551648680592,27.950928030387107
I,10,sieve2_sieve2,0.03661416177917499,0.07606520222076375,0.6004735284708073,0.4982801405694135,1.9560838759878498,0.8890088549842718,3.023158896991428,0.7580895020029432,150.0440764951939,50.0
I,10,sieve3_sieve3,0.03557025987283401,0.046482253371865324,0.71469531533269,0.7105973192219048,0.6404712533199762,-0.17403491177226182,1.4549774184122142,0.17959370123630033,144.67267380763923,50.0
I,10,kernel_kernel,0.0554888146113457,0.2104187764221586,1.0021451802632853,0.263983164199866,0.5178273617057733,0.3334317792747434,0.7022229441368031,0.39969012689590455,373.8060695966364,3.038581609725952
I,10,kernel_sieve1,0.0554888146113457,0.04912824714545224,1.0304121705911469,0.5253003255495968,0.8715366578616817,0.4044375925601832,1.33863572316318,0.18830672997214748,219.21699313640687,36.05720768889246
I,10,sieve1_kernel,0.0363459251700658,0.2104187764221586,3.174049211305146,1.7505323252595346,0.44347199027660356,-6.184891448146694,7.0718354286999014,0.39969012689590455,373.8060695966364,3.038581609725952
I,10,sieve1_sieve1,0.0363459251700658,0.04912824714545224,1.4010852639030678,4.602488754274913,-9.381086303850864,-24.847866424284856,6.085693816583127,0.18830672997214748,219.21699313640687,36.05720768889246
I,10,sieve2_sieve2,0.03423161233074212,0.08529800458622146,2.8522550916589715,11.197400104767267,-31.379945342390673,-70.58425235230945,7.824361667528105,0.8466186226218104,166.66005263771802,50.0
I,10,sieve3_sieve3,0.03554635762558439,0.04302652421930767,0.7942697644442527,0.7479976069291306,-0.06962495941434645,-1.0449462016070086,0.9056962827783156,0.2067564662644398,143.95358248767005,50.0
I,10,kernel_kernel,0.04912688917174483,0.2116347691184041,1.0214994081868078,0.27148003801459325,0.5012751761173803,0.31516238470143887,0.6873879675333217,0.4007116491794586,373.79909908867455,3.147892951965332
I,10,kernel_sieve1,0.04912688917174483,0.0791250361060851,0.6406176966136155,0.2773862620167713,0.7911222146993675,-0.2248288946085606,1.8070733240072956,0.7724070577328899,163.18410135764168,50.0
I,10,sieve1_kernel,0.03321927457302739,0.2116347691184041,1.3233819706525756,0.6335089663546855,0.5073631200366654,0.062096870092405165,0.9526293699809256,0.4007116491794586,373.79909908867455,3.147892951965332
I,10,sieve1_sieve1,0.03321927457302739,0.0791250361060851,1.296318858870565,1.163117266918275,2.709174261090851,-0.3912780905822255,5.809626612763928,0.7724070577328899,163.18410135764168,50.0
I,10,sieve2_sieve2,0.036333651262896005,0.08256902492010977,0.7658546490776266,2.973934410665002,2.393835563161872,-2.947105928521185,7.734777054844929,0.9328147191922245,143.95008747836349,50.0
I,10,sieve3_sieve3,0.036363456005782606,0.04246184035359349,0.7066788084210687,0.3720544718254186,0.6123163286526802,-0.2022169948378495,1.42684965214321,0.14573482903851112,143.3270013313916,50.0
I,10,kernel_kernel,0.05169908481531227,0.20981898058615278,1.0104929739814905,0.2645684701079657,0.5185789897792984,0.33381705840435827,0.7033409211542385,0.39936787335077917,373.83100746189564,3.059731960296631
I,10,kernel_sieve1,0.05169908481531227,0.051902099232655284,1.2861515530097039,0.13740429504867746,0.6814747060162728,0.11797687050909578,1.2449725415234498,0.2523449437141538,204.43975584667356,40.90488478892185
I,10,sieve1_kernel,0.03393023077428573,0.20981898058615278,0.7368962482239019,1.028170646603767,1.7171639625985518,-1.0557395213756813,4.490067446572785,0.39936787335077917,373.83100746189564,3.059731960296631
I,10,sieve1_sieve1,0.03393023077428573,0.051902099232655284,1.6978559537254778,1.6719549890329402,-0.6575128965316965,-6.082041020901245,4.767015227837852,0.2523449437141538,204.43975584667356,40.90488478892185
I,10,sieve2_sieve2,0.03639634820694964,0.08013874325770286,13.52904003695333,32.39354828967681,-21.436544878043374,-46.93660167176087,4.063511915674123,0.8395049130971183,147.25021924570478,50.0
I,10,sieve3_sieve3,0.03135653889964734,0.040114451557368175,1.2507733839582145,0.3163236043164766,1.6499786538716283,0.3550642441886165,2.94489306355464,0.08947514374832774,141.53597106042523,50.0
I,11,kernel_kernel,0.057955706635329264,0.20921352854910133,0.6904691844186699,0.3033073530715908,0.39165008806043444,0.19265145290071106,0.5906487232201578,0.39626551373799646,373.8424932354543,3.3055927753448486
I,11,kernel_sieve1,0.057955706635329264,0.03985359074272984,0.5864053917813365,0.10744158463587321,0.8842752375510903,0.42201580534371536,1.3465346697584653,0.111854917565057,227.2835621475732,26.12977534356834
I,11,sieve1_kernel,0.038083590679003416,0.20921352854910133,0.5442946748255804,0.090192460271803,0.9456441889028614,0.8258008410599903,1.0654875367457324,0.39626551373799646,373.8424932354543,3.3055927753448486
I,11,sieve1_sieve1,0.038083590679003416,0.03985359074272984,0.5020932027886962,0.07100755457580492,0.9664046576022879,0.6829308049567002,1.2498785102478756,0.111854917565057,227.2835621475732,26.12977534356834
I,11,sieve2_sieve2,0.037408663846716136,0.07516193363699929,1.3016829846691853,1.7154318802856754,2.0197744277060194,0.3120396314120233,3.7275092240000154,0.7281714875923464,150.3834109537631,50.0
I,11,sieve3_sieve3,0.03977273978934111,0.04479912711262333,2.2813551814573105,0.6602654705758392,0.9894820860331107,0.0025185564091078083,1.9764456156571137,0.22067445103846586,139.48373580375994,50.0
I,11,kernel_kernel,0.05810310393639893,0.20653904618841398,0.6848144421091769,0.3028145823365746,0.40285379952658423,0.2024152378588184,0.60329236119435,0.3952763462066651,373.82427234438046,3.3105313777923584
I,11,kernel_sieve1,0.05810310393639893,0.04777014291486484,0.7691208089735166,0.5251570266171419,0.557018640521339,-0.021694841562238887,1.1357321226049168,0.2017902556694982,219.23932351545008,32.104615997390866
I,11,sieve1_kernel,0.02948362752297377,0.20653904618841398,0.8493526671622416,9.990949402112621,4.972589793121953,1.7001487295147348,8.245030856729171,0.3952763462066651,373.82427234438046,3.3105313777923584
I,11,sieve1_sieve1,0.02948362752297377,0.04777014291486484,0.8142568005105251,8.939162513265027,3.0565687873412695,-8.597459250631115,14.710596825313655,0.2017902556694982,219.23932351545008,32.104615997390866
I,11,sieve2_sieve2,0.03179679266449772,0.068907146893012,19.90757440613616,5.250305110104065,1.7610970895436349,-4.706222766173239,8.22841694526051,0.6740059364313546,148.79504079812523,50.0
I,11,sieve3_sieve3,0.03423175939806136,0.04886208415982962,1.9993882926996,0.859024510983498,1.0628897874824081,-0.24355711890994947,2.3693366938747658,0.26694411442928745,148.40286462188908,50.0
I,11,kernel_kernel,0.0516821532012142,0.20962756912474553,0.6903086117187756,0.3038578140122619,0.3887985012494072,0.18788929323352727,0.5897077092652871,0.3971317433516184,373.88675976115684,3.232226610183716
I,11,kernel_sieve1,0.0516821532012142,0.07912071886371717,0.7252494135867402,0.23703303355636232,1.3051635626414284,0.23765446060756457,2.3726726646752923,0.8650247198645562,148.76320631065428,50.0
I,11,sieve1_kernel,0.036506342192790205,0.20962756912474553,0.858555353978687,1.3631895646056194,0.6698357905830631,0.23210187771681473,1.1075697034493115,0.3971317433516184,373.88675976115684,3.232226610183716
I,11,sieve1_sieve1,0.036506342192790205,0.07912071886371717,0.8617407151040496,1.28015166539724,-0.2038140373680613,-2.525197431297503,2.11756935656138,0.8650247198645562,148.76320631065428,50.0
I,11,sieve2_sieve2,0.037843118312899195,0.08266033418995239,8.205176396669344,3.7012386861608326,-4.353013181882763,-9.904642397653255,1.1986160338877303,0.9450716562278274,141.08840007029866,50.0
I,11,sieve3_sieve3,0.040093402143537044,0.04490544813614944,0.8412204878979186,0.6944108183228043,0.03631219230653521,-0.8685400125867353,0.9411643971998056,0.21550108326516654,137.92004495567681,50.0
I,11,kernel_kernel,0.053044855238044974,0.20766877110437545,0.6838485777952897,0.2989788887119679,0.4028114346268596,0.2018525374793927,0.6037703317743265,0.3958798274596532,373.8618719800162,3.1704416275024414
I,11,kernel_sieve1,0.053044855238044974,0.053309497873134826,0.6856367157897888,0.20066646182439504,0.6173763811972934,0.010923875367930158,1.2238288870266567,0.26989370447791017,187.09901947781282,44.576876062068514
I,11,sieve1_kernel,0.039998304773169624,0.20766877110437545,0.7982064248212359,1.0484387684530878,0.6019805281388857,-1.117389057540298,2.3213501138180694,0.3958798274596532,373.8618719800162,3.1704416275024414
I,11,sieve1_sieve1,0.039998304773169624,0.053309497873134826,0.6832385669193793,1.126742903332009,1.411611684164872,-2.3849170888875095,5.208140457217254,0.26989370447791017,187.09901947781282,44.576876062068514
I,11,sieve2_sieve2,0.033159712301397214,0.08454883582406998,0.8076485815564078,2.8903920935855196,0.2398521624882748,-14.907428665471421,15.38713299044797,0.9275151343076317,151.2516939460969,50.0
I,11,sieve3_sieve3,0.03377486493588592,0.046905663910218366,1.870016807164012,0.8459524187041655,-0.2755080023295447,-1.5632318847540454,1.012215880094956,0.2330767526639527,131.17580580447398,50.0
J,0,kernel_kernel,0.17324531037868818,0.04014765736558143,,,-1.8250801826051193,-2.385108532528145,-1.2650518326820934,0.04366350141731462,2840.051259832293,4.08139705657959
J,0,kernel_sieve1,0.17324531037868818,0.0293549765971383,,,-1.081979753269207,-1.9011037083020474,-0.2628557982363666,0.08805890983463915,2112.451480529713,17.862206255670422
J,0,sieve1_kernel,0.01685713779073537,0.04014765736558143,,,-1.8821374562979658,-2.453980110109123,-1.3102948024868084,0.04366350141731462,2840.051259832293,4.08139705657959
J,0,sieve1_sieve1,0.01685713779073537,0.0293549765971383,,,-1.7886398861789172,-2.6194534325151073,-0.9578263398427272,0.08805890983463915,2112.451480529713,17.862206255670422
J,1,kernel_kernel,0.17336080701608447,0.04960074214905549,,,-1.660690015068813,-2.2206947566535025,-1.1006852734841237,0.04991278120405074,2849.6688858836915,3.8022677898406982
J,1,kernel_sieve1,0.17336080701608447,0.03934366575730273,,,-0.9452435513095687,-1.7662130058235386,-0.12427409679559875,0.0898481028080449,2078.4104897679144,17.26257545225239
J,1,sieve1_kernel,0.025821848491232757,0.04960074214905549,,,-1.7905976919641702,-2.6661901843837446,-0.9150051995445959,0.04991278120405074,2849.6688858836915,3.8022677898406982
J,1,sieve1_sieve1,0.025821848491232757,0.03934366575730273,,,-1.8174379560228462,-2.944928342671464,-0.6899475693742283,0.0898481028080449,2078.4104897679144,17.26257545225239
J,2,kernel_kernel,0.17131571033116555,0.04350997327551559,,,-1.3546094567053655,-1.9228010654667234,-0.7864178479440076,0.05038998667426803,2837.883891277009,6.154382228851318
J,2,kernel_sieve1,0.17131571033116555,0.0340858586470661,,,-0.9123400415411005,-1.7192286869749465,-0.10545139610725451,0.08485225466162372,2116.9562220789417,19.01562594800885
J,2,sieve1_kernel,0.018836624240443803,0.04350997327551559,,,-2.0059041105388227,-2.633353294473225,-1.3784549266044206,0.05038998667426803,2837.883891277009,6.154382228851318
J,2,sieve1_sieve1,0.018836624240443803,0.0340858586470661,,,-2.183169677896597,-3.0550933934297633,-1.3112459623634307,0.08485225466162372,2116.9562220789417,19.01562594800885
J,3,kernel_kernel,0.1713848449007258,0.04226690270176079,,,-1.7509464479383274,-2.3081217204172466,-1.1937711754594085,0.052943043877170026,2830.5401708962045,3.6841983795166016
J,3,kernel_sieve1,0.1713848449007258,0.03048839964662231,,,-0.9295014037040221,-1.7408416581087582,-0.118161149299286,0.08660332282327976,2119.5009020313587,18.274708715774786
J,3,sieve1_kernel,0.014639698077926552,0.04226690270176079,,,-2.114681424745434,-2.8220670199532196,-1.4072958295376483,0.052943043877170026,2830.5401708962045,3.6841983795166016
J,3,sieve1_sieve1,0.014639698077926552,0.03048839964662231,,,-2.0604055023215215,-3.0326666764168158,-1.0881443282262273,0.08660332282327976,2119.5009020313587,18.274708715774786
J,4,kernel_kernel,0.17559826946190127,0.04066637045148091,,,-1.5835477657512576,-2.14499921846518,-1.022096313037335,0.04637141926141025,2837.0874724811765,7.828965187072754
J,4,kernel_sieve1,0.17559826946190127,0.034409413649113166,,,-0.9508339328190762,-1.7616285195711454,-0.14003934606700708,0.08733374796859661,2111.2774296744365,17.982272208979968
J,4,sieve1_kernel,0.021193565451811,0.04066637045148091,,,-1.914650236559575,-2.492029745795377,-1.337270727323773,0.04637141926141025,2837.0874724811765,7.828965187072754
J,4,sieve1_sieve1,0.021193565451811,0.034409413649113166,,,-2.291898520397684,-3.1058366693858277,-1.4779603714095397,0.08733374796859661,2111.2774296744365,17.982272208979968
J,5,kernel_kernel,0.17121689258180406,0.04128678067636137,,,-1.1820225369120496,-1.7394179986336908,-0.6246270751904085,0.04360817390207422,2845.0198485294677,4.176141738891602
J,5,kernel_sieve1,0.17121689258180406,0.03384001316721791,,,-0.6052075187762794,-1.416152817042149,0.20573777948959004,0.09274278087071364,2096.5084399686702,22.692475105607176
J,5,sieve1_kernel,0.017283913068105453,0.04128678067636137,,,-1.9128822099019707,-2.543539070639177,-1.2822253491647642,0.04360817390207422,2845.0198485294677,4.176141738891602
J,5,sieve1_sieve1,0.017283913068105453,0.03384001316721791,,,-1.7237051858475678,-2.612834123326048,-0.8345762483690876,0.09274278087071364,2096.5084399686702,22.692475105607176
J,6,kernel_kernel,0.17650252596079583,0.040087186546782776,,,-2.1493638500804937,-2.7134756590382034,-1.585252041122784,0.042653738413048314,2843.653573586089,3.6763601303100586
J,6,kernel_sieve1,0.17650252596079583,0.030220340539204305,,,-0.8526411394232811,-1.6835704502113535,-0.021711828635208708,0.08935264563973999,2090.322427564458,20.798744467130597
J,6,sieve1_kernel,0.02546117551913839,0.040087186546782776,,,-1.829900582427167,-2.5014754952436884,-1.1583256696106456,0.042653738413048314,2843.653573586089,3.6763601303100586
J,6,sieve1_sieve1,0.02546117551913839,0.030220340539204305,,,-1.9217910095828727,-2.8734152613251895,-0.970166757840556,0.08935264563973999,2090.322427564458,20.798744467130597
J,7,kernel_kernel,0.1710128427880487,0.03943421540048896,,,-2.5087217445395944,-3.078298841643648,-1.939144647435541,0.03756691265230916,2846.1520762874356,4.383959770202637
J,7,kernel_sieve1,0.1710128427880487,0.030293560301084755,,,-0.8339548988475268,-1.6724466181243796,0.004536820429326016,0.08198985740158327,2116.4423173637742,17.26331518718561
J,7,sieve1_kernel,0.01891266124929603,0.03943421540048896,,,-1.9675635448868471,-2.673603366512631,-1.2615237232610634,0.03756691265230916,2846.1520762874356,4.383959770202637
J,7,sieve1_sieve1,0.01891266124929603,0.030293560301084755,,,-1.7387547818052236,-2.7077201730318485,-0.7697893905785989,0.08198985740158327,2116.4423173637742,17.26331518718561
J,8,kernel_kernel,0.17445875773493383,0.04471665404822414,,,-1.8298817811793855,-2.390627985099048,-1.2691355772597233,0.046171841937350244,2838.529287127645,5.531842231750488
J,8,kernel_sieve1,0.17445875773493383,0.02984696854321035,,,-0.8603503579910049,-1.6758828839852609,-0.044817831996748936,0.08452837281281977,2114.28064507466,18.44090240432699
J,8,sieve1_kernel,0.01689943085285135,0.04471665404822414,,,-2.406601826368725,-5.241311262562478,0.4281076098250276,0.046171841937350244,2838.529287127645,5.531842231750488
J,8,sieve1_sieve1,0.01689943085285135,0.02984696854321035,,,-5.064503990629776,-8.762662052435912,-1.3663459288236393,0.08452837281281977,2114.28064507466,18.44090240432699
J,9,kernel_kernel,0.17179485549882179,0.040796268081995324,,,-1.5070795700408715,-2.0658667076096355,-0.9482924324721074,0.04756638059017443,2845.7364500559006,3.8582234382629395
J,9,kernel_sieve1,0.17179485549882179,0.02626439892992574,,,-0.961578555724819,-1.759125871025241,-0.16403124042439687,0.0734522917278676,2111.626062980012,18.70108473929643
J,9,sieve1_kernel,0.023294835215477146,0.040796268081995324,,,-2.0184344136128978,-2.784357304688914,-1.2525115225368812,0.04756638059017443,2845.7364500559006,3.8582234382629395
J,9,sieve1_sieve1,0.023294835215477146,0.02626439892992574,,,-1.6110489801477923,-2.8880521595185997,-0.33404580077698487,0.0734522917278676,2111.626062980012,18.70108473929643
J,10,kernel_kernel,0.16713080665345115,0.04134677718812452,,,-1.2438188226276135,-1.7997419721725016,-0.6878956730827254,0.04952792914514448,2842.9470563899495,4.29149055480957
J,10,kernel_sieve1,0.16713080665345115,0.02695251205908951,,,-0.9338614775612839,-1.7424352428335264,-0.12528771228904145,0.08344219090006233,2067.77577417855,18.160697255819233
J,10,sieve1_kernel,0.022673672340700612,0.04134677718812452,,,-1.8174098036500563,-2.449798716822439,-1.1850208904776736,0.04952792914514448,2842.9470563899495,4.29149055480957
J,10,sieve1_sieve1,0.022673672340700612,0.02695251205908951,,,-1.3591132228028229,-2.3010401652220955,-0.4171862803835503,0.08344219090006233,2067.77577417855,18.160697255819233
J,11,kernel_kernel,0.16957586356129858,0.0416591770791214,,,-1.3539110342633922,-1.9181293698031443,-0.7896926987236401,0.044431611685100236,2835.6801936994143,3.784597158432007
J,11,kernel_sieve1,0.16957586356129858,0.029400121958383412,,,-1.0970639474532506,-1.9186490397122729,-0.27547885519422843,0.08751708887212284,2095.8915723089253,18.496008766856253
J,11,sieve1_kernel,0.023504561650025322,0.0416591770791214,,,-1.9288532723253944,-2.5312232710235394,-1.3264832736272494,0.044431611685100236,2835.6801936994143,3.784597158432007
J,11,sieve1_sieve1,0.023504561650025322,0.029400121958383412,,,-2.0724279035351962,-2.927267165393937,-1.2175886416764556,0.08751708887212284,2095.8915723089253,18.496008766856253
J,12,kernel_kernel,0.17628848891867577,0.040278493738971514,,,-1.427437534693199,-1.9844314285251508,-0.8704436408612471,0.03994226600153089,2844.954957261879,5.021875858306885
J,12,kernel_sieve1,0.17628848891867577,0.03340857747779816,,,-1.0091694041242252,-1.8270968772636866,-0.19124193098476383,0.08679666480536763,2111.7781481552847,18.190569542403054
J,12,sieve1_kernel,0.01653897797436477,0.040278493738971514,,,-1.8182378523986997,-2.483198701337491,-1.1532770034599085,0.03994226600153089,2844.954957261879,5.021875858306885
J,12,sieve1_sieve1,0.01653897797436477,0.03340857747779816,,,-2.1312582017084925,-3.053381225550795,-1.2091351778661903,0.08679666480536763,2111.7781481552847,18.190569542403054
J,13,kernel_kernel,0.17316640099661715,0.03833585980144064,,,-1.171786692817129,-1.7404348397302127,-0.6031385459040453,0.03776489745666384,2843.3542540972767,6.526907444000244
J,13,kernel_sieve1,0.17316640099661715,0.025393162175419138,,,-1.0713652778967007,-1.8598744043605149,-0.28285615143288645,0.07122490195967301,2118.8797931118575,17.175674091994843
J,13,sieve1_kernel,0.021697567535023235,0.03833585980144064,,,-1.8702013642933815,-2.455338113206197,-1.2850646153805658,0.03776489745666384,2843.3542540972767,6.526907444000244
J,13,sieve1_sieve1,0.021697567535023235,0.025393162175419138,,,-2.286371105864808,-3.2047566153252642,-1.3679855964043517,0.07122490195967301,2118.8797931118575,17.175674091994843
J,14,kernel_kernel,0.1723029816783661,0.04123746687904042,,,-1.5277405117357794,-2.091166796877202,-0.9643142265943568,0.043163716055147516,2843.477526455057,5.231037616729736
J,14,kernel_sieve1,0.1723029816783661,0.032342396833732884,,,-0.8811040284665289,-1.7143248311917882,-0.047883225741269686,0.09771841742019172,2090.346704227286,19.88624118876988
J,14,sieve1_kernel,0.01598942083513059,0.04123746687904042,,,-1.7782547779285602,-2.4252239946085976,-1.1312855612485229,0.043163716055147516,2843.477526455057,5.231037616729736
J,14,sieve1_sieve1,0.01598942083513059,0.032342396833732884,,,-1.7894758225484584,-2.708686516700903,-0.8702651283960138,0.09771841742019172,2090.346704227286,19.88624118876988
J,15,kernel_kernel,0.16986940870756903,0.04057438772085316,,,-1.4622763514860992,-2.0144578059615856,-0.9100948970106129,0.044670815476148984,2845.9852154682812,3.6211752891540527
J,15,kernel_sieve1,0.16986940870756903,0.026620218300642724,,,-1.0981043421055006,-1.8677659749144793,-0.32844270929652175,0.05869058940481753,2075.0249303768614,17.635963915421062
J,15,sieve1_kernel,0.02080939064181307,0.04057438772085316,,,-2.426029135027231,-3.1313290276814625,-1.7207292423729994,0.044670815476148984,2845.9852154682812,3.6211752891540527
J,15,sieve1_sieve1,0.02080939064181307,0.026620218300642724,,,-1.7709859984759881,-2.934140399037536,-0.6078315979144402,0.05869058940481753,2075.0249303768614,17.635963915421062
J,16,kernel_kernel,0.17538239119218604,0.0449122379946947,,,-1.3637552980184298,-1.9257513081818831,-0.8017592878549763,0.0427656389987251,2845.676740079911,3.9535470008850098
J,16,kernel_sieve1,0.17538239119218604,0.030855066796817165,,,-0.9247644558123314,-1.7226922610058644,-0.12683665061879823,0.08268312981106207,2115.3519546840776,16.665663121689008
J,16,sieve1_kernel,0.021410023995855166,0.0449122379946947,,,-1.8986359329188556,-2.5035129538336225,-1.2937589120040887,0.0427656389987251,2845.676740079911,3.9535470008850098
J,16,sieve1_sieve1,0.021410023995855166,0.030855066796817165,,,-1.9700574531472599,-2.8199391628018837,-1.120175743492636,0.08268312981106207,2115.3519546840776,16.665663121689008
J,17,kernel_kernel,0.1730504585592233,0.03709855445557206,,,-1.3339902900696128,-1.8938565172735904,-0.7741240628656352,0.03197035812354648,2842.8422319110214,4.119912147521973
J,17,kernel_sieve1,0.1730504585592233,0.025811486501604475,,,-0.856589194361518,-1.646050120845246,-0.06712826787779003,0.07609576967921294,2127.4958066968593,17.532159052122825
J,17,sieve1_kernel,0.012482957413785627,0.03709855445557206,,,-2.0667773412390917,-2.7318057621523955,-1.401748920325788,0.03197035812354648,2842.8422319110214,4.119912147521973
J,17,sieve1_sieve1,0.012482957413785627,0.025811486501604475,,,-2.0230086313104443,-2.9324578931212884,-1.1135593694996004,0.07609576967921294,2127.4958066968593,17.532159052122825
J,18,kernel_kernel,0.16747665200729941,0.0434482476074389,,,-1.0377373101136569,-1.5982975493662752,-0.47717707086103855,0.040668113541374507,2840.606788064959,5.636198043823242
J,18,kernel_sieve1,0.16747665200729941,0.030791031440633294,,,-0.8249592045685196,-1.6339102511572905,-0.01600815797974864,0.09099607067435067,2083.8740216895717,20.40272190620159
J,18,sieve1_kernel,0.01607667464334342,0.0434482476074389,,,-2.085923489580178,-3.977701662017133,-0.19414531714322303,0.040668113541374507,2840.606788064959,5.636198043823242
J,18,sieve1_sieve1,0.01607667464334342,0.030791031440633294,,,-2.9540024892921095,-5.2956608675963555,-0.6123441109878631,0.09099607067435067,2083.8740216895717,20.40272190620159
J,19,kernel_kernel,0.17168353683215853,0.0428382132130225,,,-1.3718776619384898,-1.9321044495510882,-0.8116508743258914,0.04886999084519217,2842.5555453702545,3.668012857437134
J,19,kernel_sieve1,0.17168353683215853,0.029344268390523735,,,-0.6803938233041494,-1.5030520990189649,0.142264452410666,0.0913352206026462,2119.9240471531166,19.537102360106964
J,19,sieve1_kernel,0.018254713762672327,0.0428382132130225,,,-3.186022540105285,-5.792633948776733,-0.5794111314338366,0.04886999084519217,2842.5555453702545,3.668012857437134
J,19,sieve1_sieve1,0.018254713762672327,0.029344268390523735,,,-1.2244626744719826,-4.360547092159264,1.9116217432152989,0.0913352206026462,2119.9240471531166,19.537102360106964
J,20,kernel_kernel,0.17191729195849434,0.041815209696655885,,,-1.1923400351723392,-1.7549179044887735,-0.629762165855905,0.04311234244285922,2843.609626504707,4.420591831207275
J,20,kernel_sieve1,0.17191729195849434,0.028795420549083486,,,-0.6948461601267549,-1.523369731689129,0.1336774114356193,0.08765313103462158,2109.7289119254087,20.454356668167282
J,20,sieve1_kernel,0.017839992025698356,0.041815209696655885,,,-2.019621752181876,-3.098011156503606,-0.9412323478601452,0.04311234244285922,2843.609626504707,4.420591831207275
J,20,sieve1_sieve1,0.017839992025698356,0.028795420549083486,,,-1.7062682264405427,-3.0684473525681204,-0.34408910031296513,0.08765313103462158,2109.7289119254087,20.454356668167282
J,21,kernel_kernel,0.16810681314883932,0.039320271656322764,,,-0.4862337286005325,-1.046042199505115,0.07357474230405014,0.04297327433031545,2842.3866595614772,4.4869842529296875
J,21,kernel_sieve1,0.16810681314883932,0.027582055006519546,,,-0.864408108039013,-1.6658424685161664,-0.06297374756185958,0.08626726001093676,2104.9899652815593,18.467084126004615
J,21,sieve1_kernel,0.017472597673143447,0.039320271656322764,,,-2.124707848053904,-2.789692364527127,-1.4597233315806806,0.04297327433031545,2842.3866595614772,4.4869842529296875
J,21,sieve1_sieve1,0.017472597673143447,0.027582055006519546,,,-2.111761749027505,-3.0410558904648606,-1.1824676075901492,0.08626726001093676,2104.9899652815593,18.467084126004615
J,22,kernel_kernel,0.17252785353307043,0.04419484191964899,,,-2.1022082070350945,-2.6606023279101523,-1.5438140861600367,0.05558342772561148,2849.060309776486,3.4943113327026367
J,22,kernel_sieve1,0.17252785353307043,0.028909155596399422,,,-1.0572938067530782,-1.8759908800467233,-0.238596733459433,0.07717238703773532,2093.8350347199857,18.816519512874326
J,22,sieve1_kernel,0.02131364252695558,0.04419484191964899,,,-1.9654934008387113,-2.8090149517636114,-1.1219718499138112,0.05558342772561148,2849.060309776486,3.4943113327026367
J,22,sieve1_sieve1,0.02131364252695558,0.028909155596399422,,,-2.2729268911098317,-3.3955269943659934,-1.15032678785367,0.07717238703773532,2093.8350347199857,18.816519512874326
J,23,kernel_kernel,0.17222089161258655,0.04295789604028457,,,-1.5842407977647992,-2.1462280531590814,-1.0222535423705168,0.04220374254111947,2838.5742573832813,3.904395341873169
J,23,kernel_sieve1,0.17222089161258655,0.028573492357719322,,,-0.9677156729971359,-1.7868946897391051,-0.14853665625516665,0.08364570078727018,2108.93877604679,18.184504542069405
J,23,sieve1_kernel,0.015979178923137976,0.04295789604028457,,,-1.9125728567221334,-2.5251036237758644,-1.3000420896684026,0.04220374254111947,2838.5742573832813,3.904395341873169
J,23,sieve1_sieve1,0.015979178923137976,0.028573492357719322,,,-1.8422283382451343,-2.7178010961755046,-0.9666555803147638,0.08364570078727018,2108.93877604679,18.184504542069405
J,24,kernel_kernel,0.17567129935567583,0.041677831966733137,,,-1.7395533286694744,-2.3049365706865528,-1.174170086652396,0.042125733956733524,2843.8358447376804,5.333852291107178
J,24,kernel_sieve1,0.17567129935567583,0.028344389522412416,,,-0.9197011111812555,-1.7247949951099575,-0.11460722725255357,0.07883535532490016,2100.488536586619,20.378362603556926
J,24,sieve1_kernel,0.02399974999815077,0.041677831966733137,,,-1.7297015979776833,-2.317775000629526,-1.141628195325841,0.042125733956733524,2843.8358447376804,5.333852291107178
J,24,sieve1_sieve1,0.02399974999815077,0.028344389522412416,,,-2.028504459874993,-2.8738279381990264,-1.1831809815509597,0.07883535532490016,2100.488536586619,20.378362603556926
