n,seed,a_h,a_q,ate
500,0,0.1,0.1,1.9280910928523562
500,0,0.1,0.25,1.9346468331619817
500,0,0.1,0.4,1.9375638106398074
500,0,0.25,0.1,1.9787835189271723
500,0,0.25,0.25,1.9769550246201448
500,0,0.25,0.4,1.9767557251813073
500,0,0.4,0.1,1.998740625469979
500,0,0.4,0.25,1.99361134095659
500,0,0.4,0.4,1.9921851941313022
500,0,0.25,,1.976032703344551
500,0,,0.25,2.004426646761072
500,1,0.1,0.1,1.8044656256692635
500,1,0.1,0.25,1.8438897203688525
500,1,0.1,0.4,1.8583136286737458
500,1,0.25,0.1,1.8143215167121636
500,1,0.25,0.25,1.8469981476284143
500,1,0.25,0.4,1.8588599794827791
500,1,0.4,0.1,1.8182016834914603
500,1,0.4,0.25,1.8482219046825363
500,1,0.4,0.4,1.8590750723901401
500,1,0.25,,1.866447639026414
500,1,,0.25,1.849016516558499
500,2,0.1,0.1,2.322269353532169
500,2,0.1,0.25,2.248485964800923
500,2,0.1,0.4,2.220286422228932
500,2,0.25,0.1,2.254181938976847
500,2,0.25,0.25,2.1938659062825328
500,2,0.25,0.4,2.170991979830775
500,2,0.4,0.1,2.2273765975931195
500,2,0.4,0.25,2.172362529710714
500,2,0.4,0.4,2.1515852456283855
500,2,0.25,,2.156145572940722
500,2,,0.25,2.158399923048143
500,3,0.1,0.1,2.0863600566527905
500,3,0.1,0.25,2.0651059303043486
500,3,0.1,0.4,2.0562697971584476
500,3,0.25,0.1,2.0730020592289793
500,3,0.25,0.25,2.0533743847947625
500,3,0.25,0.4,2.0453484255901153
500,3,0.4,0.1,2.0677431478209494
500,3,0.4,0.25,2.048755791411581
500,3,0.4,0.4,2.041048789670913
500,3,0.25,,2.040502342184654
500,3,,0.25,2.045756839013183
500,4,0.1,0.1,1.9751763373738944
500,4,0.1,0.25,1.9882188648863366
500,4,0.1,0.4,1.992330380360348
500,4,0.25,0.1,1.9924992813080602
500,4,0.25,0.25,2.0014489705092737
500,4,0.25,0.4,2.004245988569169
500,4,0.4,0.1,1.999319152923969
500,4,0.4,0.25,2.006657532180791
500,4,0.4,0.4,2.0089370456157343
500,4,0.25,,2.0058202069384143
500,4,,0.25,2.010039563726128
500,5,0.1,0.1,2.4037005512187863
500,5,0.1,0.25,2.3496865418848025
500,5,0.1,0.4,2.329200254667871
500,5,0.25,0.1,2.473608571402774
500,5,0.25,0.25,2.407390147668587
500,5,0.25,0.4,2.382137292839163
500,5,0.4,0.1,2.501130667207568
500,5,0.4,0.25,2.430107486287012
500,5,0.4,0.4,2.402978080953858
500,5,0.25,,2.3656040112357393
500,5,,0.25,2.444858344715692
500,6,0.1,0.1,2.1352358787190204
500,6,0.1,0.25,2.107606505207762
500,6,0.1,0.4,2.0962410271797287
500,6,0.25,0.1,2.138283221695315
500,6,0.25,0.25,2.107589345825119
500,6,0.25,0.4,2.0952179754182807
500,6,0.4,0.1,2.139482930471545
500,6,0.4,0.25,2.1075825903459644
500,6,0.4,0.4,2.0948152100629214
500,6,0.25,,2.087171579502477
500,6,,0.25,2.1075782038675004
500,7,0.1,0.1,1.9596074740419354
500,7,0.1,0.25,1.9782409046132436
500,7,0.1,0.4,1.9852259292921899
500,7,0.25,0.1,1.9274110486628695
500,7,0.25,0.25,1.9524003341891343
500,7,0.25,0.4,1.9618860883558313
500,7,0.4,0.1,1.9147356345755813
500,7,0.4,0.25,1.942227157306266
500,7,0.4,0.4,1.9526974239275077
500,7,0.25,,1.967994116148189
500,7,,0.25,1.9356214939189444
500,8,0.1,0.1,1.8561190876811429
500,8,0.1,0.25,1.8628838289769825
500,8,0.1,0.4,1.8657912043925962
500,8,0.25,0.1,1.841140798539353
500,8,0.25,0.25,1.8510576103051612
500,8,0.25,0.4,1.855321358442503
500,8,0.4,0.1,1.835243994314783
500,8,0.4,0.25,1.8464017450348005
500,8,0.4,0.4,1.8511994836913437
500,8,0.25,,1.8578301051494164
500,8,,0.25,1.8433785911953628
500,9,0.1,0.1,1.8702887080971662
500,9,0.1,0.25,1.9122690498876536
500,9,0.1,0.4,1.9288917884989119
500,9,0.25,0.1,1.814784516366209
500,9,0.25,0.25,1.8660778216675238
500,9,0.25,0.4,1.88646154371719
500,9,0.4,0.1,1.7929330652971234
500,9,0.4,0.25,1.8478927921806396
500,9,0.4,0.4,1.8697571761949803
500,9,0.25,,1.900044365446189
500,9,,0.25,1.836084859922904
500,10,0.1,0.1,1.763848219642144
500,10,0.1,0.25,1.8451264226899058
500,10,0.1,0.4,1.8773800142667183
500,10,0.25,0.1,1.7764246821676306
500,10,0.25,0.25,1.8500455446856563
500,10,0.25,0.4,1.879322196768784
500,10,0.4,0.1,1.7813759110194973
500,10,0.4,0.25,1.8519821543405455
500,10,0.4,0.4,1.880086814801902
500,10,0.25,,1.8983698035365897
500,10,,0.25,1.8532396368005606
500,11,0.1,0.1,1.6781319420927538
500,11,0.1,0.25,1.7128358198330693
500,11,0.1,0.4,1.7263443071947209
500,11,0.25,0.1,1.6466910447382848
500,11,0.25,0.25,1.682262511592524
500,11,0.25,0.4,1.6961544196836935
500,11,0.4,0.1,1.6343130745583112
500,11,0.4,0.25,1.6702261026618863
500,11,0.4,0.4,1.684268959700309
500,11,0.25,,1.7048832606559086
500,11,,0.25,1.6624106024790635
500,12,0.1,0.1,2.5015575420961063
500,12,0.1,0.25,2.4513781935144805
500,12,0.1,0.4,2.4326961602154356
500,12,0.25,0.1,2.4803809498886675
500,12,0.25,0.25,2.4314627242023925
500,12,0.25,0.4,2.413387567985097
500,12,0.4,0.1,2.4720439350795185
500,12,0.4,0.25,2.4236222009983006
500,12,0.4,0.4,2.405785966283025
500,12,0.25,,2.4017661974974507
500,12,,0.25,2.418531180006231
500,13,0.1,0.1,1.9585076948476743
500,13,0.1,0.25,1.9629178226288067
500,13,0.1,0.4,1.964999559282783
500,13,0.25,0.1,1.9829944887835684
500,13,0.25,0.25,1.9841183474059163
500,13,0.25,0.4,1.9848804148922856
500,13,0.4,0.1,1.9926346972586795
500,13,0.4,0.25,1.9924647842309307
500,13,0.4,0.4,1.9927073110241738
500,13,0.25,,1.9851782616138967
500,13,,0.25,1.9978843058596598
500,14,0.1,0.1,1.7469672403326684
500,14,0.1,0.25,1.7747684432499702
500,14,0.1,0.4,1.7845169892104245
500,14,0.25,0.1,1.7449639261943741
500,14,0.25,0.25,1.7741750690904319
500,14,0.25,0.4,1.7846138163710297
500,14,0.4,0.1,1.7441752412409723
500,14,0.4,0.25,1.773941463555274
500,14,0.4,0.4,1.784651936266053
500,14,0.25,,1.7913516648299201
500,14,,0.25,1.7737897784377894
500,15,0.1,0.1,2.210049381704867
500,15,0.1,0.25,2.1831665596566263
500,15,0.1,0.4,2.173496169923099
500,15,0.25,0.1,2.178035985992083
500,15,0.25,0.25,2.156694554439403
500,15,0.25,0.4,2.1492695578426484
500,15,0.4,0.1,2.1654326288733277
500,15,0.4,0.25,2.146272787926548
500,15,0.4,0.4,2.1397317803895195
500,15,0.25,,2.1444081719032564
500,15,,0.25,2.139505709925466
500,16,0.1,0.1,1.7990578029185977
500,16,0.1,0.25,1.824833942450019
500,16,0.1,0.4,1.8344150171092923
500,16,0.25,0.1,1.8587486449416497
500,16,0.25,0.25,1.8770910951249997
500,16,0.25,0.4,1.8838239643234629
500,16,0.4,0.1,1.8822483388037212
500,16,0.4,0.25,1.8976642190472812
500,16,0.4,0.4,1.9032757779388891
500,16,0.25,,1.8880853755854552
500,16,,0.25,1.9110227925805003
500,17,0.1,0.1,2.0298652674147775
500,17,0.1,0.25,2.022143014953681
500,17,0.1,0.4,2.0185609039803154
500,17,0.25,0.1,2.008638405041885
500,17,0.25,0.25,2.004447355406566
500,17,0.25,0.4,2.0024796472391104
500,17,0.4,0.1,2.000281599366021
500,17,0.4,0.25,1.997480749341869
500,17,0.4,0.4,1.9961486155845438
500,17,0.25,,2.0017990370906364
500,17,,0.25,1.9929571816161415
500,18,0.1,0.1,2.172937934888834
500,18,0.1,0.25,2.105494101206743
500,18,0.1,0.4,2.0787770891079673
500,18,0.25,0.1,2.141999362426414
500,18,0.25,0.25,2.0826025174453484
500,18,0.25,0.4,2.0591327610516985
500,18,0.4,0.1,2.1298191525859225
500,18,0.4,0.25,2.073590327431292
500,18,0.4,0.4,2.051398983477073
500,18,0.25,,2.0435964767391215
500,18,,0.25,2.0677385178834133
500,19,0.1,0.1,2.166438340343386
500,19,0.1,0.25,2.1351227398919437
500,19,0.1,0.4,2.123092758479001
500,19,0.25,0.1,2.170568114760467
500,19,0.25,0.25,2.1386583680196853
500,19,0.25,0.4,2.126436847877023
500,19,0.4,0.1,2.17219396608425
500,19,0.4,0.25,2.140050309828447
500,19,0.4,0.4,2.1277533827831743
500,19,0.25,,2.118803300583904
500,19,,0.25,2.140954127696679
500,20,0.1,0.1,1.9249724018509689
500,20,0.1,0.25,1.9393851135906734
500,20,0.1,0.4,1.9440557473758049
500,20,0.25,0.1,1.8730734855276792
500,20,0.25,0.25,1.9000866587048781
500,20,0.25,0.4,1.9097665344858796
500,20,0.4,0.1,1.8526413957123005
500,20,0.4,0.25,1.8846152458755536
500,20,0.4,0.4,1.896267210663752
500,20,0.25,,1.9154352349524775
500,20,,0.25,1.8745693235001246
500,21,0.1,0.1,2.3107352766625557
500,21,0.1,0.25,2.2459994247068162
500,21,0.1,0.4,2.2200071026395407
500,21,0.25,0.1,2.385174897052734
500,21,0.25,0.25,2.313275146090278
500,21,0.25,0.4,2.28467647574808
500,21,0.4,0.1,2.4144810390184053
500,21,0.4,0.25,2.3397609319039683
500,21,0.4,0.4,2.310136168035816
500,21,0.25,,2.2662725762038765
500,21,,0.25,2.356958724456711
500,22,0.1,0.1,1.7121776597223264
500,22,0.1,0.25,1.7719099931181894
500,22,0.1,0.4,1.7953346950252025
500,22,0.25,0.1,1.7908581447417555
500,22,0.25,0.25,1.8339893780599512
500,22,0.25,0.4,1.8510470875916982
500,22,0.4,0.1,1.8218338731484989
500,22,0.4,0.25,1.858429417634426
500,22,0.4,0.4,1.8729805052695827
500,22,0.25,,1.8623128384243106
500,22,,0.25,1.8742988629867094
500,23,0.1,0.1,2.3357339885109476
500,23,0.1,0.25,2.272826754793031
500,23,0.1,0.4,2.2486015027236
500,23,0.25,0.1,2.3251695045686516
500,23,0.25,0.25,2.262570015587871
500,23,0.25,0.4,2.2385087989193804
500,23,0.4,0.1,2.3210103717764077
500,23,0.4,0.25,2.2585320388534966
500,23,0.4,0.4,2.2345354012992202
500,23,0.25,,2.2225112057255823
500,23,,0.25,2.2559100933805896
500,24,0.1,0.1,1.57602825387015
500,24,0.1,0.25,1.6270048415274194
500,24,0.1,0.4,1.6461046288279746
500,24,0.25,0.1,1.5896831336218464
500,24,0.25,0.25,1.6408956242305295
500,24,0.25,0.4,1.6602532688070677
500,24,0.4,0.1,1.595058924664706
500,24,0.4,0.25,1.6463642879310947
500,24,0.4,0.4,1.6658234483656833
500,24,0.25,,1.672473296434939
500,24,,0.25,1.6499152093394536
500,25,0.1,0.1,2.002612715840819
500,25,0.1,0.25,1.994960060100742
500,25,0.1,0.4,1.9920567316677784
500,25,0.25,0.1,2.0270948432659597
500,25,0.25,0.25,2.0125379427716026
500,25,0.25,0.4,2.0070395147135485
500,25,0.4,0.1,2.036733214581962
500,25,0.4,0.25,2.019458181245523
500,25,0.4,0.4,2.012938088143648
500,25,0.25,,2.0032615731096644
500,25,,0.25,2.02395164149349
500,26,0.1,0.1,2.0139710573502843
500,26,0.1,0.25,2.007788840801776
500,26,0.1,0.4,2.0050793585843705
500,26,0.25,0.1,2.0165538901304454
500,26,0.25,0.25,2.0115779764062163
500,26,0.25,0.4,2.0094340709115137
500,26,0.4,0.1,2.0175707258387985
500,26,0.4,0.25,2.013069721600091
500,26,0.4,0.4,2.01114847806472
500,26,0.25,,2.0081728516437045
500,26,,0.25,2.014038343961016
500,27,0.1,0.1,2.080950743396334
500,27,0.1,0.25,2.0696200755103082
500,27,0.1,0.4,2.0645081060006194
500,27,0.25,0.1,2.079895980720544
500,27,0.25,0.25,2.0701266239987115
500,27,0.25,0.4,2.0655632209672996
500,27,0.4,0.1,2.0794807310919885
500,27,0.4,0.25,2.0703260471262857
500,27,0.4,0.4,2.0659786092892922
500,27,0.25,,2.0626771233371737
500,27,,0.25,2.0704555368685336
500,28,0.1,0.1,1.74639319684124
500,28,0.1,0.25,1.7638180730708428
500,28,0.1,0.4,1.7687284050899397
500,28,0.25,0.1,1.769934947297081
500,28,0.25,0.25,1.7856299239688742
500,28,0.25,0.4,1.7900693209472693
500,28,0.4,0.1,1.7792031015053247
500,28,0.4,0.25,1.794217033838608
500,28,0.4,0.4,1.7984710283513934
500,28,0.25,,1.7931440752351517
500,28,,0.25,1.7997928296713666
500,29,0.1,0.1,1.577255923228879
500,29,0.1,0.25,1.655021826084276
500,29,0.1,0.4,1.6859009805881915
500,29,0.25,0.1,1.5604965255999772
500,29,0.25,0.25,1.6403660956018695
500,29,0.25,0.4,1.6721995300849963
500,29,0.4,0.1,1.5538985165881458
500,29,0.4,0.25,1.6345962795297733
500,29,0.4,0.4,1.6668054045980902
500,29,0.25,,1.6931870071124782
500,29,,0.25,1.6308498133847473
500,30,0.1,0.1,2.0803485158652895
500,30,0.1,0.25,2.0594971823345323
500,30,0.1,0.4,2.0510277591976123
500,30,0.25,0.1,2.0304515437966963
500,30,0.25,0.25,2.0194512712084363
500,30,0.25,0.4,2.0150664697295273
500,30,0.4,0.1,2.010807599625102
500,30,0.4,0.25,2.0036855922534036
500,30,0.4,0.4,2.0009088659038192
500,30,0.25,,2.0128054613918
500,30,,0.25,1.9934485965293935
500,31,0.1,0.1,2.2427306681187504
500,31,0.1,0.25,2.1657479626485245
500,31,0.1,0.4,2.135046516395339
500,31,0.25,0.1,2.175928528491265
500,31,0.25,0.25,2.1146812897913185
500,31,0.25,0.4,2.0902321630328244
500,31,0.4,0.1,2.1496291871287987
500,31,0.4,0.25,2.094576845993466
500,31,0.4,0.4,2.0725891955531717
500,31,0.25,,2.0741249656293417
500,31,,0.25,2.081522596583769
500,32,0.1,0.1,2.480762874608948
500,32,0.1,0.25,2.3957973336937406
500,32,0.1,0.4,2.3614233817026165
500,32,0.25,0.1,2.443920457181418
500,32,0.25,0.25,2.3651411795133517
500,32,0.25,0.4,2.3333094455622407
500,32,0.4,0.1,2.4294159619968596
500,32,0.4,0.25,2.35307215495596
500,32,0.4,0.4,2.3222412670918904
500,32,0.25,,2.3123569537866113
500,32,,0.25,2.3452354767425203
500,33,0.1,0.1,2.1484467056380483
500,33,0.1,0.25,2.1280900626900277
500,33,0.1,0.4,2.1186575796894895
500,33,0.25,0.1,2.179443103009861
500,33,0.25,0.25,2.156676283253901
500,33,0.25,0.4,2.1465802578807778
500,33,0.4,0.1,2.191646077945001
500,33,0.4,0.25,2.1679303954285163
500,33,0.4,0.4,2.1575731399890756
500,33,0.25,,2.1398354500390115
500,33,,0.25,2.1752379334379905
500,34,0.1,0.1,1.7328322955446338
500,34,0.1,0.25,1.7780380356728467
500,34,0.1,0.4,1.795355917916598
500,34,0.25,0.1,1.7486970289245747
500,34,0.25,0.25,1.78999909321181
500,34,0.25,0.4,1.8058214252713247
500,34,0.4,0.1,1.7549428174743158
500,34,0.4,0.25,1.79470804320993
500,34,0.4,0.4,1.8099415919604183
500,34,0.25,,1.8165100388627913
500,34,,0.25,1.7977656661091932
500,35,0.1,0.1,2.0277613621670327
500,35,0.1,0.25,2.007277251406495
500,35,0.1,0.4,1.9984425858480859
500,35,0.25,0.1,2.027450698350574
500,35,0.25,0.25,2.0090480123852763
500,35,0.25,0.4,2.0011975763403447
500,35,0.4,0.1,2.0273283930800603
500,35,0.4,0.25,2.0097451434608975
500,35,0.4,0.4,2.002282188836446
500,35,0.25,,1.9962612753858757
500,35,,0.25,2.0101978057192476
500,36,0.1,0.1,1.8922847701061136
500,36,0.1,0.25,1.8935932473844586
500,36,0.1,0.4,1.8945275793199858
500,36,0.25,0.1,1.893061555738087
500,36,0.25,0.25,1.8971246368953998
500,36,0.25,0.4,1.899214374887235
500,36,0.4,0.1,1.8933673685550811
500,36,0.4,0.25,1.8985149100026684
500,36,0.4,0.4,1.9010595199260993
500,36,0.25,,1.9001638784531696
500,36,,0.25,1.8994176443469932
500,37,0.1,0.1,1.840549192647036
500,37,0.1,0.25,1.8757133648618225
500,37,0.1,0.4,1.889161686187235
500,37,0.25,0.1,1.7706784981516903
500,37,0.25,0.25,1.8144928595696894
500,37,0.25,0.4,1.831472114601289
500,37,0.4,0.1,1.7431710971011765
500,37,0.4,0.25,1.7903909524146377
500,37,0.4,0.4,1.8087603011076845
500,37,0.25,,1.842529972078296
500,37,,0.25,1.774741063742511
500,38,0.1,0.1,2.053387594556605
500,38,0.1,0.25,2.0630950297715764
500,38,0.1,0.4,2.065640253860657
500,38,0.25,0.1,2.0126783977237124
500,38,0.25,0.25,2.0238105435186537
500,38,0.25,0.4,2.0270501919706945
500,38,0.4,0.1,1.9966515897491437
500,38,0.4,0.25,2.0083446300018717
500,38,0.4,0.4,2.0118576664542624
500,38,0.25,,2.0292319923870417
500,38,,0.25,1.9983022784488058
500,39,0.1,0.1,1.9977366477368201
500,39,0.1,0.25,2.0160916078802704
500,39,0.1,0.4,2.0235923028816107
500,39,0.25,0.1,2.010169876491117
500,39,0.25,0.25,2.0268538111602963
500,39,0.25,0.4,2.033900679732848
500,39,0.4,0.1,2.0150647156245682
500,39,0.4,0.25,2.0310907840993666
500,39,0.4,0.4,2.037958985697528
500,39,0.25,,2.0385147085492203
500,39,,0.25,2.033841942104279
500,40,0.1,0.1,1.9043906377637982
500,40,0.1,0.25,1.918714244975958
500,40,0.1,0.4,1.924374372825216
500,40,0.25,0.1,1.9123139993376426
500,40,0.25,0.25,1.9197949249244024
500,40,0.25,0.4,1.9229014232229178
500,40,0.4,0.1,1.9154333483874006
500,40,0.4,0.25,1.9202203779267493
500,40,0.4,0.4,1.9223215375393665
500,40,0.25,,1.9248904234636013
500,40,,0.25,1.9204966337466363
500,41,0.1,0.1,2.0523912165357814
500,41,0.1,0.25,2.0246472480704183
500,41,0.1,0.4,2.0152241536247284
500,41,0.25,0.1,2.0501782634221173
500,41,0.25,0.25,2.027700919029458
500,41,0.25,0.4,2.0203671809722503
500,41,0.4,0.1,2.0493070456784954
500,41,0.4,0.25,2.0289031190698803
500,41,0.4,0.4,2.0223919399485832
500,41,0.25,,2.0152227891087824
500,41,,0.25,2.0296837335114346
500,42,0.1,0.1,2.039919916132392
500,42,0.1,0.25,2.0775645899503945
500,42,0.1,0.4,2.0922975699624065
500,42,0.25,0.1,2.0789796774685025
500,42,0.25,0.25,2.0995215822603313
500,42,0.25,0.4,2.107522495283013
500,42,0.4,0.1,2.0943571190091945
500,42,0.4,0.25,2.108165832867754
500,42,0.4,0.4,2.1135163977307116
500,42,0.25,,2.112289095656877
500,42,,0.25,2.1137787314151537
500,43,0.1,0.1,2.241374346410755
500,43,0.1,0.25,2.1908747096203713
500,43,0.1,0.4,2.1702031346357717
500,43,0.25,0.1,2.2217284730252223
500,43,0.25,0.25,2.173102824602122
500,43,0.25,0.4,2.1533387040781826
500,43,0.4,0.1,2.2139940870697563
500,43,0.4,0.25,2.166106209323692
500,43,0.4,0.4,2.1466993446416303
500,43,0.25,,2.1399434601176077
500,43,,0.25,2.161563155967594
500,44,0.1,0.1,2.066570180523596
500,44,0.1,0.25,2.0553824877326132
500,44,0.1,0.4,2.0509196619707497
500,44,0.25,0.1,2.0118503654066484
500,44,0.25,0.25,2.00388202948565
500,44,0.25,0.4,2.00070867095069
500,44,0.4,0.1,1.9903077156490716
500,44,0.4,0.25,1.9836068086721679
500,44,0.4,0.4,1.9809411006251294
500,44,0.25,,1.9993387936432092
500,44,,0.25,1.9704416700591738
500,45,0.1,0.1,2.0260798711090175
500,45,0.1,0.25,2.0492232031218762
500,45,0.1,0.4,2.0568881694527716
500,45,0.25,0.1,1.9879077743108824
500,45,0.25,0.25,2.0122853066067083
500,45,0.25,0.4,2.0207614387182784
500,45,0.4,0.1,1.9728797975153274
500,45,0.4,0.25,1.9977432222501148
500,45,0.4,0.4,2.0065387023030303
500,45,0.25,,2.0259898927030027
500,45,,0.25,1.9883007329160842
500,46,0.1,0.1,2.193453235265838
500,46,0.1,0.25,2.16247239797513
500,46,0.1,0.4,2.150181331577044
500,46,0.25,0.1,2.2190567950051854
500,46,0.25,0.25,2.185629782473996
500,46,0.25,0.4,2.172447533730546
500,46,0.4,0.1,2.22913666312669
500,46,0.4,0.25,2.194746615608289
500,46,0.4,0.4,2.1812135171937417
500,46,0.25,,2.1636478829904555
500,46,,0.25,2.2006663721933664
500,47,0.1,0.1,2.1997498663681894
500,47,0.1,0.25,2.1751907883162747
500,47,0.1,0.4,2.165600280152217
500,47,0.25,0.1,2.120358597135122
500,47,0.25,0.25,2.1102320471023415
500,47,0.25,0.4,2.1065382413478737
500,47,0.4,0.1,2.089103040016697
500,47,0.4,0.25,2.084658433454817
500,47,0.4,0.4,2.0832861010909838
500,47,0.25,,2.104183761550674
500,47,,0.25,2.068052933983217
500,48,0.1,0.1,1.9069028299023636
500,48,0.1,0.25,1.9058560712356585
500,48,0.1,0.4,1.9046500305499419
500,48,0.25,0.1,1.94768733431591
500,48,0.25,0.25,1.941532826664986
500,48,0.25,0.4,1.9383146151573305
500,48,0.4,0.1,1.963743790139812
500,48,0.4,0.25,1.9555784122551072
500,48,0.4,0.4,1.9515680290053363
500,48,0.25,,1.9358448678111484
500,48,,0.25,1.9646985142207378
500,49,0.1,0.1,1.9377942307429499
500,49,0.1,0.25,1.943269667340779
500,49,0.1,0.4,1.9447937908335515
500,49,0.25,0.1,1.9828931607779243
500,49,0.25,0.25,1.9818328788031778
500,49,0.25,0.4,1.9809656311361257
500,49,0.4,0.1,2.0006481632776314
500,49,0.4,0.25,1.9970148335719635
500,49,0.4,0.4,1.9952061267419672
500,49,0.25,,1.980390489646217
500,49,,0.25,2.006872804579331
500,50,0.1,0.1,2.260479619682589
500,50,0.1,0.25,2.197029184166707
500,50,0.1,0.4,2.1714455682479956
500,50,0.25,0.1,2.2371591025525377
500,50,0.25,0.25,2.179392811556383
500,50,0.25,0.4,2.15603424704801
500,50,0.4,0.1,2.2279780457155485
500,50,0.4,0.25,2.1724495461720554
500,50,0.4,0.4,2.149966962386992
500,50,0.25,,2.1410325079916928
500,50,,0.25,2.1679411340540127
500,51,0.1,0.1,2.168332701565876
500,51,0.1,0.25,2.1125730602586907
500,51,0.1,0.4,2.089489584477442
500,51,0.25,0.1,2.1807832281931607
500,51,0.25,0.25,2.123937162271008
500,51,0.25,0.4,2.1006951693508515
500,51,0.4,0.1,2.1856848773280446
500,51,0.4,0.25,2.128411096785178
500,51,0.4,0.4,2.1051066972359647
500,51,0.25,,2.0861293096450675
500,51,,0.25,2.131316119056765
500,52,0.1,0.1,1.9117349573119473
500,52,0.1,0.25,1.9124740186649412
500,52,0.1,0.4,1.9122176033372476
500,52,0.25,0.1,1.9063050472917495
500,52,0.25,0.25,1.9078073716782573
500,52,0.25,0.4,1.9079579390006924
500,52,0.4,0.1,1.904167345445896
500,52,0.4,0.25,1.9059701589361908
500,52,0.4,0.4,1.9062809513008778
500,52,0.25,,1.9079304051054695
500,52,,0.25,1.9047772170376354
500,53,0.1,0.1,1.6549925406877155
500,53,0.1,0.25,1.7492345666269185
500,53,0.1,0.4,1.7864023812482803
500,53,0.25,0.1,1.7041484742318445
500,53,0.25,0.25,1.7919273985519717
500,53,0.25,0.4,1.8266228620304712
500,53,0.4,0.1,1.7235006788689522
500,53,0.4,0.25,1.808735144034205
500,53,0.4,0.4,1.8424572673317365
500,53,0.25,,1.8492096423749527
500,53,,0.25,1.8196487760523772
500,54,0.1,0.1,2.013391583028393
500,54,0.1,0.25,1.986492288239569
500,54,0.1,0.4,1.9754168733653736
500,54,0.25,0.1,2.002488169613389
500,54,0.25,0.25,1.978864705332241
500,54,0.25,0.4,1.969264097413814
500,54,0.4,0.1,1.9981956036414559
500,54,0.4,0.25,1.9758618014167535
500,54,0.4,0.4,1.9668418104035597
500,54,0.25,,1.9633154180862045
500,54,,0.25,1.9739119510722085
500,55,0.1,0.1,1.829649647048875
500,55,0.1,0.25,1.8711031725047012
500,55,0.1,0.4,1.8871561294449188
500,55,0.25,0.1,1.841759982362811
500,55,0.25,0.25,1.87906167800781
500,55,0.25,0.4,1.8935433163578173
500,55,0.4,0.1,1.8465277015438313
500,55,0.4,0.25,1.8821948628747696
500,55,0.4,0.4,1.8960578886440482
500,55,0.25,,1.9025112415050478
500,55,,0.25,1.88422930745385
500,56,0.1,0.1,2.0581694105932318
500,56,0.1,0.25,2.048647203002222
500,56,0.1,0.4,2.045141198781074
500,56,0.25,0.1,2.05209629927101
500,56,0.25,0.25,2.0471307599872515
500,56,0.25,0.4,2.0454861517039635
500,56,0.4,0.1,2.049705375437042
500,56,0.4,0.25,2.0465337513775
500,56,0.4,0.4,2.0456219562563875
500,56,0.25,,2.044814176553051
500,56,,0.25,2.0461461007978667
500,57,0.1,0.1,1.9187138909727295
500,57,0.1,0.25,1.9371672740445243
500,57,0.1,0.4,1.9439967695822649
500,57,0.25,0.1,1.9151000751578409
500,57,0.25,0.25,1.9309657569958523
500,57,0.25,0.4,1.9368794471782627
500,57,0.4,0.1,1.913677351630319
500,57,0.4,0.25,1.9285242810979595
500,57,0.4,0.4,1.934077427773894
500,57,0.25,,1.9401166878649538
500,57,,0.25,1.9269389780863804
500,58,0.1,0.1,2.243154420403246
500,58,0.1,0.25,2.203786967827439
500,58,0.1,0.4,2.1886525376232475
500,58,0.25,0.1,2.224779412773323
500,58,0.25,0.25,2.1899735819716226
500,58,0.25,0.4,2.1767268859366107
500,58,0.4,0.1,2.217545354090591
500,58,0.4,0.25,2.1845353886439924
500,58,0.4,0.4,2.172031874872209
500,58,0.25,,2.1683367706319236
500,58,,0.25,2.1810042523066313
500,59,0.1,0.1,1.8342974303777109
500,59,0.1,0.25,1.861829036836827
500,59,0.1,0.4,1.872436882765755
500,59,0.25,0.1,1.859645622856524
500,59,0.25,0.25,1.8832699749957984
500,59,0.25,0.4,1.8924557409930098
500,59,0.4,0.1,1.869624955414422
500,59,0.4,0.25,1.8917110601903555
500,59,0.4,0.4,1.9003369673899675
500,59,0.25,,1.8984244949076856
500,59,,0.25,1.8971920390488717
500,60,0.1,0.1,2.328702030024364
500,60,0.1,0.25,2.268406940214492
500,60,0.1,0.4,2.2450099354361597
500,60,0.25,0.1,2.3131239789552493
500,60,0.25,0.25,2.2534581476481077
500,60,0.25,0.4,2.230491052341975
500,60,0.4,0.1,2.3069910543945507
500,60,0.4,0.25,2.2475729559334052
500,60,0.4,0.4,2.224775111732513
500,60,0.25,,2.21547152255639
500,60,,0.25,2.243751573892694
500,61,0.1,0.1,1.7911736918368566
500,61,0.1,0.25,1.807533404783689
500,61,0.1,0.4,1.814229445892213
500,61,0.25,0.1,1.7919450858584687
500,61,0.25,0.25,1.809440301779564
500,61,0.25,0.4,1.8165505982943977
500,61,0.4,0.1,1.7922487760518135
500,61,0.4,0.25,1.8101910282580451
500,61,0.4,0.4,1.8174644130272755
500,61,0.25,,1.8206317419576288
500,61,,0.25,1.810678491168589
500,62,0.1,0.1,1.9679407744671584
500,62,0.1,0.25,1.9817919184823207
500,62,0.1,0.4,1.988481686921648
500,62,0.25,0.1,1.9696354924046156
500,62,0.25,0.25,1.9804546654375517
500,62,0.25,0.4,1.986036402560338
500,62,0.4,0.1,1.9703026860873156
500,62,0.4,0.25,1.979928202145979
500,62,0.4,0.4,1.9850737183034413
500,62,0.25,,1.9890998960103556
500,62,,0.25,1.9795863581645021
500,63,0.1,0.1,1.8429148557640183
500,63,0.1,0.25,1.8702000626776702
500,63,0.1,0.4,1.8810331301418663
500,63,0.25,0.1,1.867518580015044
500,63,0.25,0.25,1.8898682352905516
500,63,0.25,0.4,1.898880675083869
500,63,0.4,0.1,1.8772048227981941
500,63,0.4,0.25,1.8976114002311735
500,63,0.4,0.4,1.9059070769256232
500,63,0.25,,1.9048032598175149
500,63,,0.25,1.902639204400822
500,64,0.1,0.1,2.2950152748002823
500,64,0.1,0.25,2.2332907148982932
500,64,0.1,0.4,2.2086179072358645
500,64,0.25,0.1,2.288444118086833
500,64,0.25,0.25,2.223004375301649
500,64,0.25,0.4,2.1968929119257163
500,64,0.4,0.1,2.2858571187105112
500,64,0.4,0.25,2.2189547451860427
500,64,0.4,0.4,2.1922768972912388
500,64,0.25,,2.1797011064144542
500,64,,0.25,2.2163252329211076
500,65,0.1,0.1,2.0915016160676583
500,65,0.1,0.25,2.0723889564222273
500,65,0.1,0.4,2.0645738336808575
500,65,0.25,0.1,2.0932837010114143
500,65,0.25,0.25,2.0765846310249945
500,65,0.25,0.4,2.069925809267944
500,65,0.4,0.1,2.0939852902199956
500,65,0.4,0.25,2.0782364265997977
500,65,0.4,0.4,2.0720328290986445
500,65,0.25,,2.0654268070164337
500,65,,0.25,2.079308973128521
500,66,0.1,0.1,2.091837910119184
500,66,0.1,0.25,2.04873925841186
500,66,0.1,0.4,2.030695937436632
500,66,0.25,0.1,2.081100215435052
500,66,0.25,0.25,2.046602444336633
500,66,0.25,0.4,2.03207026797413
500,66,0.4,0.1,2.0768728912876724
500,66,0.4,0.25,2.045761201779046
500,66,0.4,0.4,2.032611328307707
500,66,0.25,,2.0226833724516626
500,66,,0.25,2.0452149648241114
500,67,0.1,0.1,1.8760643607671335
500,67,0.1,0.25,1.899938894451566
500,67,0.1,0.4,1.9096385980703312
500,67,0.25,0.1,1.9038374922914993
500,67,0.25,0.25,1.92506357672584
500,67,0.25,0.4,1.9338387099894538
500,67,0.4,0.1,1.9147714993567975
500,67,0.4,0.25,1.9349549155278498
500,67,0.4,0.4,1.943366054591288
500,67,0.25,,1.940118664928402
500,67,,0.25,1.9413775753644305
500,68,0.1,0.1,1.730889359825963
500,68,0.1,0.25,1.782789493182948
500,68,0.1,0.4,1.8031763572984993
500,68,0.25,0.1,1.668872246163496
500,68,0.25,0.25,1.7314428681022296
500,68,0.25,0.4,1.756053533004341
500,68,0.4,0.1,1.6444567221755038
500,68,0.4,0.25,1.7112282098841152
500,68,0.4,0.4,1.7375017433612792
500,68,0.25,,1.7723005414333994
500,68,,0.25,1.6981023958718298
500,69,0.1,0.1,1.8771958369508055
500,69,0.1,0.25,1.8885707531311577
500,69,0.1,0.4,1.8936186774730532
500,69,0.25,0.1,1.911333633419315
500,69,0.25,0.25,1.9220287524975632
500,69,0.25,0.4,1.9269294439977267
500,69,0.4,0.1,1.924773346094601
500,69,0.4,0.25,1.93520083578036
500,69,0.4,0.4,1.940043563167607
500,69,0.25,,1.93013185589449
500,69,,0.25,1.9437537538390683
500,70,0.1,0.1,2.4428394731122185
500,70,0.1,0.25,2.375147012870298
500,70,0.1,0.4,2.348389647443506
500,70,0.25,0.1,2.4685714189865435
500,70,0.25,0.25,2.394662873121773
500,70,0.25,0.4,2.3655985264575894
500,70,0.4,0.1,2.4787018314590044
500,70,0.4,0.25,2.402346074192844
500,70,0.4,0.4,2.3723734918431374
500,70,0.25,,2.347204165272973
500,70,,0.25,2.4073349425273824
500,71,0.1,0.1,2.1674477653342823
500,71,0.1,0.25,2.1587118883429794
500,71,0.1,0.4,2.1548846210581742
500,71,0.25,0.1,2.1691239597608702
500,71,0.25,0.25,2.1589758085145423
500,71,0.25,0.4,2.1547555686365545
500,71,0.4,0.1,2.169783860920631
500,71,0.4,0.25,2.1590797112745905
500,71,0.4,0.4,2.15470476197514
500,71,0.25,,2.1522126796754146
500,71,,0.25,2.1591471775799334
500,72,0.1,0.1,2.043884317278391
500,72,0.1,0.25,2.0432687798625917
500,72,0.1,0.4,2.043456374057403
500,72,0.25,0.1,2.0647602176453446
500,72,0.25,0.25,2.0599160092505966
500,72,0.25,0.4,2.058471939154286
500,72,0.4,0.1,2.0729788530522475
500,72,0.4,0.25,2.0664698587358954
500,72,0.4,0.4,2.064383418553529
500,72,0.25,,2.0578029706780017
500,72,,0.25,2.07072541470327
500,73,0.1,0.1,1.8928815066310412
500,73,0.1,0.25,1.9197547802938142
500,73,0.1,0.4,1.9304426734641502
500,73,0.25,0.1,1.883401286679859
500,73,0.25,0.25,1.9153293766454826
500,73,0.25,0.4,1.928015823380032
500,73,0.4,0.1,1.8796690178920967
500,73,0.4,0.25,1.9135871390186159
500,73,0.4,0.4,1.9270603965156579
500,73,0.25,,1.9361184664657667
500,73,,0.25,1.912455866512858
500,74,0.1,0.1,1.9032671591950834
500,74,0.1,0.25,1.9522626466520883
500,74,0.1,0.4,1.9717801955429608
500,74,0.25,0.1,1.9279998645497016
500,74,0.25,0.25,1.9716564106613563
500,74,0.25,0.4,1.9891743998705123
500,74,0.4,0.1,1.9377368859170647
500,74,0.4,0.25,1.979291543650016
500,74,0.4,0.4,1.9960223259981738
500,74,0.25,,2.0002473287285363
500,74,,0.25,1.9842492003408625
500,75,0.1,0.1,1.8593178271202744
500,75,0.1,0.25,1.8740545984889927
500,75,0.1,0.4,1.8804183803854415
500,75,0.25,0.1,1.8762824489127858
500,75,0.25,0.25,1.8895528929408638
500,75,0.25,0.4,1.8955930122535674
500,75,0.4,0.1,1.8829612526471324
500,75,0.4,0.25,1.8956544181105464
500,75,0.4,0.4,1.9015671146666793
500,75,0.25,,1.899726040777427
500,75,,0.25,1.8996162701341819
500,76,0.1,0.1,1.8992973094475953
500,76,0.1,0.25,1.897357734401916
500,76,0.1,0.4,1.8968536025551341
500,76,0.25,0.1,1.8748633550540277
500,76,0.25,0.25,1.8755428727722911
500,76,0.25,0.4,1.8761165061168557
500,76,0.4,0.1,1.8652439489838821
500,76,0.4,0.25,1.8669545776073198
500,76,0.4,0.4,1.8679525164432034
500,76,0.25,,1.8766742254410371
500,76,,0.25,1.8613780121367738
500,77,0.1,0.1,2.279678877141552
500,77,0.1,0.25,2.2513632297539314
500,77,0.1,0.4,2.240055530748213
500,77,0.25,0.1,2.261458436870687
500,77,0.25,0.25,2.234861077700819
500,77,0.25,0.4,2.2242767286303513
500,77,0.4,0.1,2.2542852298277687
500,77,0.4,0.25,2.228364343726725
500,77,0.4,0.4,2.2180647703681986
500,77,0.25,,2.217202749198099
500,77,,0.25,2.224145874093889
500,78,0.1,0.1,2.043463186164674
500,78,0.1,0.25,2.0406161674198713
500,78,0.1,0.4,2.0393449762040374
500,78,0.25,0.1,2.080636080037955
500,78,0.25,0.25,2.0716204080161282
500,78,0.25,0.4,2.0680405390340115
500,78,0.4,0.1,2.0952706805291332
500,78,0.4,0.25,2.083826470751123
500,78,0.4,0.4,2.0793376981768463
500,78,0.25,,2.0655146529040467
500,78,,0.25,2.091752130811914
500,79,0.1,0.1,2.4944854305768307
500,79,0.1,0.25,2.419871859608069
500,79,0.1,0.4,2.390345867579058
500,79,0.25,0.1,2.497186937305122
500,79,0.25,0.25,2.414420883705314
500,79,0.25,0.4,2.3816712824265216
500,79,0.4,0.1,2.4982504937725727
500,79,0.4,0.25,2.4122748884299443
500,79,0.4,0.4,2.37825618408721
500,79,0.25,,2.360151854889673
500,79,,0.25,2.41088144736595
500,80,0.1,0.1,2.5210200315345968
500,80,0.1,0.25,2.4308383936224662
500,80,0.1,0.4,2.3955952951277086
500,80,0.25,0.1,2.5060749446648067
500,80,0.25,0.25,2.4160264917598524
500,80,0.25,0.4,2.380886707166488
500,80,0.4,0.1,2.500191211846186
500,80,0.4,0.25,2.4101951925606886
500,80,0.4,0.4,2.3750960816280076
500,80,0.25,,2.3578828763530884
500,80,,0.25,2.406408804093847
500,81,0.1,0.1,2.1158528832475656
500,81,0.1,0.25,2.105645367780444
500,81,0.1,0.4,2.1016295288469182
500,81,0.25,0.1,2.1139256185846635
500,81,0.25,0.25,2.0995551972079842
500,81,0.25,0.4,2.0939410530856897
500,81,0.4,0.1,2.113166873557212
500,81,0.4,0.25,2.0971575573159997
500,81,0.4,0.4,2.0909141762561587
500,81,0.25,,2.0898960839189527
500,81,,0.25,2.09560071796947
500,82,0.1,0.1,2.149504998009667
500,82,0.1,0.25,2.14010628367635
500,82,0.1,0.4,2.1366974445467823
500,82,0.25,0.1,2.1655919254852605
500,82,0.25,0.25,2.1517363677411194
500,82,0.25,0.4,2.146554588519405
500,82,0.4,0.1,2.1719251896518434
500,82,0.4,0.25,2.156315016757441
500,82,0.4,0.4,2.1504352485647353
500,82,0.25,,2.1436261113328623
500,82,,0.25,2.159288032416044
500,83,0.1,0.1,2.1363748486018848
500,83,0.1,0.25,2.1023745591129845
500,83,0.1,0.4,2.0887324468479838
500,83,0.25,0.1,2.1550350806890064
500,83,0.25,0.25,2.1189954136751323
500,83,0.25,0.4,2.1046599783531037
500,83,0.4,0.1,2.1623814294182346
500,83,0.4,0.25,2.1255388796524692
500,83,0.4,0.4,2.1109304899033394
500,83,0.25,,2.095000038783322
500,83,,0.25,2.129787693383947
500,84,0.1,0.1,1.648761234977258
500,84,0.1,0.25,1.6863105595982792
500,84,0.1,0.4,1.7008811767585839
500,84,0.25,0.1,1.7147737770610967
500,84,0.25,0.25,1.7443983126730278
500,84,0.25,0.4,1.7559667622074004
500,84,0.4,0.1,1.7407622616837168
500,84,0.4,0.25,1.7672668862787582
500,84,0.4,0.4,1.7776534121253267
500,84,0.25,,1.763349288636538
500,84,,0.25,1.7821159448498352
500,85,0.1,0.1,1.8455088693648187
500,85,0.1,0.25,1.8883039084706887
500,85,0.1,0.4,1.9040910423358022
500,85,0.25,0.1,1.7815189514563003
500,85,0.25,0.25,1.8297976313321715
500,85,0.25,0.4,1.847729540915323
500,85,0.4,0.1,1.756326753957586
500,85,0.4,0.25,1.8067642889438411
500,85,0.4,0.4,1.825540575504574
500,85,0.25,,1.8585237634235614
500,85,,0.25,1.7918082424448907
500,86,0.1,0.1,2.2225411711863443
500,86,0.1,0.25,2.19864804109746
500,86,0.1,0.4,2.1888054368383205
500,86,0.25,0.1,2.178756097309937
500,86,0.25,0.25,2.1645585036561705
500,86,0.25,0.4,2.1585386137350957
500,86,0.4,0.1,2.161518346979218
500,86,0.4,0.25,2.151137790082377
500,86,0.4,0.4,2.1466228649703423
500,86,0.25,,2.15502428073906
500,86,,0.25,2.142423431007837
500,87,0.1,0.1,1.8664803184451348
500,87,0.1,0.25,1.898944065069086
500,87,0.1,0.4,1.9121133284030647
500,87,0.25,0.1,1.820349340158149
500,87,0.25,0.25,1.8560156732226332
500,87,0.25,0.4,1.870535617251006
500,87,0.4,0.1,1.8021880304737692
500,87,0.4,0.25,1.839115190130217
500,87,0.4,0.4,1.8541668837829521
500,87,0.25,,1.87982820492108
500,87,,0.25,1.828141341579562
500,88,0.1,0.1,1.9098859279993203
500,88,0.1,0.25,1.922790253372923
500,88,0.1,0.4,1.9273622462166986
500,88,0.25,0.1,1.9144158518865266
500,88,0.25,0.25,1.9277137397422548
500,88,0.25,0.4,1.9325639326168573
500,88,0.4,0.1,1.916199238097207
500,88,0.4,0.25,1.9296520676078381
500,88,0.4,0.4,1.9346117850817803
500,88,0.25,,1.935836434724937
500,88,,0.25,1.9309106657391522
500,89,0.1,0.1,2.022199897593199
500,89,0.1,0.25,2.008722504356605
500,89,0.1,0.4,2.0030760699615686
500,89,0.25,0.1,1.9908413879293994
500,89,0.25,0.25,1.9843622729885064
500,89,0.25,0.4,1.9815162533711324
500,89,0.4,0.1,1.9784958529680143
500,89,0.4,0.25,1.9747718909439966
500,89,0.4,0.4,1.973028366914412
500,89,0.25,,1.9792935416166137
500,89,,0.25,1.9685446488276697
500,90,0.1,0.1,1.9627701974876433
500,90,0.1,0.25,1.9510447887316091
500,90,0.1,0.4,1.9465777006230551
500,90,0.25,0.1,1.9948618415307169
500,90,0.25,0.25,1.9795265986241937
500,90,0.25,0.4,1.9736864471350872
500,90,0.4,0.1,2.007496004242839
500,90,0.4,0.25,1.990739605350669
500,90,0.4,0.4,1.9843588923951365
500,90,0.25,,1.970265844033638
500,90,,0.25,1.9980204527052061
500,91,0.1,0.1,2.2674295014146746
500,91,0.1,0.25,2.24382089892616
500,91,0.1,0.4,2.2340212255989136
500,91,0.25,0.1,2.2540330613683697
500,91,0.25,0.25,2.2298810517367875
500,91,0.25,0.4,2.219995962049923
500,91,0.4,0.1,2.248759015480255
500,91,0.4,0.25,2.2243930718334743
500,91,0.4,0.4,2.2144743545710264
500,91,0.25,,2.213404142100854
500,91,,0.25,2.220829607997638
500,92,0.1,0.1,1.9614016253187774
500,92,0.1,0.25,1.9778038343578648
500,92,0.1,0.4,1.984017129226301
500,92,0.25,0.1,1.977964606456264
500,92,0.25,0.25,1.9882740192345028
500,92,0.25,0.4,1.9921109694050496
500,92,0.4,0.1,1.9844852882389716
500,92,0.4,0.25,1.9923960274176888
500,92,0.4,0.4,1.9952974341946683
500,92,0.25,,1.994578954325203
500,92,,0.25,1.9950725363245343
500,93,0.1,0.1,2.0469987874612614
500,93,0.1,0.25,2.044792235777565
500,93,0.1,0.4,2.0440865753786412
500,93,0.25,0.1,2.0482671459865247
500,93,0.25,0.25,2.047634791197211
500,93,0.25,0.4,2.047654435953417
500,93,0.4,0.1,2.0487664861874806
500,93,0.4,0.25,2.0487538771387666
500,93,0.4,0.4,2.049059067357635
500,93,0.25,,2.0477331497032307
500,93,,0.25,2.049480523801507
500,94,0.1,0.1,1.4982046848369275
500,94,0.1,0.25,1.6049404601150241
500,94,0.1,0.4,1.6467359383474176
500,94,0.25,0.1,1.4248466796540213
500,94,0.25,0.25,1.542497493229922
500,94,0.25,0.4,1.5887156567794212
500,94,0.4,0.1,1.3959663588928428
500,94,0.4,0.25,1.517914315042007
500,94,0.4,0.4,1.5658736460382665
500,94,0.25,,1.6186051945630464
500,94,,0.25,1.5019519266976769
500,95,0.1,0.1,2.235628342034809
500,95,0.1,0.25,2.1837450688644555
500,95,0.1,0.4,2.1633865547916122
500,95,0.25,0.1,2.2512696067858564
500,95,0.25,0.25,2.1964820650326233
500,95,0.25,0.4,2.1750001491505273
500,95,0.4,0.1,2.2574274179476306
500,95,0.4,0.25,2.201496494391129
500,95,0.4,0.4,2.1795723063328207
500,95,0.25,,2.1609585801482245
500,95,,0.25,2.2047524716343414
500,96,0.1,0.1,2.0827964386510898
500,96,0.1,0.25,2.0674675851763675
500,96,0.1,0.4,2.062026055178729
500,96,0.25,0.1,2.0775696173736597
500,96,0.25,0.25,2.062603900761259
500,96,0.25,0.4,2.057515450054643
500,96,0.4,0.1,2.075511869556265
500,96,0.4,0.25,2.060689116333312
500,96,0.4,0.4,2.0557396694498427
500,96,0.25,,2.0542082167829507
500,96,,0.25,2.0594458054643536
500,97,0.1,0.1,2.1309445253601744
500,97,0.1,0.25,2.1507583331020435
500,97,0.1,0.4,2.1584973277632384
500,97,0.25,0.1,2.1378554544536956
500,97,0.25,0.25,2.15077503405464
500,97,0.25,0.4,2.155885310276612
500,97,0.4,0.1,2.1405762188539947
500,97,0.4,0.25,2.150781609054421
500,97,0.4,0.4,2.1548569848381067
500,97,0.25,,2.158819978123355
500,97,,0.25,2.150785878343732
500,98,0.1,0.1,2.0098332502962224
500,98,0.1,0.25,2.0095637712252024
500,98,0.1,0.4,2.008778416877191
500,98,0.25,0.1,2.0329690171602746
500,98,0.25,0.25,2.023777159291986
500,98,0.25,0.4,2.019640803604434
500,98,0.4,0.1,2.0420773396456484
500,98,0.4,0.25,2.029372829532042
500,98,0.4,0.4,2.0239172177753564
500,98,0.25,,2.0164175996801044
500,98,,0.25,2.0330062190285427
500,99,0.1,0.1,2.0746794912892472
500,99,0.1,0.25,2.0833778302197046
500,99,0.1,0.4,2.0875904838475483
500,99,0.25,0.1,2.0306024383355012
500,99,0.25,0.25,2.047232574359776
500,99,0.25,0.4,2.054737906478081
500,99,0.4,0.1,2.0132497387311745
500,99,0.4,0.25,2.0330025447859503
500,99,0.4,0.4,2.041804171844812
500,99,0.25,,2.059895416116613
500,99,,0.25,2.0237626793595846
500,100,0.1,0.1,1.9260863630769554
500,100,0.1,0.25,1.9188041085325431
500,100,0.1,0.4,1.9156010833535935
500,100,0.25,0.1,1.9576338389499675
500,100,0.25,0.25,1.9431311514303897
500,100,0.25,0.4,1.9370639444689814
500,100,0.4,0.1,1.9700537680380938
500,100,0.4,0.25,1.952708467502562
500,100,0.4,0.4,1.9455136605145518
500,100,0.25,,1.9329309951365214
500,100,,0.25,1.9589272256009582
500,101,0.1,0.1,1.9244034902716611
500,101,0.1,0.25,1.9526971029546067
500,101,0.1,0.4,1.963673250911138
500,101,0.25,0.1,1.901231393406369
500,101,0.25,0.25,1.9334517108233304
500,101,0.25,0.4,1.9460493832253085
500,101,0.4,0.1,1.892108768158993
500,101,0.4,0.25,1.9258749903748935
500,101,0.4,0.4,1.9391110409060175
500,101,0.25,,1.9542895225585621
500,101,,0.25,1.9209552622075305
500,102,0.1,0.1,1.9571643684699411
500,102,0.1,0.25,1.9572008891756665
500,102,0.1,0.4,1.9572938424644895
500,102,0.25,0.1,2.001751255647626
500,102,0.25,0.25,1.9907310494510528
500,102,0.25,0.4,1.9866336487705207
500,102,0.4,0.1,2.0193046719410943
500,102,0.4,0.25,2.0039315417696812
500,102,0.4,0.4,1.9981844401950741
500,102,0.25,,1.9841094221752902
500,102,,0.25,2.0125029064287014
500,103,0.1,0.1,1.9486698672890899
500,103,0.1,0.25,1.9431208305883219
500,103,0.1,0.4,1.9408727771257408
500,103,0.25,0.1,1.9106363673975948
500,103,0.25,0.25,1.9131028281605755
500,103,0.25,0.4,1.9140648666748923
500,103,0.4,0.1,1.8956629548327644
500,103,0.4,0.25,1.9012850376336712
500,103,0.4,0.4,1.903510857595351
500,103,0.25,,1.9148844555419906
500,103,,0.25,1.8936114911003297
500,104,0.1,0.1,1.9717820123296192
500,104,0.1,0.25,2.0058497220029197
500,104,0.1,0.4,2.0186882700992483
500,104,0.25,0.1,1.915870076319397
500,104,0.25,0.25,1.9600042641432895
500,104,0.25,0.4,1.9767784813812281
500,104,0.4,0.1,1.8938581003622048
500,104,0.4,0.25,1.9419553610259277
500,104,0.4,0.4,1.9602790122613718
500,104,0.25,,1.9877210125178582
500,104,,0.25,1.9302358185588697
500,105,0.1,0.1,1.7304324451355142
500,105,0.1,0.25,1.7888099699056865
500,105,0.1,0.4,1.8113583422953234
500,105,0.25,0.1,1.7174825688519308
500,105,0.25,0.25,1.7763495427786318
500,105,0.25,0.4,1.7993550340877622
500,105,0.4,0.1,1.7123843306984399
500,105,0.4,0.25,1.7714439959149542
500,105,0.4,0.4,1.7946294504194862
500,105,0.25,,1.814288805415478
500,105,,0.25,1.7682587184263903
500,106,0.1,0.1,1.867536551922448
500,106,0.1,0.25,1.8757497591571997
500,106,0.1,0.4,1.8784702254049985
500,106,0.25,0.1,1.866643279158517
500,106,0.25,0.25,1.8773424532505718
500,106,0.25,0.4,1.8811119246231371
500,106,0.4,0.1,1.8662916065103141
500,106,0.4,0.25,1.8779694811553838
500,106,0.4,0.4,1.8821519354656373
500,106,0.25,,1.884151096690869
500,106,,0.25,1.8783766239114112
500,107,0.1,0.1,1.6617500369684353
500,107,0.1,0.25,1.699412647761892
500,107,0.1,0.4,1.7131761579196112
500,107,0.25,0.1,1.6511530660801021
500,107,0.25,0.25,1.686933707951936
500,107,0.25,0.4,1.7001606300889223
500,107,0.4,0.1,1.6469811434986628
500,107,0.4,0.25,1.682020872828184
500,107,0.4,0.4,1.6950365455709597
500,107,0.25,,1.7090060124632778
500,107,,0.25,1.6788308629150008
500,108,0.1,0.1,1.6936159700944886
500,108,0.1,0.25,1.7357092337648532
500,108,0.1,0.4,1.7525665713752614
500,108,0.25,0.1,1.7044627741279843
500,108,0.25,0.25,1.7470749937738939
500,108,0.25,0.4,1.7641371523370315
500,108,0.4,0.1,1.7087330535465695
500,108,0.4,0.25,1.7515495810249677
500,108,0.4,0.4,1.7686923755704869
500,108,0.25,,1.77525642808789
500,108,,0.25,1.7544550271327188
500,109,0.1,0.1,1.9820959663668165
500,109,0.1,0.25,1.9792720406204856
500,109,0.1,0.4,1.9788962773881986
500,109,0.25,0.1,2.0364141399062987
500,109,0.25,0.25,2.024296207746187
500,109,0.25,0.4,2.0203632932700897
500,109,0.4,0.1,2.05779866734908
500,109,0.4,0.25,2.0420217768282938
500,109,0.4,0.4,2.0366884471056106
500,109,0.25,,2.01771178723145
500,109,,0.25,2.05353137152553
500,110,0.1,0.1,2.07349754116206
500,110,0.1,0.25,2.0652438049756614
500,110,0.1,0.4,2.0614093685144446
500,110,0.25,0.1,2.015243541870664
500,110,0.25,0.25,2.0111884515029073
500,110,0.25,0.4,2.0092797190437155
500,110,0.4,0.1,1.9923095187744484
500,110,0.4,0.25,1.9899073937197849
500,110,0.4,0.4,1.9887567918713003
500,110,0.25,,2.008095027518672
500,110,,0.25,1.9760891434465424
500,111,0.1,0.1,2.2169229610572594
500,111,0.1,0.25,2.1902445526537915
500,111,0.1,0.4,2.1808163649819208
500,111,0.25,0.1,2.246053904313219
500,111,0.25,0.25,2.2100940046026074
500,111,0.25,0.4,2.197097670825148
500,111,0.4,0.1,2.257522468421665
500,111,0.4,0.25,2.217908537424024
500,111,0.4,0.4,2.2035074598316906
500,111,0.25,,2.1892019245632874
500,111,,0.25,2.222982682299493
500,112,0.1,0.1,2.1838411986439343
500,112,0.1,0.25,2.160392494332
500,112,0.1,0.4,2.150948163693595
500,112,0.25,0.1,2.1331021831578
500,112,0.25,0.25,2.1153668198170053
500,112,0.25,0.4,2.1082158815375127
500,112,0.4,0.1,2.1131267348247613
500,112,0.4,0.25,2.0976406572906487
500,112,0.4,0.4,2.0913926048896845
500,112,0.25,,2.103762183842933
500,112,,0.25,2.086130677257249
500,113,0.1,0.1,1.9773972028432796
500,113,0.1,0.25,1.962031439883796
500,113,0.1,0.4,1.9553746680972977
500,113,0.25,0.1,1.9707843216999001
500,113,0.25,0.25,1.9524085985316892
500,113,0.25,0.4,1.944560984955192
500,113,0.4,0.1,1.9681808958283793
500,113,0.4,0.25,1.9486201811096253
500,113,0.4,0.4,1.9403037449038154
500,113,0.25,,1.9391844470403892
500,113,,0.25,1.9461602798861481
500,114,0.1,0.1,2.3032949565920298
500,114,0.1,0.25,2.2570128139359467
500,114,0.1,0.4,2.23844825443385
500,114,0.25,0.1,2.347250625327518
500,114,0.25,0.25,2.2915877331776437
500,114,0.25,0.4,2.269336729438218
500,114,0.4,0.1,2.3645555371662166
500,114,0.4,0.25,2.305199536763392
500,114,0.4,0.4,2.2814972164051897
500,114,0.25,,2.2543615139788615
500,114,,0.25,2.3140379747082984
500,115,0.1,0.1,1.9285871564864305
500,115,0.1,0.25,1.9623628363612178
500,115,0.1,0.4,1.975750713542654
500,115,0.25,0.1,1.9326379378512988
500,115,0.25,0.25,1.966227816334057
500,115,0.25,0.4,1.9797581628706817
500,115,0.4,0.1,1.934232690392063
500,115,0.4,0.25,1.9677494207052881
500,115,0.4,0.4,1.9813358560173129
500,115,0.25,,1.9885209685082053
500,115,,0.25,1.9687374312747257
500,116,0.1,0.1,2.0151117819392717
500,116,0.1,0.25,2.006778637206152
500,116,0.1,0.4,2.0036618412944107
500,116,0.25,0.1,2.0440310107619566
500,116,0.25,0.25,2.031078717825739
500,116,0.25,0.4,2.026378440943943
500,116,0.4,0.1,2.0554162249929404
500,116,0.4,0.25,2.0406454191157533
500,116,0.4,0.4,2.035321741444631
500,116,0.25,,2.0236391933894455
500,116,,0.25,2.046857284806922
500,117,0.1,0.1,2.048206264661844
500,117,0.1,0.25,2.0405545614090643
500,117,0.1,0.4,2.0368047313474116
500,117,0.25,0.1,2.065108599855
500,117,0.25,0.25,2.056823560884486
500,117,0.25,0.4,2.0529299903833675
500,117,0.4,0.1,2.071762881971508
500,117,0.4,0.25,2.0632285049957955
500,117,0.4,0.4,2.059278345305974
500,117,0.25,,2.05051092324775
500,117,,0.25,2.0673873734889954
500,118,0.1,0.1,1.8904813397527929
500,118,0.1,0.25,1.9337732849138276
500,118,0.1,0.4,1.9503468725928967
500,118,0.25,0.1,1.8918496595154806
500,118,0.25,0.25,1.934582681402181
500,118,0.25,0.4,1.9510806837417376
500,118,0.4,0.1,1.892388353466492
500,118,0.4,0.25,1.9349013327906466
500,118,0.4,0.4,1.9513695779299562
500,118,0.25,,1.9620705637711326
500,118,,0.25,1.9351082400168107
500,119,0.1,0.1,1.997018497661191
500,119,0.1,0.25,2.0343343847177673
500,119,0.1,0.4,2.0490467289101595
500,119,0.25,0.1,2.0031968576616688
500,119,0.25,0.25,2.033413588096373
500,119,0.25,0.4,2.045523465486035
500,119,0.4,0.1,2.0056292168588272
500,119,0.4,0.25,2.0330510795778354
500,119,0.4,0.4,2.0441363915387383
500,119,0.25,,2.053588414774643
500,119,,0.25,2.032815694970248
1000,0,0.1,0.1,2.201511834644078
1000,0,0.1,0.25,2.195424466021559
1000,0,0.1,0.4,2.1933289120180826
1000,0,0.25,0.1,2.2043288100236103
1000,0,0.25,0.25,2.194654239984439
1000,0,0.25,0.4,2.191354932594312
1000,0,0.4,0.1,2.2053283106054105
1000,0,0.4,0.25,2.194380953473732
1000,0,0.4,0.4,2.1906545382646874
1000,0,0.25,,2.1896941771692817
1000,0,,0.25,2.194230662516856
1000,1,0.1,0.1,2.0341741605398704
1000,1,0.1,0.25,2.017471107194746
1000,1,0.1,0.4,2.0115231549818295
1000,1,0.25,0.1,2.0379665115509447
1000,1,0.25,0.25,2.0214849099971124
1000,1,0.25,0.4,2.0157006240261857
1000,1,0.4,0.1,2.0393120884663474
1000,1,0.4,0.25,2.0229090609731353
1000,1,0.4,0.4,2.017182845976232
1000,1,0.25,,2.012198099580826
1000,1,,0.25,2.023692257378874
1000,2,0.1,0.1,1.993751604729334
1000,2,0.1,0.25,1.9825771917129675
1000,2,0.1,0.4,1.9786744269119458
1000,2,0.25,0.1,1.9975432673493858
1000,2,0.25,0.25,1.9851786288776645
1000,2,0.25,0.4,1.9809309280558496
1000,2,0.4,0.1,1.9988886000144364
1000,2,0.4,0.25,1.9861016536149487
1000,2,0.4,0.4,1.981731564874528
1000,2,0.25,,1.9785257555914302
1000,2,,0.25,1.9866092610728796
1000,3,0.1,0.1,1.9751196757360567
1000,3,0.1,0.25,1.9782650694927328
1000,3,0.1,0.4,1.9793523444524872
1000,3,0.25,0.1,1.9729386740084927
1000,3,0.25,0.25,1.9774017816796023
1000,3,0.25,0.4,1.9789701878546393
1000,3,0.4,0.1,1.9721648253936117
1000,3,0.4,0.25,1.9770954756047419
1000,3,0.4,0.4,1.9788345935769391
1000,3,0.25,,1.9796957679299183
1000,3,,0.25,1.9769270258961604
1000,4,0.1,0.1,1.8853137602312176
1000,4,0.1,0.25,1.9028004587362966
1000,4,0.1,0.4,1.9088009853942045
1000,4,0.25,0.1,1.9257280622217863
1000,4,0.25,0.25,1.9370701285603675
1000,4,0.25,0.4,1.9409778786559007
1000,4,0.4,0.1,1.9400675976845694
1000,4,0.4,0.25,1.9492294662585614
1000,4,0.4,0.4,1.9523946712090903
1000,4,0.25,,1.9430920608928715
1000,4,,0.25,1.9559163623403122
1000,5,0.1,0.1,1.88346393100545
1000,5,0.1,0.25,1.917739616482545
1000,5,0.1,0.4,1.9298036205764424
1000,5,0.25,0.1,1.8523611552071233
1000,5,0.25,0.25,1.892345973525267
1000,5,0.25,0.4,1.9064174816695905
1000,5,0.4,0.1,1.841325473911547
1000,5,0.4,0.25,1.8833359690026077
1000,5,0.4,0.4,1.8981197664629628
1000,5,0.25,,1.9142740930547202
1000,5,,0.25,1.8783810145935311
1000,6,0.1,0.1,2.171515899519956
1000,6,0.1,0.25,2.1549262642174636
1000,6,0.1,0.4,2.1489474522762984
1000,6,0.25,0.1,2.1364969973889223
1000,6,0.25,0.25,2.125025139789544
1000,6,0.25,0.4,2.120905061006308
1000,6,0.4,0.1,2.1240718220365715
1000,6,0.4,0.25,2.1144158204893784
1000,6,0.4,0.4,2.1109552451175886
1000,6,0.25,,2.1187056770802317
1000,6,,0.25,2.1085813402389575
1000,7,0.1,0.1,2.3032959731791025
1000,7,0.1,0.25,2.261234920592991
1000,7,0.1,0.4,2.245702984688625
1000,7,0.25,0.1,2.2673825496646933
1000,7,0.25,0.25,2.2277152480691047
1000,7,0.25,0.4,2.213122833761529
1000,7,0.4,0.1,2.254639986148565
1000,7,0.4,0.25,2.2158220194549054
1000,7,0.4,0.4,2.2015629599893445
1000,7,0.25,,2.2049816110037685
1000,7,,0.25,2.2092814671819414
1000,8,0.1,0.1,1.942866480509329
1000,8,0.1,0.25,1.956799349763191
1000,8,0.1,0.4,1.9615278820856714
1000,8,0.25,0.1,1.9442713916557335
1000,8,0.25,0.25,1.9591588176648531
1000,8,0.25,0.4,1.9642804295237943
1000,8,0.4,0.1,1.9447698729411613
1000,8,0.4,0.25,1.95999598846783
1000,8,0.4,0.4,1.965257070209341
1000,8,0.25,,1.9673128770866537
1000,8,,0.25,1.9604563814843847
1000,9,0.1,0.1,1.9522736737228348
1000,9,0.1,0.25,1.9798842383367292
1000,9,0.1,0.4,1.9895123288340675
1000,9,0.25,0.1,1.9547606571339993
1000,9,0.25,0.25,1.9826284311579079
1000,9,0.25,0.4,1.9924160727268632
1000,9,0.4,0.1,1.9556430721470823
1000,9,0.4,0.25,1.9836021075135004
1000,9,0.4,0.4,1.9934463599389325
1000,9,0.25,,1.9980348739304095
1000,9,,0.25,1.9841375702803643
1000,10,0.1,0.1,1.8386920112252774
1000,10,0.1,0.25,1.8610934589407337
1000,10,0.1,0.4,1.8684740305003553
1000,10,0.25,0.1,1.868462868106883
1000,10,0.25,0.25,1.8845503214425319
1000,10,0.25,0.4,1.8898377870078875
1000,10,0.4,0.1,1.8790259667374332
1000,10,0.4,0.25,1.8928731303275808
1000,10,0.4,0.4,1.8974179338610861
1000,10,0.25,,1.8925890022274516
1000,10,,0.25,1.8974501689380683
1000,11,0.1,0.1,2.1315854054354384
1000,11,0.1,0.25,2.0919442541274798
1000,11,0.1,0.4,2.0774079653963193
1000,11,0.25,0.1,2.179554691820096
1000,11,0.25,0.25,2.132673752319348
1000,11,0.25,0.4,2.1157198836450344
1000,11,0.4,0.1,2.196574836901352
1000,11,0.4,0.25,2.147125123614588
1000,11,0.4,0.4,2.1293134652069003
1000,11,0.25,,2.1065153140396378
1000,11,,0.25,2.155072498750357
1000,12,0.1,0.1,1.9846833843725766
1000,12,0.1,0.25,1.9592212586397926
1000,12,0.1,0.4,1.949851202192654
1000,12,0.25,0.1,1.989536977994842
1000,12,0.25,0.25,1.9594302915607134
1000,12,0.25,0.4,1.9485546325287066
1000,12,0.4,0.1,1.9912590979979206
1000,12,0.4,0.25,1.9595044592398467
1000,12,0.4,0.4,1.9480945922518644
1000,12,0.25,,1.94241752789076
1000,12,,0.25,1.9595452469517518
1000,13,0.1,0.1,2.0141656346810373
1000,13,0.1,0.25,2.0253805918198076
1000,13,0.1,0.4,2.0289353353629314
1000,13,0.25,0.1,2.0011329196695318
1000,13,0.25,0.25,2.0118519779845325
1000,13,0.25,0.4,2.0151966597579256
1000,13,0.4,0.1,1.996508737885384
1000,13,0.4,0.25,2.007051844658006
1000,13,0.4,0.4,2.010321993702933
1000,13,0.25,,2.0169266725861137
1000,13,,0.25,2.0044120633204257
1000,14,0.1,0.1,1.9530152310565232
1000,14,0.1,0.25,1.9500177956359657
1000,14,0.1,0.4,1.9483348429742815
1000,14,0.25,0.1,1.917650399294485
1000,14,0.25,0.25,1.91775162685638
1000,14,0.25,0.4,1.9172139506396466
1000,14,0.4,0.1,1.9051024834773211
1000,14,0.4,0.25,1.9063031581541128
1000,14,0.4,0.4,1.9061718413544217
1000,14,0.25,,1.9168416164545823
1000,14,,0.25,1.900007196777976
1000,15,0.1,0.1,2.1164559982890747
1000,15,0.1,0.25,2.0756815839337044
1000,15,0.1,0.4,2.0605644389477864
1000,15,0.25,0.1,2.100124422207193
1000,15,0.25,0.25,2.063786652017222
1000,15,0.25,0.4,2.050470875701265
1000,15,0.4,0.1,2.0943297603460542
1000,15,0.4,0.25,2.059566170909232
1000,15,0.4,0.4,2.0468895443163233
1000,15,0.25,,2.0429273642595556
1000,15,,0.25,2.0572451630316144
1000,16,0.1,0.1,2.0498449674219406
1000,16,0.1,0.25,2.0408766082045258
1000,16,0.1,0.4,2.0376480950179987
1000,16,0.25,0.1,2.057199333403714
1000,16,0.25,0.25,2.0457694409466542
1000,16,0.25,0.4,2.0417323363023296
1000,16,0.4,0.1,2.059808760923371
1000,16,0.4,0.25,2.047505483514842
1000,16,0.4,0.4,2.043181479794871
1000,16,0.25,,2.0395693360834453
1000,16,,0.25,2.0484602013239126
1000,17,0.1,0.1,2.0144651936390012
1000,17,0.1,0.25,2.0343218824567906
1000,17,0.1,0.4,2.040879893628896
1000,17,0.25,0.1,1.9869926233038038
1000,17,0.25,0.25,2.0057882049106652
1000,17,0.25,0.4,2.0121622626783453
1000,17,0.4,0.1,1.9772449875122147
1000,17,0.4,0.25,1.9956640740732263
1000,17,0.4,0.4,2.0019728627100215
1000,17,0.25,,2.0155154142775054
1000,17,,0.25,1.990096417963301
1000,18,0.1,0.1,2.1332198959430744
1000,18,0.1,0.25,2.104398974458457
1000,18,0.1,0.4,2.094246587424618
1000,18,0.25,0.1,2.072768500102896
1000,18,0.25,0.25,2.053448899787632
1000,18,0.25,0.4,2.046679990461145
1000,18,0.4,0.1,2.0513195354609417
1000,18,0.4,0.25,2.035371131111973
1000,18,0.4,0.4,2.0298027249782273
1000,18,0.25,,2.0429357648721473
1000,18,,0.25,2.0254294580106484
1000,19,0.1,0.1,2.2866790144572677
1000,19,0.1,0.25,2.2425385637350006
1000,19,0.1,0.4,2.2273103724645025
1000,19,0.25,0.1,2.289821320932187
1000,19,0.25,0.25,2.2433749372795115
1000,19,0.25,0.4,2.227372818066646
1000,19,0.4,0.1,2.2909362533425632
1000,19,0.4,0.25,2.243671693811505
1000,19,0.4,0.4,2.2273949746023853
1000,19,0.25,,2.2183579828960096
1000,19,,0.25,2.2438348918524076
1000,20,0.1,0.1,1.9350242675734903
1000,20,0.1,0.25,1.9354255311414397
1000,20,0.1,0.4,1.9361260313337247
1000,20,0.25,0.1,1.9178027028348223
1000,20,0.25,0.25,1.9198124570309445
1000,20,0.25,0.4,1.921115257632626
1000,20,0.4,0.1,1.9116922610819906
1000,20,0.4,0.25,1.9142727292894446
1000,20,0.4,0.4,1.9157892341407208
1000,20,0.25,,1.9218238942130919
1000,20,,0.25,1.9112262160131417
1000,21,0.1,0.1,1.8354233236726325
1000,21,0.1,0.25,1.8406840492938683
1000,21,0.1,0.4,1.8418749126193588
1000,21,0.25,0.1,1.871451245037496
1000,21,0.25,0.25,1.8696576183958968
1000,21,0.25,0.4,1.8684712747485568
1000,21,0.4,0.1,1.8842344339240038
1000,21,0.4,0.25,1.879937828647181
1000,21,0.4,0.4,1.8779080201369016
1000,21,0.25,,1.8676247475964018
1000,21,,0.25,1.885591318940414
1000,22,0.1,0.1,2.2113681118816286
1000,22,0.1,0.25,2.1818104099127886
1000,22,0.1,0.4,2.171287853646865
1000,22,0.25,0.1,2.177980252845378
1000,22,0.25,0.25,2.1535891855024403
1000,22,0.25,0.4,2.1449819882580314
1000,22,0.4,0.1,2.1661337934214733
1000,22,0.4,0.25,2.1435759172210824
1000,22,0.4,0.4,2.135648315002697
1000,22,0.25,,2.140420411857653
1000,22,,0.25,2.138069228773235
1000,23,0.1,0.1,2.14745540842392
1000,23,0.1,0.25,2.1271337312659075
1000,23,0.1,0.4,2.1197579011021004
1000,23,0.25,0.1,2.1119953847466895
1000,23,0.25,0.25,2.0924294453181593
1000,23,0.25,0.4,2.0853730632720424
1000,23,0.4,0.1,2.099413693563469
1000,23,0.4,0.25,2.080115900000107
1000,23,0.4,0.4,2.0731728624233132
1000,23,0.25,,2.0817635907562253
1000,23,,0.25,2.0733441991078814
1000,24,0.1,0.1,1.974668532996657
1000,24,0.1,0.25,1.9908724309728196
1000,24,0.1,0.4,1.996873996749503
1000,24,0.25,0.1,1.9205591022461381
1000,24,0.25,0.25,1.9469693318159556
1000,24,0.25,0.4,1.9566841463081217
1000,24,0.4,0.1,1.9013603517320476
1000,24,0.4,0.25,1.9313919244062507
1000,24,0.4,0.4,1.9424242492602244
1000,24,0.25,,1.962168536959559
1000,24,,0.25,1.9228252979042781
1000,25,0.1,0.1,1.8680557112977294
1000,25,0.1,0.25,1.8870226410590267
1000,25,0.1,0.4,1.8939486817070639
1000,25,0.25,0.1,1.826259410445755
1000,25,0.25,0.25,1.8493971805646554
1000,25,0.25,0.4,1.8578755951532604
1000,25,0.4,0.1,1.81142952328304
1000,25,0.4,0.25,1.8360471634051732
1000,25,0.4,0.4,1.8450763810529895
1000,25,0.25,,1.8626545149584122
1000,25,,0.25,1.8287054660487214
1000,26,0.1,0.1,1.979277589052959
1000,26,0.1,0.25,1.9887313427923554
1000,26,0.1,0.4,1.9915814854865652
1000,26,0.25,0.1,1.990896887011278
1000,26,0.25,0.25,1.99619108775302
1000,26,0.25,0.4,1.9976401923708726
1000,26,0.4,0.1,1.995019569500384
1000,26,0.4,0.25,1.9988379051453316
1000,26,0.4,0.4,1.9997899026948667
1000,26,0.25,,1.9985495189260278
1000,26,,0.25,2.0002934937052568
1000,27,0.1,0.1,2.0361505068707637
1000,27,0.1,0.25,2.0414474501942204
1000,27,0.1,0.4,2.04348618199438
1000,27,0.25,0.1,2.0413654669033514
1000,27,0.25,0.25,2.045059430462277
1000,27,0.25,0.4,2.046622972225213
1000,27,0.4,0.1,2.0432158045472315
1000,27,0.4,0.25,2.046341009423031
1000,27,0.4,0.4,2.0477359473983294
1000,27,0.25,,2.0476791396778875
1000,27,,0.25,2.0470457998930245
1000,28,0.1,0.1,1.729632913871204
1000,28,0.1,0.25,1.7825676946083264
1000,28,0.1,0.4,1.8009444515711868
1000,28,0.25,0.1,1.7296420573175424
1000,28,0.25,0.25,1.7797950761000922
1000,28,0.25,0.4,1.7973580152047783
1000,28,0.4,0.1,1.7296453015347266
1000,28,0.4,0.25,1.778811313930134
1000,28,0.4,0.4,1.796085499562342
1000,28,0.25,,1.8069353383165376
1000,28,,0.25,1.7782703045788888
1000,29,0.1,0.1,2.1185319059512664
1000,29,0.1,0.25,2.099840738267647
1000,29,0.1,0.4,2.092749405144665
1000,29,0.25,0.1,2.0993180575164136
1000,29,0.25,0.25,2.082143003761563
1000,29,0.25,0.4,2.0756708381584312
1000,29,0.4,0.1,2.092500726833024
1000,29,0.4,0.25,2.0758636105997033
1000,29,0.4,0.4,2.069611133922793
1000,29,0.25,,2.0719731509214916
1000,29,,0.25,2.0724103263360347
1000,30,0.1,0.1,2.1183294656782
1000,30,0.1,0.25,2.111644744004062
1000,30,0.1,0.4,2.108583998230236
1000,30,0.25,0.1,2.0806881621849156
1000,30,0.25,0.25,2.0784488209569334
1000,30,0.25,0.4,2.07707414899198
1000,30,0.4,0.1,2.0673325237172935
1000,30,0.4,0.25,2.0666704629918455
1000,30,0.4,0.4,2.0658940325895148
1000,30,0.25,,2.0762611501372037
1000,30,,0.25,2.060193082588314
1000,31,0.1,0.1,1.9895507169253275
1000,31,0.1,0.25,2.001797430202246
1000,31,0.1,0.4,2.00572400537766
1000,31,0.25,0.1,2.02170007861836
1000,31,0.25,0.25,2.0289896690956395
1000,31,0.25,0.4,2.031270242804791
1000,31,0.4,0.1,2.033107102602361
1000,31,0.4,0.25,2.0386378395382536
1000,31,0.4,0.4,2.0403343898884767
1000,31,0.25,,2.0326705935153697
1000,31,,0.25,2.043943746383686
1000,32,0.1,0.1,2.2216931392798314
1000,32,0.1,0.25,2.1670147153261214
1000,32,0.1,0.4,2.147196088941299
1000,32,0.25,0.1,2.1692784095217776
1000,32,0.25,0.25,2.1239314967920553
1000,32,0.25,0.4,2.107484148548963
1000,32,0.4,0.1,2.150680961610561
1000,32,0.4,0.25,2.1086449940048935
1000,32,0.4,0.4,2.093393820385317
1000,32,0.25,,2.0983017397264456
1000,32,,0.25,2.1002383473495967
1000,33,0.1,0.1,2.170684474355129
1000,33,0.1,0.25,2.15773291819279
1000,33,0.1,0.4,2.1532447359951687
1000,33,0.25,0.1,2.174154355316413
1000,33,0.25,0.25,2.156741855065164
1000,33,0.25,0.4,2.150658822968595
1000,33,0.4,0.1,2.1753855155405226
1000,33,0.4,0.25,2.1563902125979064
1000,33,0.4,0.4,2.1497413064033735
1000,33,0.25,,2.147060026944698
1000,33,,0.25,2.1561968306313184
1000,34,0.1,0.1,2.0084412488213768
1000,34,0.1,0.25,2.0047037934482734
1000,34,0.1,0.4,2.0028215946242374
1000,34,0.25,0.1,2.023778482044973
1000,34,0.25,0.25,2.014294684045581
1000,34,0.25,0.4,2.0104915043216365
1000,34,0.4,0.1,2.0292203377465032
1000,34,0.4,0.25,2.0176976604441803
1000,34,0.4,0.4,2.0132128909764857
1000,34,0.25,,2.0082722175512475
1000,34,,0.25,2.0195690904604264
1000,35,0.1,0.1,2.0000482825733488
1000,35,0.1,0.25,1.9953343029789994
1000,35,0.1,0.4,1.9932492901821142
1000,35,0.25,0.1,2.0034324162051687
1000,35,0.25,0.25,1.9978781009053355
1000,35,0.25,0.4,1.9955678551494753
1000,35,0.4,0.1,2.004633152128694
1000,35,0.4,0.25,1.9987806744691041
1000,35,0.4,0.4,1.9963905130437025
1000,35,0.25,,1.9940157770766203
1000,35,,0.25,1.999277035025646
1000,36,0.1,0.1,2.063063313888453
1000,36,0.1,0.25,2.048390860237333
1000,36,0.1,0.4,2.0431917211906168
1000,36,0.25,0.1,2.130927653723783
1000,36,0.25,0.25,2.103971019515583
1000,36,0.25,0.4,2.094462077491673
1000,36,0.4,0.1,2.1550068301488556
1000,36,0.4,0.25,2.1236916042032408
1000,36,0.4,0.4,2.1126534863780635
1000,36,0.25,,2.089346935561494
1000,36,,0.25,2.134536726178701
1000,37,0.1,0.1,2.0524784313760853
1000,37,0.1,0.25,2.0447976590579966
1000,37,0.1,0.4,2.0425592217616733
1000,37,0.25,0.1,2.055703701218328
1000,37,0.25,0.25,2.0479036696901423
1000,37,0.25,0.4,2.0456779635428974
1000,37,0.4,0.1,2.0568480701422467
1000,37,0.4,0.25,2.0490057238495294
1000,37,0.4,0.4,2.0467845348844373
1000,37,0.25,,2.044460754395476
1000,37,,0.25,2.049611786599261
1000,38,0.1,0.1,1.8560373561517622
1000,38,0.1,0.25,1.87142080508046
1000,38,0.1,0.4,1.8765937359703162
1000,38,0.25,0.1,1.8488715693958933
1000,38,0.25,0.25,1.8680257396747193
1000,38,0.25,0.4,1.8746675180373071
1000,38,0.4,0.1,1.8463290523105185
1000,38,0.4,0.25,1.8668211250114388
1000,38,0.4,0.4,1.8739840701240937
1000,38,0.25,,1.878252360253984
1000,38,,0.25,1.866158660223319
1000,39,0.1,0.1,1.694755799911263
1000,39,0.1,0.25,1.7585598235333408
1000,39,0.1,0.4,1.7815127330034575
1000,39,0.25,0.1,1.7067621620379247
1000,39,0.25,0.25,1.7648677633777052
1000,39,0.25,0.4,1.785872041072078
1000,39,0.4,0.1,1.7110221800764511
1000,39,0.4,0.25,1.7671059048929658
1000,39,0.4,0.4,1.7874187819426188
1000,39,0.25,,1.7972768754711774
1000,39,,0.25,1.7683367465802577
1000,40,0.1,0.1,2.1303865380661655
1000,40,0.1,0.25,2.0841435088228573
1000,40,0.1,0.4,2.067875248889553
1000,40,0.25,0.1,2.1316639637053676
1000,40,0.25,0.25,2.088177505348601
1000,40,0.25,0.4,2.0728936042294555
1000,40,0.4,0.1,2.132117211425907
1000,40,0.4,0.25,2.0896088213280573
1000,40,0.4,0.4,2.0746741838959846
1000,40,0.25,,2.0641005203603773
1000,40,,0.25,2.0903959580498372
1000,41,0.1,0.1,1.8868282909737204
1000,41,0.1,0.25,1.9221761359047231
1000,41,0.1,0.4,1.934705549884736
1000,41,0.25,0.1,1.9170980139996803
1000,41,0.25,0.25,1.9480403034805374
1000,41,0.25,0.4,1.9590498702847639
1000,41,0.4,0.1,1.9278381170176826
1000,41,0.4,0.25,1.957217256437817
1000,41,0.4,0.4,1.9676875611144855
1000,41,0.25,,1.9650891049479438
1000,41,,0.25,1.9622640223304657
1000,42,0.1,0.1,2.18870457888922
1000,42,0.1,0.25,2.160311351784834
1000,42,0.1,0.4,2.150155941221181
1000,42,0.25,0.1,2.201378298796934
1000,42,0.25,0.25,2.1708090745560646
1000,42,0.25,0.4,2.1600575304224257
1000,42,0.4,0.1,2.2058751043115867
1000,42,0.4,0.25,2.17453380715176
1000,42,0.4,0.4,2.163570746845718
1000,42,0.25,,2.154147882709281
1000,42,,0.25,2.176582183503987
1000,43,0.1,0.1,1.9684684368613559
1000,43,0.1,0.25,1.9681287265937595
1000,43,0.1,0.4,1.9679054719384081
1000,43,0.25,0.1,1.9665338668736358
1000,43,0.25,0.25,1.9704559721738675
1000,43,0.25,0.4,1.9718995344008268
1000,43,0.4,0.1,1.9658474555395833
1000,43,0.4,0.25,1.971281710065725
1000,43,0.4,0.4,1.9733166812399279
1000,43,0.25,,1.9726561446205237
1000,43,,0.25,1.9717358156766274
1000,44,0.1,0.1,2.017070091536383
1000,44,0.1,0.25,2.021856896627029
1000,44,0.1,0.4,2.023855622987915
1000,44,0.25,0.1,2.010922520584768
1000,44,0.25,0.25,2.014975600316414
1000,44,0.25,0.4,2.0168918138944862
1000,44,0.4,0.1,2.008741280099872
1000,44,0.4,0.25,2.012534024250124
1000,44,0.4,0.4,2.0144209611880717
1000,44,0.25,,2.017959627309266
1000,44,,0.25,2.0111913059346858
1000,45,0.1,0.1,2.3001216451353965
1000,45,0.1,0.25,2.245512715777786
1000,45,0.1,0.4,2.2252067404944866
1000,45,0.25,0.1,2.313035483801663
1000,45,0.25,0.25,2.2577519171071536
1000,45,0.25,0.4,2.237335189973097
1000,45,0.4,0.1,2.317617486666856
1000,45,0.4,0.25,2.2620945496123386
1000,45,0.4,0.4,2.241638526238751
1000,45,0.25,,2.2260969264914183
1000,45,,0.25,2.2644827333279465
1000,46,0.1,0.1,2.060816440427073
1000,46,0.1,0.25,2.0476078032375136
1000,46,0.1,0.4,2.0429543824401946
1000,46,0.25,0.1,2.059498274868666
1000,46,0.25,0.25,2.0488223334150604
1000,46,0.25,0.4,2.045145578550306
1000,46,0.4,0.1,2.0590305720793167
1000,46,0.4,0.25,2.0492532649836828
1000,46,0.4,0.4,2.0459230442686103
1000,46,0.25,,2.0433648765929844
1000,46,,0.25,2.049490251132866
1000,47,0.1,0.1,2.167899955785569
1000,47,0.1,0.25,2.1376359104544047
1000,47,0.1,0.4,2.1267224116282213
1000,47,0.25,0.1,2.1372150681776017
1000,47,0.25,0.25,2.11356989851494
1000,47,0.25,0.4,2.1051448521317453
1000,47,0.4,0.1,2.126327659207167
1000,47,0.4,0.25,2.105030955253362
1000,47,0.4,0.4,2.0974888451154112
1000,47,0.25,,2.100578212286094
1000,47,,0.25,2.1003350558832334
1000,48,0.1,0.1,2.2659926193400484
1000,48,0.1,0.25,2.2230275634967125
1000,48,0.1,0.4,2.207711213217016
1000,48,0.25,0.1,2.1995639718434967
1000,48,0.25,0.25,2.1668064000995244
1000,48,0.25,0.4,2.155150817535093
1000,48,0.4,0.1,2.1759941982830426
1000,48,0.4,0.25,2.146858378567914
1000,48,0.4,0.4,2.136501685403731
1000,48,0.25,,2.1486863982275395
1000,48,,0.25,2.1358881801632577
1000,49,0.1,0.1,2.1856376827006883
1000,49,0.1,0.25,2.166219284815916
1000,49,0.1,0.4,2.1592926167952458
1000,49,0.25,0.1,2.1447688789463424
1000,49,0.25,0.25,2.1334342856139403
1000,49,0.25,0.4,2.129411907185763
1000,49,0.4,0.1,2.1302680801723413
1000,49,0.4,0.25,2.121801728931067
1000,49,0.4,0.4,2.1188098313365176
1000,49,0.25,,2.1269930563468225
1000,49,,0.25,2.115404530363665
1000,50,0.1,0.1,1.7341356079571744
1000,50,0.1,0.25,1.7912550401665195
1000,50,0.1,0.4,1.8112943677608182
1000,50,0.25,0.1,1.756025531743739
1000,50,0.25,0.25,1.8107196517019235
1000,50,0.25,0.4,1.8299715041797273
1000,50,0.4,0.1,1.7637923697925144
1000,50,0.4,0.25,1.8176259564909152
1000,50,0.4,0.4,1.836598402253698
1000,50,0.25,,1.8408638509138189
1000,50,,0.25,1.8214240040144856
1000,51,0.1,0.1,2.1670576353137214
1000,51,0.1,0.25,2.1373267978504047
1000,51,0.1,0.4,2.126486882265136
1000,51,0.25,0.1,2.133184037011911
1000,51,0.25,0.25,2.1070918329369372
1000,51,0.25,0.4,2.0975944117728558
1000,51,0.4,0.1,2.1211652307929088
1000,51,0.4,0.25,2.096364062562632
1000,51,0.4,0.4,2.0873429763941584
1000,51,0.25,,2.0920177961456687
1000,51,,0.25,2.0904644414268096
1000,52,0.1,0.1,2.1477621736860164
1000,52,0.1,0.25,2.137354354831281
1000,52,0.1,0.4,2.1339923983338798
1000,52,0.25,0.1,2.1330904232959975
1000,52,0.25,0.25,2.127085400476259
1000,52,0.25,0.4,2.1252783754746805
1000,52,0.4,0.1,2.1278846898141257
1000,52,0.4,0.25,2.1234418379776687
1000,52,0.4,0.4,2.1221865234901496
1000,52,0.25,,2.124493976312103
1000,52,,0.25,2.1214381002412743
1000,53,0.1,0.1,1.8188821510994901
1000,53,0.1,0.25,1.8620901678888881
1000,53,0.1,0.4,1.876881896872962
1000,53,0.25,0.1,1.844386182272214
1000,53,0.25,0.25,1.8838467930831722
1000,53,0.25,0.4,1.8974506297329954
1000,53,0.4,0.1,1.8534353540117268
1000,53,0.4,0.25,1.8915663350066407
1000,53,0.4,0.4,1.9047486915513037
1000,53,0.25,,1.9048462305341696
1000,53,,0.25,1.8958116134849756
1000,54,0.1,0.1,1.921058217663232
1000,54,0.1,0.25,1.9370846139805171
1000,54,0.1,0.4,1.9426649558371505
1000,54,0.25,0.1,1.898998256630235
1000,54,0.25,0.25,1.9165464624500492
1000,54,0.25,0.4,1.9227150234455748
1000,54,0.4,0.1,1.891171087089757
1000,54,0.4,0.25,1.9092592512969309
1000,54,0.4,0.4,1.9156365203187395
1000,54,0.25,,1.9262257309124524
1000,54,,0.25,1.9052517284436172
1000,55,0.1,0.1,1.927437381031765
1000,55,0.1,0.25,1.9340322847333387
1000,55,0.1,0.4,1.936013930218866
1000,55,0.25,0.1,1.9241784610015862
1000,55,0.25,0.25,1.933785968529436
1000,55,0.25,0.4,1.9369526348622303
1000,55,0.4,0.1,1.923022152540437
1000,55,0.4,0.25,1.9336985722423063
1000,55,0.4,0.4,1.9372856998382317
1000,55,0.25,,1.9388595595401552
1000,55,,0.25,1.933650509600699
1000,56,0.1,0.1,1.9924052711002347
1000,56,0.1,0.25,1.9995956074372954
1000,56,0.1,0.4,2.0019872843559585
1000,56,0.25,0.1,2.0029363089986236
1000,56,0.25,0.25,2.008805678618564
1000,56,0.25,0.4,2.010896814696372
1000,56,0.4,0.1,2.0066728622474983
1000,56,0.4,0.25,2.0120735351894727
1000,56,0.4,0.4,2.014058035352934
1000,56,0.25,,2.012092127819073
1000,56,,0.25,2.013870657519826
1000,57,0.1,0.1,2.197365558715889
1000,57,0.1,0.25,2.1652496603202955
1000,57,0.1,0.4,2.1535160823830126
1000,57,0.25,0.1,2.182846233752671
1000,57,0.25,0.25,2.152353589039433
1000,57,0.25,0.4,2.141275262980689
1000,57,0.4,0.1,2.177694582853088
1000,57,0.4,0.25,2.1477778902804716
1000,57,0.4,0.4,2.1369320563615557
1000,57,0.25,,2.1348806344006155
1000,57,,0.25,2.1452615343027026
1000,58,0.1,0.1,1.949050545808913
1000,58,0.1,0.25,1.9717406047055501
1000,58,0.1,0.4,1.9792231685259523
1000,58,0.25,0.1,1.9333407619434975
1000,58,0.25,0.25,1.9586901548413562
1000,58,0.25,0.4,1.9672779426632943
1000,58,0.4,0.1,1.9277667202860824
1000,58,0.4,0.25,1.9540596804940187
1000,58,0.4,0.4,1.9630396165898036
1000,58,0.25,,1.9718846445432276
1000,58,,0.25,1.9515132012746401
1000,59,0.1,0.1,2.001800289931156
1000,59,0.1,0.25,2.0105194608852206
1000,59,0.1,0.4,2.013658812465708
1000,59,0.25,0.1,2.000101669819839
1000,59,0.25,0.25,2.00885022616457
1000,59,0.25,0.4,2.012072528548792
1000,59,0.4,0.1,1.999498976661122
1000,59,0.4,0.25,2.00825795933591
1000,59,0.4,0.4,2.011509693775945
1000,59,0.25,,2.0139339783443515
1000,59,,0.25,2.007932248607725
1000,60,0.1,0.1,1.836545585519355
1000,60,0.1,0.25,1.8596513644459005
1000,60,0.1,0.4,1.8674709292728362
1000,60,0.25,0.1,1.8172863144931188
1000,60,0.25,0.25,1.844418736465117
1000,60,0.25,0.4,1.8538484998171723
1000,60,0.4,0.1,1.8104528672661322
1000,60,0.4,0.25,1.839013996104321
1000,60,0.4,0.4,1.8490150794524132
1000,60,0.25,,1.858725174657104
1000,60,,0.25,1.8360417176761257
1000,61,0.1,0.1,1.6885552142168294
1000,61,0.1,0.25,1.7498153445013869
1000,61,0.1,0.4,1.771037220633373
1000,61,0.25,0.1,1.662788348778252
1000,61,0.25,0.25,1.7274820845964816
1000,61,0.25,0.4,1.7500528556194384
1000,61,0.4,0.1,1.6536459199220648
1000,61,0.4,0.25,1.719557944956988
1000,61,0.4,0.4,1.7426073219479294
1000,61,0.25,,1.7625060675334017
1000,61,,0.25,1.7152001501805139
1000,62,0.1,0.1,1.9035328142733818
1000,62,0.1,0.25,1.907926067803322
1000,62,0.1,0.4,1.9085520739610702
1000,62,0.25,0.1,1.9146247769816123
1000,62,0.25,0.25,1.9150728406747952
1000,62,0.25,0.4,1.9144265692020699
1000,62,0.4,0.1,1.9185603538633718
1000,62,0.4,0.25,1.9176086113794049
1000,62,0.4,0.4,1.9165109187685656
1000,62,0.25,,1.9138979339981768
1000,62,,0.25,1.919003131016062
1000,63,0.1,0.1,2.2891840453932337
1000,63,0.1,0.25,2.237389962210941
1000,63,0.1,0.4,2.2190145596461295
1000,63,0.25,0.1,2.2495666516834425
1000,63,0.25,0.25,2.202378669100098
1000,63,0.25,0.4,2.1857012637356346
1000,63,0.4,0.1,2.235509869948671
1000,63,0.4,0.25,2.1899561935299894
1000,63,0.4,0.4,2.173881260307091
1000,63,0.25,,2.1764452973680832
1000,63,,0.25,2.1831245876253575
1000,64,0.1,0.1,2.153028038836308
1000,64,0.1,0.25,2.117137043448004
1000,64,0.1,0.4,2.1046897586293736
1000,64,0.25,0.1,2.0957617525143393
1000,64,0.25,0.25,2.067275142195714
1000,64,0.25,0.4,2.057480036896276
1000,64,0.4,0.1,2.075442907375621
1000,64,0.4,0.25,2.049583472018759
1000,64,0.4,0.4,2.0407293955233814
1000,64,0.25,,2.0520179500853954
1000,64,,0.25,2.039854129605358
1000,65,0.1,0.1,1.973362575924716
1000,65,0.1,0.25,1.982890694651313
1000,65,0.1,0.4,1.9858684715257564
1000,65,0.25,0.1,1.9589416584000072
1000,65,0.25,0.25,1.9687953441520085
1000,65,0.25,0.4,1.9719190074526933
1000,65,0.4,0.1,1.9538249237772078
1000,65,0.4,0.25,1.963794125068915
1000,65,0.4,0.4,1.9669695508269378
1000,65,0.25,,1.973598355839807
1000,65,,0.25,1.9610437587972653
1000,66,0.1,0.1,1.8296552386219387
1000,66,0.1,0.25,1.851212932488031
1000,66,0.1,0.4,1.8582236383954318
1000,66,0.25,0.1,1.8341509798393267
1000,66,0.25,0.25,1.8565307985699495
1000,66,0.25,0.4,1.8639869056631486
1000,66,0.4,0.1,1.835746129017785
1000,66,0.4,0.25,1.8584176486579653
1000,66,0.4,0.4,1.8660317900554664
1000,66,0.25,,1.8678583084603944
1000,66,,0.25,1.859455301429323
1000,67,0.1,0.1,1.8872704932326727
1000,67,0.1,0.25,1.905666856057545
1000,67,0.1,0.4,1.9120911256600557
1000,67,0.25,0.1,1.8814403782806877
1000,67,0.25,0.25,1.8990214200728885
1000,67,0.25,0.4,1.9052283770720486
1000,67,0.4,0.1,1.8793717754349524
1000,67,0.4,0.25,1.8966635304082382
1000,67,0.4,0.4,1.90279338198608
1000,67,0.25,,1.9088914176326763
1000,67,,0.25,1.895366834523059
1000,68,0.1,0.1,2.070999065954875
1000,68,0.1,0.25,2.064241876314673
1000,68,0.1,0.4,2.0618413022765796
1000,68,0.25,0.1,2.071734740382816
1000,68,0.25,0.25,2.064423632327774
1000,68,0.25,0.4,2.061909702026985
1000,68,0.4,0.1,2.071995767519966
1000,68,0.4,0.25,2.064488121794796
1000,68,0.4,0.4,2.061933971174249
1000,68,0.25,,2.060489651377126
1000,68,,0.25,2.0645235870787646
1000,69,0.1,0.1,1.9038418955427483
1000,69,0.1,0.25,1.9304633489610978
1000,69,0.1,0.4,1.9392797647140787
1000,69,0.25,0.1,1.9422798603311815
1000,69,0.25,0.25,1.9602569366024323
1000,69,0.25,0.4,1.9660842286706652
1000,69,0.4,0.1,1.9559181648930062
1000,69,0.4,0.25,1.9708281004108814
1000,69,0.4,0.4,1.975594811373691
1000,69,0.25,,1.9692053348054102
1000,69,,0.25,1.9766415974618567
1000,70,0.1,0.1,1.9205244972446658
1000,70,0.1,0.25,1.952668424864388
1000,70,0.1,0.4,1.963684867480686
1000,70,0.25,0.1,1.9008370003134185
1000,70,0.25,0.25,1.9372434244666294
1000,70,0.25,0.4,1.9499536618566657
1000,70,0.4,0.1,1.893851612801717
1000,70,0.4,0.25,1.9317704277965713
1000,70,0.4,0.4,1.945081646250944
1000,70,0.25,,1.9567146474611352
1000,70,,0.25,1.9287606125503118
1000,71,0.1,0.1,1.9886191019517805
1000,71,0.1,0.25,2.022997345579123
1000,71,0.1,0.4,2.034898343158949
1000,71,0.25,0.1,1.9628279720393111
1000,71,0.25,0.25,1.9981881075408736
1000,71,0.25,0.4,2.0105290108981677
1000,71,0.4,0.1,1.953676933822904
1000,71,0.4,0.25,1.9893854577082197
1000,71,0.4,0.4,2.0018824455253608
1000,71,0.25,,2.01738458317023
1000,71,,0.25,1.9845445357652645
1000,72,0.1,0.1,1.9799289465386556
1000,72,0.1,0.25,1.9810650897498099
1000,72,0.1,0.4,1.981391515258247
1000,72,0.25,0.1,2.044492086808013
1000,72,0.25,0.25,2.0328623549650895
1000,72,0.25,0.4,2.0287849498240793
1000,72,0.4,0.1,2.0673999534265466
1000,72,0.4,0.25,2.051240718189154
1000,72,0.4,0.4,2.045600774969802
1000,72,0.25,,2.026164621570156
1000,72,,0.25,2.0613477000069405
1000,73,0.1,0.1,2.2072210740546185
1000,73,0.1,0.25,2.1808816158174515
1000,73,0.1,0.4,2.1713738412813948
1000,73,0.25,0.1,2.1998907490834525
1000,73,0.25,0.25,2.1712591301420625
1000,73,0.25,0.4,2.1610659105300964
1000,73,0.4,0.1,2.19728985163625
1000,73,0.4,0.25,2.167844943386726
1000,73,0.4,0.4,2.157408518684243
1000,73,0.25,,2.155632131518532
1000,73,,0.25,2.1659673483562
1000,74,0.1,0.1,2.0373240216234216
1000,74,0.1,0.25,2.0220411329415175
1000,74,0.1,0.4,2.016400084547133
1000,74,0.25,0.1,2.0688113684527494
1000,74,0.25,0.25,2.0497708677382085
1000,74,0.25,0.4,2.042920548961448
1000,74,0.4,0.1,2.079983500699236
1000,74,0.4,0.25,2.05960974892397
1000,74,0.4,0.4,2.0523303648243396
1000,74,0.25,,2.0392139676767145
1000,74,,0.25,2.065020535077204
1000,75,0.1,0.1,1.920185876305953
1000,75,0.1,0.25,1.9417545886516123
1000,75,0.1,0.4,1.9493709333067208
1000,75,0.25,0.1,1.945148016841136
1000,75,0.25,0.25,1.9632374618915602
1000,75,0.25,0.4,1.969741403919754
1000,75,0.4,0.1,1.9540049185269486
1000,75,0.4,0.25,1.9708598729563014
1000,75,0.4,0.4,1.9769691196382468
1000,75,0.25,,1.97319798113868
1000,75,,0.25,1.9750517353708041
1000,76,0.1,0.1,2.2669048964055905
1000,76,0.1,0.25,2.2113654706991692
1000,76,0.1,0.4,2.191577538969004
1000,76,0.25,0.1,2.2434392683963944
1000,76,0.25,0.25,2.194322418409844
1000,76,0.25,0.4,2.176861734633563
1000,76,0.4,0.1,2.235113349391957
1000,76,0.4,0.25,2.188275315264184
1000,76,0.4,0.4,2.171640370222007
1000,76,0.25,,2.1671541947370807
1000,76,,0.25,2.1849497763792285
1000,77,0.1,0.1,1.8286193108776392
1000,77,0.1,0.25,1.8590465866017571
1000,77,0.1,0.4,1.8696541144157421
1000,77,0.25,0.1,1.8290622423106064
1000,77,0.25,0.25,1.8577081652397929
1000,77,0.25,0.4,1.867763656664219
1000,77,0.4,0.1,1.8292194003135358
1000,77,0.4,0.25,1.8572332754201315
1000,77,0.4,0.4,1.8670928969421983
1000,77,0.25,,1.8731555164769307
1000,77,,0.25,1.8569721149068557
1000,78,0.1,0.1,1.8439533815999507
1000,78,0.1,0.25,1.8792410374926105
1000,78,0.1,0.4,1.8917378038630719
1000,78,0.25,0.1,1.8561059804952265
1000,78,0.25,0.25,1.8865389010572673
1000,78,0.25,0.4,1.8974454496438753
1000,78,0.4,0.1,1.8604178852972557
1000,78,0.4,0.25,1.8891282807628074
1000,78,0.4,0.4,1.899470598787907
1000,78,0.25,,1.9036150651297232
1000,78,,0.25,1.8905522820889413
1000,79,0.1,0.1,1.928706304995981
1000,79,0.1,0.25,1.9473228182161542
1000,79,0.1,0.4,1.9538659028025804
1000,79,0.25,0.1,1.9142980730558903
1000,79,0.25,0.25,1.9330854077370527
1000,79,0.25,0.4,1.9396998311794156
1000,79,0.4,0.1,1.909185839448363
1000,79,0.4,0.25,1.9280337838710528
1000,79,0.4,0.4,1.934673519294675
1000,79,0.25,,1.943199735512983
1000,79,,0.25,1.9252556980349267
1000,80,0.1,0.1,1.9353819336021685
1000,80,0.1,0.25,1.9496188233071998
1000,80,0.1,0.4,1.9541596284952745
1000,80,0.25,0.1,1.9074969003854996
1000,80,0.25,0.25,1.9271233321511176
1000,80,0.25,0.4,1.933693837713118
1000,80,0.4,0.1,1.8976029172410025
1000,80,0.4,0.25,1.9191416306915543
1000,80,0.4,0.4,1.9264323011223559
1000,80,0.25,,1.9371151551783095
1000,80,,0.25,1.9147521804155267
1000,81,0.1,0.1,1.9478568855646572
1000,81,0.1,0.25,1.9668423760145404
1000,81,0.1,0.4,1.9734216260986432
1000,81,0.25,0.1,1.9188605469917681
1000,81,0.25,0.25,1.9419473711352415
1000,81,0.25,0.4,1.9501035189618399
1000,81,0.4,0.1,1.9085722578273572
1000,81,0.4,0.25,1.9331142900790315
1000,81,0.4,0.4,1.9418299423381191
1000,81,0.25,,1.9545093919651917
1000,81,,0.25,1.9282566328142503
1000,82,0.1,0.1,2.0249362395393455
1000,82,0.1,0.25,2.044190741802183
1000,82,0.1,0.4,2.0505150040148488
1000,82,0.25,0.1,2.0174001862206987
1000,82,0.25,0.25,2.035351779579284
1000,82,0.25,0.4,2.0413620721173085
1000,82,0.4,0.1,2.014726293601265
1000,82,0.4,0.25,2.0322155974356697
1000,82,0.4,0.4,2.0381144893293177
1000,82,0.25,,2.0448349959178445
1000,82,,0.25,2.030490888030576
1000,83,0.1,0.1,2.0179074070876424
1000,83,0.1,0.25,2.0142410884713047
1000,83,0.1,0.4,2.0121537038523556
1000,83,0.25,0.1,2.045852347840095
1000,83,0.25,0.25,2.037317937259722
1000,83,0.25,0.4,2.033548744210165
1000,83,0.4,0.1,2.0557675869804046
1000,83,0.4,0.25,2.045505912191171
1000,83,0.4,0.4,2.041139990992309
1000,83,0.25,,2.0312708748189863
1000,83,,0.25,2.050008800329125
1000,84,0.1,0.1,1.9756403296697187
1000,84,0.1,0.25,2.003654420964692
1000,84,0.1,0.4,2.0141894395915054
1000,84,0.25,0.1,1.990432782395418
1000,84,0.25,0.25,2.014696326843823
1000,84,0.25,0.4,2.0239930104426063
1000,84,0.4,0.1,1.9956813426821005
1000,84,0.4,0.25,2.018614142892395
1000,84,0.4,0.4,2.027471448642877
1000,84,0.25,,2.0293265685650677
1000,84,,0.25,2.0207687033984425
1000,85,0.1,0.1,2.134675203025379
1000,85,0.1,0.25,2.1145822703177335
1000,85,0.1,0.4,2.1073861874726645
1000,85,0.25,0.1,2.0984614867041538
1000,85,0.25,0.25,2.0809696718011765
1000,85,0.25,0.4,2.0747854103038805
1000,85,0.4,0.1,2.085612375279477
1000,85,0.4,0.25,2.069043471800569
1000,85,0.4,0.4,2.0632182180649754
1000,85,0.25,,2.071019099432572
1000,85,,0.25,2.0624847872707304
1000,86,0.1,0.1,1.864427422322427
1000,86,0.1,0.25,1.8923447370051845
1000,86,0.1,0.4,1.9020736796892241
1000,86,0.25,0.1,1.8752683830027184
1000,86,0.25,0.25,1.9036739557020248
1000,86,0.25,0.4,1.913628302142493
1000,86,0.4,0.1,1.8791149010042403
1000,86,0.4,0.25,1.9076937141852195
1000,86,0.4,0.4,1.9177280368964515
1000,86,0.25,,1.9189228189698762
1000,86,,0.25,1.9099043368291522
1000,87,0.1,0.1,1.952316091383757
1000,87,0.1,0.25,1.9655096612801142
1000,87,0.1,0.4,1.9706062272320655
1000,87,0.25,0.1,1.9185849868632419
1000,87,0.25,0.25,1.9352607801720543
1000,87,0.25,0.4,1.941647208405973
1000,87,0.4,0.1,1.9066167393457258
1000,87,0.4,0.25,1.9245280721455802
1000,87,0.4,0.4,1.9313721607874084
1000,87,0.25,,1.9453000032100558
1000,87,,0.25,1.9186257356014225
1000,88,0.1,0.1,1.9727954920264223
1000,88,0.1,0.25,1.9835122803305352
1000,88,0.1,0.4,1.9869680956520201
1000,88,0.25,0.1,1.9949287964996316
1000,88,0.25,0.25,2.0033050045170304
1000,88,0.25,0.4,2.006111381020726
1000,88,0.4,0.1,2.0027819892747094
1000,88,0.4,0.25,2.0103277280678062
1000,88,0.4,0.4,2.0129036749834617
1000,88,0.25,,2.007822621087828
1000,88,,0.25,2.0141897988286073
1000,89,0.1,0.1,2.3953887289814446
1000,89,0.1,0.25,2.3123447249424345
1000,89,0.1,0.4,2.2823073592844243
1000,89,0.25,0.1,2.3830446844750717
1000,89,0.25,0.25,2.301252022724052
1000,89,0.25,0.4,2.2717601917570738
1000,89,0.4,0.1,2.3786648522069154
1000,89,0.4,0.25,2.2973161834541895
1000,89,0.4,0.4,2.26801791549988
1000,89,0.25,,2.255461332686383
1000,89,,0.25,2.295151711272785
1000,90,0.1,0.1,2.05638379082363
1000,90,0.1,0.25,2.0618133868709188
1000,90,0.1,0.4,2.063714327815974
1000,90,0.25,0.1,2.09191403564952
1000,90,0.25,0.25,2.089625429831226
1000,90,0.25,0.4,2.088883753997289
1000,90,0.4,0.1,2.104520642236493
1000,90,0.4,0.25,2.0994935150554825
1000,90,0.4,0.4,2.0978142034057456
1000,90,0.25,,2.088243994018714
1000,90,,0.25,2.1049203616534067
1000,91,0.1,0.1,2.052044289373477
1000,91,0.1,0.25,2.047195797193335
1000,91,0.1,0.4,2.0456272816172
1000,91,0.25,0.1,2.042400259881058
1000,91,0.25,0.25,2.0384051200416793
1000,91,0.25,0.4,2.037220432689206
1000,91,0.4,0.1,2.0389784290909834
1000,91,0.4,0.25,2.035286070087842
1000,91,0.4,0.4,2.0342375701282895
1000,91,0.25,,2.0365755367113696
1000,91,,0.25,2.0335707823449742
1000,92,0.1,0.1,1.9340342177813594
1000,92,0.1,0.25,1.9365961406876253
1000,92,0.1,0.4,1.937691692697882
1000,92,0.25,0.1,1.9574099380892611
1000,92,0.25,0.25,1.9547764573158397
1000,92,0.25,0.4,1.9540620353898428
1000,92,0.4,0.1,1.9657039566374839
1000,92,0.4,0.25,1.961227077076036
1000,92,0.4,0.4,1.9598704521632921
1000,92,0.25,,1.9533783704119005
1000,92,,0.25,1.9647745255530797
1000,93,0.1,0.1,2.0259492611250844
1000,93,0.1,0.25,2.037419260846893
1000,93,0.1,0.4,2.0416590415637432
1000,93,0.25,0.1,2.045885460396178
1000,93,0.25,0.25,2.053536367810471
1000,93,0.25,0.4,2.0565112887723846
1000,93,0.4,0.1,2.0529590908279896
1000,93,0.4,0.25,2.059254933156858
1000,93,0.4,0.4,2.0617810649422172
1000,93,0.25,,2.058263170468532
1000,93,,0.25,2.062399796237161
1000,94,0.1,0.1,1.9749416664127128
1000,94,0.1,0.25,1.9833550317843127
1000,94,0.1,0.4,1.986589799419417
1000,94,0.25,0.1,2.0532847929925375
1000,94,0.25,0.25,2.0481062087920074
1000,94,0.25,0.4,2.0466041517909566
1000,94,0.4,0.1,2.0810819832574805
1000,94,0.4,0.25,2.0710807933629702
1000,94,0.4,0.4,2.06789804755856
1000,94,0.25,,2.045742662057401
1000,94,,0.25,2.0837154173335044
1000,95,0.1,0.1,2.01947070470379
1000,95,0.1,0.25,2.017649603224332
1000,95,0.1,0.4,2.0165349215405723
1000,95,0.25,0.1,2.000205860497196
1000,95,0.25,0.25,2.0027552607160324
1000,95,0.25,0.4,2.003259128642299
1000,95,0.4,0.1,1.9933704358311977
1000,95,0.4,0.25,1.997470548570257
1000,95,0.4,0.4,1.9985486995692994
1000,95,0.25,,2.003570343011587
1000,95,,0.25,1.9945642783590092
1000,96,0.1,0.1,1.939496194292839
1000,96,0.1,0.25,1.9249150530097945
1000,96,0.1,0.4,1.919964289055648
1000,96,0.25,0.1,1.962473584186134
1000,96,0.25,0.25,1.9452327058012593
1000,96,0.25,0.4,1.9394259649584242
1000,96,0.4,0.1,1.9706262697699155
1000,96,0.4,0.25,1.9524416810494702
1000,96,0.4,0.4,1.9463312281456537
1000,96,0.25,,1.9365345132336471
1000,96,,0.25,1.9564061789141733
1000,97,0.1,0.1,2.1931053863362377
1000,97,0.1,0.25,2.15068032002408
1000,97,0.1,0.4,2.135447589166466
1000,97,0.25,0.1,2.1701437359586557
1000,97,0.25,0.25,2.1296605078065545
1000,97,0.25,0.4,2.1152487623865666
1000,97,0.4,0.1,2.16199663496579
1000,97,0.4,0.25,2.122202396992601
1000,97,0.4,0.4,2.1080819481982482
1000,97,0.25,,2.107453103973855
1000,97,,0.25,2.1181008897216507
1000,98,0.1,0.1,2.1123699613578397
1000,98,0.1,0.25,2.1044293190404044
1000,98,0.1,0.4,2.1018381495695726
1000,98,0.25,0.1,2.102097704414491
1000,98,0.25,0.25,2.0981649360158645
1000,98,0.25,0.4,2.0970642040356307
1000,98,0.4,0.1,2.0984529701133434
1000,98,0.4,0.25,2.09594224904347
1000,98,0.4,0.4,2.0953703442407154
1000,98,0.25,,2.0964889627972743
1000,98,,0.25,2.0947199064146544
1000,99,0.1,0.1,1.9028334841278178
1000,99,0.1,0.25,1.9294958992700262
1000,99,0.1,0.4,1.9388238140893155
1000,99,0.25,0.1,1.9166653233142623
1000,99,0.25,0.25,1.939774235489325
1000,99,0.25,0.4,1.9479894310377017
1000,99,0.4,0.1,1.9215730450553388
1000,99,0.4,0.25,1.9434211267989767
1000,99,0.4,0.4,1.9512415146515756
1000,99,0.25,,1.9523205704759743
1000,99,,0.25,1.9454266951789634
1000,100,0.1,0.1,1.8664595028000441
1000,100,0.1,0.25,1.8960168082442965
1000,100,0.1,0.4,1.9065251336321007
1000,100,0.25,0.1,1.8542363357539906
1000,100,0.25,0.25,1.8852890757841443
1000,100,0.25,0.4,1.8963512822440778
1000,100,0.4,0.1,1.8498993924272125
1000,100,0.4,0.25,1.8814827326711665
1000,100,0.4,0.4,1.8927414635515347
1000,100,0.25,,1.9023345772897378
1000,100,,0.25,1.8793894754988
1000,101,0.1,0.1,1.9372167359215944
1000,101,0.1,0.25,1.9457896112201447
1000,101,0.1,0.4,1.9485404742659471
1000,101,0.25,0.1,1.9511840838060006
1000,101,0.25,0.25,1.9591422003725718
1000,101,0.25,0.4,1.9617219665131016
1000,101,0.4,0.1,1.956139885847471
1000,101,0.4,0.25,1.963879877784788
1000,101,0.4,0.4,1.9663989364524708
1000,101,0.25,,1.962894198919904
1000,101,,0.25,1.9664853121686896
1000,102,0.1,0.1,1.933052736049218
1000,102,0.1,0.25,1.9445819568369238
1000,102,0.1,0.4,1.947928039661201
1000,102,0.25,0.1,1.8938270898126166
1000,102,0.25,0.25,1.9118969722077195
1000,102,0.25,0.4,1.9176864933806463
1000,102,0.4,0.1,1.8799093053265308
1000,102,0.4,0.25,1.9002999020343838
1000,102,0.4,0.4,1.906956387849179
1000,102,0.25,,1.9207549574031282
1000,102,,0.25,1.8939222188885843
1000,103,0.1,0.1,2.0948573818920075
1000,103,0.1,0.25,2.0771651014968207
1000,103,0.1,0.4,2.070742662866538
1000,103,0.25,0.1,2.1143120167284652
1000,103,0.25,0.25,2.091556099941239
1000,103,0.25,0.4,2.0834696215584336
1000,103,0.4,0.1,2.12121478165109
1000,103,0.4,0.25,2.0966622188737585
1000,103,0.4,0.4,2.0879853169065403
1000,103,0.25,,2.078951727407786
1000,103,,0.25,2.099470273681537
1000,104,0.1,0.1,1.8936023442807126
1000,104,0.1,0.25,1.9057606378831178
1000,104,0.1,0.4,1.9098814139098397
1000,104,0.25,0.1,1.8807751456772146
1000,104,0.25,0.25,1.8971560184043708
1000,104,0.25,0.4,1.9029304084955239
1000,104,0.4,0.1,1.8762238838663352
1000,104,0.4,0.25,1.8941029842040513
1000,104,0.4,0.4,1.9004640987058896
1000,104,0.25,,1.9061127147485952
1000,104,,0.25,1.8924240011098818
1000,105,0.1,0.1,1.9524956463055987
1000,105,0.1,0.25,1.9509605325664674
1000,105,0.1,0.4,1.9496290597207913
1000,105,0.25,0.1,1.9461421820271791
1000,105,0.25,0.25,1.9455313695237202
1000,105,0.25,0.4,1.9446749710996674
1000,105,0.4,0.1,1.943887887833179
1000,105,0.4,0.25,1.9436050297838214
1000,105,0.4,0.4,1.9429171941254428
1000,105,0.25,,1.9441569222127213
1000,105,,0.25,1.9425456601060829
1000,106,0.1,0.1,2.1596779765443355
1000,106,0.1,0.25,2.1448813775914006
1000,106,0.1,0.4,2.1391675638362977
1000,106,0.25,0.1,2.1646998626329985
1000,106,0.25,0.25,2.1493620659174484
1000,106,0.25,0.4,2.143432270529771
1000,106,0.4,0.1,2.1664816950564623
1000,106,0.4,0.25,2.1509518741285127
1000,106,0.4,0.4,2.144945445565769
1000,106,0.25,,2.140116701687125
1000,106,,0.25,2.1518261719365976
1000,107,0.1,0.1,2.079623556792977
1000,107,0.1,0.25,2.080260161891405
1000,107,0.1,0.4,2.08058536214338
1000,107,0.25,0.1,2.0657115973834848
1000,107,0.25,0.25,2.0696299643705687
1000,107,0.25,0.4,2.0712063989346383
1000,107,0.4,0.1,2.060775447914523
1000,107,0.4,0.25,2.065858227959979
1000,107,0.4,0.4,2.0678786172110475
1000,107,0.25,,2.0718202766060276
1000,107,,0.25,2.0637840023688008
1000,108,0.1,0.1,2.1250399646267017
1000,108,0.1,0.25,2.0985846044232144
1000,108,0.1,0.4,2.0894590206387065
1000,108,0.25,0.1,2.1152146410473156
1000,108,0.25,0.25,2.0918563826360694
1000,108,0.25,0.4,2.0840338576433313
1000,108,0.4,0.1,2.111728484687797
1000,108,0.4,0.25,2.0894691194602575
1000,108,0.4,0.4,2.082108937173798
1000,108,0.25,,2.079701193256963
1000,108,,0.25,2.0881562699307294
1000,109,0.1,0.1,2.0853042171363305
1000,109,0.1,0.25,2.0818909540765347
1000,109,0.1,0.4,2.0803693117783815
1000,109,0.25,0.1,2.028478297157159
1000,109,0.25,0.25,2.0310328148700854
1000,109,0.25,0.4,2.031752625318441
1000,109,0.4,0.1,2.0083156998930334
1000,109,0.4,0.25,2.0129876661281325
1000,109,0.4,0.4,2.0145027740222834
1000,109,0.25,,2.0320889687073946
1000,109,,0.25,2.0030639320060764
1000,110,0.1,0.1,2.0115435307813936
1000,110,0.1,0.25,2.0301729218288718
1000,110,0.1,0.4,2.0357578129085603
1000,110,0.25,0.1,1.9829940096353202
1000,110,0.25,0.25,2.0048898095630316
1000,110,0.25,0.4,2.0117198119506905
1000,110,0.4,0.1,1.9728642572764863
1000,110,0.4,0.25,1.9959190228096158
1000,110,0.4,0.4,2.003190807360429
1000,110,0.25,,2.0148902437544343
1000,110,,0.25,1.9909856357880067
1000,111,0.1,0.1,1.8765447642941264
1000,111,0.1,0.25,1.9111177342907126
1000,111,0.1,0.4,1.9233164087813006
1000,111,0.25,0.1,1.8639668160209124
1000,111,0.25,0.25,1.9008373173198605
1000,111,0.25,0.4,1.9139162276947843
1000,111,0.4,0.1,1.8595039915644884
1000,111,0.4,0.25,1.897189687731698
1000,111,0.4,0.4,1.9105809175840684
1000,111,0.25,,1.9210647389102022
1000,111,,0.25,1.89518371334344
1000,112,0.1,0.1,1.9692907867284246
1000,112,0.1,0.25,1.9941441442275676
1000,112,0.1,0.4,2.0031049203227687
1000,112,0.25,0.1,1.968386820461402
1000,112,0.25,0.25,1.9910311862887906
1000,112,0.25,0.4,1.9993400797842542
1000,112,0.4,0.1,1.9680660811264465
1000,112,0.4,0.25,1.989926667131992
1000,112,0.4,0.4,1.9980042639528601
1000,112,0.25,,2.0034544476282914
1000,112,,0.25,1.9893192487836295
1000,113,0.1,0.1,1.9746807871943097
1000,113,0.1,0.25,1.9804587644803777
1000,113,0.1,0.4,1.9822452081980309
1000,113,0.25,0.1,2.004989962870051
1000,113,0.25,0.25,2.003529345500164
1000,113,0.25,0.4,2.002929070094612
1000,113,0.4,0.1,2.0157440642164364
1000,113,0.4,0.25,2.011715096543382
1000,113,0.4,0.4,2.0102679812365767
1000,113,0.25,,2.0024212637865535
1000,113,,0.25,2.0162167616780886
1000,114,0.1,0.1,2.0245810663863155
1000,114,0.1,0.25,2.005599506759231
1000,114,0.1,0.4,1.998382770662745
1000,114,0.25,0.1,2.0341668715504952
1000,114,0.25,0.25,2.0140355331582276
1000,114,0.25,0.4,2.006594927847824
1000,114,0.4,0.1,2.0375680435693306
1000,114,0.4,0.25,2.0170287482765197
1000,114,0.4,0.4,2.0095087111715806
1000,114,0.25,,2.0025766722577614
1000,114,,0.25,2.0186748345143677
1000,115,0.1,0.1,1.8075681612053323
1000,115,0.1,0.25,1.8335187366042445
1000,115,0.1,0.4,1.8423040601132976
1000,115,0.25,0.1,1.8341307461923477
1000,115,0.25,0.25,1.85738014520068
1000,115,0.25,0.4,1.8653128771156788
1000,115,0.4,0.1,1.8435555069983958
1000,115,0.4,0.25,1.8658464924566682
1000,115,0.4,0.4,1.8734767134585493
1000,115,0.25,,1.8697852863128295
1000,115,,0.25,1.8705024684397364
1000,116,0.1,0.1,2.1834264203279945
1000,116,0.1,0.25,2.1426839730495435
1000,116,0.1,0.4,2.1278507069525303
1000,116,0.25,0.1,2.1881505157466963
1000,116,0.25,0.25,2.149989697037372
1000,116,0.25,0.4,2.136135563286256
1000,116,0.4,0.1,2.189826688053269
1000,116,0.4,0.25,2.1525818657262983
1000,116,0.4,0.4,2.1390751412413382
1000,116,0.25,,2.1284637801170283
1000,116,,0.25,2.1540074008236405
1000,117,0.1,0.1,1.9209842852641696
1000,117,0.1,0.25,1.9392668205508565
1000,117,0.1,0.4,1.9455254116260003
1000,117,0.25,0.1,1.9168876396274024
1000,117,0.25,0.25,1.9352929002248456
1000,117,0.25,0.4,1.941679076523415
1000,117,0.4,0.1,1.9154340949045323
1000,117,0.4,0.25,1.9338829000854294
1000,117,0.4,0.4,1.9403143453295384
1000,117,0.25,,1.9453435926054279
1000,117,,0.25,1.9331074857790296
1000,118,0.1,0.1,2.1057637045477042
1000,118,0.1,0.25,2.0971280162149655
1000,118,0.1,0.4,2.0941886932763674
1000,118,0.25,0.1,2.080139705356164
1000,118,0.25,0.25,2.0758943674208115
1000,118,0.25,0.4,2.074587349237649
1000,118,0.4,0.1,2.071047967357295
1000,118,0.4,0.25,2.0683603845263625
1000,118,0.4,0.4,2.0676325299257376
1000,118,0.25,,2.073844305478141
1000,118,,0.25,2.064217152226436
1000,119,0.1,0.1,2.0147360132662517
1000,119,0.1,0.25,2.024505250096126
1000,119,0.1,0.4,2.028293574568649
1000,119,0.25,0.1,2.056534095189671
1000,119,0.25,0.25,2.0587617757729135
1000,119,0.25,0.4,2.059972163217766
1000,119,0.4,0.1,2.071364614300382
1000,119,0.4,0.25,2.070916449751661
1000,119,0.4,0.4,2.071212150622496
1000,119,0.25,,2.0608937776412075
1000,119,,0.25,2.07760078107141
2000,0,0.1,0.1,1.8910264432021349
2000,0,0.1,0.25,1.890870591456747
2000,0,0.1,0.4,1.8905605548569744
2000,0,0.25,0.1,1.9101471393798815
2000,0,0.25,0.25,1.9057653891703252
2000,0,0.25,0.4,1.9041705964693811
2000,0,0.4,0.1,1.91626147398093
2000,0,0.4,0.25,1.9105283840000715
2000,0,0.4,0.4,1.9085227574774777
2000,0,0.25,,1.9032736856832384
2000,0,,0.25,1.912767483991287
2000,1,0.1,0.1,2.0819685370220693
2000,1,0.1,0.25,2.072830592967021
2000,1,0.1,0.4,2.0698857037390965
2000,1,0.25,0.1,2.079384194780424
2000,1,0.25,0.25,2.070403051005847
2000,1,0.25,0.4,2.0675506235068597
2000,1,0.4,0.1,2.0785577848504637
2000,1,0.4,0.25,2.0696267820002245
2000,1,0.4,0.4,2.0668039215182157
2000,1,0.25,,2.066149643578886
2000,1,,0.25,2.0692618553131714
2000,2,0.1,0.1,2.1285830044244456
2000,2,0.1,0.25,2.1020202675860573
2000,2,0.1,0.4,2.0932880786239756
2000,2,0.25,0.1,2.120603583396115
2000,2,0.25,0.25,2.095563058406656
2000,2,0.25,0.4,2.0874579253802366
2000,2,0.4,0.1,2.11805195820233
2000,2,0.4,0.25,2.0934981996198836
2000,2,0.4,0.4,2.085593583863786
2000,2,0.25,,2.0837055253340484
2000,2,,0.25,2.092527502515102
2000,3,0.1,0.1,2.000230175287723
2000,3,0.1,0.25,2.007510890071422
2000,3,0.1,0.4,2.0095354373659022
2000,3,0.25,0.1,2.000552296548286
2000,3,0.25,0.25,2.0080596325191196
2000,3,0.25,0.4,2.0103068982111933
2000,3,0.4,0.1,2.0006553031099132
2000,3,0.4,0.25,2.0082351070365654
2000,3,0.4,0.4,2.0105535926670783
2000,3,0.25,,2.0112954946653976
2000,3,,0.25,2.008317598201162
2000,4,0.1,0.1,2.004122845622585
2000,4,0.1,0.25,2.003170076986998
2000,4,0.1,0.4,2.002660192255932
2000,4,0.25,0.1,2.030310849044482
2000,4,0.25,0.25,2.0247253851323146
2000,4,0.25,0.4,2.022799022984303
2000,4,0.4,0.1,2.0386851369870542
2000,4,0.4,0.25,2.03161824955545
2000,4,0.4,0.4,2.029238932305725
2000,4,0.25,,2.0217415201580975
2000,4,,0.25,2.034858608451686
2000,5,0.1,0.1,1.9930631254044047
2000,5,0.1,0.25,1.992972250151294
2000,5,0.1,0.4,1.992527429087544
2000,5,0.25,0.1,1.992099350281344
2000,5,0.25,0.25,1.9912753378615593
2000,5,0.25,0.4,1.9906724281606003
2000,5,0.4,0.1,1.9917911583866672
2000,5,0.4,0.25,1.9907327064933487
2000,5,0.4,0.4,1.9900792438828336
2000,5,0.25,,1.9903836840109026
2000,5,,0.25,1.9904776136504576
2000,6,0.1,0.1,1.953000042327783
2000,6,0.1,0.25,1.9546373462398834
2000,6,0.1,0.4,1.955036716259723
2000,6,0.25,0.1,1.95936187508651
2000,6,0.25,0.25,1.9613915243434308
2000,6,0.25,0.4,1.962007362685147
2000,6,0.4,0.1,1.961396234808623
2000,6,0.4,0.25,1.9635513465850618
2000,6,0.4,0.4,1.964236406242685
2000,6,0.25,,1.9622234062023896
2000,6,,0.25,1.964566686331404
2000,7,0.1,0.1,1.8922485254171744
2000,7,0.1,0.25,1.9182751894594239
2000,7,0.1,0.4,1.926764434939856
2000,7,0.25,0.1,1.9081925958581365
2000,7,0.25,0.25,1.9305407574186824
2000,7,0.25,0.4,1.9379090509685784
2000,7,0.4,0.1,1.9132911226414968
2000,7,0.4,0.25,1.9344629883812816
2000,7,0.4,0.4,1.9414728287079646
2000,7,0.25,,1.9413230207270737
2000,7,,0.25,1.9363068424327396
2000,8,0.1,0.1,1.9183063412079753
2000,8,0.1,0.25,1.9362248682556458
2000,8,0.1,0.4,1.9417729212338062
2000,8,0.25,0.1,1.9375181751061181
2000,8,0.25,0.25,1.9518240354371919
2000,8,0.25,0.4,1.9563502055792377
2000,8,0.4,0.1,1.9436616533383453
2000,8,0.4,0.25,1.9568122705285838
2000,8,0.4,0.4,1.961011667339523
2000,8,0.25,,1.9583468477276846
2000,8,,0.25,1.9591572567291906
2000,9,0.1,0.1,2.0541359553379492
2000,9,0.1,0.25,2.0487565931315515
2000,9,0.1,0.4,2.0466392533456257
2000,9,0.25,0.1,2.040278161028571
2000,9,0.25,0.25,2.0358413951874907
2000,9,0.25,0.4,2.0340936299562142
2000,9,0.4,0.1,2.0358467747206466
2000,9,0.4,0.25,2.0317114283215
2000,9,0.4,0.4,2.030081844063665
2000,9,0.25,,2.0331816142764296
2000,9,,0.25,2.0297699169187147
2000,10,0.1,0.1,1.9706707507066235
2000,10,0.1,0.25,1.979680575624159
2000,10,0.1,0.4,1.9826475806449955
2000,10,0.25,0.1,1.9502050246715708
2000,10,0.25,0.25,1.963680573608921
2000,10,0.25,0.4,1.9681576449486817
2000,10,0.4,0.1,1.9436605821644333
2000,10,0.4,0.25,1.958564161265501
2000,10,0.4,0.4,1.963524115166536
2000,10,0.25,,1.9703338831052772
2000,10,,0.25,1.9561589185048616
2000,11,0.1,0.1,2.0718896682032426
2000,11,0.1,0.25,2.0581755512142843
2000,11,0.1,0.4,2.0538804306382032
2000,11,0.25,0.1,2.0249053719534795
2000,11,0.25,0.25,2.016274182199229
2000,11,0.25,0.4,2.0137029601268988
2000,11,0.4,0.1,2.009880934265892
2000,11,0.4,0.25,2.002875141284692
2000,11,0.4,0.4,2.0008551801168912
2000,11,0.25,,2.0124022166759294
2000,11,,0.25,1.9965762067977864
2000,12,0.1,0.1,1.9550753961662046
2000,12,0.1,0.25,1.9631709237540373
2000,12,0.1,0.4,1.965650463767332
2000,12,0.25,0.1,1.9421379899606557
2000,12,0.25,0.25,1.9514386052378332
2000,12,0.25,0.4,1.9543516265068899
2000,12,0.4,0.1,1.9380009214316096
2000,12,0.4,0.25,1.9476868945057917
2000,12,0.4,0.4,1.9507385325603666
2000,12,0.25,,1.9557701749194703
2000,12,,0.25,1.9459232025918944
2000,13,0.1,0.1,1.8666991094837249
2000,13,0.1,0.25,1.892644818429136
2000,13,0.1,0.4,1.9010041555587205
2000,13,0.25,0.1,1.8961771979747424
2000,13,0.25,0.25,1.918407233775231
2000,13,0.25,0.4,1.9256585034797309
2000,13,0.4,0.1,1.9056035752759608
2000,13,0.4,0.25,1.9266454289796786
2000,13,0.4,0.4,1.9335423656131174
2000,13,0.25,,1.9290050555850298
2000,13,,0.25,1.9305182324298757
2000,14,0.1,0.1,2.104237075584422
2000,14,0.1,0.25,2.0830359924386874
2000,14,0.1,0.4,2.076160954353229
2000,14,0.25,0.1,2.0881730747849625
2000,14,0.25,0.25,2.06986835566692
2000,14,0.25,0.4,2.0640093610038175
2000,14,0.4,0.1,2.0830361971835223
2000,14,0.4,0.25,2.06565766499022
2000,14,0.4,0.4,2.060123576355419
2000,14,0.25,,2.061232362819281
2000,14,,0.25,2.0636782050507865
2000,15,0.1,0.1,1.9740831473895146
2000,15,0.1,0.25,1.969713054408497
2000,15,0.1,0.4,1.9681920855279054
2000,15,0.25,0.1,1.9913050540124673
2000,15,0.25,0.25,1.9848470657302149
2000,15,0.25,0.4,1.98276715807996
2000,15,0.4,0.1,1.996812201795261
2000,15,0.4,0.25,1.9896865552664134
2000,15,0.4,0.4,1.987427912562401
2000,15,0.25,,1.9817228694064064
2000,15,,0.25,1.991961615678051
2000,16,0.1,0.1,1.8664810420156923
2000,16,0.1,0.25,1.896238125283467
2000,16,0.1,0.4,1.9059627670228425
2000,16,0.25,0.1,1.868741602999671
2000,16,0.25,0.25,1.8950160701471446
2000,16,0.25,0.4,1.9036382458569947
2000,16,0.4,0.1,1.8694644755412164
2000,16,0.4,0.25,1.8946252865723756
2000,16,0.4,0.4,1.9028949204015255
2000,16,0.25,,1.9076928145839518
2000,16,,0.25,1.8944415778911554
2000,17,0.1,0.1,2.0988107854459837
2000,17,0.1,0.25,2.081890628854555
2000,17,0.1,0.4,2.076654314535897
2000,17,0.25,0.1,2.1314066750039258
2000,17,0.25,0.25,2.110020340576555
2000,17,0.25,0.4,2.103465747170064
2000,17,0.4,0.1,2.1418300494210163
2000,17,0.4,0.25,2.119015539710545
2000,17,0.4,0.4,2.112039392644833
2000,17,0.25,,2.1005091324973972
2000,17,,0.25,2.123244213270322
2000,18,0.1,0.1,2.139112551495882
2000,18,0.1,0.25,2.1030978881851916
2000,18,0.1,0.4,2.091253229403818
2000,18,0.25,0.1,2.1314295953185054
2000,18,0.25,0.25,2.0986486563079065
2000,18,0.25,0.4,2.0879305068201996
2000,18,0.4,0.1,2.128972772389205
2000,18,0.4,0.25,2.0972258999311255
2000,18,0.4,0.4,2.086867980776491
2000,18,0.25,,2.0829116348691206
2000,18,,0.25,2.0965570573426655
2000,19,0.1,0.1,2.009468571839046
2000,19,0.1,0.25,2.012507986111385
2000,19,0.1,0.4,2.013281298408402
2000,19,0.25,0.1,2.0285909233819495
2000,19,0.25,0.25,2.0267519973303645
2000,19,0.25,0.4,2.0260726091470325
2000,19,0.4,0.1,2.0347057873286016
2000,19,0.4,0.25,2.0313068864329535
2000,19,0.4,0.4,2.0301629598913213
2000,19,0.25,,2.0257566857252685
2000,19,,0.25,2.033448155217438
2000,20,0.1,0.1,1.96121083619699
2000,20,0.1,0.25,1.9825042533864237
2000,20,0.1,0.4,1.9893174450257183
2000,20,0.25,0.1,1.9671115715595509
2000,20,0.25,0.25,1.9827525862826165
2000,20,0.25,0.4,1.987841810667674
2000,20,0.4,0.1,1.9689984835246563
2000,20,0.4,0.25,1.9828319971160744
2000,20,0.4,0.4,1.9873699386118653
2000,20,0.25,,1.9901580303728437
2000,20,,0.25,1.982869328417672
2000,21,0.1,0.1,2.1318997955172136
2000,21,0.1,0.25,2.0978656584662385
2000,21,0.1,0.4,2.086892747516643
2000,21,0.25,0.1,2.1406951482511185
2000,21,0.25,0.25,2.105636849308604
2000,21,0.25,0.4,2.094382085133048
2000,21,0.4,0.1,2.143507688602653
2000,21,0.4,0.25,2.1081218875424166
2000,21,0.4,0.4,2.0967769935454434
2000,21,0.25,,2.0889812767638314
2000,21,,0.25,2.1092901124274723
2000,22,0.1,0.1,1.9932050175834943
2000,22,0.1,0.25,2.007979578459769
2000,22,0.1,0.4,2.012494948959351
2000,22,0.25,0.1,1.9827214606494468
2000,22,0.25,0.25,1.9968939540851576
2000,22,0.25,0.4,2.001264474853111
2000,22,0.4,0.1,1.9793690735654181
2000,22,0.4,0.25,1.9933490404450986
2000,22,0.4,0.4,1.9976732417842087
2000,22,0.25,,2.003359385066826
2000,22,,0.25,1.9916825645441076
2000,23,0.1,0.1,2.1979495325086447
2000,23,0.1,0.25,2.164531447481862
2000,23,0.1,0.4,2.154157341357464
2000,23,0.25,0.1,2.205752262679774
2000,23,0.25,0.25,2.169942692484256
2000,23,0.25,0.4,2.1588758047533823
2000,23,0.4,0.1,2.208247386425504
2000,23,0.4,0.25,2.1716730773115307
2000,23,0.4,0.4,2.1603846548358927
2000,23,0.25,,2.1537466192958745
2000,23,,0.25,2.172486537075826
2000,24,0.1,0.1,2.1099766729655087
2000,24,0.1,0.25,2.095153748352141
2000,24,0.1,0.4,2.089971998719463
2000,24,0.25,0.1,2.0964902741718587
2000,24,0.25,0.25,2.082674237699072
2000,24,0.25,0.4,2.0779061075781713
2000,24,0.4,0.1,2.092177651136536
2000,24,0.4,0.25,2.078683593055127
2000,24,0.4,0.4,2.074047728416039
2000,24,0.25,,2.075491531278664
2000,24,,0.25,2.076807577500502
2000,25,0.1,0.1,1.9594711398894307
2000,25,0.1,0.25,1.9755513931102313
2000,25,0.1,0.4,1.980847751012754
2000,25,0.25,0.1,1.9649486162295255
2000,25,0.25,0.25,1.9804120046379803
2000,25,0.25,0.4,1.9856506179611428
2000,25,0.4,0.1,1.9667001802312403
2000,25,0.4,0.25,1.9819663102432836
2000,25,0.4,0.4,1.9871864582513592
2000,25,0.25,,1.9881777205434206
2000,25,,0.25,1.9826969945693396
2000,26,0.1,0.1,1.9241797238200626
2000,26,0.1,0.25,1.9353413136631463
2000,26,0.1,0.4,1.9387503912613888
2000,26,0.25,0.1,1.9250594948013464
2000,26,0.25,0.25,1.9344715504394994
2000,26,0.25,0.4,1.9373873013063263
2000,26,0.4,0.1,1.9253408242101642
2000,26,0.4,0.25,1.9341934212686984
2000,26,0.4,0.4,1.936951418219272
2000,26,0.25,,1.9388138450281618
2000,26,,0.25,1.9340626718040945
2000,27,0.1,0.1,1.9627647811595976
2000,27,0.1,0.25,1.9775157297478063
2000,27,0.1,0.4,1.9824263833870281
2000,27,0.25,0.1,1.9399084706242027
2000,27,0.25,0.25,1.9572561459672644
2000,27,0.25,0.4,1.963119943896609
2000,27,0.4,0.1,1.9325995772105031
2000,27,0.4,0.25,1.9507776227502915
2000,27,0.4,0.4,1.956946213091937
2000,27,0.25,,1.9657764990674278
2000,27,,0.25,1.9477320470575317
2000,28,0.1,0.1,2.1508532750424685
2000,28,0.1,0.25,2.1258939887335604
2000,28,0.1,0.4,2.117684284917419
2000,28,0.25,0.1,2.145245275859202
2000,28,0.25,0.25,2.1201084299636843
2000,28,0.25,0.4,2.1119640682301766
2000,28,0.4,0.1,2.1434519738198756
2000,28,0.4,0.25,2.1182583486777204
2000,28,0.4,0.4,2.110134881756464
2000,28,0.25,,2.107981138096952
2000,28,,0.25,2.117388619203046
2000,29,0.1,0.1,1.942302308828604
2000,29,0.1,0.25,1.954892386921803
2000,29,0.1,0.4,1.9590714295770144
2000,29,0.25,0.1,1.9509056359864734
2000,29,0.25,0.25,1.9614425009498155
2000,29,0.25,0.4,1.9650158399505455
2000,29,0.4,0.1,1.9536567712190243
2000,29,0.4,0.25,1.963537068452483
2000,29,0.4,0.4,1.9669167181242189
2000,29,0.25,,1.9666421780463579
2000,29,,0.25,1.9645217317251646
2000,30,0.1,0.1,2.202535804487805
2000,30,0.1,0.25,2.1701388017703964
2000,30,0.1,0.4,2.1598390177129194
2000,30,0.25,0.1,2.2026236470178766
2000,30,0.25,0.25,2.1695797999835023
2000,30,0.25,0.4,2.159162773020585
2000,30,0.4,0.1,2.2026517369271588
2000,30,0.4,0.25,2.169401044778363
2000,30,0.4,0.4,2.1589465263796317
2000,30,0.25,,2.1541792008828446
2000,30,,0.25,2.169317011351378
2000,31,0.1,0.1,2.1325593567353827
2000,31,0.1,0.25,2.112624524804183
2000,31,0.1,0.4,2.105986164555514
2000,31,0.25,0.1,2.118753955320875
2000,31,0.25,0.25,2.099771281024421
2000,31,0.25,0.4,2.0935102745896352
2000,31,0.4,0.1,2.1143393229892173
2000,31,0.4,0.25,2.0956611255966195
2000,31,0.4,0.4,2.0895207877535844
2000,31,0.25,,2.0906184122432183
2000,31,,0.25,2.093728927617984
2000,32,0.1,0.1,1.8206064010331349
2000,32,0.1,0.25,1.8587587351173342
2000,32,0.1,0.4,1.870696208837614
2000,32,0.25,0.1,1.839380247442136
2000,32,0.25,0.25,1.8768740327333713
2000,32,0.25,0.4,1.8887636584586758
2000,32,0.4,0.1,1.8453836679047717
2000,32,0.4,0.25,1.8826668652742147
2000,32,0.4,0.4,1.8945411903719398
2000,32,0.25,,1.8942205775705476
2000,32,,0.25,1.8853900954592049
2000,33,0.1,0.1,2.0338447198950536
2000,33,0.1,0.25,2.0295064173890625
2000,33,0.1,0.4,2.027859575765962
2000,33,0.25,0.1,2.039675856290539
2000,33,0.25,0.25,2.035229870959182
2000,33,0.25,0.4,2.033637303158707
2000,33,0.4,0.1,2.041540512195058
2000,33,0.4,0.25,2.037060092509483
2000,33,0.4,0.4,2.0354848801603236
2000,33,0.25,,2.032813275596021
2000,33,,0.25,2.037920485855201
2000,34,0.1,0.1,1.9307465896663094
2000,34,0.1,0.25,1.9321045506090337
2000,34,0.1,0.4,1.9321054337619425
2000,34,0.25,0.1,1.969690238921676
2000,34,0.25,0.25,1.9657293398952578
2000,34,0.25,0.4,1.964077409138122
2000,34,0.4,0.1,1.9821434728374114
2000,34,0.4,0.25,1.976481731475278
2000,34,0.4,0.4,1.9743012709415413
2000,34,0.25,,1.963294029326522
2000,34,,0.25,1.9815364671516669
2000,35,0.1,0.1,2.0737465745560058
2000,35,0.1,0.25,2.066223400975452
2000,35,0.1,0.4,2.0634658527524388
2000,35,0.25,0.1,2.0806061835736585
2000,35,0.25,0.25,2.0700187631266784
2000,35,0.25,0.4,2.0663582103318334
2000,35,0.4,0.1,2.082799720062937
2000,35,0.4,0.25,2.0712324278337073
2000,35,0.4,0.4,2.067283116091639
2000,35,0.25,,2.0645486368970225
2000,35,,0.25,2.0718029757204857
2000,36,0.1,0.1,2.047771181758261
2000,36,0.1,0.25,2.050395663697408
2000,36,0.1,0.4,2.051332061529797
2000,36,0.25,0.1,2.056134041434743
2000,36,0.25,0.25,2.055897070459914
2000,36,0.25,0.4,2.0559679671908726
2000,36,0.4,0.1,2.058808281002606
2000,36,0.4,0.25,2.057656286829953
2000,36,0.4,0.4,2.0574504173133588
2000,36,0.25,,2.055828656679598
2000,36,,0.25,2.0584833004000918
2000,37,0.1,0.1,2.0703655311914706
2000,37,0.1,0.25,2.05048612130735
2000,37,0.1,0.4,2.043838285789842
2000,37,0.25,0.1,2.067243968958206
2000,37,0.25,0.25,2.0463601697139513
2000,37,0.25,0.4,2.0394367696034843
2000,37,0.4,0.1,2.066245769112617
2000,37,0.4,0.25,2.0450407905263286
2000,37,0.4,0.4,2.038029271546659
2000,37,0.25,,2.0361376687571426
2000,37,,0.25,2.0444205459044014
2000,38,0.1,0.1,1.9142101121495994
2000,38,0.1,0.25,1.9319318128100993
2000,38,0.1,0.4,1.9374143991005195
2000,38,0.25,0.1,1.9026878780815988
2000,38,0.25,0.25,1.9210808559185995
2000,38,0.25,0.4,1.926907847440868
2000,38,0.4,0.1,1.899003347257593
2000,38,0.4,0.25,1.9176109832445385
2000,38,0.4,0.4,1.9235481072016465
2000,38,0.25,,1.9296044111970705
2000,38,,0.25,1.9159797843556616
2000,39,0.1,0.1,1.966329503272326
2000,39,0.1,0.25,1.9718801935492283
2000,39,0.1,0.4,1.9733736064345215
2000,39,0.25,0.1,1.9717633172022386
2000,39,0.25,0.25,1.9751091460875474
2000,39,0.25,0.4,1.9759672873967484
2000,39,0.4,0.1,1.9735009190248118
2000,39,0.4,0.25,1.9761416867464576
2000,39,0.4,0.4,1.9767966836229112
2000,39,0.25,,1.9762613206550672
2000,39,,0.25,1.9766270876051477
2000,40,0.1,0.1,1.9070021898556213
2000,40,0.1,0.25,1.9095650256646113
2000,40,0.1,0.4,1.910629127379496
2000,40,0.25,0.1,1.940676027640524
2000,40,0.25,0.25,1.9373484330720954
2000,40,0.25,0.4,1.9366289229626519
2000,40,0.4,0.1,1.951444103740073
2000,40,0.4,0.25,1.9462328924906975
2000,40,0.4,0.4,1.9449430266059753
2000,40,0.25,,1.9362760716129628
2000,40,,0.25,1.95040950693544
2000,41,0.1,0.1,1.8975885252069689
2000,41,0.1,0.25,1.9139385523812191
2000,41,0.1,0.4,1.9189661798342483
2000,41,0.25,0.1,1.9069182724452722
2000,41,0.25,0.25,1.9201681551563492
2000,41,0.25,0.4,1.9242918733209904
2000,41,0.4,0.1,1.909901699190193
2000,41,0.4,0.25,1.922160230938773
2000,41,0.4,0.4,1.9259949008497923
2000,41,0.25,,1.9260863543164024
2000,41,,0.25,1.9230967125068545
2000,42,0.1,0.1,2.068131758269635
2000,42,0.1,0.25,2.0656972765226786
2000,42,0.1,0.4,2.0647377104059106
2000,42,0.25,0.1,2.0529341063617847
2000,42,0.25,0.25,2.052898079006124
2000,42,0.25,0.4,2.0528384195428706
2000,42,0.4,0.1,2.048074266110622
2000,42,0.4,0.25,2.048805206261658
2000,42,0.4,0.4,2.049033315106532
2000,42,0.25,,2.0527461363143584
2000,42,,0.25,2.0468811329309564
2000,43,0.1,0.1,2.0962089401866137
2000,43,0.1,0.25,2.0828972529171677
2000,43,0.1,0.4,2.078416977725313
2000,43,0.25,0.1,2.090661176602057
2000,43,0.25,0.25,2.0756636477953325
2000,43,0.25,0.4,2.0707494692966657
2000,43,0.4,0.1,2.088887136445351
2000,43,0.4,0.25,2.0733505164283774
2000,43,0.4,0.4,2.0682975861825104
2000,43,0.25,,2.0684770641068875
2000,43,,0.25,2.072263105543301
2000,44,0.1,0.1,2.015164570602474
2000,44,0.1,0.25,2.0280656467520153
2000,44,0.1,0.4,2.0320600626893155
2000,44,0.25,0.1,2.0150083815629265
2000,44,0.25,0.25,2.0270403797382017
2000,44,0.25,0.4,2.0308125091165454
2000,44,0.4,0.1,2.0149584360986017
2000,44,0.4,0.25,2.0267125242291972
2000,44,0.4,0.4,2.0304135717606178
2000,44,0.25,,2.0324598250640586
2000,44,,0.25,2.026558398244691
2000,45,0.1,0.1,1.9665764972401525
2000,45,0.1,0.25,1.9679362606450697
2000,45,0.1,0.4,1.9683124555350657
2000,45,0.25,0.1,1.9666122562862591
2000,45,0.25,0.25,1.967917854388726
2000,45,0.25,0.4,1.9684016075435307
2000,45,0.4,0.1,1.9666236911613744
2000,45,0.4,0.25,1.9679119685146451
2000,45,0.4,0.4,1.9684301161922249
2000,45,0.25,,1.968603641920392
2000,45,,0.25,1.967909201545317
2000,46,0.1,0.1,1.9385472889645539
2000,46,0.1,0.25,1.9417108831270278
2000,46,0.1,0.4,1.9430590344503982
2000,46,0.25,0.1,1.9356277344795236
2000,46,0.25,0.25,1.9396785165145867
2000,46,0.25,0.4,1.9413586900589375
2000,46,0.4,0.1,1.9346941318093323
2000,46,0.4,0.25,1.939028614995053
2000,46,0.4,0.4,1.940814961187888
2000,46,0.25,,1.9421085973687644
2000,46,,0.25,1.938723094090938
2000,47,0.1,0.1,1.9004694085210019
2000,47,0.1,0.25,1.9219590004336577
2000,47,0.1,0.4,1.928941124628049
2000,47,0.25,0.1,1.8753100561567206
2000,47,0.25,0.25,1.8956733485902169
2000,47,0.25,0.4,1.902369437836198
2000,47,0.4,0.1,1.8672647058582346
2000,47,0.4,0.25,1.8872678350522465
2000,47,0.4,0.4,1.8938724572634544
2000,47,0.25,,1.905590124323261
2000,47,,0.25,1.8833163746871222
2000,48,0.1,0.1,2.10631817815202
2000,48,0.1,0.25,2.095535272359872
2000,48,0.1,0.4,2.092172161634819
2000,48,0.25,0.1,2.120058630698356
2000,48,0.25,0.25,2.10586021070539
2000,48,0.25,0.4,2.101485508360127
2000,48,0.4,0.1,2.124452493958205
2000,48,0.4,0.25,2.109161875414292
2000,48,0.4,0.4,2.104463690619013
2000,48,0.25,,2.099318251529654
2000,48,,0.25,2.1107139991693984
2000,49,0.1,0.1,1.9924004790252423
2000,49,0.1,0.25,1.9983161631894322
2000,49,0.1,0.4,2.000141127102797
2000,49,0.25,0.1,2.0024487727065674
2000,49,0.25,0.25,2.003967325241084
2000,49,0.25,0.4,2.0044578820904406
2000,49,0.4,0.1,2.0056619731656973
2000,49,0.4,0.25,2.0057744297182083
2000,49,0.4,0.4,2.005838275572971
2000,49,0.25,,2.0047955348962994
2000,49,,0.25,2.0066239556495797
2000,50,0.1,0.1,1.8692488594326735
2000,50,0.1,0.25,1.899041620029889
2000,50,0.1,0.4,1.9085079315947333
2000,50,0.25,0.1,1.858242074509611
2000,50,0.25,0.25,1.8895075810649455
2000,50,0.25,0.4,1.8994823323763326
2000,50,0.4,0.1,1.8547223718128178
2000,50,0.4,0.25,1.8864588267837625
2000,50,0.4,0.4,1.8965961647868648
2000,50,0.25,,1.9041535127184825
2000,50,,0.25,1.8850255970767764
2000,51,0.1,0.1,2.1534365475661894
2000,51,0.1,0.25,2.1259493989523497
2000,51,0.1,0.4,2.117171148572341
2000,51,0.25,0.1,2.137712941759299
2000,51,0.25,0.25,2.1106000860173366
2000,51,0.25,0.4,2.1019788454073134
2000,51,0.4,0.1,2.1326849142155004
2000,51,0.4,0.25,2.1056917482503206
2000,51,0.4,0.4,2.097120715554298
2000,51,0.25,,2.097936689012337
2000,51,,0.25,2.1033843220523383
2000,52,0.1,0.1,2.0149591666950917
2000,52,0.1,0.25,2.015832815856428
2000,52,0.1,0.4,2.0158104978992006
2000,52,0.25,0.1,2.0251258206299796
2000,52,0.25,0.25,2.0253544883565047
2000,52,0.25,0.4,2.0251881594055066
2000,52,0.4,0.1,2.0283768698257365
2000,52,0.4,0.25,2.0283992881423423
2000,52,0.4,0.4,2.0281869079705124
2000,52,0.25,,2.0251544489941065
2000,52,,0.25,2.029830658827682
2000,53,0.1,0.1,1.9421852568243307
2000,53,0.1,0.25,1.934612558540904
2000,53,0.1,0.4,1.9320962720826464
2000,53,0.25,0.1,1.9393206420944007
2000,53,0.25,0.25,1.9303710224574635
2000,53,0.25,0.4,1.9275254002418862
2000,53,0.4,0.1,1.9384046078245674
2000,53,0.4,0.25,1.9290146821550243
2000,53,0.4,0.4,1.9260637463568437
2000,53,0.25,,1.9260984108542587
2000,53,,0.25,1.9283770619879166
2000,54,0.1,0.1,2.2254366307861035
2000,54,0.1,0.25,2.1918611252734337
2000,54,0.1,0.4,2.180764516891709
2000,54,0.25,0.1,2.2023149570156466
2000,54,0.25,0.25,2.171655399633102
2000,54,0.25,0.4,2.161621934316683
2000,54,0.4,0.1,2.194921206879425
2000,54,0.4,0.25,2.1651940989422958
2000,54,0.4,0.4,2.155500600976942
2000,54,0.25,,2.1568482852191493
2000,54,,0.25,2.162156619617382
2000,55,0.1,0.1,2.072257218152501
2000,55,0.1,0.25,2.0628334051921673
2000,55,0.1,0.4,2.0595909888523733
2000,55,0.25,0.1,2.0962255269580155
2000,55,0.25,0.25,2.083407206043544
2000,55,0.25,0.4,2.0791512288635534
2000,55,0.4,0.1,2.1038900104316216
2000,55,0.4,0.25,2.089986208254094
2000,55,0.4,0.4,2.0854061189153272
2000,55,0.25,,2.0771900124832037
2000,55,,0.25,2.0930790194618347
2000,56,0.1,0.1,2.0056587996201665
2000,56,0.1,0.25,2.0072398153023703
2000,56,0.1,0.4,2.0077496117402287
2000,56,0.25,0.1,2.002016378421498
2000,56,0.25,0.25,2.0057388188941596
2000,56,0.25,0.4,2.0070244056864555
2000,56,0.4,0.1,2.0008516205194016
2000,56,0.4,0.25,2.0052588366702144
2000,56,0.4,0.4,2.0067925023903483
2000,56,0.25,,2.0077294902761036
2000,56,,0.25,2.0050331954020977
2000,57,0.1,0.1,1.9138067495841151
2000,57,0.1,0.25,1.9315840161098683
2000,57,0.1,0.4,1.9369926197233354
2000,57,0.25,0.1,1.9131921877148763
2000,57,0.25,0.25,1.929385156577664
2000,57,0.25,0.4,1.934388554915262
2000,57,0.4,0.1,1.9129956657437805
2000,57,0.4,0.25,1.9286820146629755
2000,57,0.4,0.4,1.9335558381872013
2000,57,0.25,,1.936641331591401
2000,57,,0.25,1.9283514652688905
2000,58,0.1,0.1,2.01966543099277
2000,58,0.1,0.25,2.030167993602794
2000,58,0.1,0.4,2.033257611551536
2000,58,0.25,0.1,2.033772714830678
2000,58,0.25,0.25,2.039491593474812
2000,58,0.25,0.4,2.0411449542218576
2000,58,0.4,0.1,2.0382838818350115
2000,58,0.4,0.25,2.0424730544411838
2000,58,0.4,0.4,2.0436671349913844
2000,58,0.25,,2.041991618862746
2000,58,,0.25,2.0438746493331035
2000,59,0.1,0.1,2.071720761168576
2000,59,0.1,0.25,2.0546280256462355
2000,59,0.1,0.4,2.049016858219983
2000,59,0.25,0.1,2.103780937768197
2000,59,0.25,0.25,2.08245438507529
2000,59,0.25,0.4,2.0755968679955217
2000,59,0.4,0.1,2.114033004182334
2000,59,0.4,0.25,2.091352579507996
2000,59,0.4,0.4,2.0840965100564595
2000,59,0.25,,2.072262626324019
2000,59,,0.25,2.095535650829358
2000,60,0.1,0.1,1.7982571676559131
2000,60,0.1,0.25,1.8372563287425145
2000,60,0.1,0.4,1.8496138161731217
2000,60,0.25,0.1,1.7908702938295937
2000,60,0.25,0.25,1.832856493383636
2000,60,0.25,0.4,1.8462065136360724
2000,60,0.4,0.1,1.7885081508505942
2000,60,0.4,0.25,1.8314495328146472
2000,60,0.4,0.4,1.8451169409759112
2000,60,0.25,,1.8524918057630353
2000,60,,0.25,1.830788115888895
2000,61,0.1,0.1,1.9008346739799145
2000,61,0.1,0.25,1.9211112834644624
2000,61,0.1,0.4,1.927391086842742
2000,61,0.25,0.1,1.896772983744478
2000,61,0.25,0.25,1.920096753025672
2000,61,0.25,0.4,1.9274672694562023
2000,61,0.4,0.1,1.8954741537795854
2000,61,0.4,0.25,1.919772330812796
2000,61,0.4,0.4,1.927491630807125
2000,61,0.25,,1.9308131986349397
2000,61,,0.25,1.919619818832421
2000,62,0.1,0.1,2.1947357079011383
2000,62,0.1,0.25,2.1695068776236766
2000,62,0.1,0.4,2.161463886724828
2000,62,0.25,0.1,2.1702836643144243
2000,62,0.25,0.25,2.1488115293825887
2000,62,0.25,0.4,2.14206630753003
2000,62,0.4,0.1,2.16246449419746
2000,62,0.4,0.25,2.142193659266619
2000,62,0.4,0.4,2.1358634324597503
2000,62,0.25,,2.1390110518740353
2000,62,,0.25,2.13908257612498
2000,63,0.1,0.1,1.843678282140862
2000,63,0.1,0.25,1.8679138956799728
2000,63,0.1,0.4,1.8760140697996317
2000,63,0.25,0.1,1.8742174759394057
2000,63,0.25,0.25,1.8925608328040737
2000,63,0.25,0.4,1.8989049172627452
2000,63,0.4,0.1,1.8839831689662045
2000,63,0.4,0.25,1.9004423251444598
2000,63,0.4,0.4,1.906224854747759
2000,63,0.25,,1.902006579816995
2000,63,,0.25,1.9041474413708965
2000,64,0.1,0.1,1.895122506913841
2000,64,0.1,0.25,1.9138177337208557
2000,64,0.1,0.4,1.9196837499607806
2000,64,0.25,0.1,1.8724637336908523
2000,64,0.25,0.25,1.8939256886980298
2000,64,0.25,0.4,1.9007633949817522
2000,64,0.4,0.1,1.8652180079156646
2000,64,0.4,0.25,1.887564695456045
2000,64,0.4,0.4,1.8947131246340103
2000,64,0.25,,1.9039987249972454
2000,64,,0.25,1.8845743710023422
2000,65,0.1,0.1,2.014864375277435
2000,65,0.1,0.25,2.0035351862346356
2000,65,0.1,0.4,1.999199654395937
2000,65,0.25,0.1,2.0099029225102756
2000,65,0.25,0.25,1.9977327210359181
2000,65,0.25,0.4,1.9932549211591335
2000,65,0.4,0.1,2.008316370323906
2000,65,0.4,0.25,1.9958772334843093
2000,65,0.4,0.4,1.9913539397416213
2000,65,0.25,,1.9910629597265705
2000,65,,0.25,1.9950049625058568
2000,66,0.1,0.1,2.1348868840408524
2000,66,0.1,0.25,2.1073235454114676
2000,66,0.1,0.4,2.098161997115224
2000,66,0.25,0.1,2.1282974457922386
2000,66,0.25,0.25,2.102518467406486
2000,66,0.25,0.4,2.0940410194088335
2000,66,0.4,0.1,2.126190303358175
2000,66,0.4,0.25,2.1009819200740303
2000,66,0.4,0.4,2.0927232307495656
2000,66,0.25,,2.090173465149831
2000,66,,0.25,2.1002595839721483
2000,67,0.1,0.1,1.9872977352894377
2000,67,0.1,0.25,1.9951307752587248
2000,67,0.1,0.4,1.9972191213796437
2000,67,0.25,0.1,1.9914688493570663
2000,67,0.25,0.25,1.9991032366068975
2000,67,0.25,0.4,2.0011603987077886
2000,67,0.4,0.1,1.992802670407908
2000,67,0.4,0.25,2.000373533339123
2000,67,0.4,0.4,2.002420723547208
2000,67,0.25,,2.0020646258941857
2000,67,,0.25,2.0009707041326337
2000,68,0.1,0.1,1.9149545135064219
2000,68,0.1,0.25,1.9345829829358394
2000,68,0.1,0.4,1.9409430184270018
2000,68,0.25,0.1,1.8966115553491887
2000,68,0.25,0.25,1.9198929731721142
2000,68,0.25,0.4,1.9274971691739429
2000,68,0.4,0.1,1.890745922492322
2000,68,0.4,0.25,1.9151954645587703
2000,68,0.4,0.4,1.923197512897612
2000,68,0.25,,1.9310522847252747
2000,68,,0.25,1.9129871498595428
2000,69,0.1,0.1,2.265793182371147
2000,69,0.1,0.25,2.2176812470166305
2000,69,0.1,0.4,2.2024459525933797
2000,69,0.25,0.1,2.2449714860360928
2000,69,0.25,0.25,2.19874326076815
2000,69,0.25,0.4,2.184259294190303
2000,69,0.4,0.1,2.238313212865991
2000,69,0.4,0.25,2.1926873523683277
2000,69,0.4,0.4,2.1784436422016067
2000,69,0.25,,2.17749028374709
2000,69,,0.25,2.189840449331574
2000,70,0.1,0.1,2.0519294033554885
2000,70,0.1,0.25,2.039234753229385
2000,70,0.1,0.4,2.0347382573453294
2000,70,0.25,0.1,2.0624901162444567
2000,70,0.25,0.25,2.0499257843122733
2000,70,0.25,0.4,2.045563830059863
2000,70,0.4,0.1,2.0658671759303853
2000,70,0.4,0.25,2.0533445165939503
2000,70,0.4,0.4,2.049025585490174
2000,70,0.25,,2.043341204902653
2000,70,,0.25,2.0549516742112677
2000,71,0.1,0.1,2.0348145097773607
2000,71,0.1,0.25,2.034989604262989
2000,71,0.1,0.4,2.034723188301278
2000,71,0.25,0.1,2.0361452233166366
2000,71,0.25,0.25,2.0357918506247716
2000,71,0.25,0.4,2.0354799002018833
2000,71,0.4,0.1,2.036570753211659
2000,71,0.4,0.25,2.036048389541703
2000,71,0.4,0.4,2.0357218783031974
2000,71,0.25,,2.0352999225294317
2000,71,,0.25,2.0361689893548833
2000,72,0.1,0.1,2.071925309814423
2000,72,0.1,0.25,2.057891062577498
2000,72,0.1,0.4,2.053059079625525
2000,72,0.25,0.1,2.084042099966984
2000,72,0.25,0.25,2.0651968543894332
2000,72,0.25,0.4,2.0589538054214
2000,72,0.4,0.1,2.087916755397662
2000,72,0.4,0.25,2.0675330693079967
2000,72,0.4,0.4,2.060838795672924
2000,72,0.25,,2.0560074214829958
2000,72,,0.25,2.068631331848817
2000,73,0.1,0.1,1.8647626879504582
2000,73,0.1,0.25,1.8850783822412231
2000,73,0.1,0.4,1.8916864777766131
2000,73,0.25,0.1,1.870693519957587
2000,73,0.25,0.25,1.890297112370741
2000,73,0.25,0.4,1.8967858677157552
2000,73,0.4,0.1,1.872590056099216
2000,73,0.4,0.25,1.8919659356137768
2000,73,0.4,0.4,1.898416528862153
2000,73,0.25,,1.899831800763906
2000,73,,0.25,1.8927504550689493
2000,74,0.1,0.1,1.838270309211256
2000,74,0.1,0.25,1.8765568647146091
2000,74,0.1,0.4,1.8886566737311496
2000,74,0.25,0.1,1.8397737052267358
2000,74,0.25,0.25,1.8772731708101869
2000,74,0.25,0.4,1.8892147693960086
2000,74,0.4,0.1,1.8402544547868502
2000,74,0.4,0.25,1.8775022281156544
2000,74,0.4,0.4,1.8893932348453115
2000,74,0.25,,1.8948056846433188
2000,74,,0.25,1.877609908730266
2000,75,0.1,0.1,1.9402377599746234
2000,75,0.1,0.25,1.9571357582204731
2000,75,0.1,0.4,1.9627514865116777
2000,75,0.25,0.1,1.9483008774553559
2000,75,0.25,0.25,1.965536253835231
2000,75,0.25,0.4,1.9713279029288178
2000,75,0.4,0.1,1.950879266743406
2000,75,0.4,0.25,1.9682225284627757
2000,75,0.4,0.4,1.9740704327595755
2000,75,0.25,,1.9739743710230562
2000,75,,0.25,1.9694853552576683
2000,76,0.1,0.1,2.0109528715234957
2000,76,0.1,0.25,1.993585025797196
2000,76,0.1,0.4,1.9880130407481043
2000,76,0.25,0.1,2.010596064981797
2000,76,0.25,0.25,1.9908439745760462
2000,76,0.25,0.4,1.9846066575579129
2000,76,0.4,0.1,2.0104819669090324
2000,76,0.4,0.25,1.9899674529175815
2000,76,0.4,0.4,1.9835173788825653
2000,76,0.25,,1.981725531263905
2000,76,,0.25,1.9895553971190927
2000,77,0.1,0.1,1.9314679317148034
2000,77,0.1,0.25,1.951345021113587
2000,77,0.1,0.4,1.9574654650033163
2000,77,0.25,0.1,1.9399130271230454
2000,77,0.25,0.25,1.9565007663002283
2000,77,0.25,0.4,1.9616524407516034
2000,77,0.4,0.1,1.9426135636821622
2000,77,0.4,0.25,1.9581494484871014
2000,77,0.4,0.4,1.9629913339829754
2000,77,0.25,,1.9641034042990255
2000,77,,0.25,1.9589244995635986
2000,78,0.1,0.1,2.029700990814912
2000,78,0.1,0.25,2.0175442250271307
2000,78,0.1,0.4,2.013580365666946
2000,78,0.25,0.1,2.0313647193598654
2000,78,0.25,0.25,2.017697845604588
2000,78,0.25,0.4,2.0133582551118336
2000,78,0.4,0.1,2.031896739371825
2000,78,0.4,0.25,2.01774696973707
2000,78,0.4,0.4,2.0132872295466684
2000,78,0.25,,2.0113582947263153
2000,78,,0.25,2.017770063158025
2000,79,0.1,0.1,1.978884001654859
2000,79,0.1,0.25,1.988311656168487
2000,79,0.1,0.4,1.9913486837679684
2000,79,0.25,0.1,2.002465109924547
2000,79,0.25,0.25,2.007541422428074
2000,79,0.25,0.4,2.009266852713315
2000,79,0.4,0.1,2.010005776063693
2000,79,0.4,0.25,2.013690634994293
2000,79,0.4,0.4,2.01499664828935
2000,79,0.25,,2.009989826572916
2000,79,,0.25,2.0165814006354856
2000,80,0.1,0.1,1.8688221451822542
2000,80,0.1,0.25,1.9056080482428037
2000,80,0.1,0.4,1.9174572591358494
2000,80,0.25,0.1,1.8877285628045772
2000,80,0.25,0.25,1.9191200454579658
2000,80,0.25,0.4,1.9293020762887776
2000,80,0.4,0.1,1.8937743763238877
2000,80,0.4,0.25,1.9234408542472448
2000,80,0.4,0.4,1.9330897613546354
2000,80,0.25,,1.934075028037326
2000,80,,0.25,1.9254720810841286
2000,81,0.1,0.1,1.968279318533044
2000,81,0.1,0.25,1.965932974751884
2000,81,0.1,0.4,1.9646227147371491
2000,81,0.25,0.1,1.956343992424919
2000,81,0.25,0.25,1.956302155641915
2000,81,0.25,0.4,1.9558384935360904
2000,81,0.4,0.1,1.9525273647917352
2000,81,0.4,0.25,1.9532224534190918
2000,81,0.4,0.4,1.9530295127786113
2000,81,0.25,,1.9555569066990288
2000,81,,0.25,1.9517746749799878
2000,82,0.1,0.1,1.7535293113187445
2000,82,0.1,0.25,1.8029880389673067
2000,82,0.1,0.4,1.8186788025059064
2000,82,0.25,0.1,1.7464862191821446
2000,82,0.25,0.25,1.7970187207393356
2000,82,0.25,0.4,1.8131136238474992
2000,82,0.4,0.1,1.7442340092443442
2000,82,0.4,0.25,1.7951098776382968
2000,82,0.4,0.4,1.8113340147728194
2000,82,0.25,,1.8208642103035635
2000,82,,0.25,1.7942125240354592
2000,83,0.1,0.1,1.9246318115548184
2000,83,0.1,0.25,1.9327945162166216
2000,83,0.1,0.4,1.9355285595286411
2000,83,0.25,0.1,1.9183958948239646
2000,83,0.25,0.25,1.9256428911956367
2000,83,0.25,0.4,1.928192870400587
2000,83,0.4,0.1,1.9164017999917329
2000,83,0.4,0.25,1.923355975075374
2000,83,0.4,0.4,1.925847095045901
2000,83,0.25,,1.9293243477656208
2000,83,,0.25,1.9222808880665008
2000,84,0.1,0.1,2.208420385565945
2000,84,0.1,0.25,2.166695401152838
2000,84,0.1,0.4,2.1531871055650806
2000,84,0.25,0.1,2.1995316479817237
2000,84,0.25,0.25,2.1602559358177804
2000,84,0.25,0.4,2.1475931092427265
2000,84,0.4,0.1,2.1966892454213975
2000,84,0.4,0.25,2.1581967510818076
2000,84,0.4,0.4,2.145804284978487
2000,84,0.25,,2.1415922576721713
2000,84,,0.25,2.1572287213675128
2000,85,0.1,0.1,2.036219144654076
2000,85,0.1,0.25,2.0235344396923653
2000,85,0.1,0.4,2.019190254067415
2000,85,0.25,0.1,2.055495585767695
2000,85,0.25,0.25,2.038015075404202
2000,85,0.25,0.4,2.032234753228283
2000,85,0.4,0.1,2.0616597238194907
2000,85,0.4,0.25,2.0426456312770114
2000,85,0.4,0.4,2.0364060674854216
2000,85,0.25,,2.029603043103023
2000,85,,0.25,2.0448224712662926
2000,86,0.1,0.1,1.9061161914169407
2000,86,0.1,0.25,1.9358473411461246
2000,86,0.1,0.4,1.9453639151291284
2000,86,0.25,0.1,1.9091783201922907
2000,86,0.25,0.25,1.9373835714552223
2000,86,0.25,0.4,1.9465064837533232
2000,86,0.4,0.1,1.9101575146604177
2000,86,0.4,0.25,1.9378748206255865
2000,86,0.4,0.4,1.9468718494705568
2000,86,0.25,,1.9508473244558031
2000,86,,0.25,1.9381057585233512
2000,87,0.1,0.1,1.8277318017439415
2000,87,0.1,0.25,1.853452903888224
2000,87,0.1,0.4,1.861492922892634
2000,87,0.25,0.1,1.823251440634111
2000,87,0.25,0.25,1.8488611218660436
2000,87,0.25,0.4,1.8569784762613064
2000,87,0.4,0.1,1.8218187298842317
2000,87,0.4,0.25,1.8473927814124482
2000,87,0.4,0.4,1.8555348657888675
2000,87,0.25,,1.8607128487357096
2000,87,,0.25,1.846702509595184
2000,88,0.1,0.1,1.8177841410730688
2000,88,0.1,0.25,1.8551256813352321
2000,88,0.1,0.4,1.866702490458548
2000,88,0.25,0.1,1.8402976216889153
2000,88,0.25,0.25,1.8712697710392403
2000,88,0.25,0.4,1.8809352807724717
2000,88,0.4,0.1,1.847496886414418
2000,88,0.4,0.25,1.8764322591286926
2000,88,0.4,0.4,1.8854865817019417
2000,88,0.25,,1.885598353014581
2000,88,,0.25,1.878859162253498
2000,89,0.1,0.1,2.1118825068674494
2000,89,0.1,0.25,2.1038128794960578
2000,89,0.1,0.4,2.1008923387724177
2000,89,0.25,0.1,2.0868503759823405
2000,89,0.25,0.25,2.08017686962049
2000,89,0.25,0.4,2.0777944166749314
2000,89,0.4,0.1,2.0788457080253795
2000,89,0.4,0.25,2.07261864728018
2000,89,0.4,0.4,2.0704082617473007
2000,89,0.25,,2.0767477813467554
2000,89,,0.25,2.0690655013749817
2000,90,0.1,0.1,2.2913721047454287
2000,90,0.1,0.25,2.245364637132418
2000,90,0.1,0.4,2.230296930956258
2000,90,0.25,0.1,2.2696740549349714
2000,90,0.25,0.25,2.228212507873307
2000,90,0.25,0.4,2.214706433339741
2000,90,0.4,0.1,2.262735545191495
2000,90,0.4,0.25,2.2227276731980563
2000,90,0.4,0.4,2.2097209705648457
2000,90,0.25,,2.2083401722723064
2000,90,,0.25,2.2201492338521907
2000,91,0.1,0.1,1.8676702885080316
2000,91,0.1,0.25,1.887118250780516
2000,91,0.1,0.4,1.8930451127257275
2000,91,0.25,0.1,1.867418357901227
2000,91,0.25,0.25,1.8842308035710482
2000,91,0.25,0.4,1.8894052982042255
2000,91,0.4,0.1,1.8673377966072275
2000,91,0.4,0.25,1.8833074680283761
2000,91,0.4,0.4,1.8882413738542263
2000,91,0.25,,1.8917721914589476
2000,91,,0.25,1.882873404864466
2000,92,0.1,0.1,1.9205760681282154
2000,92,0.1,0.25,1.9355575291889473
2000,92,0.1,0.4,1.9399495980107744
2000,92,0.25,0.1,1.9570832111274503
2000,92,0.25,0.25,1.9637748807360291
2000,92,0.25,0.4,1.9655871734142067
2000,92,0.4,0.1,1.9687573094735895
2000,92,0.4,0.25,1.9727981049591659
2000,92,0.4,0.4,1.9737854478347083
2000,92,0.25,,1.9664419574419991
2000,92,,0.25,1.9770399532082097
2000,93,0.1,0.1,1.9608800569371565
2000,93,0.1,0.25,1.9656114635708173
2000,93,0.1,0.4,1.9671853758565183
2000,93,0.25,0.1,1.973062842680779
2000,93,0.25,0.25,1.975984525776944
2000,93,0.25,0.4,1.9770361562134642
2000,93,0.4,0.1,1.9769586018998437
2000,93,0.4,0.25,1.979301579328559
2000,93,0.4,0.4,1.9801861967048717
2000,93,0.25,,1.9776039825109597
2000,93,,0.25,1.9808609374307136
2000,94,0.1,0.1,2.1847550617192764
2000,94,0.1,0.25,2.1534401329367894
2000,94,0.1,0.4,2.1437517416850986
2000,94,0.25,0.1,2.1773415991402585
2000,94,0.25,0.25,2.1462048902987316
2000,94,0.25,0.4,2.136639889641055
2000,94,0.4,0.1,2.174970953723424
2000,94,0.4,0.25,2.1438912352938297
2000,94,0.4,0.4,2.134365691953575
2000,94,0.25,,2.1319605573073455
2000,94,,0.25,2.1428035782447816
2000,95,0.1,0.1,1.9723482540043487
2000,95,0.1,0.25,1.983112510167949
2000,95,0.1,0.4,1.9865119899832535
2000,95,0.25,0.1,1.9905095671288517
2000,95,0.25,0.25,1.997404139360287
2000,95,0.25,0.4,1.9996512279804732
2000,95,0.4,0.1,1.9963171143125604
2000,95,0.4,0.25,2.0019742555351243
2000,95,0.4,0.4,2.0038528374182776
2000,95,0.25,,2.0006542603637376
2000,95,,0.25,2.004122682617813
2000,96,0.1,0.1,2.0109189610626386
2000,96,0.1,0.25,2.014187350757793
2000,96,0.1,0.4,2.0150578468591895
2000,96,0.25,0.1,2.0045786988202017
2000,96,0.25,0.25,2.009310447412363
2000,96,0.25,0.4,2.010744556304504
2000,96,0.4,0.1,2.0025512368257075
2000,96,0.4,0.25,2.007750932079148
2000,96,0.4,0.4,2.0093652706635563
2000,96,0.25,,2.0113692431927133
2000,96,,0.25,2.0070177986423667
2000,97,0.1,0.1,1.9216168401930558
2000,97,0.1,0.25,1.934766918131355
2000,97,0.1,0.4,1.9389711076894205
2000,97,0.25,0.1,1.9251622325381235
2000,97,0.25,0.25,1.940949153017475
2000,97,0.25,0.4,1.9460832954392524
2000,97,0.4,0.1,1.9262959629676133
2000,97,0.4,0.25,1.9429260816985556
2000,97,0.4,0.4,1.948357600477296
2000,97,0.25,,1.9484666098829626
2000,97,,0.25,1.9438554425630263
2000,98,0.1,0.1,1.997656751756159
2000,98,0.1,0.25,2.005372557589211
2000,98,0.1,0.4,2.00772914379566
2000,98,0.25,0.1,1.9784074179328
2000,98,0.25,0.25,1.9907369893208224
2000,98,0.25,0.4,1.994646727357405
2000,98,0.4,0.1,1.9722519481345675
2000,98,0.4,0.25,1.9860568897764574
2000,98,0.4,0.4,1.9904632880751651
2000,98,0.25,,1.996423263622959
2000,98,,0.25,1.9838567591394827
2000,99,0.1,0.1,1.8997483062897536
2000,99,0.1,0.25,1.910899405549263
2000,99,0.1,0.4,1.9145561818241141
2000,99,0.25,0.1,1.8974239557820038
2000,99,0.25,0.25,1.9094716591819194
2000,99,0.25,0.4,1.9135005195060684
2000,99,0.4,0.1,1.8966806848988527
2000,99,0.4,0.25,1.9090151005433524
2000,99,0.4,0.4,1.9131629443164284
2000,99,0.25,,1.915343073262628
2000,99,,0.25,1.9088004707820054
2000,100,0.1,0.1,2.077116396401841
2000,100,0.1,0.25,2.0693786258469866
2000,100,0.1,0.4,2.066840154170463
2000,100,0.25,0.1,2.098097006208559
2000,100,0.25,0.25,2.0869748242792885
2000,100,0.25,0.4,2.083450711050358
2000,100,0.4,0.1,2.104806096050257
2000,100,0.4,0.25,2.0926016614990934
2000,100,0.4,0.4,2.0887623640220543
2000,100,0.25,,2.0818084946435884
2000,100,,0.25,2.0952468567218037
2000,101,0.1,0.1,1.8800533828182797
2000,101,0.1,0.25,1.9037736368355904
2000,101,0.1,0.4,1.9114486229001728
2000,101,0.25,0.1,1.8509511761727235
2000,101,0.25,0.25,1.87791098182257
2000,101,0.25,0.4,1.8867351255278793
2000,101,0.4,0.1,1.8416449967634774
2000,101,0.4,0.25,1.8696407324053372
2000,101,0.4,0.4,1.8788323488354595
2000,101,0.25,,1.8908213066349349
2000,101,,0.25,1.8657528601612128
2000,102,0.1,0.1,1.9424983593075373
2000,102,0.1,0.25,1.9455648642148782
2000,102,0.1,0.4,1.9466807363392526
2000,102,0.25,0.1,1.9421651949064507
2000,102,0.25,0.25,1.943809596742662
2000,102,0.25,0.4,1.9445493791503232
2000,102,0.4,0.1,1.9420586570164877
2000,102,0.4,0.25,1.9432483048033051
2000,102,0.4,0.4,1.943867822846812
2000,102,0.25,,1.9448802242515644
2000,102,,0.25,1.9429844395627562
2000,103,0.1,0.1,1.9869383350145808
2000,103,0.1,0.25,2.0091399304768336
2000,103,0.1,0.4,2.016213028013088
2000,103,0.25,0.1,1.9861754819488218
2000,103,0.25,0.25,2.0081770371809933
2000,103,0.25,0.4,2.015296076106503
2000,103,0.4,0.1,1.9859315400519304
2000,103,0.4,0.25,2.0078691272732607
2000,103,0.4,0.4,2.0150028571401113
2000,103,0.25,,2.018754091341539
2000,103,,0.25,2.007724377783424
2000,104,0.1,0.1,1.9613375340378048
2000,104,0.1,0.25,1.958885244116621
2000,104,0.1,0.4,1.9578325022332432
2000,104,0.25,0.1,1.9300482048757854
2000,104,0.25,0.25,1.9324164589519892
2000,104,0.25,0.4,1.933030124297452
2000,104,0.4,0.1,1.920042636764641
2000,104,0.4,0.25,1.9239523838223302
2000,104,0.4,0.4,1.9250989257578512
2000,104,0.25,,1.9332939312735828
2000,104,,0.25,1.9199733934547343
2000,105,0.1,0.1,1.9538958955915509
2000,105,0.1,0.25,1.9661517409854454
2000,105,0.1,0.4,1.9699057485424671
2000,105,0.25,0.1,1.9553471582735034
2000,105,0.25,0.25,1.9651626555818416
2000,105,0.25,0.4,1.9682075940322632
2000,105,0.4,0.1,1.9558112368587697
2000,105,0.4,0.25,1.9648463700736978
2000,105,0.4,0.4,1.9676645654320937
2000,105,0.25,,1.969629591511177
2000,105,,0.25,1.9646976831857579
2000,106,0.1,0.1,1.8360173069725483
2000,106,0.1,0.25,1.8790053741806378
2000,106,0.1,0.4,1.8929544065306554
2000,106,0.25,0.1,1.840649729364608
2000,106,0.25,0.25,1.8828638309104404
2000,106,0.25,0.4,1.8966566116664696
2000,106,0.4,0.1,1.8421310656221972
2000,106,0.4,0.25,1.8840976717324673
2000,106,0.4,0.4,1.8978404870207801
2000,106,0.25,,1.9031995990240076
2000,106,,0.25,1.8846777044791982
2000,107,0.1,0.1,1.934398322515455
2000,107,0.1,0.25,1.9408834359693496
2000,107,0.1,0.4,1.9427960181034172
2000,107,0.25,0.1,1.9403533604254009
2000,107,0.25,0.25,1.9454455032778957
2000,107,0.25,0.4,1.9470128177800234
2000,107,0.4,0.1,1.942257637027302
2000,107,0.4,0.25,1.9469043416872114
2000,107,0.4,0.4,1.9483612479798804
2000,107,0.25,,1.947688845043743
2000,107,,0.25,1.947590146561297
2000,108,0.1,0.1,2.167139695932164
2000,108,0.1,0.25,2.135043184163488
2000,108,0.1,0.4,2.1246669562394187
2000,108,0.25,0.1,2.1636943043470356
2000,108,0.25,0.25,2.130625083380168
2000,108,0.25,0.4,2.119994749246004
2000,108,0.4,0.1,2.1625925517336744
2000,108,0.4,0.25,2.129212281971722
2000,108,0.4,0.4,2.1185006908384265
2000,108,0.25,,2.1149309989702187
2000,108,,0.25,2.1285481192475713
2000,109,0.1,0.1,1.9896635683073998
2000,109,0.1,0.25,1.9850674337885852
2000,109,0.1,0.4,1.9834559883903498
2000,109,0.25,0.1,2.0130135843730206
2000,109,0.25,0.25,2.0037530369615735
2000,109,0.25,0.4,2.000765002071181
2000,109,0.4,0.1,2.020480352833639
2000,109,0.4,0.25,2.009728239378891
2000,109,0.4,0.4,2.0063000045770996
2000,109,0.25,,1.99928279967364
2000,109,,0.25,2.012537202260096
2000,110,0.1,0.1,1.968682773067927
2000,110,0.1,0.25,1.9801069330765009
2000,110,0.1,0.4,1.983673699124511
2000,110,0.25,0.1,1.9567180965513165
2000,110,0.25,0.25,1.9683422599044307
2000,110,0.25,0.4,1.9720888084201715
2000,110,0.4,0.1,1.952892083369798
2000,110,0.4,0.25,1.9645802029386528
2000,110,0.4,0.4,1.968384241524467
2000,110,0.25,,1.9736507032403423
2000,110,,0.25,1.9628116472252557
2000,111,0.1,0.1,1.9541007961059675
2000,111,0.1,0.25,1.9554727037023267
2000,111,0.1,0.4,1.9561512393919616
2000,111,0.25,0.1,1.9684652120735255
2000,111,0.25,0.25,1.967798253056466
2000,111,0.25,0.4,1.9679913971927445
2000,111,0.4,0.1,1.9730586036926296
2000,111,0.4,0.25,1.9717396646134708
2000,111,0.4,0.4,1.971777592310863
2000,111,0.25,,1.9681553041559545
2000,111,,0.25,1.9735925355272814
2000,112,0.1,0.1,1.8545748337483083
2000,112,0.1,0.25,1.882114599673027
2000,112,0.1,0.4,1.8907841659980271
2000,112,0.25,0.1,1.852633923097086
2000,112,0.25,0.25,1.8808588382002094
2000,112,0.25,0.4,1.8898057282218041
2000,112,0.4,0.1,1.8520132669744225
2000,112,0.4,0.25,1.8804572761570426
2000,112,0.4,0.4,1.889492847566491
2000,112,0.25,,1.8938795410629525
2000,112,,0.25,1.8802685004813449
2000,113,0.1,0.1,1.967146748291735
2000,113,0.1,0.25,1.9827637543533756
2000,113,0.1,0.4,1.9875532516002556
2000,113,0.25,0.1,1.9525498314914962
2000,113,0.25,0.25,1.9706890079517907
2000,113,0.25,0.4,1.976374019984811
2000,113,0.4,0.1,1.9478820917486195
2000,113,0.4,0.25,1.966827797092323
2000,113,0.4,0.4,1.97279917302087
2000,113,0.25,,1.979020838961192
2000,113,,0.25,1.965012628797887
2000,114,0.1,0.1,1.9839125791796768
2000,114,0.1,0.25,1.9890001220258196
2000,114,0.1,0.4,1.9904868366078103
2000,114,0.25,0.1,2.0000096745412512
2000,114,0.25,0.25,2.0000685354328853
2000,114,0.25,0.4,2.0000471938255697
2000,114,0.4,0.1,2.00515713498049
2000,114,0.4,0.25,2.003607945423213
2000,114,0.4,0.4,2.0031043640452904
2000,114,0.25,,2.0000574289698685
2000,114,,0.25,2.0052718340398363
2000,115,0.1,0.1,2.0756127912938385
2000,115,0.1,0.25,2.0683726080873575
2000,115,0.1,0.4,2.0659189233128497
2000,115,0.25,0.1,2.06260554108889
2000,115,0.25,0.25,2.0576047689306964
2000,115,0.25,0.4,2.0559186410392223
2000,115,0.4,0.1,2.058446138143867
2000,115,0.4,0.25,2.0541614752910684
2000,115,0.4,0.4,2.052720793463094
2000,115,0.25,,2.055317442632353
2000,115,,0.25,2.052542771296242
2000,116,0.1,0.1,2.0925326915530325
2000,116,0.1,0.25,2.0929234766813107
2000,116,0.1,0.4,2.0933865381901833
2000,116,0.25,0.1,2.113019550013739
2000,116,0.25,0.25,2.1080588066279526
2000,116,0.25,0.4,2.1069244173494908
2000,116,0.4,0.1,2.1195707501577417
2000,116,0.4,0.25,2.1128987178284007
2000,116,0.4,0.4,2.1112535025563823
2000,116,0.25,,2.1063821095313098
2000,116,,0.25,2.1151739764658295
2000,117,0.1,0.1,1.9671923534744924
2000,117,0.1,0.25,1.9723645559874698
2000,117,0.1,0.4,1.9738878529229662
2000,117,0.25,0.1,1.9714370470642788
2000,117,0.25,0.25,1.9743880936467895
2000,117,0.25,0.4,1.9752542679591287
2000,117,0.4,0.1,1.9727943970606183
2000,117,0.4,0.25,1.9750351718813832
2000,117,0.4,0.4,1.9756912143264231
2000,117,0.25,,1.9756373093230044
2000,117,,0.25,1.9753393655496916
2000,118,0.1,0.1,2.1417267669030053
2000,118,0.1,0.25,2.1224059902978265
2000,118,0.1,0.4,2.1162372692688365
2000,118,0.25,0.1,2.1072364863044966
2000,118,0.25,0.25,2.0920550235527524
2000,118,0.25,0.4,2.0872797539332835
2000,118,0.4,0.1,2.096207331607254
2000,118,0.4,0.25,2.0823495209696063
2000,118,0.4,0.4,2.07801984329349
2000,118,0.25,,2.0850744747092476
2000,118,,0.25,2.0777869313541504
2000,119,0.1,0.1,2.0162397630740423
2000,119,0.1,0.25,2.023162128814504
2000,119,0.1,0.4,2.0251949449713287
2000,119,0.25,0.1,2.0279889950722425
2000,119,0.25,0.25,2.032579900226619
2000,119,0.25,0.4,2.0339342132621105
2000,119,0.4,0.1,2.0317461143253563
2000,119,0.4,0.25,2.035591474966083
2000,119,0.4,0.4,2.0367288191698374
2000,119,0.25,,2.0345671067331996
2000,119,,0.25,2.037007226444662
4000,0,0.1,0.1,1.7765245423255906
4000,0,0.1,0.25,1.8200044869145506
4000,0,0.1,0.4,1.8327777629069666
4000,0,0.25,0.1,1.769208417065423
4000,0,0.25,0.25,1.8139055673726756
4000,0,0.25,0.4,1.8270912697485782
4000,0,0.4,0.1,1.7670999242099301
4000,0,0.4,0.25,1.812147870802022
4000,0,0.4,0.4,1.8254524336473776
4000,0,0.25,,1.832448314444478
4000,0,,0.25,1.8114362056203512
4000,1,0.1,0.1,1.978587204429842
4000,1,0.1,0.25,1.980879448439844
4000,1,0.1,0.4,1.9814491977189665
4000,1,0.25,0.1,1.9860120292173296
4000,1,0.25,0.25,1.9857502483246177
4000,1,0.25,0.4,1.9856459654195606
4000,1,0.4,0.1,1.9881518490619865
4000,1,0.4,0.25,1.9871540032348152
4000,1,0.4,0.4,1.9868554655850432
4000,1,0.25,,1.9856786371636186
4000,1,,0.25,1.9877223627058789
4000,2,0.1,0.1,1.977039574878551
4000,2,0.1,0.25,1.9730767225492614
4000,2,0.1,0.4,1.9717293984132023
4000,2,0.25,0.1,1.9865155495900617
4000,2,0.25,0.25,1.9811641280773034
4000,2,0.25,0.4,1.979498710920615
4000,2,0.4,0.1,1.9892465067931633
4000,2,0.4,0.25,1.9834949023832313
4000,2,0.4,0.4,1.9817378114460198
4000,2,0.25,,1.978757150581083
4000,2,,0.25,1.9844385982108024
4000,3,0.1,0.1,1.9428138045395136
4000,3,0.1,0.25,1.9461460881400467
4000,3,0.1,0.4,1.9472069805336454
4000,3,0.25,0.1,1.9621546581836784
4000,3,0.25,0.25,1.9615331538657075
4000,3,0.25,0.4,1.9615463749304705
4000,3,0.4,0.1,1.967728654018588
4000,3,0.4,0.25,1.9659676758286087
4000,3,0.4,0.4,1.9656789600848565
4000,3,0.25,,1.9615232376729428
4000,3,,0.25,1.9677631477724251
4000,4,0.1,0.1,1.872878391980449
4000,4,0.1,0.25,1.8952711264028363
4000,4,0.1,0.4,1.9016093971998134
4000,4,0.25,0.1,1.8910106318188977
4000,4,0.25,0.25,1.9089484743834155
4000,4,0.25,0.4,1.9140775446693963
4000,4,0.4,0.1,1.896236307541209
4000,4,0.4,0.25,1.9128902590677412
4000,4,0.4,0.4,1.9176708401538207
4000,4,0.25,,1.916159575222497
4000,4,,0.25,1.914486229020868
4000,5,0.1,0.1,2.079400539904372
4000,5,0.1,0.25,2.065207143745817
4000,5,0.1,0.4,2.0611745634328176
4000,5,0.25,0.1,2.0788852484014613
4000,5,0.25,0.25,2.064354308851739
4000,5,0.25,0.4,2.060296150166397
4000,5,0.4,0.1,2.0787367424076812
4000,5,0.4,0.25,2.0641085235190486
4000,5,0.4,0.4,2.0600429931972966
4000,5,0.25,,2.058703649958962
4000,5,,0.25,2.064009008695864
4000,6,0.1,0.1,2.0207017838367287
4000,6,0.1,0.25,2.0200880821172196
4000,6,0.1,0.4,2.0198639008469432
4000,6,0.25,0.1,2.0148267117959566
4000,6,0.25,0.25,2.01511100129065
4000,6,0.25,0.4,2.0151948346555075
4000,6,0.4,0.1,2.0131335276331708
4000,6,0.4,0.25,2.013676616422861
4000,6,0.4,0.4,2.01384921899744
4000,6,0.25,,2.015201903201464
4000,6,,0.25,2.013095855337834
4000,7,0.1,0.1,2.009041307389912
4000,7,0.1,0.25,2.0173311815288053
4000,7,0.1,0.4,2.019519838673816
4000,7,0.25,0.1,2.0062995791097187
4000,7,0.25,0.25,2.0139547356520735
4000,7,0.25,0.4,2.0160005827059315
4000,7,0.4,0.1,2.005509418432459
4000,7,0.4,0.25,2.012981650616637
4000,7,0.4,0.4,2.01498634008418
4000,7,0.25,,2.0167991044340363
4000,7,,0.25,2.0125876629682073
4000,8,0.1,0.1,1.973946267272578
4000,8,0.1,0.25,1.987508377412863
4000,8,0.1,0.4,1.991271246319348
4000,8,0.25,0.1,1.967640617126204
4000,8,0.25,0.25,1.9815859636297837
4000,8,0.25,0.4,1.9855782768167787
4000,8,0.4,0.1,1.9658233412034893
4000,8,0.4,0.25,1.9798791356703336
4000,8,0.4,0.4,1.9839375742459713
4000,8,0.25,,1.9871740408825354
4000,8,,0.25,1.979188066432262
4000,9,0.1,0.1,1.976221235849568
4000,9,0.1,0.25,1.9849757331810434
4000,9,0.1,0.4,1.9873343084892836
4000,9,0.25,0.1,1.9852607556508146
4000,9,0.25,0.25,1.9915755933155943
4000,9,0.25,0.4,1.99334216585812
4000,9,0.4,0.1,1.9878659274104866
4000,9,0.4,0.25,1.9934776599760318
4000,9,0.4,0.4,1.9950736184902915
4000,9,0.25,,1.9940631295143065
4000,9,,0.25,1.9942477784583972
4000,10,0.1,0.1,2.049483244456669
4000,10,0.1,0.25,2.0356803778388097
4000,10,0.1,0.4,2.031610124058569
4000,10,0.25,0.1,2.070025875222318
4000,10,0.25,0.25,2.052417778632676
4000,10,0.25,0.4,2.047324403753456
4000,10,0.4,0.1,2.0759462208509274
4000,10,0.4,0.25,2.057241464496219
4000,10,0.4,0.4,2.0518532281362583
4000,10,0.25,,2.0452055728701395
4000,10,,0.25,2.059194503111482
4000,11,0.1,0.1,2.0094719662236984
4000,11,0.1,0.25,2.0032768280599114
4000,11,0.1,0.4,2.0015708980110802
4000,11,0.25,0.1,2.0078855953357153
4000,11,0.25,0.25,2.0014657409549352
4000,11,0.25,0.4,1.9997663661865397
4000,11,0.4,0.1,2.0074284063778274
4000,11,0.4,0.25,2.0009437892269752
4000,11,0.4,0.4,1.9992463036774588
4000,11,0.25,,1.999085069098237
4000,11,,0.25,2.000732458740529
4000,12,0.1,0.1,1.9368409806862488
4000,12,0.1,0.25,1.9485741171678268
4000,12,0.1,0.4,1.9518503464235892
4000,12,0.25,0.1,1.953068055135605
4000,12,0.25,0.25,1.960389777629679
4000,12,0.25,0.4,1.9624893167920059
4000,12,0.4,0.1,1.9577446659542161
4000,12,0.4,0.25,1.963795027646704
4000,12,0.4,0.4,1.9655554470472845
4000,12,0.25,,1.9633104452181
4000,12,,0.25,1.9651737626982828
4000,13,0.1,0.1,2.0437937985615044
4000,13,0.1,0.25,2.037194245838074
4000,13,0.1,0.4,2.0351225990089614
4000,13,0.25,0.1,2.052858370002205
4000,13,0.25,0.25,2.045758208158764
4000,13,0.25,0.4,2.0436349939975953
4000,13,0.4,0.1,2.0554707615949073
4000,13,0.4,0.25,2.04822632519145
4000,13,0.4,0.4,2.0460882494269943
4000,13,0.25,,2.0427254227951885
4000,13,,0.25,2.0492256290450146
4000,14,0.1,0.1,2.0059571929050333
4000,14,0.1,0.25,1.9976000898326631
4000,14,0.1,0.4,1.9949680640603282
4000,14,0.25,0.1,2.030157123683964
4000,14,0.25,0.25,2.0175816614756203
4000,14,0.25,0.4,2.013828628936113
4000,14,0.4,0.1,2.0371314959556632
4000,14,0.4,0.25,2.0233403109727894
4000,14,0.4,0.4,2.0192642064962265
4000,14,0.25,,2.012365323854746
4000,14,,0.25,2.025671902448249
4000,15,0.1,0.1,2.0002427780436283
4000,15,0.1,0.25,1.9993101000059261
4000,15,0.1,0.4,1.9987455221587707
4000,15,0.25,0.1,2.004451020119155
4000,15,0.25,0.25,2.002712260220044
4000,15,0.25,0.4,2.002030455223152
4000,15,0.4,0.1,2.0056638271768397
4000,15,0.4,0.25,2.003692756076746
4000,15,0.4,0.4,2.0029771664467457
4000,15,0.25,,2.0017550513492295
4000,15,,0.25,2.004089744256411
4000,16,0.1,0.1,1.9378974702687148
4000,16,0.1,0.25,1.9569842160859703
4000,16,0.1,0.4,1.9624888222043937
4000,16,0.25,0.1,1.9594476389096676
4000,16,0.25,0.25,1.9728131065800563
4000,16,0.25,0.4,1.9767469907026047
4000,16,0.4,0.1,1.9656583549647222
4000,16,0.4,0.25,1.9773749615689076
4000,16,0.4,0.4,1.9808561667133775
4000,16,0.25,,1.9783506635514168
4000,16,,0.25,1.9792219887598346
4000,17,0.1,0.1,1.9983336980317128
4000,17,0.1,0.25,1.9970746781584936
4000,17,0.1,0.4,1.9965591221667105
4000,17,0.25,0.1,1.9983363731766761
4000,17,0.25,0.25,1.9948174585705565
4000,17,0.25,0.4,1.9937362352206882
4000,17,0.4,0.1,1.998337144148173
4000,17,0.4,0.25,1.994166932341822
4000,17,0.4,0.4,1.9929226847761712
4000,17,0.25,,1.993211785482737
4000,17,,0.25,1.9939035439535855
4000,18,0.1,0.1,2.088877508763666
4000,18,0.1,0.25,2.076990755726816
4000,18,0.1,0.4,2.0735663096644594
4000,18,0.25,0.1,2.0705207023311716
4000,18,0.25,0.25,2.0602690833742936
4000,18,0.25,0.4,2.0573793483897416
4000,18,0.4,0.1,2.0652303069598257
4000,18,0.4,0.25,2.055449930416492
4000,18,0.4,0.4,2.0527142981088637
4000,18,0.25,,2.0562188784191444
4000,18,,0.25,2.0534987271073013
4000,19,0.1,0.1,2.0757646773525713
4000,19,0.1,0.25,2.065240927275164
4000,19,0.1,0.4,2.0620472562436736
4000,19,0.25,0.1,2.075718145564841
4000,19,0.25,0.25,2.0629304986786465
4000,19,0.25,0.4,2.0592197638103236
4000,19,0.4,0.1,2.0757047351954867
4000,19,0.4,0.25,2.062264637718692
4000,19,0.4,0.4,2.0584048860734514
4000,19,0.25,,2.0576668205460353
4000,19,,0.25,2.0619950405260106
4000,20,0.1,0.1,1.9432505813711327
4000,20,0.1,0.25,1.952909092723225
4000,20,0.1,0.4,1.9556580428108818
4000,20,0.25,0.1,1.9553757523732402
4000,20,0.25,0.25,1.9632303894363823
4000,20,0.25,0.4,1.9655486325327647
4000,20,0.4,0.1,1.958870202716889
4000,20,0.4,0.25,1.9662049667714088
4000,20,0.4,0.4,1.9683990809632663
4000,20,0.25,,1.9664420213485623
4000,20,,0.25,1.9674093288637455
4000,21,0.1,0.1,1.9705413503510705
4000,21,0.1,0.25,1.9856632829033087
4000,21,0.1,0.4,1.9897813827532846
4000,21,0.25,0.1,1.9830877344445692
4000,21,0.25,0.25,1.9948265669746472
4000,21,0.25,0.4,1.9980696202670432
4000,21,0.4,0.1,1.9867035775695407
4000,21,0.4,0.25,1.9974674073526075
4000,21,0.4,0.4,2.0004582739547447
4000,21,0.25,,1.9992425413356365
4000,21,,0.25,1.9985366443180332
4000,22,0.1,0.1,1.9665630753768297
4000,22,0.1,0.25,1.97115019369617
4000,22,0.1,0.4,1.9722756600554978
4000,22,0.25,0.1,1.9710976045185382
4000,22,0.25,0.25,1.9735990785594697
4000,22,0.25,0.4,1.9742258398600236
4000,22,0.4,0.1,1.9724044468644961
4000,22,0.4,0.25,1.9743048423421514
4000,22,0.4,0.4,1.974787877829378
4000,22,0.25,,1.9743595834648395
4000,22,,0.25,1.9745905955938816
4000,23,0.1,0.1,2.0885249888808097
4000,23,0.1,0.25,2.0689928554260324
4000,23,0.1,0.4,2.0633464970550053
4000,23,0.25,0.1,2.0903121851086235
4000,23,0.25,0.25,2.070046118155651
4000,23,0.25,0.4,2.064245783414686
4000,23,0.4,0.1,2.0908272515329545
4000,23,0.4,0.25,2.0703496663948324
4000,23,0.4,0.4,2.064504955968053
4000,23,0.25,,2.061857604015532
4000,23,,0.25,2.070472568559171
4000,24,0.1,0.1,1.9779603473106464
4000,24,0.1,0.25,1.9733419723074952
4000,24,0.1,0.4,1.9718478978851655
4000,24,0.25,0.1,1.9773326065302776
4000,24,0.25,0.25,1.9718291159895185
4000,24,0.25,0.4,1.9701757951708119
4000,24,0.4,0.1,1.9771516928767465
4000,24,0.4,0.25,1.9713931137855638
4000,24,0.4,0.4,1.9696938984698273
4000,24,0.25,,1.9694818761582873
4000,24,,0.25,1.9712165829822004
4000,25,0.1,0.1,2.0564947411956527
4000,25,0.1,0.25,2.0424316584856603
4000,25,0.1,0.4,2.0381910370177123
4000,25,0.25,0.1,2.05720393967959
4000,25,0.25,0.25,2.042728543376683
4000,25,0.25,0.4,2.038458827467324
4000,25,0.4,0.1,2.057408329282465
4000,25,0.4,0.25,2.042814105016125
4000,25,0.4,0.4,2.0385360041461937
4000,25,0.25,,2.036662399333576
4000,25,,0.25,2.042848747650522
4000,26,0.1,0.1,2.0155081254980445
4000,26,0.1,0.25,2.017890574760235
4000,26,0.1,0.4,2.018307487538536
4000,26,0.25,0.1,1.9964487037626102
4000,26,0.25,0.25,2.000365674259371
4000,26,0.25,0.4,2.00132433868167
4000,26,0.4,0.1,1.9909558160481553
4000,26,0.4,0.25,1.99531503253506
4000,26,0.4,0.4,1.9964298287115594
4000,26,0.25,,2.001695309021895
4000,26,,0.25,1.993270102869555
4000,27,0.1,0.1,2.0020498109319163
4000,27,0.1,0.25,2.008397255332585
4000,27,0.1,0.4,2.010106250664049
4000,27,0.25,0.1,1.9644499142996965
4000,27,0.25,0.25,1.974224569344551
4000,27,0.25,0.4,1.9770128910149345
4000,27,0.4,0.1,1.953613698325111
4000,27,0.4,0.25,1.9643760687111553
4000,27,0.4,0.4,1.9674754501014626
4000,27,0.25,,1.978150945890374
4000,27,,0.25,1.9603885573798665
4000,28,0.1,0.1,2.0136284996705824
4000,28,0.1,0.25,2.008295227112583
4000,28,0.1,0.4,2.006773894393013
4000,28,0.25,0.1,2.001412702557688
4000,28,0.25,0.25,1.9968091357297666
4000,28,0.25,0.4,1.9955929839932571
4000,28,0.4,0.1,1.9978921339478373
4000,28,0.4,0.25,1.99349886687064
4000,28,0.4,0.4,1.9923706676909188
4000,28,0.25,,1.9950219097743123
4000,28,,0.25,1.9921585882762902
4000,29,0.1,0.1,2.0389508177398286
4000,29,0.1,0.25,2.047578775431859
4000,29,0.1,0.4,2.049823024575937
4000,29,0.25,0.1,2.029958685407065
4000,29,0.25,0.25,2.0400100269107866
4000,29,0.25,0.4,2.042766358495368
4000,29,0.4,0.1,2.0273671706222514
4000,29,0.4,0.25,2.0378287285302648
4000,29,0.4,0.4,2.0407326412631757
4000,29,0.25,,2.043882090789251
4000,29,,0.25,2.036945553280241
4000,30,0.1,0.1,2.0765091893992356
4000,30,0.1,0.25,2.070763564223325
4000,30,0.1,0.4,2.0692925505712805
4000,30,0.25,0.1,2.07683504440636
4000,30,0.25,0.25,2.0697995780570393
4000,30,0.25,0.4,2.067998153799345
4000,30,0.4,0.1,2.076928955176066
4000,30,0.4,0.25,2.069521759147148
4000,30,0.4,0.4,2.067625111205247
4000,30,0.25,,2.067271835662441
4000,30,,0.25,2.06940927440531
4000,31,0.1,0.1,2.0016558309916137
4000,31,0.1,0.25,2.007948903607311
4000,31,0.1,0.4,2.0094922420877044
4000,31,0.25,0.1,2.0170753384424898
4000,31,0.25,0.25,2.01992175545658
4000,31,0.25,0.4,2.0205469818060955
4000,31,0.4,0.1,2.0215192100465478
4000,31,0.4,0.25,2.0233723077211097
4000,31,0.4,0.4,2.023732935967168
4000,31,0.25,,2.020778786476475
4000,31,,0.25,2.0247693849784705
4000,32,0.1,0.1,2.039970297096246
4000,32,0.1,0.25,2.0309983696412885
4000,32,0.1,0.4,2.028219941778676
4000,32,0.25,0.1,2.041383430668298
4000,32,0.25,0.25,2.033044775582928
4000,32,0.25,0.4,2.030521564969747
4000,32,0.4,0.1,2.041790692973763
4000,32,0.4,0.25,2.033634545735016
4000,32,0.4,0.4,2.031184888229236
4000,32,0.25,,2.029466642677465
4000,32,,0.25,2.0338733348920512
4000,33,0.1,0.1,1.9823776646269857
4000,33,0.1,0.25,1.977365641028339
4000,33,0.1,0.4,1.9758557309146645
4000,33,0.25,0.1,1.972799643845051
4000,33,0.25,0.25,1.9698423033074532
4000,33,0.25,0.4,1.9689987870857908
4000,33,0.4,0.1,1.970039277165926
4000,33,0.4,0.25,1.9676740922298883
4000,33,0.4,0.4,1.9670226294122186
4000,33,0.25,,1.9687045338559148
4000,33,,0.25,1.9667962158340542
4000,34,0.1,0.1,1.9797605351683807
4000,34,0.1,0.25,1.9941985356554974
4000,34,0.1,0.4,1.9984070818897075
4000,34,0.25,0.1,1.9949377232126322
4000,34,0.25,0.25,2.005053512664778
4000,34,0.25,0.4,2.008127884041119
4000,34,0.4,0.1,1.9993117588421205
4000,34,0.4,0.25,2.0081818956074837
4000,34,0.4,0.4,2.010929400029029
4000,34,0.25,,2.009373891777996
4000,34,,0.25,2.0094485313012815
4000,35,0.1,0.1,2.0533674236857236
4000,35,0.1,0.25,2.0533903483043687
4000,35,0.1,0.4,2.053258874769844
4000,35,0.25,0.1,2.0533150756745835
4000,35,0.25,0.25,2.053547658332007
4000,35,0.25,0.4,2.0535632364152105
4000,35,0.4,0.1,2.053299989081125
4000,35,0.4,0.25,2.0535929947713902
4000,35,0.4,0.4,2.053650952840493
4000,35,0.25,,2.0535322584095814
4000,35,,0.25,2.0536113508209546
4000,36,0.1,0.1,1.9433063044054453
4000,36,0.1,0.25,1.9526504919669743
4000,36,0.1,0.4,1.9550775296117582
4000,36,0.25,0.1,1.9587164865626097
4000,36,0.25,0.25,1.9650804808661433
4000,36,0.25,0.4,1.9667268628033157
4000,36,0.4,0.1,1.9631576706354308
4000,36,0.4,0.25,1.9686627791259124
4000,36,0.4,0.4,1.9700841776294273
4000,36,0.25,,1.9673909363114062
4000,36,,0.25,1.9701131983759705
4000,37,0.1,0.1,1.8837380555624264
4000,37,0.1,0.25,1.9066284568612355
4000,37,0.1,0.4,1.9131444855490942
4000,37,0.25,0.1,1.8860909996271622
4000,37,0.25,0.25,1.9078239702779318
4000,37,0.25,0.4,1.9140918779255662
4000,37,0.4,0.1,1.886769113461117
4000,37,0.4,0.25,1.9081685148842786
4000,37,0.4,0.4,1.914364914537995
4000,37,0.25,,1.916575457342496
4000,37,,0.25,1.9083080158675334
4000,38,0.1,0.1,1.9770867086703081
4000,38,0.1,0.25,1.9822552041734964
4000,38,0.1,0.4,1.9837018723649136
4000,38,0.25,0.1,1.9805183963838935
4000,38,0.25,0.25,1.9852937880893895
4000,38,0.25,0.4,1.9866923919142818
4000,38,0.4,0.1,1.9815074020076453
4000,38,0.4,0.25,1.986169501974765
4000,38,0.4,0.4,1.98755425374412
4000,38,0.25,,1.9872200866735126
4000,38,,0.25,1.986524065493709
4000,39,0.1,0.1,1.9793126208314127
4000,39,0.1,0.25,1.9788718703329804
4000,39,0.1,0.4,1.978430167156239
4000,39,0.25,0.1,1.9866945467019652
4000,39,0.25,0.25,1.983811963861247
4000,39,0.25,0.4,1.9827428893242216
4000,39,0.4,0.1,1.9888220031634583
4000,39,0.4,0.25,1.98523568906269
4000,39,0.4,0.4,1.983985807338273
4000,39,0.25,,1.9822448542536346
4000,39,,0.25,1.9858121342074615
4000,40,0.1,0.1,2.0331496379495717
4000,40,0.1,0.25,2.0276493013830654
4000,40,0.1,0.4,2.026203215449953
4000,40,0.25,0.1,2.0414389485156823
4000,40,0.25,0.25,2.0342139604370737
4000,40,0.25,0.4,2.0323729873272494
4000,40,0.4,0.1,2.0438279114549536
4000,40,0.4,0.25,2.0361058822155975
4000,40,0.4,0.4,2.034151103401085
4000,40,0.25,,2.031604789787857
4000,40,,0.25,2.036871893186262
4000,41,0.1,0.1,1.98907162063816
4000,41,0.1,0.25,1.990917176986436
4000,41,0.1,0.4,1.9912731272576818
4000,41,0.25,0.1,1.999646407765246
4000,41,0.25,0.25,1.9995723016014495
4000,41,0.25,0.4,1.9994533026587515
4000,41,0.4,0.1,2.002694040537092
4000,41,0.4,0.25,2.0020666914273746
4000,41,0.4,0.4,2.001810813058927
4000,41,0.25,,1.9993523759788467
4000,41,,0.25,2.0030766327439036
4000,42,0.1,0.1,1.9743766099547713
4000,42,0.1,0.25,1.9720309707568868
4000,42,0.1,0.4,1.9710473494797183
4000,42,0.25,0.1,1.9843491769729626
4000,42,0.25,0.25,1.9777134563753356
4000,42,0.25,0.4,1.9755898197806312
4000,42,0.4,0.1,1.9872232510984098
4000,42,0.4,0.25,1.9793511375114385
4000,42,0.4,0.4,1.9768989507529928
4000,42,0.25,,1.9746917379300575
4000,42,,0.25,1.9800142102298484
4000,43,0.1,0.1,1.8954140322248099
4000,43,0.1,0.25,1.912551875445792
4000,43,0.1,0.4,1.9172407334304382
4000,43,0.25,0.1,1.912099295105426
4000,43,0.25,0.25,1.9265787909323713
4000,43,0.25,0.4,1.9305623959267069
4000,43,0.4,0.1,1.9169079549253087
4000,43,0.4,0.25,1.9306213202817626
4000,43,0.4,0.4,1.9344016727566973
4000,43,0.25,,1.9321323050603403
4000,43,,0.25,1.9322580802503924
4000,44,0.1,0.1,1.9757468327489665
4000,44,0.1,0.25,1.9798406367605803
4000,44,0.1,0.4,1.9808171783525623
4000,44,0.25,0.1,1.9838097047361238
4000,44,0.25,0.25,1.9855603826307884
4000,44,0.25,0.4,1.9859615589273152
4000,44,0.4,0.1,1.9861334085240063
4000,44,0.4,0.25,1.9872088020978833
4000,44,0.4,0.4,1.9874441592522243
4000,44,0.25,,1.986097914811055
4000,44,,0.25,1.9878762226066935
4000,45,0.1,0.1,1.9699635853508295
4000,45,0.1,0.25,1.9829456049221221
4000,45,0.1,0.4,1.9867104120289998
4000,45,0.25,0.1,1.9782798460359532
4000,45,0.25,0.25,1.9902174683754323
4000,45,0.25,0.4,1.9937550262141868
4000,45,0.4,0.1,1.9806765759463152
4000,45,0.4,0.25,1.9923132050655763
4000,45,0.4,0.4,1.995785270113924
4000,45,0.25,,1.995226091761127
4000,45,,0.25,1.99316173766058
4000,46,0.1,0.1,2.0886169489234145
4000,46,0.1,0.25,2.061039319959028
4000,46,0.1,0.4,2.052983756552876
4000,46,0.25,0.1,2.092833749495431
4000,46,0.25,0.25,2.0655160581846657
4000,46,0.25,0.4,2.0576455664060624
4000,46,0.4,0.1,2.094049023094907
4000,46,0.4,0.25,2.0668062453027107
4000,46,0.4,0.4,2.0589890908017723
4000,46,0.25,,2.0545063323166644
4000,46,,0.25,2.06732862286496
4000,47,0.1,0.1,2.001592975260136
4000,47,0.1,0.25,2.0032783024415695
4000,47,0.1,0.4,2.003666562272328
4000,47,0.25,0.1,2.005093486162289
4000,47,0.25,0.25,2.0060203228187716
4000,47,0.25,0.4,2.0063022763641163
4000,47,0.4,0.1,2.006102326493106
4000,47,0.4,0.25,2.006810567677813
4000,47,0.4,0.4,2.007061883961585
4000,47,0.25,,2.006401756449185
4000,47,,0.25,2.007130526060029
4000,48,0.1,0.1,1.9303911205448177
4000,48,0.1,0.25,1.9393213171397816
4000,48,0.1,0.4,1.941779395800419
4000,48,0.25,0.1,1.9283444293860712
4000,48,0.25,0.25,1.9377561160281669
4000,48,0.25,0.4,1.9404625874591908
4000,48,0.4,0.1,1.9277545770349758
4000,48,0.4,0.25,1.9373050281580317
4000,48,0.4,0.4,1.9400830858950708
4000,48,0.25,,1.9414513200497547
4000,48,,0.25,1.9371223893929523
4000,49,0.1,0.1,1.9970808715916073
4000,49,0.1,0.25,1.994244353288386
4000,49,0.1,0.4,1.9934158722251856
4000,49,0.25,0.1,1.995606926559154
4000,49,0.25,0.25,1.9930596902162905
4000,49,0.25,0.4,1.9924209459361055
4000,49,0.4,0.1,1.995182138510863
4000,49,0.4,0.25,1.9927182726578352
4000,49,0.4,0.4,1.9921342101439108
4000,49,0.25,,1.9922571841555965
4000,49,,0.25,1.9925800377697316
4000,50,0.1,0.1,1.9952220689533817
4000,50,0.1,0.25,1.9831958094043254
4000,50,0.1,0.4,1.9796817567631542
4000,50,0.25,0.1,1.9904113022562975
4000,50,0.25,0.25,1.9794228750297003
4000,50,0.25,0.4,1.976300406007633
4000,50,0.4,0.1,1.989024848792266
4000,50,0.4,0.25,1.9783355227919723
4000,50,0.4,0.4,1.9753259073958134
4000,50,0.25,,1.9750333678469196
4000,50,,0.25,1.9778952700539725
4000,51,0.1,0.1,2.0561894555764346
4000,51,0.1,0.25,2.045765164802062
4000,51,0.1,0.4,2.0427492677780297
4000,51,0.25,0.1,2.063731344993297
4000,51,0.25,0.25,2.051577973105528
4000,51,0.25,0.4,2.048120891405325
4000,51,0.4,0.1,2.0659049026330143
4000,51,0.4,0.25,2.0532532129821517
4000,51,0.4,0.4,2.049668982729322
4000,51,0.25,,2.0466580129649157
4000,51,,0.25,2.053931492675612
4000,52,0.1,0.1,2.0219017672965665
4000,52,0.1,0.25,2.0093269039135606
4000,52,0.1,0.4,2.0053401943710756
4000,52,0.25,0.1,2.0261095008326735
4000,52,0.25,0.25,2.013018630133107
4000,52,0.25,0.4,2.0089553337456016
4000,52,0.4,0.1,2.027322161330301
4000,52,0.4,0.25,2.014082578340873
4000,52,0.4,0.4,2.0099972097758414
4000,52,0.25,,2.007197886451582
4000,52,,0.25,2.0145133551354633
4000,53,0.1,0.1,1.865787002652664
4000,53,0.1,0.25,1.8876536597672
4000,53,0.1,0.4,1.893827863042628
4000,53,0.25,0.1,1.881171903092513
4000,53,0.25,0.25,1.8994285653302159
4000,53,0.25,0.4,1.9046284844102712
4000,53,0.4,0.1,1.8856058010243182
4000,53,0.4,0.25,1.90282206986586
4000,53,0.4,0.4,1.9077412021643734
4000,53,0.25,,1.90675142130241
4000,53,,0.25,1.9041960493468355
4000,54,0.1,0.1,1.9531549084663533
4000,54,0.1,0.25,1.9621553957740208
4000,54,0.1,0.4,1.964794379124577
4000,54,0.25,0.1,1.9574667227551954
4000,54,0.25,0.25,1.9646476470286074
4000,54,0.25,0.4,1.9668172514730518
4000,54,0.4,0.1,1.9587093791202705
4000,54,0.4,0.25,1.965365908919639
4000,54,0.4,0.4,1.9674002392900527
4000,54,0.25,,1.967683681524471
4000,54,,0.25,1.9656567224694304
4000,55,0.1,0.1,2.106612388743902
4000,55,0.1,0.25,2.0940461220879905
4000,55,0.1,0.4,2.090227013892931
4000,55,0.25,0.1,2.1015360555811693
4000,55,0.25,0.25,2.0896303560789757
4000,55,0.25,0.4,2.0860831398517075
4000,55,0.4,0.1,2.1000730663860554
4000,55,0.4,0.25,2.088357741033382
4000,55,0.4,0.4,2.0848888835344255
4000,55,0.25,,2.08463218315787
4000,55,,0.25,2.0878424781417424
4000,56,0.1,0.1,1.919611866649897
4000,56,0.1,0.25,1.93210879292851
4000,56,0.1,0.4,1.935605001194409
4000,56,0.25,0.1,1.924113634428114
4000,56,0.25,0.25,1.9363134120648375
4000,56,0.25,0.4,1.9398031860496325
4000,56,0.4,0.1,1.9254110350137954
4000,56,0.4,0.25,1.9375251749985973
4000,56,0.4,0.4,1.9410130946362816
4000,56,0.25,,1.941117679041312
4000,56,,0.25,1.9380157997758165
4000,57,0.1,0.1,1.9738230604434472
4000,57,0.1,0.25,1.9895458790779958
4000,57,0.1,0.4,1.9939280390531537
4000,57,0.25,0.1,1.982583232675613
4000,57,0.25,0.25,1.9968297664994907
4000,57,0.25,0.4,2.0008564628186627
4000,57,0.4,0.1,1.985107897017402
4000,57,0.4,0.25,1.998928968473526
4000,57,0.4,0.4,2.0028532208688477
4000,57,0.25,,2.0025031764929997
4000,57,,0.25,1.9997789041104033
4000,58,0.1,0.1,2.0171251956678717
4000,58,0.1,0.25,2.018208338037249
4000,58,0.1,0.4,2.018110230427508
4000,58,0.25,0.1,2.0083290880915405
4000,58,0.25,0.25,2.010086735469916
4000,58,0.25,0.4,2.0102968147127127
4000,58,0.4,0.1,2.0057940672545116
4000,58,0.4,0.25,2.0077461056447805
4000,58,0.4,0.4,2.008045003730015
4000,58,0.25,,2.0104127404550964
4000,58,,0.25,2.0067984194641624
4000,59,0.1,0.1,2.0287997600436873
4000,59,0.1,0.25,2.028159745715969
4000,59,0.1,0.4,2.0277474686338084
4000,59,0.25,0.1,2.017657093259912
4000,59,0.25,0.25,2.0194516525770174
4000,59,0.25,0.4,2.019851568078865
4000,59,0.4,0.1,2.0144457986921935
4000,59,0.4,0.25,2.016941997327071
4000,59,0.4,0.4,2.0175759851280892
4000,59,0.25,,2.020011112048182
4000,59,,0.25,2.015925875267551
4000,60,0.1,0.1,2.06539652621005
4000,60,0.1,0.25,2.061522549400515
4000,60,0.1,0.4,2.0602627078109825
4000,60,0.25,0.1,2.0568586146032724
4000,60,0.25,0.25,2.052394893916801
4000,60,0.25,0.4,2.051039796844552
4000,60,0.4,0.1,2.0543980053349027
4000,60,0.4,0.25,2.049764321627452
4000,60,0.4,0.4,2.048381772113149
4000,60,0.25,,2.0504598464753503
4000,60,,0.25,2.048699242058285
4000,61,0.1,0.1,2.063181343697164
4000,61,0.1,0.25,2.04641214880504
4000,61,0.1,0.4,2.041552506888553
4000,61,0.25,0.1,2.033926361870063
4000,61,0.25,0.25,2.020894181749063
4000,61,0.25,0.4,2.0171505717476506
4000,61,0.4,0.1,2.0254951338666487
4000,61,0.4,0.25,2.013539954024565
4000,61,0.4,0.4,2.0101179822176554
4000,61,0.25,,2.0155327011676514
4000,61,,0.25,2.0105623366718404
4000,62,0.1,0.1,1.922339169074949
4000,62,0.1,0.25,1.9337248275735637
4000,62,0.1,0.4,1.9367624602596984
4000,62,0.25,0.1,1.9304991105687972
4000,62,0.25,0.25,1.939573334114425
4000,62,0.25,0.4,1.94204142255678
4000,62,0.4,0.1,1.9328507895968603
4000,62,0.4,0.25,1.9412588621525857
4000,62,0.4,0.4,1.943562809068355
4000,62,0.25,,1.943011686763537
4000,62,,0.25,1.9419413073695337
4000,63,0.1,0.1,1.9275230623292474
4000,63,0.1,0.25,1.942659191643712
4000,63,0.1,0.4,1.9469131559356978
4000,63,0.25,0.1,1.9135330875479297
4000,63,0.25,0.25,1.9297754316441291
4000,63,0.25,0.4,1.9343942462461186
4000,63,0.4,0.1,1.9095012044368613
4000,63,0.4,0.25,1.926062357449117
4000,63,0.4,0.4,1.930786321190113
4000,63,0.25,,1.9362778959539295
4000,63,,0.25,1.9245589889692165
4000,64,0.1,0.1,2.075186201848362
4000,64,0.1,0.25,2.053583144930513
4000,64,0.1,0.4,2.0474137413990925
4000,64,0.25,0.1,2.0877987445899904
4000,64,0.25,0.25,2.0657180636500767
4000,64,0.25,0.4,2.0594669028879835
4000,64,0.4,0.1,2.0914336545067336
4000,64,0.4,0.25,2.0692153232666515
4000,64,0.4,0.4,2.062940600232095
4000,64,0.25,,2.0569326447219782
4000,64,,0.25,2.07063131163571
4000,65,0.1,0.1,1.96488626029715
4000,65,0.1,0.25,1.9655985349625826
4000,65,0.1,0.4,1.9655296679583065
4000,65,0.25,0.1,1.9542948421081656
4000,65,0.25,0.25,1.9563888529614988
4000,65,0.25,0.4,1.956857312262333
4000,65,0.4,0.1,1.9512424162971158
4000,65,0.4,0.25,1.953734640791791
4000,65,0.4,0.4,1.9543579564728952
4000,65,0.25,,1.957084351961031
4000,65,,0.25,1.952659989786899
4000,66,0.1,0.1,2.0636948072443047
4000,66,0.1,0.25,2.0545529221704566
4000,66,0.1,0.4,2.051779696133638
4000,66,0.25,0.1,2.048822538406789
4000,66,0.25,0.25,2.042051350230233
4000,66,0.25,0.4,2.040043370996704
4000,66,0.4,0.1,2.0445363798906686
4000,66,0.4,0.25,2.038448421879361
4000,66,0.4,0.4,2.0366609852636857
4000,66,0.25,,2.0392206664944554
4000,66,,0.25,2.036989649812453
4000,67,0.1,0.1,2.045782545069648
4000,67,0.1,0.25,2.060745790145101
4000,67,0.1,0.4,2.065134356854154
4000,67,0.25,0.1,2.0331012063122658
4000,67,0.25,0.25,2.0496627154211557
4000,67,0.25,0.4,2.054634156973414
4000,67,0.4,0.1,2.0294464695196086
4000,67,0.4,0.25,2.0464685951674246
4000,67,0.4,0.4,2.0516080200987044
4000,67,0.25,,2.056634972778463
4000,67,,0.25,2.045175343414761
4000,68,0.1,0.1,1.949532548910478
4000,68,0.1,0.25,1.969150352030855
4000,68,0.1,0.4,1.9746975728033849
4000,68,0.25,0.1,1.9436967306687942
4000,68,0.25,0.25,1.9639235997677236
4000,68,0.25,0.4,1.9697165572771604
4000,68,0.4,0.1,1.9420148593734057
4000,68,0.4,0.25,1.9624172600848528
4000,68,0.4,0.4,1.9682810384366995
4000,68,0.25,,1.9719405433189712
4000,68,,0.25,1.9618073655661028
4000,69,0.1,0.1,1.9931705299722635
4000,69,0.1,0.25,1.9917527088103293
4000,69,0.1,0.4,1.9910465954352803
4000,69,0.25,0.1,2.005292945925593
4000,69,0.25,0.25,2.0013475922706747
4000,69,0.25,0.4,1.9999967928986089
4000,69,0.4,0.1,2.008786602269623
4000,69,0.4,0.25,2.004112818740425
4000,69,0.4,0.4,2.0025762221368453
4000,69,0.25,,1.9994293136916568
4000,69,,0.25,2.0052324177831786
4000,70,0.1,0.1,1.9188244771647087
4000,70,0.1,0.25,1.941617608618722
4000,70,0.1,0.4,1.9480470637699439
4000,70,0.25,0.1,1.9135177979517375
4000,70,0.25,0.25,1.9358660153120164
4000,70,0.25,0.4,1.942299931266668
4000,70,0.4,0.1,1.9119884234797255
4000,70,0.4,0.25,1.9342084174766
4000,70,0.4,0.4,1.940643619025993
4000,70,0.25,,1.944854195707922
4000,70,,0.25,1.9335372807830584
4000,71,0.1,0.1,1.817364430673966
4000,71,0.1,0.25,1.8593931030945139
4000,71,0.1,0.4,1.871299689510588
4000,71,0.25,0.1,1.8208476460981529
4000,71,0.25,0.25,1.8620430184016405
4000,71,0.25,0.4,1.873817731523003
4000,71,0.4,0.1,1.8218515019063668
4000,71,0.4,0.25,1.862806718761332
4000,71,0.4,0.4,1.8745434262595206
4000,71,0.25,,1.8785242258790336
4000,71,,0.25,1.8631159296708233
4000,72,0.1,0.1,2.0251724164347267
4000,72,0.1,0.25,2.02574863269697
4000,72,0.1,0.4,2.0254351115821683
4000,72,0.25,0.1,2.029368262876338
4000,72,0.25,0.25,2.0280602169051516
4000,72,0.25,0.4,2.0273088058736466
4000,72,0.4,0.1,2.0305774975368003
4000,72,0.4,0.25,2.0287264109101053
4000,72,0.4,0.4,2.027848800869149
4000,72,0.25,,2.0269573597796278
4000,72,,0.25,2.0289961429477503
4000,73,0.1,0.1,1.9803144199358917
4000,73,0.1,0.25,1.9799005620548094
4000,73,0.1,0.4,1.9796947396108504
4000,73,0.25,0.1,1.9985940303752352
4000,73,0.25,0.25,1.9957441828719584
4000,73,0.25,0.4,1.994903267236925
4000,73,0.4,0.1,2.0038621780137658
4000,73,0.4,0.25,2.0003102831108337
4000,73,0.4,0.4,1.99928633487202
4000,73,0.25,,1.9945663128850724
4000,73,,0.25,2.002159029140313
4000,74,0.1,0.1,1.8994709458725318
4000,74,0.1,0.25,1.921407980630409
4000,74,0.1,0.4,1.927452133093398
4000,74,0.25,0.1,1.9155262669795439
4000,74,0.25,0.25,1.9350539561464115
4000,74,0.25,0.4,1.9404734922411206
4000,74,0.4,0.1,1.9201533788239904
4000,74,0.4,0.25,1.9389866993483862
4000,74,0.4,0.4,1.944226222238959
4000,74,0.25,,1.9426015488511374
4000,74,,0.25,1.9405790085398733
4000,75,0.1,0.1,2.0025632502318156
4000,75,0.1,0.25,2.006965766658555
4000,75,0.1,0.4,2.008201755184619
4000,75,0.25,0.1,1.99482942945945
4000,75,0.25,0.25,1.9991339804306645
4000,75,0.25,0.4,2.0004514563589657
4000,75,0.4,0.1,1.9926005575820132
4000,75,0.4,0.25,1.996876875102362
4000,75,0.4,0.4,1.9982178355391043
4000,75,0.25,,2.0010023106320194
4000,75,,0.25,1.9959630067474163
4000,76,0.1,0.1,1.994033862654006
4000,76,0.1,0.25,1.9946729365035762
4000,76,0.1,0.4,1.994841098202245
4000,76,0.25,0.1,1.9892575859884227
4000,76,0.25,0.25,1.9909687614347176
4000,76,0.25,0.4,1.991533754167197
4000,76,0.4,0.1,1.9878810724833758
4000,76,0.4,0.25,1.9899012254931576
4000,76,0.4,0.4,1.9905805841461037
4000,76,0.25,,1.9918227439204006
4000,76,,0.25,1.989468996078551
4000,77,0.1,0.1,1.9239960961474936
4000,77,0.1,0.25,1.9451213992300864
4000,77,0.1,0.4,1.9509989288957177
4000,77,0.25,0.1,1.9207585841677246
4000,77,0.25,0.25,1.9422225811606801
4000,77,0.25,0.4,1.9482875381540092
4000,77,0.4,0.1,1.919825539607091
4000,77,0.4,0.25,1.9413871475163178
4000,77,0.4,0.4,1.9475061206954447
4000,77,0.25,,1.950742079464098
4000,77,,0.25,1.9410488928674687
4000,78,0.1,0.1,2.0139616315294253
4000,78,0.1,0.25,2.019072212887656
4000,78,0.1,0.4,2.0203101229975524
4000,78,0.25,0.1,2.007966566239469
4000,78,0.25,0.25,2.014365662440726
4000,78,0.25,0.4,2.01605651772303
4000,78,0.4,0.1,2.006238800259175
4000,78,0.4,0.25,2.0130092438942317
4000,78,0.4,0.4,2.0148306370809577
4000,78,0.25,,2.0167093779089154
4000,78,,0.25,2.0124600502123244
4000,79,0.1,0.1,2.030159030980168
4000,79,0.1,0.25,2.0180965935022694
4000,79,0.1,0.4,2.014611095755207
4000,79,0.25,0.1,2.0209952839923453
4000,79,0.25,0.25,2.0114060436138583
4000,79,0.25,0.4,2.00872340898471
4000,79,0.4,0.1,2.018354310202768
4000,79,0.4,0.25,2.00947784034541
4000,79,0.4,0.4,2.007026589281723
4000,79,0.25,,2.007627245783984
4000,79,,0.25,2.0086971395394526
4000,80,0.1,0.1,1.9756590404174796
4000,80,0.1,0.25,1.9842987314407785
4000,80,0.1,0.4,1.9868410294322039
4000,80,0.25,0.1,1.9655416006017898
4000,80,0.25,0.25,1.9766539662243465
4000,80,0.25,0.4,1.9799831408823487
4000,80,0.4,0.1,1.9626257744221312
4000,80,0.4,0.25,1.974450759982304
4000,80,0.4,0.4,1.9780067109420552
4000,80,0.25,,1.9812905184753409
4000,80,,0.25,1.9735587145652058
4000,81,0.1,0.1,2.024857141462409
4000,81,0.1,0.25,2.033843417165939
4000,81,0.1,0.4,2.036222880216779
4000,81,0.25,0.1,2.016388811337385
4000,81,0.25,0.25,2.0252990230950743
4000,81,0.25,0.4,2.0277424142227254
4000,81,0.4,0.1,2.01394825531468
4000,81,0.4,0.25,2.0228365455933535
4000,81,0.4,0.4,2.0252983606665267
4000,81,0.25,,2.028795012487088
4000,81,,0.25,2.0218395251019436
4000,82,0.1,0.1,2.067605664238322
4000,82,0.1,0.25,2.06450433189225
4000,82,0.1,0.4,2.0632825692138232
4000,82,0.25,0.1,2.0518300345709606
4000,82,0.25,0.25,2.050296959501412
4000,82,0.25,0.4,2.0496038644330046
4000,82,0.4,0.1,2.047283529247217
4000,82,0.4,0.25,2.046202422828496
4000,82,0.4,0.4,2.0456616887215286
4000,82,0.25,,2.0493780275397673
4000,82,,0.25,2.0445446058685954
4000,83,0.1,0.1,1.8810951914032976
4000,83,0.1,0.25,1.8990840902932609
4000,83,0.1,0.4,1.9039264464299308
4000,83,0.25,0.1,1.8627833555314124
4000,83,0.25,0.25,1.8850215641931383
4000,83,0.25,0.4,1.8911926444008904
4000,83,0.4,0.1,1.8575059205868472
4000,83,0.4,0.25,1.880968771935231
4000,83,0.4,0.4,1.8875227877969214
4000,83,0.25,,1.8936198618006195
4000,83,,0.25,1.879327856667686
4000,84,0.1,0.1,2.0065294709501718
4000,84,0.1,0.25,1.991666098258566
4000,84,0.1,0.4,1.9873678529000518
4000,84,0.25,0.1,2.009343539872006
4000,84,0.25,0.25,1.9930162662877933
4000,84,0.25,0.4,1.988360029952652
4000,84,0.4,0.1,2.0101545489793624
4000,84,0.4,0.25,1.9934053820481317
4000,84,0.4,0.4,1.988645973420321
4000,84,0.25,,1.9864475816726663
4000,84,,0.25,1.9935629292282855
4000,85,0.1,0.1,1.8772695965943103
4000,85,0.1,0.25,1.896024987906545
4000,85,0.1,0.4,1.9012634902607806
4000,85,0.25,0.1,1.8874048812909454
4000,85,0.25,0.25,1.9036860036126104
4000,85,0.25,0.4,1.9083062425007373
4000,85,0.4,0.1,1.8903258503300608
4000,85,0.4,0.25,1.905893893213681
4000,85,0.4,0.4,1.9103359497915358
4000,85,0.25,,1.9101869154115596
4000,85,,0.25,1.9067878348531477
4000,86,0.1,0.1,2.002844403177671
4000,86,0.1,0.25,2.0055145598446344
4000,86,0.1,0.4,2.006185675018032
4000,86,0.25,0.1,1.9632261833806062
4000,86,0.25,0.25,1.969188558622056
4000,86,0.25,0.4,1.9708622960615862
4000,86,0.4,0.1,1.95180829065476
4000,86,0.4,0.25,1.9587194767894316
4000,86,0.4,0.4,1.9606821679865483
4000,86,0.25,,1.9714566811331082
4000,86,,0.25,1.9544807013666812
4000,87,0.1,0.1,1.9825675680548216
4000,87,0.1,0.25,1.9787983977099965
4000,87,0.1,0.4,1.9775191147788025
4000,87,0.25,0.1,1.980649395768633
4000,87,0.25,0.25,1.9767878008146582
4000,87,0.25,0.4,1.9755718985470558
4000,87,0.4,0.1,1.9800965823028691
4000,87,0.4,0.25,1.9762083507590151
4000,87,0.4,0.4,1.9750107146735245
4000,87,0.25,,1.975006499607123
4000,87,,0.25,1.9759737400554365
4000,88,0.1,0.1,1.956314719400341
4000,88,0.1,0.25,1.9665504673829615
4000,88,0.1,0.4,1.9695766599014515
4000,88,0.25,0.1,1.9438339501663835
4000,88,0.25,0.25,1.9537673153032107
4000,88,0.25,0.4,1.9567895487480222
4000,88,0.4,0.1,1.9402370171143857
4000,88,0.4,0.25,1.9500832361120601
4000,88,0.4,0.4,1.9531043285596548
4000,88,0.25,,1.9580327731602396
4000,88,,0.25,1.948591607277691
4000,89,0.1,0.1,2.0417425587989535
4000,89,0.1,0.25,2.0308153329046976
4000,89,0.1,0.4,2.0276657093224193
4000,89,0.25,0.1,2.0282168673433385
4000,89,0.25,0.25,2.0208452402406625
4000,89,0.25,0.4,2.018826101179048
4000,89,0.4,0.1,2.0243187897700863
4000,89,0.4,0.25,2.017971879219198
4000,89,0.4,0.4,2.016278543564483
4000,89,0.25,,2.0179625570089055
4000,89,,0.25,2.016808498105821
4000,90,0.1,0.1,1.9333523119455116
4000,90,0.1,0.25,1.9444075468313107
4000,90,0.1,0.4,1.9476528735764655
4000,90,0.25,0.1,1.9471914119135516
4000,90,0.25,0.25,1.9568173192760068
4000,90,0.25,0.4,1.9597382813008266
4000,90,0.4,0.1,1.9511798132013105
4000,90,0.4,0.25,1.960393791193511
4000,90,0.4,0.4,1.963221271946335
4000,90,0.25,,1.9608897284382754
4000,90,,0.25,1.9618418514442992
4000,91,0.1,0.1,2.0070903354308434
4000,91,0.1,0.25,2.0069283729037584
4000,91,0.1,0.4,2.0066352324704346
4000,91,0.25,0.1,1.9892197360716612
4000,91,0.25,0.25,1.9931794477077076
4000,91,0.25,0.4,1.9941512125375962
4000,91,0.4,0.1,1.9840694646189083
4000,91,0.4,0.25,1.9892170346112001
4000,91,0.4,0.4,1.9905533426405986
4000,91,0.25,,1.9946467600571176
4000,91,,0.25,1.9876127125209937
4000,92,0.1,0.1,2.0572354023495016
4000,92,0.1,0.25,2.0477924642201484
4000,92,0.1,0.4,2.044855986341544
4000,92,0.25,0.1,2.056767580077652
4000,92,0.25,0.25,2.047051909550891
4000,92,0.25,0.4,2.044138993022182
4000,92,0.4,0.1,2.056632754622543
4000,92,0.4,0.25,2.0468384831573143
4000,92,0.4,0.4,2.043932356963128
4000,92,0.25,,2.042973545454516
4000,92,,0.25,2.046752069986979
4000,93,0.1,0.1,1.8759567288197614
4000,93,0.1,0.25,1.902315517922877
4000,93,0.1,0.4,1.909311135211512
4000,93,0.25,0.1,1.8744311007005101
4000,93,0.25,0.25,1.9005198659404792
4000,93,0.25,0.4,1.9075157787233816
4000,93,0.4,0.1,1.8739914176886439
4000,93,0.4,0.25,1.9000023625843718
4000,93,0.4,0.4,1.906998360528139
4000,93,0.25,,1.9103608656548567
4000,93,,0.25,1.8997928331774834
4000,94,0.1,0.1,2.006551122962233
4000,94,0.1,0.25,2.0025299966817087
4000,94,0.1,0.4,2.0012718501418583
4000,94,0.25,0.1,1.9934819497402407
4000,94,0.25,0.25,1.9910105477993412
4000,94,0.25,0.4,1.990295136381967
4000,94,0.4,0.1,1.9897154398205985
4000,94,0.4,0.25,1.987690665374702
4000,94,0.4,0.4,1.987131669148085
4000,94,0.25,,1.9899686847126514
4000,94,,0.25,1.9863464943907552
4000,95,0.1,0.1,2.01727820676067
4000,95,0.1,0.25,2.020220708736886
4000,95,0.1,0.4,2.0209612419785103
4000,95,0.25,0.1,2.023504256848281
4000,95,0.25,0.25,2.0250450245264813
4000,95,0.25,0.4,2.0254669258645475
4000,95,0.4,0.1,2.025298592191217
4000,95,0.4,0.25,2.0264353828122235
4000,95,0.4,0.4,2.026765455064771
4000,95,0.25,,2.0256716604223417
4000,95,,0.25,2.026998318189427
4000,96,0.1,0.1,1.9265842423546835
4000,96,0.1,0.25,1.9452231834376525
4000,96,0.1,0.4,1.9505914210992583
4000,96,0.25,0.1,1.9311315155663997
4000,96,0.25,0.25,1.9490778516419034
4000,96,0.25,0.4,1.9543464124904057
4000,96,0.4,0.1,1.9324420307281722
4000,96,0.4,0.25,1.9501887594079594
4000,96,0.4,0.4,1.9554285935957207
4000,96,0.25,,1.9565701652804
4000,96,,0.25,1.9506385494288019
4000,97,0.1,0.1,1.9254077253536044
4000,97,0.1,0.25,1.9290318557185842
4000,97,0.1,0.4,1.929940687217854
4000,97,0.25,0.1,1.929329990984189
4000,97,0.25,0.25,1.9317581761303606
4000,97,0.25,0.4,1.9323801512153678
4000,97,0.4,0.1,1.930460380195054
4000,97,0.4,0.25,1.9325438962903627
4000,97,0.4,0.4,1.9330831999231304
4000,97,0.25,,1.9326234403208529
4000,97,,0.25,1.9328620226892794
4000,98,0.1,0.1,1.8910952526921396
4000,98,0.1,0.25,1.9095141216412381
4000,98,0.1,0.4,1.9148463761473513
4000,98,0.25,0.1,1.8974314917709962
4000,98,0.25,0.25,1.9155727175747757
4000,98,0.25,0.4,1.9209282931324034
4000,98,0.4,0.1,1.8992575833636594
4000,98,0.4,0.25,1.9173187929611186
4000,98,0.4,0.4,1.9226810895997497
4000,98,0.25,,1.9231748051430775
4000,98,,0.25,1.91802575289822
4000,99,0.1,0.1,1.8613696824892423
4000,99,0.1,0.25,1.8902303441209762
4000,99,0.1,0.4,1.8984127009267435
4000,99,0.25,0.1,1.868728557894046
4000,99,0.25,0.25,1.8932785832297334
4000,99,0.25,0.4,1.9003173762556271
4000,99,0.4,0.1,1.8708493712568195
4000,99,0.4,0.25,1.8941570797226295
4000,99,0.4,0.4,1.9008662999249433
4000,99,0.25,,1.90310629577179
4000,99,,0.25,1.8945127698779456
4000,100,0.1,0.1,1.9632064986257278
4000,100,0.1,0.25,1.9662077045962822
4000,100,0.1,0.4,1.9668805148445336
4000,100,0.25,0.1,1.9685290114491796
4000,100,0.25,0.25,1.9685629680559973
4000,100,0.25,0.4,1.9684654584466696
4000,100,0.4,0.1,1.9700629491364714
4000,100,0.4,0.25,1.9692417503350066
4000,100,0.4,0.4,1.9689222360635943
4000,100,0.25,,1.9684166550747633
4000,100,,0.25,1.9695165791774647
4000,101,0.1,0.1,2.012418983988166
4000,101,0.1,0.25,2.005299527853094
4000,101,0.1,0.4,2.0031029039006283
4000,101,0.25,0.1,2.0076378884765154
4000,101,0.25,0.25,2.001458936547206
4000,101,0.25,0.4,1.9996155777173497
4000,101,0.4,0.1,2.006259986189545
4000,101,0.4,0.25,2.000352085715466
4000,101,0.4,0.4,1.9986105371964813
4000,101,0.25,,1.9988251054792325
4000,101,,0.25,1.9999039382869486
4000,102,0.1,0.1,1.9038104684006012
4000,102,0.1,0.25,1.9262688208710748
4000,102,0.1,0.4,1.9326104525491332
4000,102,0.25,0.1,1.920492090998192
4000,102,0.25,0.25,1.939068910272698
4000,102,0.25,0.4,1.9443822865126876
4000,102,0.4,0.1,1.9252997016956936
4000,102,0.4,0.25,1.9427578707665718
4000,102,0.4,0.4,1.9477749058194314
4000,102,0.25,,1.946528040012645
4000,102,,0.25,1.9442514759677652
4000,103,0.1,0.1,2.1106136882549023
4000,103,0.1,0.25,2.0891190519472875
4000,103,0.1,0.4,2.0829323969401186
4000,103,0.25,0.1,2.102000880215406
4000,103,0.25,0.25,2.080646970505988
4000,103,0.25,0.4,2.0745667394842524
4000,103,0.4,0.1,2.0995186859429977
4000,103,0.4,0.25,2.0782053333613386
4000,103,0.4,0.4,2.0721557735220886
4000,103,0.25,,2.0720710456650577
4000,103,,0.25,2.07721675082034
4000,104,0.1,0.1,2.0806431602443327
4000,104,0.1,0.25,2.0699449595331645
4000,104,0.1,0.4,2.066857754661196
4000,104,0.25,0.1,2.0797825111471653
4000,104,0.25,0.25,2.0686456328999285
4000,104,0.25,0.4,2.0655242370827356
4000,104,0.4,0.1,2.079534473776572
4000,104,0.4,0.25,2.0682711695295364
4000,104,0.4,0.4,2.0651399199494342
4000,104,0.25,,2.0642404856201817
4000,104,,0.25,2.0681195548840012
4000,105,0.1,0.1,1.9707005357032052
4000,105,0.1,0.25,1.9732598432701294
4000,105,0.1,0.4,1.9739364325469733
4000,105,0.25,0.1,1.9763975928629411
4000,105,0.25,0.25,1.9769414278787436
4000,105,0.25,0.4,1.9771187373550647
4000,105,0.4,0.1,1.9780394734884734
4000,105,0.4,0.25,1.9780024532942624
4000,105,0.4,0.4,1.978035871317818
4000,105,0.25,,1.9771275591759614
4000,105,,0.25,1.978432046693771
4000,106,0.1,0.1,2.0088966222507576
4000,106,0.1,0.25,2.009672507276453
4000,106,0.1,0.4,2.0095683275190868
4000,106,0.25,0.1,2.0161981274451763
4000,106,0.25,0.25,2.0149669508409467
4000,106,0.25,0.4,2.01436131449695
4000,106,0.4,0.1,2.0183024068265856
4000,106,0.4,0.25,2.0164927990232244
4000,106,0.4,0.4,2.0157426438810044
4000,106,0.25,,2.0141271933229885
4000,106,,0.25,2.0171105922430397
4000,107,0.1,0.1,1.9856298858849548
4000,107,0.1,0.25,1.99295226358085
4000,107,0.1,0.4,1.994942465416562
4000,107,0.25,0.1,1.9957320315327312
4000,107,0.25,0.25,1.998626322821784
4000,107,0.25,0.4,1.999422422560399
4000,107,0.4,0.1,1.998643449963393
4000,107,0.4,0.25,2.000261575492523
4000,107,0.4,0.4,2.0007135373643132
4000,107,0.25,,1.9997459748314828
4000,107,,0.25,2.0009236649614506
4000,108,0.1,0.1,2.061045886430316
4000,108,0.1,0.25,2.050463025728257
4000,108,0.1,0.4,2.0473497677893167
4000,108,0.25,0.1,2.0726918847033353
4000,108,0.25,0.25,2.05926013771503
4000,108,0.25,0.4,2.055375479876491
4000,108,0.4,0.1,2.0760482384125085
4000,108,0.4,0.25,2.061795448021165
4000,108,0.4,0.4,2.057688474254565
4000,108,0.25,,2.053811303195329
4000,108,,0.25,2.062821957431112
4000,109,0.1,0.1,1.8944562969728265
4000,109,0.1,0.25,1.9050844973536427
4000,109,0.1,0.4,1.9079871111995357
4000,109,0.25,0.1,1.8911113900499448
4000,109,0.25,0.25,1.9002994107996314
4000,109,0.25,0.4,1.9028598436231563
4000,109,0.4,0.1,1.8901473944787395
4000,109,0.4,0.25,1.8989203583021326
4000,109,0.4,0.4,1.901382175230592
4000,109,0.25,,1.9038668244587966
4000,109,,0.25,1.8983620004703252
4000,110,0.1,0.1,2.0432300022390906
4000,110,0.1,0.25,2.036745879614253
4000,110,0.1,0.4,2.0346677625186342
4000,110,0.25,0.1,2.0299747485406434
4000,110,0.25,0.25,2.0262966915214755
4000,110,0.25,0.4,2.025142101433277
4000,110,0.4,0.1,2.0261546105950723
4000,110,0.4,0.25,2.023285256143343
4000,110,0.4,0.4,2.0223968247153308
4000,110,0.25,,2.0246404237446596
4000,110,,0.25,2.0220659707779105
4000,111,0.1,0.1,2.12188859640965
4000,111,0.1,0.25,2.1095846900938358
4000,111,0.1,0.4,2.1057380369481753
4000,111,0.25,0.1,2.1257241414533166
4000,111,0.25,0.25,2.1137013543525036
4000,111,0.25,0.4,2.110020496706201
4000,111,0.4,0.1,2.126829537962248
4000,111,0.4,0.25,2.1148877688641736
4000,111,0.4,0.4,2.1112546931534504
4000,111,0.25,,2.108533887875334
4000,111,,0.25,2.11536813044255
4000,112,0.1,0.1,1.9282790701532257
4000,112,0.1,0.25,1.946259053016868
4000,112,0.1,0.4,1.9514899195488378
4000,112,0.25,0.1,1.9230724087465232
4000,112,0.25,0.25,1.9423514744409625
4000,112,0.25,0.4,1.948063839739604
4000,112,0.4,0.1,1.9215718592088094
4000,112,0.4,0.25,1.941225318010259
4000,112,0.4,0.4,1.9470764503028144
4000,112,0.25,,1.9503666767877454
4000,112,,0.25,1.9407693540320456
4000,113,0.1,0.1,1.988685340184759
4000,113,0.1,0.25,1.9896690819123555
4000,113,0.1,0.4,1.9898704638449984
4000,113,0.25,0.1,1.995488661132281
4000,113,0.25,0.25,1.9952491829116843
4000,113,0.25,0.4,1.9951979725529327
4000,113,0.4,0.1,1.9974493647973173
4000,113,0.4,0.25,1.996857357002698
4000,113,0.4,0.4,1.9967333500442686
4000,113,0.25,,1.9951911025029687
4000,113,,0.25,1.9975084827577048
4000,114,0.1,0.1,1.9942281813895935
4000,114,0.1,0.25,1.9931270811228514
4000,114,0.1,0.4,1.9927097012866266
4000,114,0.25,0.1,2.0022800385524184
4000,114,0.25,0.25,2.0004098765521965
4000,114,0.25,0.4,1.9998840936791602
4000,114,0.4,0.1,2.004600567889675
4000,114,0.4,0.25,2.0025087638162504
4000,114,0.4,0.4,2.0019517394020294
4000,114,0.25,,1.999657098271247
4000,114,,0.25,2.0033585720317397
4000,115,0.1,0.1,2.021308177010878
4000,115,0.1,0.25,2.0182853462524566
4000,115,0.1,0.4,2.017328894905846
4000,115,0.25,0.1,2.0169903932260684
4000,115,0.25,0.25,2.0131676938658285
4000,115,0.25,0.4,2.012095228642741
4000,115,0.4,0.1,2.0157460164640413
4000,115,0.4,0.25,2.011692796551966
4000,115,0.4,0.4,2.010586896358729
4000,115,0.25,,2.0116529026259724
4000,115,,0.25,2.0110956325804707
4000,116,0.1,0.1,1.9756486417881491
4000,116,0.1,0.25,1.984794277152172
4000,116,0.1,0.4,1.987292615729497
4000,116,0.25,0.1,1.9852387573722978
4000,116,0.25,0.25,1.9924225643577116
4000,116,0.25,0.4,1.9944811344310283
4000,116,0.4,0.1,1.9880026097495418
4000,116,0.4,0.25,1.9946210216695484
4000,116,0.4,0.4,1.9965528513282602
4000,116,0.25,,1.9953294455527066
4000,116,,0.25,1.9955111443154843
4000,117,0.1,0.1,2.048368355153817
4000,117,0.1,0.25,2.040917310400152
4000,117,0.1,0.4,2.038731588852407
4000,117,0.25,0.1,2.0308110369074144
4000,117,0.25,0.25,2.0251270519512183
4000,117,0.25,0.4,2.0235537055057438
4000,117,0.4,0.1,2.0257510524528426
4000,117,0.4,0.25,2.0205763306415068
4000,117,0.4,0.4,2.019179469491473
4000,117,0.25,,2.02288172002987
4000,117,,0.25,2.0187338113115616
4000,118,0.1,0.1,1.983022513649254
4000,118,0.1,0.25,1.9810922727035398
4000,118,0.1,0.4,1.9804142076825972
4000,118,0.25,0.1,1.9828536156617285
4000,118,0.25,0.25,1.9794359571850497
4000,118,0.25,0.4,1.9784175523148524
4000,118,0.4,0.1,1.9828049395951852
4000,118,0.4,0.25,1.978958610322744
4000,118,0.4,0.4,1.9778421201799368
4000,118,0.25,,1.9780468032743097
4000,118,,0.25,1.9787653396825466
4000,119,0.1,0.1,2.0285748707044102
4000,119,0.1,0.25,2.02263199808641
4000,119,0.1,0.4,2.020691451827101
4000,119,0.25,0.1,2.0316113611220517
4000,119,0.25,0.25,2.024452906012469
4000,119,0.25,0.4,2.022229497941436
4000,119,0.4,0.1,2.032486471665364
4000,119,0.4,0.25,2.024977688081676
4000,119,0.4,0.4,2.0226727597949674
4000,119,0.25,,2.0212860050789976
4000,119,,0.25,2.0251901645311694
8000,0,0.1,0.1,1.9817827704865967
8000,0,0.1,0.25,1.9848640132027917
8000,0,0.1,0.4,1.9855499948923552
8000,0,0.25,0.1,1.9757056036009732
8000,0,0.25,0.25,1.9794361541379735
8000,0,0.25,0.4,1.9803558553695848
8000,0,0.4,0.1,1.97412712875811
8000,0,0.4,0.25,1.9780263296020217
8000,0,0.4,0.4,1.9790067368212012
8000,0,0.25,,1.9806629937574092
8000,0,,0.25,1.9775316585861575
8000,1,0.1,0.1,1.924936957704322
8000,1,0.1,0.25,1.9388937662141987
8000,1,0.1,0.4,1.942364279858232
8000,1,0.25,0.1,1.920898461945425
8000,1,0.25,0.25,1.9349987665713935
8000,1,0.25,0.4,1.9385637386816519
8000,1,0.4,0.1,1.9198495086949374
8000,1,0.4,0.25,1.9339870848017722
8000,1,0.4,0.4,1.9375765914221792
8000,1,0.25,,1.9398018744726864
8000,1,,0.25,1.933632111799141
8000,2,0.1,0.1,1.9956766586381298
8000,2,0.1,0.25,1.9924526625790375
8000,2,0.1,0.4,1.9913964464160891
8000,2,0.25,0.1,2.0066771526639227
8000,2,0.25,0.25,2.0008459961406126
8000,2,0.25,0.4,1.9991957584447904
8000,2,0.4,0.1,2.00953440562498
8000,2,0.4,0.25,2.003026068882411
8000,2,0.4,0.4,2.001221540862922
8000,2,0.25,,1.998606433806413
8000,2,,0.25,2.0037910000992705
8000,3,0.1,0.1,1.9047314402633575
8000,3,0.1,0.25,1.9187859838627517
8000,3,0.1,0.4,1.922366230150907
8000,3,0.25,0.1,1.908165109122558
8000,3,0.25,0.25,1.9205289481556072
8000,3,0.25,0.4,1.9237585769641763
8000,3,0.4,0.1,1.909056965478485
8000,3,0.4,0.25,1.920981663267774
8000,3,0.4,0.4,1.9241202231816736
8000,3,0.25,,1.9249315107357907
8000,3,,0.25,1.9211405093076337
8000,4,0.1,0.1,2.023093268550124
8000,4,0.1,0.25,2.0152734801624392
8000,4,0.1,0.4,2.0131133044777303
8000,4,0.25,0.1,2.013336177827602
8000,4,0.25,0.25,2.0077904706333207
8000,4,0.25,0.4,2.0063033188473294
8000,4,0.4,0.1,2.0108018847046876
8000,4,0.4,0.25,2.0058468441848576
8000,4,0.4,0.4,2.004534502686746
8000,4,0.25,,2.0057976029075513
8000,4,,0.25,2.0051648758652516
8000,5,0.1,0.1,2.0931917202933437
8000,5,0.1,0.25,2.0786229665631812
8000,5,0.1,0.4,2.074801614972826
8000,5,0.25,0.1,2.094257625030704
8000,5,0.25,0.25,2.078801278271948
8000,5,0.25,0.4,2.0747882614158444
8000,5,0.4,0.1,2.094534481639133
8000,5,0.4,0.25,2.0788475927062517
8000,5,0.4,0.4,2.074784792981596
8000,5,0.25,,2.0733450311252635
8000,5,,0.25,2.0788638432450117
8000,6,0.1,0.1,2.0133890397575125
8000,6,0.1,0.25,2.014003527184044
8000,6,0.1,0.4,2.0141612878496913
8000,6,0.25,0.1,2.0112960878020645
8000,6,0.25,0.25,2.010616703981107
8000,6,0.25,0.4,2.0105094588786425
8000,6,0.4,0.1,2.0107524673830146
8000,6,0.4,0.25,2.0097370152505394
8000,6,0.4,0.4,2.0095609379198254
8000,6,0.25,,2.010486358311095
8000,6,,0.25,2.009428355196116
8000,7,0.1,0.1,2.033524606699097
8000,7,0.1,0.25,2.037358886896944
8000,7,0.1,0.4,2.0383146076632817
8000,7,0.25,0.1,2.026056701071872
8000,7,0.25,0.25,2.030573512741031
8000,7,0.25,0.4,2.031784189038244
8000,7,0.4,0.1,2.024116997689801
8000,7,0.4,0.25,2.0288110891304725
8000,7,0.4,0.4,2.030087987221345
8000,7,0.25,,2.0321810762656805
8000,7,,0.25,2.0281927002064712
8000,8,0.1,0.1,1.941112033691307
8000,8,0.1,0.25,1.9554368655730112
8000,8,0.1,0.4,1.959014586189602
8000,8,0.25,0.1,1.9260963602602696
8000,8,0.25,0.25,1.9422521786024722
8000,8,0.25,0.4,1.946392709843849
8000,8,0.4,0.1,1.922196210205871
8000,8,0.4,0.25,1.9388276064151813
8000,8,0.4,0.4,1.94311432130253
8000,8,0.25,,1.9478346164243372
8000,8,,0.25,1.9376260124865838
8000,9,0.1,0.1,2.066977329835452
8000,9,0.1,0.25,2.0550688820714194
8000,9,0.1,0.4,2.051777056572402
8000,9,0.25,0.1,2.075637047738911
8000,9,0.25,0.25,2.0617809570543604
8000,9,0.25,0.4,2.0580626458872224
8000,9,0.4,0.1,2.077886310777785
8000,9,0.4,0.25,2.063524342040061
8000,9,0.4,0.4,2.0596952560808783
8000,9,0.25,,2.056751845873669
8000,9,,0.25,2.064136050802341
8000,10,0.1,0.1,1.9755334825604107
8000,10,0.1,0.25,1.9785653107544636
8000,10,0.1,0.4,1.979153517641604
8000,10,0.25,0.1,1.9862543586555244
8000,10,0.25,0.25,1.987125408485712
8000,10,0.25,0.4,1.9872514602822198
8000,10,0.4,0.1,1.9890389840456268
8000,10,0.4,0.25,1.989348796320131
8000,10,0.4,0.4,1.9893548085985882
8000,10,0.25,,1.987277653165544
8000,10,,0.25,1.9901289256842225
8000,11,0.1,0.1,1.991688037959653
8000,11,0.1,0.25,1.9927757105108643
8000,11,0.1,0.4,1.9930244044791312
8000,11,0.25,0.1,1.9912368910362876
8000,11,0.25,0.25,1.991993009808461
8000,11,0.25,0.4,1.9922312845195442
8000,11,0.4,0.1,1.9911197107642347
8000,11,0.4,0.25,1.9917897122207056
8000,11,0.4,0.4,1.9920252806484733
8000,11,0.25,,1.9923029426492354
8000,11,,0.25,1.9917183803480552
8000,12,0.1,0.1,1.975822961916024
8000,12,0.1,0.25,1.9849886180004572
8000,12,0.1,0.4,1.9871735354110187
8000,12,0.25,0.1,1.9820443543057127
8000,12,0.25,0.25,1.9899963897434447
8000,12,0.25,0.4,1.9919765047116902
8000,12,0.4,0.1,1.983660290079657
8000,12,0.4,0.25,1.9912971013848857
8000,12,0.4,0.4,1.9932240212526782
8000,12,0.25,,1.9926332133508866
8000,12,,0.25,1.9917534875043
8000,13,0.1,0.1,1.961207943210408
8000,13,0.1,0.25,1.958984662027987
8000,13,0.1,0.4,1.9583396344606054
8000,13,0.25,0.1,1.9504624812029938
8000,13,0.25,0.25,1.9504603654854509
8000,13,0.25,0.4,1.9504653474145905
8000,13,0.4,0.1,1.9476714699023532
8000,13,0.4,0.25,1.948246276601807
8000,13,0.4,0.4,1.9484200910901301
8000,13,0.25,,1.950480577261968
8000,13,,0.25,1.9474694099993644
8000,14,0.1,0.1,1.9074273882062422
8000,14,0.1,0.25,1.9273271671720782
8000,14,0.1,0.4,1.932258579359185
8000,14,0.25,0.1,1.909113845272878
8000,14,0.25,0.25,1.9289031368663128
8000,14,0.25,0.4,1.9338915155263876
8000,14,0.4,0.1,1.9095518832769935
8000,14,0.4,0.25,1.929312477034566
8000,14,0.4,0.4,1.934315652086802
8000,14,0.25,,1.9356305921225985
8000,14,,0.25,1.9294561039269207
8000,15,0.1,0.1,2.004675432262186
8000,15,0.1,0.25,2.0044511307708786
8000,15,0.1,0.4,2.0042942642143573
8000,15,0.25,0.1,2.0047000049833166
8000,15,0.25,0.25,2.00483589815531
8000,15,0.25,0.4,2.0048396927015917
8000,15,0.4,0.1,2.004706387467598
8000,15,0.4,0.25,2.0049358370985892
8000,15,0.4,0.4,2.004981361535422
8000,15,0.25,,2.0048529645738693
8000,15,,0.25,2.0049709030925023
8000,16,0.1,0.1,1.9441503055832006
8000,16,0.1,0.25,1.9566761830236115
8000,16,0.1,0.4,1.9597671503020933
8000,16,0.25,0.1,1.9433940424404759
8000,16,0.25,0.25,1.956226084589211
8000,16,0.25,0.4,1.9594827941395825
8000,16,0.4,0.1,1.9431976117075633
8000,16,0.4,0.25,1.956109176650218
8000,16,0.4,0.4,1.9594089358669067
8000,16,0.25,,1.9606345047486016
8000,16,,0.25,1.9560681566739946
8000,17,0.1,0.1,1.9958587022177214
8000,17,0.1,0.25,1.9936721818372212
8000,17,0.1,0.4,1.9931420515466718
8000,17,0.25,0.1,1.9912516236468112
8000,17,0.25,0.25,1.9896224057297023
8000,17,0.25,0.4,1.9893135276743548
8000,17,0.4,0.1,1.9900549874904991
8000,17,0.4,0.25,1.9885705225372114
8000,17,0.4,0.4,1.9883191122285566
8000,17,0.25,,1.9891982669383395
8000,17,,0.25,1.988201443893642
8000,18,0.1,0.1,2.03708578424615
8000,18,0.1,0.25,2.0336580856892326
8000,18,0.1,0.4,2.032551917604019
8000,18,0.25,0.1,2.0291968057783
8000,18,0.25,0.25,2.027052211630402
8000,18,0.25,0.4,2.02636508130514
8000,18,0.4,0.1,2.0271477335244414
8000,18,0.4,0.25,2.0253364111244694
8000,18,0.4,0.4,2.0247581210819807
8000,18,0.25,,2.026124509671735
8000,18,,0.25,2.0247343810436713
8000,19,0.1,0.1,2.0134397649427926
8000,19,0.1,0.25,2.0157260040571097
8000,19,0.1,0.4,2.0161112535767143
8000,19,0.25,0.1,2.0096725454992144
8000,19,0.25,0.25,2.012283611151096
8000,19,0.25,0.4,2.012828549739707
8000,19,0.4,0.1,2.0086940531801534
8000,19,0.4,0.25,2.0113894888234287
8000,19,0.4,0.4,2.01197590482789
8000,19,0.25,,2.0129802004917168
8000,19,,0.25,2.011075764392583
8000,20,0.1,0.1,1.9906710863237826
8000,20,0.1,0.25,1.9954637333144198
8000,20,0.1,0.4,1.9965522429585998
8000,20,0.25,0.1,2.001139430961216
8000,20,0.25,0.25,2.0040788469707222
8000,20,0.25,0.4,2.004759549202677
8000,20,0.4,0.1,2.003858464183046
8000,20,0.4,0.25,2.0063165245647103
8000,20,0.4,0.4,2.0068913034687315
8000,20,0.25,,2.004972552186633
8000,20,,0.25,2.00710166783635
8000,21,0.1,0.1,2.085218317803962
8000,21,0.1,0.25,2.0787362872424873
8000,21,0.1,0.4,2.076847327522127
8000,21,0.25,0.1,2.0835946140579464
8000,21,0.25,0.25,2.0761858169613205
8000,21,0.25,0.4,2.07414652975383
8000,21,0.4,0.1,2.0831728755137213
8000,21,0.4,0.25,2.075523361371066
8000,21,0.4,0.4,2.073445028311932
8000,21,0.25,,2.0734160205873424
8000,21,,0.25,2.075290922814749
8000,22,0.1,0.1,1.9742609707249243
8000,22,0.1,0.25,1.9887233111247222
8000,22,0.1,0.4,1.9923175907475532
8000,22,0.25,0.1,1.9817604159638709
8000,22,0.25,0.25,1.9940707983419974
8000,22,0.25,0.4,1.9971923969939611
8000,22,0.4,0.1,1.9837083114006595
8000,22,0.4,0.25,1.9954597472064715
8000,22,0.4,0.4,1.9984585723629469
8000,22,0.25,,1.9982790098519503
8000,22,,0.25,1.9959470934884034
8000,23,0.1,0.1,2.0039350223669152
8000,23,0.1,0.25,2.003918975268976
8000,23,0.1,0.4,2.003671730098378
8000,23,0.25,0.1,2.010762274622945
8000,23,0.25,0.25,2.0082391339434627
8000,23,0.25,0.4,2.00741867177575
8000,23,0.4,0.1,2.012535575592764
8000,23,0.4,0.25,2.009361245926431
8000,23,0.4,0.4,2.008391897176126
8000,23,0.25,,2.007141880689089
8000,23,,0.25,2.0097549660386678
8000,24,0.1,0.1,1.9539166817725677
8000,24,0.1,0.25,1.9604642718840966
8000,24,0.1,0.4,1.9621346824250832
8000,24,0.25,0.1,1.956495611303497
8000,24,0.25,0.25,1.9626637798139863
8000,24,0.25,0.4,1.9643031596190303
8000,24,0.4,0.1,1.9571654588595553
8000,24,0.4,0.25,1.9632350769330802
8000,24,0.4,0.4,1.9648663968580913
8000,24,0.25,,1.9648818482300368
8000,24,,0.25,1.9634355303363626
8000,25,0.1,0.1,2.0670427118245427
8000,25,0.1,0.25,2.0510590047237662
8000,25,0.1,0.4,2.046729494169529
8000,25,0.25,0.1,2.059627066233859
8000,25,0.25,0.25,2.04527827543956
8000,25,0.25,0.4,2.041434624683784
8000,25,0.4,0.1,2.0577009368007215
8000,25,0.4,0.25,2.043776796885448
8000,25,0.4,0.4,2.0400593426754408
8000,25,0.25,,2.0400678662340384
8000,25,,0.25,2.0432499668419064
8000,26,0.1,0.1,2.009655777837189
8000,26,0.1,0.25,2.007905145116939
8000,26,0.1,0.4,2.0074058297413764
8000,26,0.25,0.1,2.014534395728486
8000,26,0.25,0.25,2.011321585814084
8000,26,0.25,0.4,2.0105159871578997
8000,26,0.4,0.1,2.0158015611287934
8000,26,0.4,0.25,2.01220896735125
8000,26,0.4,0.4,2.011323815103343
8000,26,0.25,,2.0102315326480267
8000,26,,0.25,2.012520326612814
8000,27,0.1,0.1,2.0300403000280767
8000,27,0.1,0.25,2.026493022192319
8000,27,0.1,0.4,2.0254244125592162
8000,27,0.25,0.1,2.0196872968454813
8000,27,0.25,0.25,2.0159327683423456
8000,27,0.25,0.4,2.014888388673927
8000,27,0.4,0.1,2.016998222252109
8000,27,0.4,0.25,2.01318986274996
8000,27,0.4,0.4,2.012151776538742
8000,27,0.25,,2.0144903076500076
8000,27,,0.25,2.012227448023017
8000,28,0.1,0.1,2.0642554881992865
8000,28,0.1,0.25,2.0466846527284472
8000,28,0.1,0.4,2.0420670419688904
8000,28,0.25,0.1,2.054308508400252
8000,28,0.25,0.25,2.0377008043530944
8000,28,0.25,0.4,2.033416922131843
8000,28,0.4,0.1,2.0517248937536974
8000,28,0.4,0.25,2.0353673521179507
8000,28,0.4,0.4,2.031170152081339
8000,28,0.25,,2.031902685331356
8000,28,,0.25,2.0345486039984553
8000,29,0.1,0.1,1.9942744111685273
8000,29,0.1,0.25,1.9989225954938565
8000,29,0.1,0.4,1.9999680183291224
8000,29,0.25,0.1,1.991338293498814
8000,29,0.25,0.25,1.9965241125938138
8000,29,0.25,0.4,1.9977833492566819
8000,29,0.4,0.1,1.9905756703942394
8000,29,0.4,0.25,1.9959011339937505
8000,29,0.4,0.4,1.9972159063617057
8000,29,0.25,,1.998213735093807
8000,29,,0.25,1.9956825468936563
8000,30,0.1,0.1,1.9625564459441407
8000,30,0.1,0.25,1.9674926196722726
8000,30,0.1,0.4,1.96874424460209
8000,30,0.25,0.1,1.958199880933049
8000,30,0.25,0.25,1.9627324108447306
8000,30,0.25,0.4,1.963961697216345
8000,30,0.4,0.1,1.9570683128190358
8000,30,0.4,0.25,1.961496000849338
8000,30,0.4,0.4,1.9627194850350302
8000,30,0.25,,1.9643988067272338
8000,30,,0.25,1.9610621765167002
8000,31,0.1,0.1,1.9592590440734934
8000,31,0.1,0.25,1.9642160047698802
8000,31,0.1,0.4,1.965369763969332
8000,31,0.25,0.1,1.9544672829458654
8000,31,0.25,0.25,1.9602000535496058
8000,31,0.25,0.4,1.9616176988448961
8000,31,0.4,0.1,1.9532226776000972
8000,31,0.4,0.25,1.9591569559861064
8000,31,0.4,0.4,1.9606431426875328
8000,31,0.25,,1.9620823753534342
8000,31,,0.25,1.9587909599928297
8000,32,0.1,0.1,2.0136185342472523
8000,32,0.1,0.25,2.01360490177248
8000,32,0.1,0.4,2.0136262502816127
8000,32,0.25,0.1,1.9994219962765107
8000,32,0.25,0.25,2.0010338747638263
8000,32,0.25,0.4,2.0015508751333715
8000,32,0.4,0.1,1.9957346073230182
8000,32,0.4,0.25,1.9977686937583377
8000,32,0.4,0.4,1.9984144340501535
8000,32,0.25,,2.001759746296167
8000,32,,0.25,1.9966230260785827
8000,33,0.1,0.1,2.1174743754878143
8000,33,0.1,0.25,2.0967702127196195
8000,33,0.1,0.4,2.0912865902790854
8000,33,0.25,0.1,2.105030354448072
8000,33,0.25,0.25,2.085361589511336
8000,33,0.25,0.4,2.0802296670121336
8000,33,0.4,0.1,2.101798161795643
8000,33,0.4,0.25,2.082398329646186
8000,33,0.4,0.4,2.0773577571987554
8000,33,0.25,,2.078414287588312
8000,33,,0.25,2.081358598296373
8000,34,0.1,0.1,1.9815971563381114
8000,34,0.1,0.25,1.9843958889482847
8000,34,0.1,0.4,1.9851214923479839
8000,34,0.25,0.1,1.9842122144899528
8000,34,0.25,0.25,1.9856895879096805
8000,34,0.25,0.4,1.9861610809125725
8000,34,0.4,0.1,1.9848914460435694
8000,34,0.4,0.25,1.9860256114718497
8000,34,0.4,0.4,1.9864311021950247
8000,34,0.25,,1.9863373848540924
8000,34,,0.25,1.986143513460795
8000,35,0.1,0.1,2.065187617368125
8000,35,0.1,0.25,2.059356020927633
8000,35,0.1,0.4,2.057751578400363
8000,35,0.25,0.1,2.0640249536298363
8000,35,0.25,0.25,2.0576112230617594
8000,35,0.25,0.4,2.0559171309292092
8000,35,0.4,0.1,2.0637229649735858
8000,35,0.4,0.25,2.0571580316998967
8000,35,0.4,0.4,2.055440654104025
8000,35,0.25,,2.0553524043840206
8000,35,,0.25,2.05699901855632
8000,36,0.1,0.1,2.0082983647564463
8000,36,0.1,0.25,2.0104893693622428
8000,36,0.1,0.4,2.0110101030140117
8000,36,0.25,0.1,2.005670039420653
8000,36,0.25,0.25,2.008276161587235
8000,36,0.25,0.4,2.0089836563644035
8000,36,0.4,0.1,2.0049873618671983
8000,36,0.4,0.25,2.007701306089496
8000,36,0.4,0.4,2.008457309940648
8000,36,0.25,,2.0092150645277034
8000,36,,0.25,2.007499604143055
8000,37,0.1,0.1,2.036632933613909
8000,37,0.1,0.25,2.031520295769084
8000,37,0.1,0.4,2.0303097515900292
8000,37,0.25,0.1,2.0410468539576665
8000,37,0.25,0.25,2.0351439528798583
8000,37,0.25,0.4,2.0337917894322075
8000,37,0.4,0.1,2.042193319465716
8000,37,0.4,0.25,2.036085156519017
8000,37,0.4,0.4,2.034696209080248
8000,37,0.25,,2.033325688942914
8000,37,,0.25,2.03641540056602
8000,38,0.1,0.1,1.9804810496345626
8000,38,0.1,0.25,1.9843868524376442
8000,38,0.1,0.4,1.9851398203265163
8000,38,0.25,0.1,1.9740984166281892
8000,38,0.25,0.25,1.9780896791603673
8000,38,0.25,0.4,1.9789413600354564
8000,38,0.4,0.1,1.9724406004415664
8000,38,0.4,0.25,1.9764540601644742
8000,38,0.4,0.4,1.9773313806127961
8000,38,0.25,,1.979223650983779
8000,38,,0.25,1.9758801637045726
8000,39,0.1,0.1,1.9714042509615537
8000,39,0.1,0.25,1.9705089864966985
8000,39,0.1,0.4,1.9701614418522089
8000,39,0.25,0.1,1.955873944358208
8000,39,0.25,0.25,1.9579870827079748
8000,39,0.25,0.4,1.9584699706726547
8000,39,0.4,0.1,1.9518401242020862
8000,39,0.4,0.25,1.9547346608990528
8000,39,0.4,0.4,1.9554332442703153
8000,39,0.25,,1.9586205473396114
8000,39,,0.25,1.9535934700918205
8000,40,0.1,0.1,1.899377988827924
8000,40,0.1,0.25,1.907649258626198
8000,40,0.1,0.4,1.9098087400303936
8000,40,0.25,0.1,1.9018403111812472
8000,40,0.25,0.25,1.9091006485027646
8000,40,0.25,0.4,1.9110850399111023
8000,40,0.4,0.1,1.9024798713517823
8000,40,0.4,0.25,1.9094776304830967
8000,40,0.4,0.4,1.9114165442603435
8000,40,0.25,,1.911724525564109
8000,40,,0.25,1.9096099037230763
8000,41,0.1,0.1,2.0840866361245642
8000,41,0.1,0.25,2.0830141968065488
8000,41,0.1,0.4,2.082600381154496
8000,41,0.25,0.1,2.075250469996006
8000,41,0.25,0.25,2.074625061786326
8000,41,0.25,0.4,2.0743897649300522
8000,41,0.4,0.1,2.072955376541474
8000,41,0.4,0.25,2.0724460795677966
8000,41,0.4,0.4,2.072257150934318
8000,41,0.25,,2.0743086734958838
8000,41,,0.25,2.071681530987386
8000,42,0.1,0.1,2.0025801222296824
8000,42,0.1,0.25,2.0063210550823998
8000,42,0.1,0.4,2.0071196884199796
8000,42,0.25,0.1,2.0074239575123864
8000,42,0.25,0.25,2.0099409287048156
8000,42,0.25,0.4,2.010493457128694
8000,42,0.4,0.1,2.008682088526496
8000,42,0.4,0.25,2.0108811496259893
8000,42,0.4,0.4,2.011369755103157
8000,42,0.25,,2.0106885892676645
8000,42,,0.25,2.0112110488626347
8000,43,0.1,0.1,2.0255757339268614
8000,43,0.1,0.25,2.0269192392682065
8000,43,0.1,0.4,2.0271706225491997
8000,43,0.25,0.1,2.022076950474176
8000,43,0.25,0.25,2.0236875503975207
8000,43,0.25,0.4,2.0241085893072266
8000,43,0.4,0.1,2.02116818134464
8000,43,0.4,0.25,2.022848156041837
8000,43,0.4,0.4,2.023313261067698
8000,43,0.25,,2.024246747204594
8000,43,,0.25,2.0225536342428128
8000,44,0.1,0.1,2.035506283589861
8000,44,0.1,0.25,2.032426548219429
8000,44,0.1,0.4,2.031628682928962
8000,44,0.25,0.1,2.031840081924689
8000,44,0.25,0.25,2.0295677930058065
8000,44,0.25,0.4,2.0290544829988364
8000,44,0.4,0.1,2.0308878278223657
8000,44,0.4,0.25,2.0288252639175752
8000,44,0.4,0.4,2.0283858639026886
8000,44,0.25,,2.0288811325458838
8000,44,,0.25,2.0285647296390055
8000,45,0.1,0.1,1.9934484690660688
8000,45,0.1,0.25,1.9972878776588694
8000,45,0.1,0.4,1.9982047825417266
8000,45,0.25,0.1,1.9926673083216453
8000,45,0.25,0.25,1.996142154652425
8000,45,0.25,0.4,1.9970474041450486
8000,45,0.4,0.1,1.9924644107204257
8000,45,0.4,0.25,1.995844566158214
8000,45,0.4,0.4,1.9967467882960497
8000,45,0.25,,1.9973417363493822
8000,45,,0.25,1.995740150041891
8000,46,0.1,0.1,2.0458820258194015
8000,46,0.1,0.25,2.03546190227366
8000,46,0.1,0.4,2.0325203381236716
8000,46,0.25,0.1,2.0457017845251637
8000,46,0.25,0.25,2.0342459456821165
8000,46,0.25,0.4,2.031101492474651
8000,46,0.4,0.1,2.0456549689030235
8000,46,0.4,0.25,2.0339301148145608
8000,46,0.4,0.4,2.0307329634865487
8000,46,0.25,,2.0299821163947245
8000,46,,0.25,2.0338192979206067
8000,47,0.1,0.1,2.0247067044285054
8000,47,0.1,0.25,2.0174678911693453
8000,47,0.1,0.4,2.0154927952602995
8000,47,0.25,0.1,2.0186963397840447
8000,47,0.25,0.25,2.012127133428799
8000,47,0.25,0.4,2.010400128603611
8000,47,0.4,0.1,2.0171352160620413
8000,47,0.4,0.25,2.010739932469216
8000,47,0.4,0.4,2.0090773664758026
8000,47,0.25,,2.009763837898313
8000,47,,0.25,2.010253199481964
8000,48,0.1,0.1,1.955177536621155
8000,48,0.1,0.25,1.967758105409132
8000,48,0.1,0.4,1.9710440276983894
8000,48,0.25,0.1,1.9556589685080739
8000,48,0.25,0.25,1.9681937701586147
8000,48,0.25,0.4,1.9715277545372993
8000,48,0.4,0.1,1.9557840149542813
8000,48,0.4,0.25,1.968306929112437
8000,48,0.4,0.4,1.9716533970711327
8000,48,0.25,,1.9726730840663742
8000,48,,0.25,1.9683466336665956
8000,49,0.1,0.1,2.0497433035307884
8000,49,0.1,0.25,2.0396995464704633
8000,49,0.1,0.4,2.0369236688179986
8000,49,0.25,0.1,2.045839494262343
8000,49,0.25,0.25,2.0353055187317524
8000,49,0.25,0.4,2.0324886271563347
8000,49,0.4,0.1,2.0448255242928566
8000,49,0.4,0.25,2.0341642201011667
8000,49,0.4,0.4,2.031336675626659
8000,49,0.25,,2.0314886358162796
8000,49,,0.25,2.033763767889846
8000,50,0.1,0.1,1.9512625569790798
8000,50,0.1,0.25,1.9578167739304222
8000,50,0.1,0.4,1.9593779233301625
8000,50,0.25,0.1,1.9641962821979693
8000,50,0.25,0.25,1.9678439477286447
8000,50,0.25,0.4,1.968727678476976
8000,50,0.4,0.1,1.967555669930241
8000,50,0.4,0.25,1.9704483918525935
8000,50,0.4,0.4,1.971156170826116
8000,50,0.25,,1.9690275614115789
8000,50,,0.25,1.9713622240265278
8000,51,0.1,0.1,1.9509043529870942
8000,51,0.1,0.25,1.955632987674127
8000,51,0.1,0.4,1.9567466540044884
8000,51,0.25,0.1,1.9349548220029436
8000,51,0.25,0.25,1.9422034714015803
8000,51,0.25,0.4,1.944052527420264
8000,51,0.4,0.1,1.9308121130914082
8000,51,0.4,0.25,1.9387153075931791
8000,51,0.4,0.4,1.9407553727028695
8000,51,0.25,,1.9447016458653401
8000,51,,0.25,1.937491401007217
8000,52,0.1,0.1,2.0248023106129085
8000,52,0.1,0.25,2.0247759829405956
8000,52,0.1,0.4,2.0247458392855884
8000,52,0.25,0.1,2.020830810146272
8000,52,0.25,0.25,2.0208430874255647
8000,52,0.25,0.4,2.0208683561897245
8000,52,0.4,0.1,2.0197992581594675
8000,52,0.4,0.25,2.0198215626349962
8000,52,0.4,0.4,2.019861224143552
8000,52,0.25,,2.0208448065641824
8000,52,,0.25,2.019463135970546
8000,53,0.1,0.1,2.019733718935722
8000,53,0.1,0.25,2.0179280378597766
8000,53,0.1,0.4,2.017302927057491
8000,53,0.25,0.1,2.0291112229372907
8000,53,0.25,0.25,2.02495017477919
8000,53,0.25,0.4,2.0237858510000795
8000,53,0.4,0.1,2.031546922735226
8000,53,0.4,0.25,2.026774094819408
8000,53,0.4,0.4,2.0254697166144635
8000,53,0.25,,2.023405851275308
8000,53,,0.25,2.0274140612522094
8000,54,0.1,0.1,2.0359496754655337
8000,54,0.1,0.25,2.0370745945393844
8000,54,0.1,0.4,2.0371261122112543
8000,54,0.25,0.1,2.0338542981027694
8000,54,0.25,0.25,2.0351910142099916
8000,54,0.25,0.4,2.035386983117165
8000,54,0.4,0.1,2.0333100477118093
8000,54,0.4,0.25,2.034701775684801
8000,54,0.4,0.4,2.0349352641541714
8000,54,0.25,,2.0354737074739147
8000,54,,0.25,2.03453011452266
8000,55,0.1,0.1,2.0039457402752405
8000,55,0.1,0.25,2.0044389249885914
8000,55,0.1,0.4,2.004436127330465
8000,55,0.25,0.1,2.00735500028038
8000,55,0.25,0.25,2.006320905816679
8000,55,0.25,0.4,2.006003834620767
8000,55,0.4,0.1,2.008240516714629
8000,55,0.4,0.25,2.006809728889634
8000,55,0.4,0.4,2.0064110287237575
8000,55,0.25,,2.0058556879412666
8000,55,,0.25,2.006981244280315
8000,56,0.1,0.1,1.9302576618027707
8000,56,0.1,0.25,1.9458430224618033
8000,56,0.1,0.4,1.9498578206761177
8000,56,0.25,0.1,1.9248000482071308
8000,56,0.25,0.25,1.9418387942064788
8000,56,0.25,0.4,1.9463272670970557
8000,56,0.4,0.1,1.9233824952708825
8000,56,0.4,0.25,1.9407987415495298
8000,56,0.4,0.4,1.9454102460392473
8000,56,0.25,,1.9479135835370875
8000,56,,0.25,1.9404338139353157
8000,57,0.1,0.1,2.0874913148099647
8000,57,0.1,0.25,2.064298018543409
8000,57,0.1,0.4,2.058196591911559
8000,57,0.25,0.1,2.0766818356092602
8000,57,0.25,0.25,2.054608514198064
8000,57,0.25,0.4,2.048879541311745
8000,57,0.4,0.1,2.0738741965722056
8000,57,0.4,0.25,2.0520917758664035
8000,57,0.4,0.4,2.046459543595986
8000,57,0.25,,2.046838996640616
8000,57,,0.25,2.0512087173896645
8000,58,0.1,0.1,1.964758275489724
8000,58,0.1,0.25,1.973232916818613
8000,58,0.1,0.4,1.9753981164706138
8000,58,0.25,0.1,1.9704331970144882
8000,58,0.25,0.25,1.9772778938245446
8000,58,0.25,0.4,1.9791060461935632
8000,58,0.4,0.1,1.9719071932088754
8000,58,0.4,0.25,1.978328530505089
8000,58,0.4,0.4,1.9800691386833595
8000,58,0.25,,1.9797634944489462
8000,58,,0.25,1.978697171779812
8000,59,0.1,0.1,1.9225772218534904
8000,59,0.1,0.25,1.938575851902689
8000,59,0.1,0.4,1.942711021145282
8000,59,0.25,0.1,1.9266572332198284
8000,59,0.25,0.25,1.9415298263989957
8000,59,0.25,0.4,1.945467326846447
8000,59,0.4,0.1,1.927716969676235
8000,59,0.4,0.25,1.9422970876107803
8000,59,0.4,0.4,1.9461832458413364
8000,59,0.25,,1.946855520150784
8000,59,,0.25,1.942566299752709
8000,60,0.1,0.1,2.0563629275191104
8000,60,0.1,0.25,2.0486184577095328
8000,60,0.1,0.4,2.0464744943038498
8000,60,0.25,0.1,2.047124945444495
8000,60,0.25,0.25,2.0408270414259935
8000,60,0.25,0.4,2.039143650538261
8000,60,0.4,0.1,2.044725484877087
8000,60,0.4,0.25,2.0388033098376868
8000,60,0.4,0.4,2.0372395474127862
8000,60,0.25,,2.038547676191758
8000,60,,0.25,2.0380932346935143
8000,61,0.1,0.1,2.0065390132309893
8000,61,0.1,0.25,2.009604291411277
8000,61,0.1,0.4,2.010185450928734
8000,61,0.25,0.1,1.9968090421765474
8000,61,0.25,0.25,2.000714831752695
8000,61,0.25,0.4,2.0015912067395316
8000,61,0.4,0.1,1.9942817930783594
8000,61,0.4,0.25,1.9984058959110744
8000,61,0.4,0.4,1.9993589497517934
8000,61,0.25,,2.0018456855622713
8000,61,,0.25,1.9975957499608417
8000,62,0.1,0.1,1.9865968542243104
8000,62,0.1,0.25,1.9944599338583788
8000,62,0.1,0.4,1.9964732120917263
8000,62,0.25,0.1,1.9841016123038318
8000,62,0.25,0.25,1.9914594163316484
8000,62,0.25,0.4,1.993432045683255
8000,62,0.4,0.1,1.9834535016508807
8000,62,0.4,0.25,1.9906800660981179
8000,62,0.4,0.4,1.9926421373659287
8000,62,0.25,,1.994091671675562
8000,62,,0.25,1.9904066122307014
8000,63,0.1,0.1,2.0788273595706848
8000,63,0.1,0.25,2.07229247992969
8000,63,0.1,0.4,2.070308347619382
8000,63,0.25,0.1,2.0689798558940584
8000,63,0.25,0.25,2.0643107814097457
8000,63,0.25,0.4,2.0628750079699785
8000,63,0.4,0.1,2.0664220790366654
8000,63,0.4,0.25,2.0622376261789985
8000,63,0.4,0.4,2.060944282706731
8000,63,0.25,,2.0623635628491246
8000,63,,0.25,2.0615102095552373
8000,64,0.1,0.1,1.906915471342196
8000,64,0.1,0.25,1.9327593473126123
8000,64,0.1,0.4,1.9395052277743308
8000,64,0.25,0.1,1.904744037146731
8000,64,0.25,0.25,1.9300636597174872
8000,64,0.25,0.4,1.936752288746076
8000,64,0.4,0.1,1.9041800318602242
8000,64,0.4,0.25,1.9293634855848345
8000,64,0.4,0.4,1.9360372442061082
8000,64,0.25,,1.9390766135717186
8000,64,,0.25,1.9291178125662078
8000,65,0.1,0.1,2.014323706775319
8000,65,0.1,0.25,2.0157003716056905
8000,65,0.1,0.4,2.0159098122175876
8000,65,0.25,0.1,2.0032626252812356
8000,65,0.25,0.25,2.007255060746561
8000,65,0.25,0.4,2.0082403147471513
8000,65,0.4,0.1,2.000389635415747
8000,65,0.4,0.25,2.005061487494058
8000,65,0.4,0.4,2.0062482501811556
8000,65,0.25,,2.0086102057045947
8000,65,,0.25,2.004291819296692
8000,66,0.1,0.1,1.934117165107818
8000,66,0.1,0.25,1.9430230631466892
8000,66,0.1,0.4,1.94529216922156
8000,66,0.25,0.1,1.9370124729366531
8000,66,0.25,0.25,1.9448373976613993
8000,66,0.25,0.4,1.9469071278554906
8000,66,0.4,0.1,1.9377644961501304
8000,66,0.4,0.25,1.9453086503753545
8000,66,0.4,0.4,1.9473265949565106
8000,66,0.25,,1.9476206156512474
8000,66,,0.25,1.945474000780881
8000,67,0.1,0.1,1.9080501244940564
8000,67,0.1,0.25,1.9250749612015043
8000,67,0.1,0.4,1.9294959674923862
8000,67,0.25,0.1,1.930300458411787
8000,67,0.25,0.25,1.9424033561864893
8000,67,0.25,0.4,1.9456084007452397
8000,67,0.4,0.1,1.936079729081076
8000,67,0.4,0.25,1.9469042093086428
8000,67,0.4,0.4,1.9497934216646289
8000,67,0.25,,1.9467064727762462
8000,67,,0.25,1.9484834424184485
8000,68,0.1,0.1,1.9450953649864935
8000,68,0.1,0.25,1.9578144993842521
8000,68,0.1,0.4,1.960934819697988
8000,68,0.25,0.1,1.9528012180349232
8000,68,0.25,0.25,1.9635560641810548
8000,68,0.25,0.4,1.9662547016560123
8000,68,0.4,0.1,1.954802725547993
8000,68,0.4,0.25,1.9650473702058848
8000,68,0.4,0.4,1.967636480368987
8000,68,0.25,,1.967209840176321
8000,68,,0.25,1.965570630971643
8000,69,0.1,0.1,2.0572148783469397
8000,69,0.1,0.25,2.055567494159197
8000,69,0.1,0.4,2.0549913192777547
8000,69,0.25,0.1,2.052155601507881
8000,69,0.25,0.25,2.05156086129632
8000,69,0.25,0.4,2.0513650574483564
8000,69,0.4,0.1,2.05084151200469
8000,69,0.4,0.25,2.050520184069962
8000,69,0.4,0.4,2.050423177263219
8000,69,0.25,,2.0512800468741332
8000,69,,0.25,2.0501550373104744
8000,70,0.1,0.1,1.9676471020196031
8000,70,0.1,0.25,1.9683370281785224
8000,70,0.1,0.4,1.9684268286799844
8000,70,0.25,0.1,1.9716122401717209
8000,70,0.25,0.25,1.9717184329273874
8000,70,0.25,0.4,1.9717425354316707
8000,70,0.4,0.1,1.9726421396198346
8000,70,0.4,0.25,1.972596714276259
8000,70,0.4,0.4,1.9726037524744724
8000,70,0.25,,1.9717224756436726
8000,70,,0.25,1.9729048805167961
8000,71,0.1,0.1,2.00719264645543
8000,71,0.1,0.25,2.0013338758622177
8000,71,0.1,0.4,1.9997911323342028
8000,71,0.25,0.1,2.002581321398431
8000,71,0.25,0.25,1.9982031759226884
8000,71,0.25,0.4,1.997124547870182
8000,71,0.4,0.1,2.001383582265751
8000,71,0.4,0.25,1.997390012290998
8000,71,0.4,0.4,1.9964319329441729
8000,71,0.25,,1.9967805851954263
8000,71,,0.25,1.9971046941755204
8000,72,0.1,0.1,1.9877397690042384
8000,72,0.1,0.25,1.987660230529522
8000,72,0.1,0.4,1.9875936782706671
8000,72,0.25,0.1,1.9874586526957378
8000,72,0.25,0.25,1.9872130968388917
8000,72,0.25,0.4,1.987190818154657
8000,72,0.4,0.1,1.9873856359382192
8000,72,0.4,0.25,1.987096958958307
8000,72,0.4,0.4,1.9870861798305357
8000,72,0.25,,1.9871887853676826
8000,72,,0.25,1.9870562091756891
8000,73,0.1,0.1,1.943252908239464
8000,73,0.1,0.25,1.949251967602314
8000,73,0.1,0.4,1.950736499600344
8000,73,0.25,0.1,1.9363102659990508
8000,73,0.25,0.25,1.9422072212359274
8000,73,0.25,0.4,1.943736542192806
8000,73,0.4,0.1,1.9345069937957777
8000,73,0.4,0.25,1.9403774286495161
8000,73,0.4,0.4,1.9419183830280382
8000,73,0.25,,1.9442344556861562
8000,73,,0.25,1.9397354016919344
8000,74,0.1,0.1,1.9728649856286558
8000,74,0.1,0.25,1.9781550866572806
8000,74,0.1,0.4,1.9792792601647138
8000,74,0.25,0.1,1.9748821700200485
8000,74,0.25,0.25,1.9794031937027523
8000,74,0.25,0.4,1.980397080029481
8000,74,0.4,0.1,1.9754061106777856
8000,74,0.4,0.25,1.9797273752843276
8000,74,0.4,0.4,1.9806874210006271
8000,74,0.25,,1.9807365899879794
8000,74,,0.25,1.9798411222281442
8000,75,0.1,0.1,1.9832376572916623
8000,75,0.1,0.25,1.987015032983251
8000,75,0.1,0.4,1.9880248639539613
8000,75,0.25,0.1,1.9846690945073655
8000,75,0.25,0.25,1.987616879342716
8000,75,0.25,0.4,1.9884896760980142
8000,75,0.4,0.1,1.9850408940114195
8000,75,0.4,0.25,1.9877732020759176
8000,75,0.4,0.4,1.9886104057554113
8000,75,0.25,,1.9887648931799524
8000,75,,0.25,1.9878280516854
8000,76,0.1,0.1,2.005812851052029
8000,76,0.1,0.25,2.014655648881761
8000,76,0.1,0.4,2.0167989979443055
8000,76,0.25,0.1,2.0138461837728294
8000,76,0.25,0.25,2.0206788162255087
8000,76,0.25,0.4,2.0224000535580275
8000,76,0.4,0.1,2.015932750398824
8000,76,0.4,0.25,2.0222432653027522
8000,76,0.4,0.4,2.0238548639238014
8000,76,0.25,,2.0230111548071625
8000,76,,0.25,2.022792190076419
8000,77,0.1,0.1,2.1108258794404144
8000,77,0.1,0.25,2.0920474692570745
8000,77,0.1,0.4,2.0870236932998605
8000,77,0.25,0.1,2.1072016184727556
8000,77,0.25,0.25,2.089145419170834
8000,77,0.25,0.4,2.0844057972662458
8000,77,0.4,0.1,2.1062602579886525
8000,77,0.4,0.25,2.0883916447328312
8000,77,0.4,0.4,2.0837258286051794
8000,77,0.25,,2.0827401603046565
8000,77,,0.25,2.088127164751478
8000,78,0.1,0.1,2.108475757940116
8000,78,0.1,0.25,2.096877353583095
8000,78,0.1,0.4,2.093705086065271
8000,78,0.25,0.1,2.098776632502083
8000,78,0.25,0.25,2.087651604323823
8000,78,0.25,0.4,2.084679768886464
8000,78,0.4,0.1,2.096257395201239
8000,78,0.4,0.25,2.0852553210907945
8000,78,0.4,0.4,2.0823355456022035
8000,78,0.25,,2.083653525627802
8000,78,,0.25,2.0844145271969783
8000,79,0.1,0.1,1.9671182437939492
8000,79,0.1,0.25,1.9721699009015674
8000,79,0.1,0.4,1.9734785932888574
8000,79,0.25,0.1,1.971780688780146
8000,79,0.25,0.25,1.975100356533131
8000,79,0.25,0.4,1.9760300894784832
8000,79,0.4,0.1,1.9729917057318704
8000,79,0.4,0.25,1.9758615089878206
8000,79,0.4,0.4,1.976692811536769
8000,79,0.25,,1.976376706539133
8000,79,,0.25,1.976128577724665
8000,80,0.1,0.1,1.9924467232840617
8000,80,0.1,0.25,1.9988864987202932
8000,80,0.1,0.4,2.000407472123387
8000,80,0.25,0.1,1.9956063701848352
8000,80,0.25,0.25,2.001321759747678
8000,80,0.25,0.4,2.0027129112024107
8000,80,0.4,0.1,1.9964270524598278
8000,80,0.4,0.25,2.0019542910471926
8000,80,0.4,0.4,2.0033117227302957
8000,80,0.25,,2.0031958400760526
8000,80,,0.25,2.0021762299427914
8000,81,0.1,0.1,1.9986373035861937
8000,81,0.1,0.25,1.997595119540798
8000,81,0.1,0.4,1.9972982142196984
8000,81,0.25,0.1,1.9983620561602475
8000,81,0.25,0.25,1.9970755662436446
8000,81,0.25,0.4,1.996787169867584
8000,81,0.4,0.1,1.9982905637780906
8000,81,0.4,0.25,1.996940618195563
8000,81,0.4,0.4,1.9966544319210076
8000,81,0.25,,1.9966611924538629
8000,81,,0.25,1.9968932684110106
8000,82,0.1,0.1,2.0472684832562007
8000,82,0.1,0.25,2.038034071974911
8000,82,0.1,0.4,2.0354859618216414
8000,82,0.25,0.1,2.0347181167799286
8000,82,0.25,0.25,2.0267380459715607
8000,82,0.25,0.4,2.024617461621297
8000,82,0.4,0.1,2.0314583021122776
8000,82,0.4,0.25,2.0238040319472286
8000,82,0.4,0.4,2.021794492552192
8000,82,0.25,,2.0238365785061507
8000,82,,0.25,2.0227745622075806
8000,83,0.1,0.1,2.058102425632803
8000,83,0.1,0.25,2.046396048636181
8000,83,0.1,0.4,2.0431287582387485
8000,83,0.25,0.1,2.0659126567408284
8000,83,0.25,0.25,2.053303566460094
8000,83,0.25,0.4,2.0498942058739837
8000,83,0.4,0.1,2.0679412752653805
8000,83,0.4,0.25,2.05509771549646
8000,83,0.4,0.4,2.0516514537978794
8000,83,0.25,,2.048640225118346
8000,83,,0.25,2.055727236052954
8000,84,0.1,0.1,1.9686284986992868
8000,84,0.1,0.25,1.9791431105960489
8000,84,0.1,0.4,1.9817805735707796
8000,84,0.25,0.1,1.9611060027906206
8000,84,0.25,0.25,1.9732098729743544
8000,84,0.25,0.4,1.976328023882403
8000,84,0.4,0.1,1.9591521202050586
8000,84,0.4,0.25,1.9716687821175714
8000,84,0.4,0.4,1.9749117862383574
8000,84,0.25,,1.9774353446348638
8000,84,,0.25,1.9711280531401536
8000,85,0.1,0.1,1.9567128126207054
8000,85,0.1,0.25,1.9612379140198954
8000,85,0.1,0.4,1.9622205672188868
8000,85,0.25,0.1,1.9628379108911715
8000,85,0.25,0.25,1.9665116539651157
8000,85,0.25,0.4,1.96734745422713
8000,85,0.4,0.1,1.96442883536502
8000,85,0.4,0.25,1.9678814478161009
8000,85,0.4,0.4,1.9686791047012782
8000,85,0.25,,1.9676387469294323
8000,85,,0.25,1.968362073098547
8000,86,0.1,0.1,2.0272401993068967
8000,86,0.1,0.25,2.019039928163864
8000,86,0.1,0.4,2.016902773578717
8000,86,0.25,0.1,2.0246777271839522
8000,86,0.25,0.25,2.0158339300252646
8000,86,0.25,0.4,2.0136131922133766
8000,86,0.4,0.1,2.0240121542520693
8000,86,0.4,0.25,2.0150012085444677
8000,86,0.4,0.4,2.0127587609419515
8000,86,0.25,,2.0128225278780807
8000,86,,0.25,2.0147090280848903
8000,87,0.1,0.1,1.9532881934632806
8000,87,0.1,0.25,1.9670489494183103
8000,87,0.1,0.4,1.970518186400788
8000,87,0.25,0.1,1.9608591900904306
8000,87,0.25,0.25,1.9735076114551684
8000,87,0.25,0.4,1.9767665385823183
8000,87,0.4,0.1,1.962825670184903
8000,87,0.4,0.25,1.975185175316029
8000,87,0.4,0.4,1.9783894768549584
8000,87,0.25,,1.9778529758771024
8000,87,,0.25,1.9757737891456704
8000,88,0.1,0.1,1.9951424502812398
8000,88,0.1,0.25,1.9950585323160677
8000,88,0.1,0.4,1.9948537222720848
8000,88,0.25,0.1,2.000384696702242
8000,88,0.25,0.25,1.9990409741205504
8000,88,0.25,0.4,1.9985874811789806
8000,88,0.4,0.1,2.001746310469213
8000,88,0.4,0.25,2.0000753679951724
8000,88,0.4,0.4,1.9995572825049563
8000,88,0.25,,1.9983957186082217
8000,88,,0.25,2.0004383100888266
8000,89,0.1,0.1,2.0544003620567364
8000,89,0.1,0.25,2.047099794184539
8000,89,0.1,0.4,2.04507454386663
8000,89,0.25,0.1,2.047130289911315
8000,89,0.25,0.25,2.0403527161557435
8000,89,0.25,0.4,2.0385504111725203
8000,89,0.4,0.1,2.0452419715216226
8000,89,0.4,0.25,2.038600239527779
8000,89,0.4,0.4,2.0368558420545457
8000,89,0.25,,2.0379300934087863
8000,89,,0.25,2.0379853407430537
8000,90,0.1,0.1,2.0578534254139274
8000,90,0.1,0.25,2.044988932568432
8000,90,0.1,0.4,2.0414596265755387
8000,90,0.25,0.1,2.0581920121641395
8000,90,0.25,0.25,2.044934772506627
8000,90,0.25,0.4,2.0413987276494474
8000,90,0.4,0.1,2.058279956213957
8000,90,0.4,0.25,2.044920705047784
8000,90,0.4,0.4,2.041382909847402
8000,90,0.25,,2.04011689458431
8000,90,,0.25,2.0449157691398185
8000,91,0.1,0.1,1.9500488576490662
8000,91,0.1,0.25,1.9550312431371275
8000,91,0.1,0.4,1.956218380905142
8000,91,0.25,0.1,1.9445303206712674
8000,91,0.25,0.25,1.9497173697233434
8000,91,0.25,0.4,1.951030545128904
8000,91,0.4,0.1,1.9430969435807888
8000,91,0.4,0.25,1.9483371516612618
8000,91,0.4,0.4,1.9496830639068443
8000,91,0.25,,1.951433149848829
8000,91,,0.25,1.9478528687923846
8000,92,0.1,0.1,1.9833564799799857
8000,92,0.1,0.25,1.9869067267502092
8000,92,0.1,0.4,1.9876481970193602
8000,92,0.25,0.1,1.986426814554933
8000,92,0.25,0.25,1.9891648679954932
8000,92,0.25,0.4,1.9897955712618263
8000,92,0.4,0.1,1.9872242989711002
8000,92,0.4,0.25,1.9897513944500729
8000,92,0.4,0.4,1.9903533272497302
8000,92,0.25,,1.9900155968062736
8000,92,,0.25,1.9899571914338245
8000,93,0.1,0.1,2.0111110999165733
8000,93,0.1,0.25,2.020511826456978
8000,93,0.1,0.4,2.0228538617663423
8000,93,0.25,0.1,2.016473751476386
8000,93,0.25,0.25,2.0240671326622617
8000,93,0.25,0.4,2.026008524747644
8000,93,0.4,0.1,2.0178666391060203
8000,93,0.4,0.25,2.0249905829326496
8000,93,0.4,0.4,2.026827912506351
8000,93,0.25,,2.0266989555702772
8000,93,,0.25,2.025314597781096
8000,94,0.1,0.1,2.003791692101378
8000,94,0.1,0.25,2.0087455403652497
8000,94,0.1,0.4,2.0100650145208534
8000,94,0.25,0.1,2.00205796727681
8000,94,0.25,0.25,2.006826735784346
8000,94,0.25,0.4,2.008178682051111
8000,94,0.4,0.1,2.0016076520112374
8000,94,0.4,0.25,2.006328348161243
8000,94,0.4,0.4,2.0076887286888283
8000,94,0.25,,2.0086498034990763
8000,94,,0.25,2.0061534768169533
8000,95,0.1,0.1,1.9831440834630039
8000,95,0.1,0.25,1.9911954725343557
8000,95,0.1,0.4,1.9933160139085502
8000,95,0.25,0.1,1.9745675577420685
8000,95,0.25,0.25,1.9842211387420474
8000,95,0.25,0.4,1.9868402009081412
8000,95,0.4,0.1,1.972339902924542
8000,95,0.4,0.25,1.982409635019328
8000,95,0.4,0.4,1.9851581822799518
8000,95,0.25,,1.9877780346647551
8000,95,,0.25,1.9817740251516403
8000,96,0.1,0.1,1.9619366347981904
8000,96,0.1,0.25,1.9642077805074167
8000,96,0.1,0.4,1.9648843449515576
8000,96,0.25,0.1,1.958211460404758
8000,96,0.25,0.25,1.960194190971692
8000,96,0.25,0.4,1.9608702620877998
8000,96,0.4,0.1,1.9572438888083248
8000,96,0.4,0.25,1.9591517068288404
8000,96,0.4,0.4,1.9598276498086138
8000,96,0.25,,1.961099991405318
8000,96,,0.25,1.9587859260690252
8000,97,0.1,0.1,2.0209960652538155
8000,97,0.1,0.25,2.020118319212443
8000,97,0.1,0.4,2.019810607688594
8000,97,0.25,0.1,2.01470009359826
8000,97,0.25,0.25,2.013873605416357
8000,97,0.25,0.4,2.013665703813027
8000,97,0.4,0.1,2.013064786709916
8000,97,0.4,0.25,2.012251612172873
8000,97,0.4,0.4,2.012069635058959
8000,97,0.25,,2.0135859203803608
8000,97,,0.25,2.0116824966375573
8000,98,0.1,0.1,2.0447612592684243
8000,98,0.1,0.25,2.0360977333772343
8000,98,0.1,0.4,2.0337381551919846
8000,98,0.25,0.1,2.043929100795845
8000,98,0.25,0.25,2.034753782541062
8000,98,0.25,0.4,2.032341465553327
8000,98,0.4,0.1,2.043712957115909
8000,98,0.4,0.25,2.0344047066270923
8000,98,0.4,0.4,2.031978691336426
8000,98,0.25,,2.031491778222913
8000,98,,0.25,2.0342822249050245
8000,99,0.1,0.1,2.003035875307894
8000,99,0.1,0.25,2.008807570548191
8000,99,0.1,0.4,2.010164740802634
8000,99,0.25,0.1,2.0128741584599323
8000,99,0.25,0.25,2.0162107793235675
8000,99,0.25,0.4,2.017014377878801
8000,99,0.4,0.1,2.0154295403911413
8000,99,0.4,0.25,2.01813367843566
8000,99,0.4,0.4,2.018793493050552
8000,99,0.25,,2.0172690953503354
8000,99,,0.25,2.018808374068291
8000,100,0.1,0.1,2.0011029093632047
8000,100,0.1,0.25,2.004095917004152
8000,100,0.1,0.4,2.0047574992707053
8000,100,0.25,0.1,1.9983240790833718
8000,100,0.25,0.25,2.002142611068467
8000,100,0.25,0.4,2.003111878096691
8000,100,0.4,0.1,1.9976023095858644
8000,100,0.4,0.25,2.0016352621116384
8000,100,0.4,0.4,2.002684446750316
8000,100,0.25,,2.003437609282581
8000,100,,0.25,2.0014572464668032
8000,101,0.1,0.1,1.9720707499922943
8000,101,0.1,0.25,1.9717347960098923
8000,101,0.1,0.4,1.9715304795535484
8000,101,0.25,0.1,1.9822163671218118
8000,101,0.25,0.25,1.978944467218725
8000,101,0.25,0.4,1.9780575789659345
8000,101,0.4,0.1,1.9848515755512786
8000,101,0.4,0.25,1.9808170971534704
8000,101,0.4,0.4,1.9797529186551728
8000,101,0.25,,1.9777593175604415
8000,101,,0.25,1.9814741546301533
8000,102,0.1,0.1,1.954406761839814
8000,102,0.1,0.25,1.9631069396499297
8000,102,0.1,0.4,1.9651851670353497
8000,102,0.25,0.1,1.9469941350178346
8000,102,0.25,0.25,1.957510430389773
8000,102,0.25,0.4,1.9601399193909343
8000,102,0.4,0.1,1.9450687896754661
8000,102,0.4,0.25,1.9560568008875274
8000,102,0.4,0.4,1.9588294738111744
8000,102,0.25,,1.9610256832736468
8000,102,,0.25,1.9555467598404122
8000,103,0.1,0.1,2.0263198084581147
8000,103,0.1,0.25,2.0269910439599994
8000,103,0.1,0.4,2.026984492237789
8000,103,0.25,0.1,2.0208743988187012
8000,103,0.25,0.25,2.021593619670894
8000,103,0.25,0.4,2.021677351275013
8000,103,0.4,0.1,2.019460015721006
8000,103,0.4,0.25,2.0201917002210976
8000,103,0.4,0.4,2.0202988818903576
8000,103,0.25,,2.0216752582614266
8000,103,,0.25,2.0196998028957878
8000,104,0.1,0.1,1.997499703378587
8000,104,0.1,0.25,1.998352302658916
8000,104,0.1,0.4,1.9984256362024047
8000,104,0.25,0.1,1.9857107863843633
8000,104,0.25,0.25,1.98830962766103
8000,104,0.25,0.4,1.9889240853413226
8000,104,0.4,0.1,1.9826487495421607
8000,104,0.4,0.25,1.9857011572771213
8000,104,0.4,0.4,1.9864561657852728
8000,104,0.25,,1.9891413517784347
8000,104,,0.25,1.984785912392559
8000,105,0.1,0.1,2.056356717386393
8000,105,0.1,0.25,2.050455942235496
8000,105,0.1,0.4,2.0488455822219804
8000,105,0.25,0.1,2.0550903518858656
8000,105,0.25,0.25,2.0484044388556604
8000,105,0.25,0.4,2.0466534999527095
8000,105,0.4,0.1,2.054761427878664
8000,105,0.4,0.25,2.0478715842317756
8000,105,0.4,0.4,2.046084131564338
8000,105,0.25,,2.046063892886872
8000,105,,0.25,2.0476846193071463
8000,106,0.1,0.1,2.1186567045059754
8000,106,0.1,0.25,2.1034547360837204
8000,106,0.1,0.4,2.099405424639508
8000,106,0.25,0.1,2.110508557029769
8000,106,0.25,0.25,2.095282024381961
8000,106,0.25,0.4,2.091294200337681
8000,106,0.4,0.1,2.1083921685794924
8000,106,0.4,0.25,2.093159255654032
8000,106,0.4,0.4,2.0891874022611705
8000,106,0.25,,2.089880466387688
8000,106,,0.25,2.0924144309355572
8000,107,0.1,0.1,1.9940416208457874
8000,107,0.1,0.25,1.9912456870050923
8000,107,0.1,0.4,1.990505451792662
8000,107,0.25,0.1,2.001315090457206
8000,107,0.25,0.25,1.9969179420341274
8000,107,0.25,0.4,1.9958483619604257
8000,107,0.4,0.1,2.0032042912999737
8000,107,0.4,0.25,1.9983912456366366
8000,107,0.4,0.4,1.9972361219884491
8000,107,0.25,,1.9954834800537844
8000,107,,0.25,1.9989081898173804
8000,108,0.1,0.1,2.1005042130006983
8000,108,0.1,0.25,2.0882265769646944
8000,108,0.1,0.4,2.0849351509280907
8000,108,0.25,0.1,2.096161761297036
8000,108,0.25,0.25,2.084000592612876
8000,108,0.25,0.4,2.080825481568782
8000,108,0.4,0.1,2.0950338589537916
8000,108,0.4,0.25,2.0829029413370055
8000,108,0.4,0.4,2.079758041786685
8000,108,0.25,,2.0797323029654327
8000,108,,0.25,2.082517803855104
8000,109,0.1,0.1,1.9094712962078102
8000,109,0.1,0.25,1.9250945256498895
8000,109,0.1,0.4,1.9289758369408931
8000,109,0.25,0.1,1.9207678833308146
8000,109,0.25,0.25,1.9338451849062945
8000,109,0.25,0.4,1.9371409894152214
8000,109,0.4,0.1,1.9237020430995821
8000,109,0.4,0.25,1.9361180689252253
8000,109,0.4,0.4,1.9392617947199704
8000,109,0.25,,1.9382282470730363
8000,109,,0.25,1.9369155652220442
8000,110,0.1,0.1,2.008419652704474
8000,110,0.1,0.25,2.009121142886361
8000,110,0.1,0.4,2.0091813964656597
8000,110,0.25,0.1,2.00321683608984
8000,110,0.25,0.25,2.004493163955381
8000,110,0.25,0.4,2.0047835730363706
8000,110,0.4,0.1,2.001865463765729
8000,110,0.4,0.25,2.003291099168722
8000,110,0.4,0.4,2.0036412885184127
8000,110,0.25,,2.0049006876049535
8000,110,,0.25,2.0028693256827403
8000,111,0.1,0.1,1.9762930577751303
8000,111,0.1,0.25,1.9815948556502643
8000,111,0.1,0.4,1.9829841430348374
8000,111,0.25,0.1,1.9748060903489533
8000,111,0.25,0.25,1.9796886025103009
8000,111,0.25,0.4,1.9810355341131836
8000,111,0.4,0.1,1.9744198675055538
8000,111,0.4,0.25,1.979193474980945
8000,111,0.4,0.4,1.9805294051522222
8000,111,0.25,,1.9814967353925959
8000,111,,0.25,1.9790197475193474
8000,112,0.1,0.1,1.92217923405751
8000,112,0.1,0.25,1.927321682546441
8000,112,0.1,0.4,1.9286019112210198
8000,112,0.25,0.1,1.9145716419616527
8000,112,0.25,0.25,1.9212019023674933
8000,112,0.25,0.4,1.9229596896218415
8000,112,0.4,0.1,1.9125956566112277
8000,112,0.4,0.25,1.9196123592073118
8000,112,0.4,0.4,1.9214941868604751
8000,112,0.25,,1.9235622786375188
8000,112,,0.25,1.9190546295680868
8000,113,0.1,0.1,1.902564069995673
8000,113,0.1,0.25,1.9194161294145429
8000,113,0.1,0.4,1.9236580301629747
8000,113,0.25,0.1,1.8944313854168144
8000,113,0.25,0.25,1.9105522376350992
8000,113,0.25,0.4,1.914687853033395
8000,113,0.4,0.1,1.8923190132779082
8000,113,0.4,0.25,1.9082499427587118
8000,113,0.4,0.4,1.9123579517485427
8000,113,0.25,,1.916131914808257
8000,113,,0.25,1.907442126951653
8000,114,0.1,0.1,2.121150598731213
8000,114,0.1,0.25,2.1041470618640523
8000,114,0.1,0.4,2.099642434251425
8000,114,0.25,0.1,2.1153337580382705
8000,114,0.25,0.25,2.0999192798654347
8000,114,0.25,0.4,2.0959134319014083
8000,114,0.4,0.1,2.113822899957266
8000,114,0.4,0.25,2.098821161671294
8000,114,0.4,0.4,2.094944866036876
8000,114,0.25,,2.0945283078952834
8000,114,,0.25,2.098435860359832
8000,115,0.1,0.1,1.9213336562610035
8000,115,0.1,0.25,1.9402165596440866
8000,115,0.1,0.4,1.9450461277397693
8000,115,0.25,0.1,1.9109279193289985
8000,115,0.25,0.25,1.9302849184561601
8000,115,0.25,0.4,1.9353267584495206
8000,115,0.4,0.1,1.9082251477451733
8000,115,0.4,0.25,1.9277052878390413
8000,115,0.4,0.4,1.9328022630387636
8000,115,0.25,,1.9370775293111946
8000,115,,0.25,1.9268001620837554
8000,116,0.1,0.1,1.9579138601459436
8000,116,0.1,0.25,1.96303258062241
8000,116,0.1,0.4,1.9641447929764797
8000,116,0.25,0.1,1.9495717416815452
8000,116,0.25,0.25,1.9565100543204583
8000,116,0.25,0.4,1.9581810500728738
8000,116,0.4,0.1,1.9474049714775883
8000,116,0.4,0.25,1.95481590244454
8000,116,0.4,0.4,1.9566320358167542
8000,116,0.25,,1.9587068810297623
8000,116,,0.25,1.95422146830886
8000,117,0.1,0.1,2.021750258416936
8000,117,0.1,0.25,2.019093131853939
8000,117,0.1,0.4,2.018280887760327
8000,117,0.25,0.1,2.013232210705394
8000,117,0.25,0.25,2.011007732650603
8000,117,0.25,0.4,2.0103940971280867
8000,117,0.4,0.1,2.01101974488439
8000,117,0.4,0.25,2.0089076423491226
8000,117,0.4,0.4,2.0083455931395955
8000,117,0.25,,2.0101798931411556
8000,117,,0.25,2.0081707749047357
8000,118,0.1,0.1,2.0153355229324594
8000,118,0.1,0.25,2.0075797260073602
8000,118,0.1,0.4,2.0055128074574404
8000,118,0.25,0.1,2.0108596696261016
8000,118,0.25,0.25,2.005552646304719
8000,118,0.25,0.4,2.0042127675741943
8000,118,0.4,0.1,2.009697117736808
8000,118,0.4,0.25,2.005026135452652
8000,118,0.4,0.4,2.0038750970298365
8000,118,0.25,,2.0037454470218923
8000,118,,0.25,2.004841396393703
8000,119,0.1,0.1,2.0079639467851043
8000,119,0.1,0.25,2.005909279526702
8000,119,0.1,0.4,2.0052791792879474
8000,119,0.25,0.1,2.008846287820683
8000,119,0.25,0.25,2.0067571982478403
8000,119,0.25,0.4,2.0062234556264245
8000,119,0.4,0.1,2.0090754658494747
8000,119,0.4,0.25,2.0069774354727348
8000,119,0.4,0.4,2.006468720644326
8000,119,0.25,,2.0060354370932174
8000,119,,0.25,2.0070547110265293
16000,0,0.1,0.1,1.9790321386576075
16000,0,0.1,0.25,1.9856401488752295
16000,0,0.1,0.4,1.9871191124871102
16000,0,0.25,0.1,1.987429012651407
16000,0,0.25,0.25,1.9926801744369447
16000,0,0.25,0.4,1.9939142571361563
16000,0,0.4,0.1,1.9893946329966188
16000,0,0.4,0.25,1.9943281707609504
16000,0,0.4,0.4,1.9955049294007021
16000,0,0.25,,1.9942947195039642
16000,0,,0.25,1.994831857177363
16000,1,0.1,0.1,1.9613677514066925
16000,1,0.1,0.25,1.9718595492246531
16000,1,0.1,0.4,1.9741496641640948
16000,1,0.25,0.1,1.9645279943690652
16000,1,0.25,0.25,1.9747205748359369
16000,1,0.25,0.4,1.9770202669579513
16000,1,0.4,0.1,1.9652677741808424
16000,1,0.4,0.25,1.9753903109965445
16000,1,0.4,0.4,1.9776922450367924
16000,1,0.25,,1.977712154222012
16000,1,,0.25,1.9755950062387397
16000,2,0.1,0.1,2.0342931814470053
16000,2,0.1,0.25,2.034205103549956
16000,2,0.1,0.4,2.0340749267059537
16000,2,0.25,0.1,2.0260974267228216
16000,2,0.25,0.25,2.026252989485191
16000,2,0.25,0.4,2.026251352674728
16000,2,0.4,0.1,2.02417888629431
16000,2,0.4,0.25,2.02439148278583
16000,2,0.4,0.4,2.024419935852301
16000,2,0.25,,2.0262261129210617
16000,2,,0.25,2.023822539988524
16000,3,0.1,0.1,2.0288840035133955
16000,3,0.1,0.25,2.02637336357191
16000,3,0.1,0.4,2.025741001971108
16000,3,0.25,0.1,2.019600507402982
16000,3,0.25,0.25,2.018136846147443
16000,3,0.25,0.4,2.0178294225742777
16000,3,0.4,0.1,2.017427338097024
16000,3,0.4,0.25,2.0162087635972967
16000,3,0.4,0.4,2.015977404616565
16000,3,0.25,,2.017755831140072
16000,3,,0.25,2.0156194728470167
16000,4,0.1,0.1,1.9390819247306148
16000,4,0.1,0.25,1.945856327693199
16000,4,0.1,0.4,1.9472893919790548
16000,4,0.25,0.1,1.9315305970852694
16000,4,0.25,0.25,1.9390399737775934
16000,4,0.25,0.4,1.9407249811733573
16000,4,0.4,0.1,1.9297629102932548
16000,4,0.4,0.25,1.9374443366456588
16000,4,0.4,0.4,1.9391883212873644
16000,4,0.25,,1.9412155680220193
16000,4,,0.25,1.9369566530645903
16000,5,0.1,0.1,1.9507304092465572
16000,5,0.1,0.25,1.957481745595956
16000,5,0.1,0.4,1.9589909537562784
16000,5,0.25,0.1,1.956428672375889
16000,5,0.25,0.25,1.9616527342148646
16000,5,0.25,0.4,1.9628747141080212
16000,5,0.4,0.1,1.9577625761533728
16000,5,0.4,0.25,1.962629119009376
16000,5,0.4,0.4,1.963783861770467
16000,5,0.25,,1.9632400775338614
16000,5,,0.25,1.9629275370040182
16000,6,0.1,0.1,1.9682176336471882
16000,6,0.1,0.25,1.9740941489063788
16000,6,0.1,0.4,1.9753676049516486
16000,6,0.25,0.1,1.9720274662272441
16000,6,0.25,0.25,1.9771904796125455
16000,6,0.25,0.4,1.9783693316148332
16000,6,0.4,0.1,1.9729193081718464
16000,6,0.4,0.25,1.977915298233861
16000,6,0.4,0.4,1.9790720044195313
16000,6,0.25,,1.978745163007287
16000,6,,0.25,1.9781368286393608
16000,7,0.1,0.1,2.06229292963795
16000,7,0.1,0.25,2.052346785111244
16000,7,0.1,0.4,2.0498988637526026
16000,7,0.25,0.1,2.054644694461919
16000,7,0.25,0.25,2.045705347847829
16000,7,0.25,0.4,2.0435644098526193
16000,7,0.4,0.1,2.052854322630917
16000,7,0.4,0.25,2.044150656874015
16000,7,0.4,0.4,2.042081580472208
16000,7,0.25,,2.0428915594674972
16000,7,,0.25,2.043675487898318
16000,8,0.1,0.1,2.0234794724544205
16000,8,0.1,0.25,2.0236149529986065
16000,8,0.1,0.4,2.0234874624068335
16000,8,0.25,0.1,2.0186676792462706
16000,8,0.25,0.25,2.01888666078744
16000,8,0.25,0.4,2.01886051845107
16000,8,0.4,0.1,2.017541288802174
16000,8,0.4,0.25,2.0177798170530648
16000,8,0.4,0.4,2.0177773992828754
16000,8,0.25,,2.0188469674725718
16000,8,,0.25,2.017441526156431
16000,9,0.1,0.1,1.9884649573785045
16000,9,0.1,0.25,1.9908667607510984
16000,9,0.1,0.4,1.9913057089476909
16000,9,0.25,0.1,1.9798755568942852
16000,9,0.25,0.25,1.9835475579311304
16000,9,0.25,0.4,1.984362129546429
16000,9,0.4,0.1,1.9778648681120763
16000,9,0.4,0.25,1.981834209132008
16000,9,0.4,0.4,1.9827367102594669
16000,9,0.25,,1.984609879933946
16000,9,,0.25,1.9813105486698306
16000,10,0.1,0.1,1.9300277602297442
16000,10,0.1,0.25,1.9414102867930945
16000,10,0.1,0.4,1.9439058639871265
16000,10,0.25,0.1,1.9249139010869312
16000,10,0.25,0.25,1.9370383352518932
16000,10,0.25,0.4,1.939778257699479
16000,10,0.4,0.1,1.9237168001680556
16000,10,0.4,0.25,1.936014907139954
16000,10,0.4,0.4,1.9388120282548056
16000,10,0.25,,1.9406116728611573
16000,10,,0.25,1.9357021110307333
16000,11,0.1,0.1,1.9763785438904107
16000,11,0.1,0.25,1.9782981473620052
16000,11,0.1,0.4,1.9786099091667102
16000,11,0.25,0.1,1.976677119630478
16000,11,0.25,0.25,1.9783553716017857
16000,11,0.25,0.4,1.9786855277311843
16000,11,0.4,0.1,1.9767470130872211
16000,11,0.4,0.25,1.9783687671975794
16000,11,0.4,0.4,1.9787032292459286
16000,11,0.25,,1.9787740605185185
16000,11,,0.25,1.9783728613691152
16000,12,0.1,0.1,2.0175036965092867
16000,12,0.1,0.25,2.0172336945270497
16000,12,0.1,0.4,2.0170622983643165
16000,12,0.25,0.1,2.0120775933504884
16000,12,0.25,0.25,2.0123558713578458
16000,12,0.25,0.4,2.01239169261502
16000,12,0.4,0.1,2.010807399374489
16000,12,0.4,0.25,2.011214023990741
16000,12,0.4,0.4,2.0112983526777937
16000,12,0.25,,2.0124066271490726
16000,12,,0.25,2.010865034736305
16000,13,0.1,0.1,1.9698896268128756
16000,13,0.1,0.25,1.970981959470395
16000,13,0.1,0.4,1.9710763909210678
16000,13,0.25,0.1,1.967762234116907
16000,13,0.25,0.25,1.9690913184132237
16000,13,0.25,0.4,1.969331822390762
16000,13,0.4,0.1,1.9672642337457524
16000,13,0.4,0.25,1.9686487391235723
16000,13,0.4,0.4,1.9689234371512885
16000,13,0.25,,1.9693919755841616
16000,13,,0.25,1.9685134711177303
16000,14,0.1,0.1,1.94968045838174
16000,14,0.1,0.25,1.9567675871663999
16000,14,0.1,0.4,1.9583052327659567
16000,14,0.25,0.1,1.953677308921539
16000,14,0.25,0.25,1.9598232192612581
16000,14,0.25,0.4,1.961226452486845
16000,14,0.4,0.1,1.954612929813742
16000,14,0.4,0.25,1.960538510763497
16000,14,0.4,0.4,1.9619102794586984
16000,14,0.25,,1.961666577184279
16000,14,,0.25,1.9607571293418304
16000,15,0.1,0.1,2.038808519377881
16000,15,0.1,0.25,2.0358276404527853
16000,15,0.1,0.4,2.035112642170865
16000,15,0.25,0.1,2.0351710253138577
16000,15,0.25,0.25,2.0319675292489974
16000,15,0.25,0.4,2.031270168940756
16000,15,0.4,0.1,2.034319526012676
16000,15,0.4,0.25,2.031063917604646
16000,15,0.4,0.4,2.030370686161497
16000,15,0.25,,2.0310360502076863
16000,15,,0.25,2.0307877416785582
16000,16,0.1,0.1,2.028589204944801
16000,16,0.1,0.25,2.0240997235887552
16000,16,0.1,0.4,2.023031362654206
16000,16,0.25,0.1,2.0315231433390157
16000,16,0.25,0.25,2.025619504567145
16000,16,0.25,0.4,2.0242795888198883
16000,16,0.4,0.1,2.0322099476192195
16000,16,0.4,0.25,2.0259752693926734
16000,16,0.4,0.4,2.024571785505048
16000,16,0.25,,2.023863530352889
16000,16,,0.25,2.026084003803937
16000,17,0.1,0.1,2.0280351049803174
16000,17,0.1,0.25,2.027456569292567
16000,17,0.1,0.4,2.027304067135922
16000,17,0.25,0.1,2.0289657499872145
16000,17,0.25,0.25,2.0277516827353286
16000,17,0.25,0.4,2.027519529866182
16000,17,0.4,0.1,2.0291836042459637
16000,17,0.4,0.25,2.027820765704498
16000,17,0.4,0.4,2.027569967436943
16000,17,0.25,,2.0274384646367434
16000,17,,0.25,2.0278418799222124
16000,18,0.1,0.1,2.017867450660131
16000,18,0.1,0.25,2.0109532487410426
16000,18,0.1,0.4,2.009344297589848
16000,18,0.25,0.1,2.0144515883919585
16000,18,0.25,0.25,2.008415685795282
16000,18,0.25,0.4,2.0070942509481853
16000,18,0.4,0.1,2.013651970775246
16000,18,0.4,0.25,2.0078216688602746
16000,18,0.4,0.4,2.0065675385716752
16000,18,0.25,,2.0066872621499585
16000,18,,0.25,2.007640116112295
16000,19,0.1,0.1,2.0419837449860294
16000,19,0.1,0.25,2.038056603404643
16000,19,0.1,0.4,2.036976725787672
16000,19,0.25,0.1,2.0387820479249195
16000,19,0.25,0.25,2.035095886839859
16000,19,0.25,0.4,2.0341626174690854
16000,19,0.4,0.1,2.038032564142363
16000,19,0.4,0.25,2.0344028140701065
16000,19,0.4,0.4,2.0335038641558016
16000,19,0.25,,2.033863039842134
16000,19,,0.25,2.0341909863283663
16000,20,0.1,0.1,2.008944373918985
16000,20,0.1,0.25,2.006054282720219
16000,20,0.1,0.4,2.0053304204696656
16000,20,0.25,0.1,2.0073113843069628
16000,20,0.25,0.25,2.004114499343723
16000,20,0.25,0.4,2.00339525095018
16000,20,0.4,0.1,2.0069291185248064
16000,20,0.4,0.25,2.0036604163512957
16000,20,0.4,0.4,2.002942248013403
16000,20,0.25,,2.0031695918332284
16000,20,,0.25,2.0035216324038565
16000,21,0.1,0.1,2.002606187589944
16000,21,0.1,0.25,1.998367408633433
16000,21,0.1,0.4,1.9972632764105176
16000,21,0.25,0.1,2.001011039433192
16000,21,0.25,0.25,1.9966051936129046
16000,21,0.25,0.4,1.995542888746224
16000,21,0.4,0.1,2.000637631939778
16000,21,0.4,0.25,1.9961926775147059
16000,21,0.4,0.4,1.9951401639944792
16000,21,0.25,,1.9952081320019943
16000,21,,0.25,1.996066597891719
16000,22,0.1,0.1,1.9821188710229576
16000,22,0.1,0.25,1.9894785465814724
16000,22,0.1,0.4,1.9911293640270702
16000,22,0.25,0.1,1.9892758426450745
16000,22,0.25,0.25,1.9945206001409674
16000,22,0.25,0.4,1.995747426968911
16000,22,0.4,0.1,1.99095121481821
16000,22,0.4,0.25,1.9957008921240922
16000,22,0.4,0.4,1.9968284671846694
16000,22,0.25,,1.996135393971867
16000,22,,0.25,1.9960616314234711
16000,23,0.1,0.1,1.987576140378994
16000,23,0.1,0.25,1.9887161970884297
16000,23,0.1,0.4,1.988892755898869
16000,23,0.25,0.1,1.9871622156443018
16000,23,0.25,0.25,1.9880890288491828
16000,23,0.25,0.4,1.98828880397892
16000,23,0.4,0.1,1.9870653201948172
16000,23,0.4,0.25,1.9879422153264545
16000,23,0.4,0.4,1.9881474251536264
16000,23,0.25,,1.9883631787608893
16000,23,,0.25,1.9878973438810108
16000,24,0.1,0.1,2.0203059479906207
16000,24,0.1,0.25,2.0196560442744635
16000,24,0.1,0.4,2.0193534234758332
16000,24,0.25,0.1,2.0156769118940763
16000,24,0.25,0.25,2.014603924947819
16000,24,0.25,0.4,2.014281197269483
16000,24,0.4,0.1,2.0145933029776137
16000,24,0.4,0.25,2.0134212766739226
16000,24,0.4,0.4,2.0130938421854268
16000,24,0.25,,2.014170499969271
16000,24,,0.25,2.0130598172080982
16000,25,0.1,0.1,2.05670987675707
16000,25,0.1,0.25,2.04772710367298
16000,25,0.1,0.4,2.0455225614071506
16000,25,0.25,0.1,2.0567010661170633
16000,25,0.25,0.25,2.0476723565316473
16000,25,0.25,0.4,2.0455287415587464
16000,25,0.4,0.1,2.056699003638424
16000,25,0.4,0.25,2.047659540798683
16000,25,0.4,0.4,2.0455301882675725
16000,25,0.25,,2.044850257664207
16000,25,,0.25,2.047655623853895
16000,26,0.1,0.1,2.0522372189906735
16000,26,0.1,0.25,2.0467798300231768
16000,26,0.1,0.4,2.0454328133986466
16000,26,0.25,0.1,2.050646121831889
16000,26,0.25,0.25,2.0453331058028312
16000,26,0.25,0.4,2.0440909106435314
16000,26,0.4,0.1,2.050273662634714
16000,26,0.4,0.25,2.0449944427999656
16000,26,0.4,0.4,2.0437767852489266
16000,26,0.25,,2.0436821750188843
16000,26,,0.25,2.0448909353152707
16000,27,0.1,0.1,2.029071147276711
16000,27,0.1,0.25,2.027963355884104
16000,27,0.1,0.4,2.027641863089482
16000,27,0.25,0.1,2.0255733685112842
16000,27,0.25,0.25,2.0236031492871165
16000,27,0.25,0.4,2.0231550669324303
16000,27,0.4,0.1,2.0247545750996587
16000,27,0.4,0.25,2.02258247054373
16000,27,0.4,0.4,2.022104754897543
16000,27,0.25,,2.0230146210386915
16000,27,,0.25,2.0222705147395352
16000,28,0.1,0.1,2.0401551382591285
16000,28,0.1,0.25,2.0334830245999336
16000,28,0.1,0.4,2.031838640961841
16000,28,0.25,0.1,2.0365833931804267
16000,28,0.25,0.25,2.030348548061603
16000,28,0.25,0.4,2.0288888752463428
16000,28,0.4,0.1,2.0357472850287754
16000,28,0.4,0.25,2.029614799900099
16000,28,0.4,0.4,2.028198365955829
16000,28,0.25,,2.028438029086718
16000,28,,0.25,2.0293905403088406
16000,29,0.1,0.1,2.0314369046188534
16000,29,0.1,0.25,2.0301792287450717
16000,29,0.1,0.4,2.0299170724282867
16000,29,0.25,0.1,2.0304375387857143
16000,29,0.25,0.25,2.0288614444757633
16000,29,0.25,0.4,2.028591000686054
16000,29,0.4,0.1,2.03020359770057
16000,29,0.4,0.25,2.028552964966333
16000,29,0.4,0.4,2.0282805811659244
16000,29,0.25,,2.028499996581711
16000,29,,0.25,2.0284586826330666
16000,30,0.1,0.1,2.05398008501548
16000,30,0.1,0.25,2.046777323005391
16000,30,0.1,0.4,2.0449598402882363
16000,30,0.25,0.1,2.0426256997663885
16000,30,0.25,0.25,2.036515695185374
16000,30,0.25,0.4,2.0350193717460225
16000,30,0.4,0.1,2.039967756980839
16000,30,0.4,0.25,2.034113555480418
16000,30,0.4,0.4,2.032692412067702
16000,30,0.25,,2.0345556274176073
16000,30,,0.25,2.0333793759667333
16000,31,0.1,0.1,1.956319704537914
16000,31,0.1,0.25,1.9648400499154082
16000,31,0.1,0.4,1.9666910635443888
16000,31,0.25,0.1,1.9582695423817638
16000,31,0.25,0.25,1.967111971059987
16000,31,0.25,0.4,1.9691154460316151
16000,31,0.4,0.1,1.9587259790197988
16000,31,0.4,0.25,1.9676438040287558
16000,31,0.4,0.4,1.9696829686054904
16000,31,0.25,,1.969724414222786
16000,31,,0.25,1.967806351140219
16000,32,0.1,0.1,2.039744401650375
16000,32,0.1,0.25,2.032408452146235
16000,32,0.1,0.4,2.0305116654116215
16000,32,0.25,0.1,2.031451764152776
16000,32,0.25,0.25,2.0251454771481328
16000,32,0.25,0.4,2.0235625317927495
16000,32,0.4,0.1,2.0295105444806953
16000,32,0.4,0.25,2.023445290693795
16000,32,0.4,0.4,2.021935812321559
16000,32,0.25,,2.0230743812734917
16000,32,,0.25,2.0229256531133317
16000,33,0.1,0.1,1.9837026547791354
16000,33,0.1,0.25,1.9831242435625507
16000,33,0.1,0.4,1.9829108562830606
16000,33,0.25,0.1,1.9805251243797328
16000,33,0.25,0.25,1.9796569943410014
16000,33,0.25,0.4,1.9794531072928256
16000,33,0.4,0.1,1.9797812977598257
16000,33,0.4,0.25,1.9788453475761663
16000,33,0.4,0.4,1.97864368443274
16000,33,0.25,,1.979388442889679
16000,33,,0.25,1.978597279395177
16000,34,0.1,0.1,1.9896813331398744
16000,34,0.1,0.25,1.9922978456486917
16000,34,0.1,0.4,1.9928274113109046
16000,34,0.25,0.1,1.9893903248307456
16000,34,0.25,0.25,1.9915997045379017
16000,34,0.25,0.4,1.9920951830135516
16000,34,0.4,0.1,1.9893222028304072
16000,34,0.4,0.25,1.9914362770085368
16000,34,0.4,0.4,1.991923776030467
16000,34,0.25,,1.99222755547237
16000,34,,0.25,1.9913863277304893
16000,35,0.1,0.1,2.033704188760333
16000,35,0.1,0.25,2.026562950693497
16000,35,0.1,0.4,2.0247790363064575
16000,35,0.25,0.1,2.033315604547579
16000,35,0.25,0.25,2.0260908303744745
16000,35,0.25,0.4,2.024373578648593
16000,35,0.4,0.1,2.033224641049141
16000,35,0.4,0.25,2.0259803119476
16000,35,0.4,0.4,2.024278665253202
16000,35,0.25,,2.0238371663644803
16000,35,,0.25,2.025946533577121
16000,36,0.1,0.1,2.078200644129268
16000,36,0.1,0.25,2.0637650450573046
16000,36,0.1,0.4,2.060269682021575
16000,36,0.25,0.1,2.075422115096411
16000,36,0.25,0.25,2.060893578928405
16000,36,0.25,0.4,2.0574409803045364
16000,36,0.4,0.1,2.07477169052165
16000,36,0.4,0.25,2.0602213987518625
16000,36,0.4,0.4,2.0567788108293663
16000,36,0.25,,2.05638292474007
16000,36,,0.25,2.060015956531286
16000,37,0.1,0.1,2.0238770924636666
16000,37,0.1,0.25,2.018185019795369
16000,37,0.1,0.4,2.0167119636046165
16000,37,0.25,0.1,2.0205921735744
16000,37,0.25,0.25,2.0154891666988837
16000,37,0.25,0.4,2.014221516186748
16000,37,0.4,0.1,2.0198232084326246
16000,37,0.4,0.25,2.0148580956957858
16000,37,0.4,0.4,2.0136385285038485
16000,37,0.25,,2.013820971587666
16000,37,,0.25,2.0146652179038744
16000,38,0.1,0.1,1.931151422247171
16000,38,0.1,0.25,1.9410251281026736
16000,38,0.1,0.4,1.9433172674239076
16000,38,0.25,0.1,1.9351325738973961
16000,38,0.25,0.25,1.9436816371204821
16000,38,0.25,0.4,1.9457251889152585
16000,38,0.4,0.1,1.936064519843808
16000,38,0.4,0.25,1.94430349808642
16000,38,0.4,0.4,1.9462888581422313
16000,38,0.25,,1.9463426840425686
16000,38,,0.25,1.9444935609627008
16000,39,0.1,0.1,1.9614383885879065
16000,39,0.1,0.25,1.966117342219084
16000,39,0.1,0.4,1.9671180893134588
16000,39,0.25,0.1,1.9663305946627259
16000,39,0.25,0.25,1.9694075770479489
16000,39,0.25,0.4,1.9701049658010283
16000,39,0.4,0.1,1.9674758089175466
16000,39,0.4,0.25,1.9701777865955636
16000,39,0.4,0.4,1.9708041623349932
16000,39,0.25,,1.9703267376496376
16000,39,,0.25,1.9704131900860171
16000,40,0.1,0.1,2.0029934015742565
16000,40,0.1,0.25,2.005659498516805
16000,40,0.1,0.4,2.006210200944353
16000,40,0.25,0.1,1.9965284308767537
16000,40,0.25,0.25,1.9994275845360194
16000,40,0.25,0.4,2.00009978891797
16000,40,0.4,0.1,1.9950150488796445
16000,40,0.4,0.25,1.9979687586778148
16000,40,0.4,0.4,1.998669405396013
16000,40,0.25,,2.0003166792844884
16000,40,,0.25,1.9975228894983839
16000,41,0.1,0.1,2.0536076477601175
16000,41,0.1,0.25,2.051351565667881
16000,41,0.1,0.4,2.0508564138799685
16000,41,0.25,0.1,2.058366729864612
16000,41,0.25,0.25,2.0549085391271382
16000,41,0.25,0.4,2.0542050821938527
16000,41,0.4,0.1,2.0594807811908593
16000,41,0.4,0.25,2.0557411893972333
16000,41,0.4,0.4,2.0549889704089197
16000,41,0.25,,2.0540070846483967
16000,41,,0.25,2.0559956769980614
16000,42,0.1,0.1,1.9975109425861606
16000,42,0.1,0.25,1.9973519741339245
16000,42,0.1,0.4,1.9972241481201032
16000,42,0.25,0.1,1.9992672254012738
16000,42,0.25,0.25,1.9981808328456774
16000,42,0.25,0.4,1.9979093096158218
16000,42,0.4,0.1,1.9996783528322535
16000,42,0.4,0.25,1.9983748599977258
16000,42,0.4,0.4,1.998069698753105
16000,42,0.25,,1.9978172106333985
16000,42,,0.25,1.9984341616111323
16000,43,0.1,0.1,2.0600657769170874
16000,43,0.1,0.25,2.0508621179506608
16000,43,0.1,0.4,2.0486102924800336
16000,43,0.25,0.1,2.053656716478184
16000,43,0.25,0.25,2.0451078166588395
16000,43,0.25,0.4,2.0430809815418214
16000,43,0.4,0.1,2.0521564224876223
16000,43,0.4,0.25,2.0437607949338457
16000,43,0.4,0.4,2.041786627704527
16000,43,0.25,,2.0424512787019853
16000,43,,0.25,2.0433490970825767
16000,44,0.1,0.1,1.998280471246072
16000,44,0.1,0.25,1.9978624075711475
16000,44,0.1,0.4,1.9976963307324136
16000,44,0.25,0.1,1.9922242976176245
16000,44,0.25,0.25,1.9918179348388398
16000,44,0.25,0.4,1.991713365667479
16000,44,0.4,0.1,1.990806610737126
16000,44,0.4,0.25,1.9904029870157007
16000,44,0.4,0.4,1.9903128161457153
16000,44,0.25,,1.9916829030378569
16000,44,,0.25,1.9899705285277378
16000,45,0.1,0.1,2.0154645002269027
16000,45,0.1,0.25,2.0140063949432285
16000,45,0.1,0.4,2.0135383041607717
16000,45,0.25,0.1,2.00710612611216
16000,45,0.25,0.25,2.006485899218547
16000,45,0.25,0.4,2.0062907998432276
16000,45,0.4,0.1,2.00514951818581
16000,45,0.4,0.25,2.004725429856564
16000,45,0.4,0.4,2.0045942349133385
16000,45,0.25,,2.0062436346037806
16000,45,,0.25,2.004187367670851
16000,46,0.1,0.1,2.0140036153127796
16000,46,0.1,0.25,2.0135386309377865
16000,46,0.1,0.4,2.013412665983841
16000,46,0.25,0.1,2.0118539594434144
16000,46,0.25,0.25,2.0108171195836966
16000,46,0.25,0.4,2.0106245069146937
16000,46,0.4,0.1,2.0113507474963077
16000,46,0.4,0.25,2.0101800422509566
16000,46,0.4,0.4,2.0099718280491956
16000,46,0.25,,2.010569429885921
16000,46,,0.25,2.0099853287106217
16000,47,0.1,0.1,2.0447278539863767
16000,47,0.1,0.25,2.0362165921370585
16000,47,0.1,0.4,2.0341756191331113
16000,47,0.25,0.1,2.048635846473408
16000,47,0.25,0.25,2.039221534502688
16000,47,0.25,0.4,2.037041319794084
16000,47,0.4,0.1,2.0495506666251826
16000,47,0.4,0.25,2.039924960069683
16000,47,0.4,0.4,2.037712150334908
16000,47,0.25,,2.0363716301914376
16000,47,,0.25,2.0401399519952665
16000,48,0.1,0.1,2.025343377724026
16000,48,0.1,0.25,2.019316621250079
16000,48,0.1,0.4,2.017759965948151
16000,48,0.25,0.1,2.005256250564367
16000,48,0.25,0.25,2.0020365743723736
16000,48,0.25,0.4,2.0012074570822236
16000,48,0.4,0.1,2.0005540642684867
16000,48,0.4,0.25,1.9979914961999357
16000,48,0.4,0.4,1.997332687946092
16000,48,0.25,,2.0009239728797565
16000,48,,0.25,1.9967551761310696
16000,49,0.1,0.1,1.9492557829934614
16000,49,0.1,0.25,1.9560598644715905
16000,49,0.1,0.4,1.9575647218487648
16000,49,0.25,0.1,1.9509047610675128
16000,49,0.25,0.25,1.9568838113798237
16000,49,0.25,0.4,1.9582698863250512
16000,49,0.4,0.1,1.9512907695813426
16000,49,0.4,0.25,1.9570766887300606
16000,49,0.4,0.4,1.9584349579507931
16000,49,0.25,,1.9586875519720839
16000,49,,0.25,1.9571356389230516
16000,50,0.1,0.1,1.983487527597056
16000,50,0.1,0.25,1.985810161014415
16000,50,0.1,0.4,1.9862553787445723
16000,50,0.25,0.1,1.9861315675478994
16000,50,0.25,0.25,1.9875379842975458
16000,50,0.25,0.4,1.9878320125099926
16000,50,0.4,0.1,1.9867505096357254
16000,50,0.4,0.25,1.9879424496498617
16000,50,0.4,0.4,1.9882010859781125
16000,50,0.25,,1.9878997828843807
16000,50,,0.25,1.9880660686779525
16000,51,0.1,0.1,1.9933792541897446
16000,51,0.1,0.25,1.9982815973089847
16000,51,0.1,0.4,1.9993732577366168
16000,51,0.25,0.1,1.9901409679466064
16000,51,0.25,0.25,1.9949441622646114
16000,51,0.25,0.4,1.9960783108916553
16000,51,0.4,0.1,1.989382919019371
16000,51,0.4,0.25,1.9941629036404034
16000,51,0.4,0.4,1.9953069983103742
16000,51,0.25,,1.9964086841642483
16000,51,,0.25,1.9939241231583191
16000,52,0.1,0.1,2.0162024971187194
16000,52,0.1,0.25,2.0176478536740516
16000,52,0.1,0.4,2.017870877201665
16000,52,0.25,0.1,2.0152646233338625
16000,52,0.25,0.25,2.0158621173862445
16000,52,0.25,0.4,2.01594625894431
16000,52,0.4,0.1,2.015045076893828
16000,52,0.4,0.25,2.015444095205479
16000,52,0.4,0.4,2.0154957259476
16000,52,0.25,,2.0159811754643826
16000,52,,0.25,2.0153163327274064
16000,53,0.1,0.1,2.032088865631101
16000,53,0.1,0.25,2.0314539642092284
16000,53,0.1,0.4,2.031200445132679
16000,53,0.25,0.1,2.028254602376426
16000,53,0.25,0.25,2.028048949379642
16000,53,0.25,0.4,2.0279636930170106
16000,53,0.4,0.1,2.027357041466514
16000,53,0.4,0.25,2.0272518710348053
16000,53,0.4,0.4,2.027206003212964
16000,53,0.25,,2.0279192730664644
16000,53,,0.25,2.027008255482232
16000,54,0.1,0.1,1.9798476525439137
16000,54,0.1,0.25,1.9829872497597407
16000,54,0.1,0.4,1.9835875623631811
16000,54,0.25,0.1,1.9764720961355202
16000,54,0.25,0.25,1.9797337637070163
16000,54,0.25,0.4,1.9804379789201503
16000,54,0.4,0.1,1.9756819136988601
16000,54,0.4,0.25,1.9789721566633924
16000,54,0.4,0.4,1.9797006943903197
16000,54,0.25,,1.980650403138558
16000,54,,0.25,1.9787393824047794
16000,55,0.1,0.1,2.0281545903310123
16000,55,0.1,0.25,2.024217838047521
16000,55,0.1,0.4,2.023309483294457
16000,55,0.25,0.1,2.0258533114507022
16000,55,0.25,0.25,2.0217816825420405
16000,55,0.25,0.4,2.0209198670928523
16000,55,0.4,0.1,2.0253146061431697
16000,55,0.4,0.25,2.0212114040277736
16000,55,0.4,0.4,2.02036048294268
16000,55,0.25,,2.0206596940412407
16000,55,,0.25,2.021037106587285
16000,56,0.1,0.1,1.9854223174770282
16000,56,0.1,0.25,1.9918088205303388
16000,56,0.1,0.4,1.9932177819397108
16000,56,0.25,0.1,1.9839791092066954
16000,56,0.25,0.25,1.989812234774747
16000,56,0.25,0.4,1.991158476800745
16000,56,0.4,0.1,1.9836412692509406
16000,56,0.4,0.25,1.9893448549396977
16000,56,0.4,0.4,1.990676415014283
16000,56,0.25,,1.9915537143130053
16000,56,,0.25,1.9892020070032124
16000,57,0.1,0.1,1.9656365342651658
16000,57,0.1,0.25,1.9710886529841973
16000,57,0.1,0.4,1.97225565563691
16000,57,0.25,0.1,1.9636258809367566
16000,57,0.25,0.25,1.9689147270544702
16000,57,0.25,0.4,1.9701104412952746
16000,57,0.4,0.1,1.9631552080301
16000,57,0.4,0.25,1.968405833740171
16000,57,0.4,0.4,1.9696082690633379
16000,57,0.25,,1.9704512124458047
16000,57,,0.25,1.9682502978047556
16000,58,0.1,0.1,1.9884460708412939
16000,58,0.1,0.25,1.9905146900887756
16000,58,0.1,0.4,1.9909232271584896
16000,58,0.25,0.1,1.991898532662662
16000,58,0.25,0.25,1.9931038682627327
16000,58,0.25,0.4,1.9933930505866284
16000,58,0.4,0.1,1.9927067178518354
16000,58,0.4,0.25,1.9937099677826096
16000,58,0.4,0.4,1.9939712104093212
16000,58,0.25,,1.9934776522759188
16000,58,,0.25,1.993895213399186
16000,59,0.1,0.1,2.002197618875519
16000,59,0.1,0.25,1.999887588157186
16000,59,0.1,0.4,1.9992325246326736
16000,59,0.25,0.1,2.0030577240709344
16000,59,0.25,0.25,2.000513355740595
16000,59,0.25,0.4,1.9998691591976794
16000,59,0.4,0.1,2.0032590656978755
16000,59,0.4,0.25,2.0006598413844463
16000,59,0.4,0.4,2.0000181886882213
16000,59,0.25,,1.999668665264234
16000,59,,0.25,2.0007046126184185
16000,60,0.1,0.1,2.03924652462363
16000,60,0.1,0.25,2.0380698075363357
16000,60,0.1,0.4,2.0377499704703355
16000,60,0.25,0.1,2.0386653960984864
16000,60,0.25,0.25,2.0367928109458058
16000,60,0.25,0.4,2.0363911908792525
16000,60,0.4,0.1,2.0385293599911147
16000,60,0.4,0.25,2.0364938794052154
16000,60,0.4,0.4,2.0360731147939304
16000,60,0.25,,2.0362726810801672
16000,60,,0.25,2.0364025152715457
16000,61,0.1,0.1,2.0108995376449705
16000,61,0.1,0.25,2.0098406041651775
16000,61,0.1,0.4,2.0094725982685415
16000,61,0.25,0.1,2.011787477557278
16000,61,0.25,0.25,2.0096496910163273
16000,61,0.25,0.4,2.0091042175074274
16000,61,0.4,0.1,2.011995335000208
16000,61,0.4,0.25,2.0096050002457115
16000,61,0.4,0.4,2.009017983425629
16000,61,0.25,,2.0089494967740276
16000,61,,0.25,2.009591341153291
16000,62,0.1,0.1,1.9743828762295457
16000,62,0.1,0.25,1.9750170947730743
16000,62,0.1,0.4,1.9750063703639311
16000,62,0.25,0.1,1.9804188277629258
16000,62,0.25,0.25,1.9802002870920918
16000,62,0.25,0.4,1.9800855282093401
16000,62,0.4,0.1,1.9818317808625536
16000,62,0.4,0.25,1.9814136181820818
16000,62,0.4,0.4,1.981274505917574
16000,62,0.25,,1.9800407120288828
16000,62,,0.25,1.981784455410137
16000,63,0.1,0.1,2.0331303506304677
16000,63,0.1,0.25,2.031482951825817
16000,63,0.1,0.4,2.030976426670869
16000,63,0.25,0.1,2.041955347986306
16000,63,0.25,0.25,2.0389374756953744
16000,63,0.25,0.4,2.0381933856058283
16000,63,0.4,0.1,2.044021187531104
16000,63,0.4,0.25,2.0406825017363377
16000,63,0.4,0.4,2.0398828001812506
16000,63,0.25,,2.0379597754616148
16000,63,,0.25,2.041215843892699
16000,64,0.1,0.1,1.9850594721857424
16000,64,0.1,0.25,1.984197929105931
16000,64,0.1,0.4,1.9839400732253316
16000,64,0.25,0.1,1.9797232853605984
16000,64,0.25,0.25,1.9796239686103656
16000,64,0.25,0.4,1.9796394957798205
16000,64,0.4,0.1,1.97847413985751
16000,64,0.4,0.25,1.9785532523158353
16000,64,0.4,0.4,1.978632775596893
16000,64,0.25,,1.979635957518987
16000,64,,0.25,1.9782260032525145
16000,65,0.1,0.1,1.973159284425035
16000,65,0.1,0.25,1.978573448773496
16000,65,0.1,0.4,1.9797602259832048
16000,65,0.25,0.1,1.961881454403857
16000,65,0.25,0.25,1.9683988174736253
16000,65,0.25,0.4,1.9699265051716213
16000,65,0.4,0.1,1.9592414323961624
16000,65,0.4,0.25,1.9660170427437889
16000,65,0.4,0.4,1.9676245340201362
16000,65,0.25,,1.9704080266624917
16000,65,,0.25,1.9652890874923727
16000,66,0.1,0.1,2.019347963079694
16000,66,0.1,0.25,2.0200449319406752
16000,66,0.1,0.4,2.0200835050946533
16000,66,0.25,0.1,2.020937364086215
16000,66,0.25,0.25,2.020713160163204
16000,66,0.25,0.4,2.0206187971776415
16000,66,0.4,0.1,2.021309426231893
16000,66,0.4,0.25,2.020869585398406
16000,66,0.4,0.4,2.020744103453492
16000,66,0.25,,2.020572241496948
16000,66,,0.25,2.0209173945257737
16000,67,0.1,0.1,2.0259472714702906
16000,67,0.1,0.25,2.0247805273760293
16000,67,0.1,0.4,2.0242973755786418
16000,67,0.25,0.1,2.0329944242525
16000,67,0.25,0.25,2.0302549493312054
16000,67,0.25,0.4,2.0294824055414726
16000,67,0.4,0.1,2.0346440889842508
16000,67,0.4,0.25,2.031536454231876
16000,67,0.4,0.4,2.0306961668046517
16000,67,0.25,,2.029220392112046
16000,67,,0.25,2.0319281278064056
16000,68,0.1,0.1,2.025024522161752
16000,68,0.1,0.25,2.0251792509903357
16000,68,0.1,0.4,2.0251458107574485
16000,68,0.25,0.1,2.0275536677232497
16000,68,0.25,0.25,2.026596515419853
16000,68,0.25,0.4,2.026366534536729
16000,68,0.4,0.1,2.028145714236673
16000,68,0.4,0.25,2.026928282193924
16000,68,0.4,0.4,2.02665229320099
16000,68,0.25,,2.026294931245409
16000,68,,0.25,2.0270296819452964
16000,69,0.1,0.1,1.9882944817856751
16000,69,0.1,0.25,1.9936376300894103
16000,69,0.1,0.4,1.9947018395017537
16000,69,0.25,0.1,1.9902168037453625
16000,69,0.25,0.25,1.994772977156905
16000,69,0.25,0.4,1.995740083647188
16000,69,0.4,0.1,1.990666799202815
16000,69,0.4,0.25,1.9950387500262363
16000,69,0.4,0.4,1.9959831257384553
16000,69,0.25,,1.9960234018136256
16000,69,,0.25,1.9951199796880887
16000,70,0.1,0.1,1.9660192089723874
16000,70,0.1,0.25,1.972394239241934
16000,70,0.1,0.4,1.9737952027942824
16000,70,0.25,0.1,1.9640050850939137
16000,70,0.25,0.25,1.9695317367972611
16000,70,0.25,0.4,1.970811535234982
16000,70,0.4,0.1,1.9635335997677998
16000,70,0.4,0.25,1.9688616549254092
16000,70,0.4,0.4,1.9701130898775503
16000,70,0.25,,1.9711873529805894
16000,70,,0.25,1.9686568540215361
16000,71,0.1,0.1,2.046312444105086
16000,71,0.1,0.25,2.0435270418038876
16000,71,0.1,0.4,2.0428062384701495
16000,71,0.25,0.1,2.045393745545417
16000,71,0.25,0.25,2.042058877963035
16000,71,0.25,0.4,2.041282148069739
16000,71,0.4,0.1,2.045178687824968
16000,71,0.4,0.25,2.0417151961693323
16000,71,0.4,0.4,2.040925374453605
16000,71,0.25,,2.0410231001970134
16000,71,,0.25,2.0416101547632715
16000,72,0.1,0.1,2.014113399582231
16000,72,0.1,0.25,2.012582172133875
16000,72,0.1,0.4,2.012157898920359
16000,72,0.25,0.1,2.0114517860929846
16000,72,0.25,0.25,2.010721752524949
16000,72,0.25,0.4,2.0105481444758824
16000,72,0.4,0.1,2.010828730223691
16000,72,0.4,0.25,2.0102862477601238
16000,72,0.4,0.4,2.0101713178033385
16000,72,0.25,,2.010493989157056
16000,72,,0.25,2.010153141981227
16000,73,0.1,0.1,1.9485117807141692
16000,73,0.1,0.25,1.9584198526254775
16000,73,0.1,0.4,1.9606308602038376
16000,73,0.25,0.1,1.9470037415847516
16000,73,0.25,0.25,1.9569808501378865
16000,73,0.25,0.4,1.959279865714202
16000,73,0.4,0.1,1.9466507254032122
16000,73,0.4,0.25,1.9566439947118666
16000,73,0.4,0.4,1.9589636120396732
16000,73,0.25,,1.959972444076741
16000,73,,0.25,1.9565410396870828
16000,74,0.1,0.1,2.0339269101966604
16000,74,0.1,0.25,2.0324558358547002
16000,74,0.1,0.4,2.0320232671174523
16000,74,0.25,0.1,2.0375854068118424
16000,74,0.25,0.25,2.034606219359423
16000,74,0.25,0.4,2.0338729376861475
16000,74,0.4,0.1,2.0384418225905003
16000,74,0.4,0.25,2.0351096016383536
16000,74,0.4,0.4,2.034305926213122
16000,74,0.25,,2.033639695124088
16000,74,,0.25,2.03526345320493
16000,75,0.1,0.1,2.054717813012977
16000,75,0.1,0.25,2.0485249695215075
16000,75,0.1,0.4,2.046916544010096
16000,75,0.25,0.1,2.039445531658273
16000,75,0.25,0.25,2.0344235378792788
16000,75,0.25,0.4,2.0331599269132887
16000,75,0.4,0.1,2.0358704503874607
16000,75,0.4,0.25,2.0311225402755224
16000,75,0.4,0.4,2.029939646786811
16000,75,0.25,,2.032759481454067
16000,75,,0.25,2.030113637749828
16000,76,0.1,0.1,2.0480879893968575
16000,76,0.1,0.25,2.0413020305883713
16000,76,0.1,0.4,2.039563565606148
16000,76,0.25,0.1,2.0431124413750505
16000,76,0.25,0.25,2.0369795022106727
16000,76,0.25,0.4,2.035470304944114
16000,76,0.4,0.1,2.041947717642449
16000,76,0.4,0.25,2.0359676435441934
16000,76,0.4,0.4,2.0345121154510375
16000,76,0.25,,2.035012298218588
16000,76,,0.25,2.0356583834698774
16000,77,0.1,0.1,1.9339229512155485
16000,77,0.1,0.25,1.9448719492665163
16000,77,0.1,0.4,1.9472626353277867
16000,77,0.25,0.1,1.9356952839639547
16000,77,0.25,0.25,1.9462569659380387
16000,77,0.25,0.4,1.9486326869700943
16000,77,0.4,0.1,1.9361101685163877
16000,77,0.4,0.25,1.9465811838493723
16000,77,0.4,0.4,1.9489534017246684
16000,77,0.25,,1.9493402213442774
16000,77,,0.25,1.9466802763992268
16000,78,0.1,0.1,2.021705920149998
16000,78,0.1,0.25,2.0207118640746047
16000,78,0.1,0.4,2.0203025464344075
16000,78,0.25,0.1,2.0151200537694987
16000,78,0.25,0.25,2.0146709056478085
16000,78,0.25,0.4,2.014474090893262
16000,78,0.4,0.1,2.0135783713579354
16000,78,0.4,0.25,2.013256780486819
16000,78,0.4,0.4,2.0131097104343803
16000,78,0.25,,2.014390940680311
16000,78,,0.25,2.012824573433731
16000,79,0.1,0.1,1.996203386064635
16000,79,0.1,0.25,1.9980415523907715
16000,79,0.1,0.4,1.9985375119864202
16000,79,0.25,0.1,1.9991383740072068
16000,79,0.25,0.25,2.000739639563234
16000,79,0.25,0.4,2.001247738024854
16000,79,0.4,0.1,1.9998254239756985
16000,79,0.4,0.25,2.001371233540143
16000,79,0.4,0.4,2.0018821735832772
16000,79,0.25,,2.0013911807721056
16000,79,,0.25,2.001564271171491
16000,80,0.1,0.1,1.9626208322794074
16000,80,0.1,0.25,1.9724003120077125
16000,80,0.1,0.4,1.974620596631756
16000,80,0.25,0.1,1.9598224802470732
16000,80,0.25,0.25,1.9687618925118209
16000,80,0.25,0.4,1.9708547760100694
16000,80,0.4,0.1,1.9591674153155423
16000,80,0.4,0.25,1.9679101765767213
16000,80,0.4,0.4,1.9699732368044232
16000,80,0.25,,1.9714903695425408
16000,80,,0.25,1.9676498618291076
16000,81,0.1,0.1,2.021682589929857
16000,81,0.1,0.25,2.017264761664815
16000,81,0.1,0.4,2.0161812250066813
16000,81,0.25,0.1,2.0244052522170284
16000,81,0.25,0.25,2.0198157732819437
16000,81,0.25,0.4,2.0187713157656124
16000,81,0.4,0.1,2.0250425989711602
16000,81,0.4,0.25,2.0204129384102045
16000,81,0.4,0.4,2.0193776289120833
16000,81,0.25,,2.018455128717407
16000,81,,0.25,2.0205954533582533
16000,82,0.1,0.1,2.0316220108367067
16000,82,0.1,0.25,2.0326902691891315
16000,82,0.1,0.4,2.0329210776434974
16000,82,0.25,0.1,2.025096366997441
16000,82,0.25,0.25,2.0263946275058933
16000,82,0.25,0.4,2.026749000312734
16000,82,0.4,0.1,2.02356878205267
16000,82,0.4,0.25,2.0249208836593295
16000,82,0.4,0.4,2.025304181588227
16000,82,0.25,,2.0268589859597164
16000,82,,0.25,2.024470455010931
16000,83,0.1,0.1,2.0654217121795315
16000,83,0.1,0.25,2.055016843684577
16000,83,0.1,0.4,2.052410160561622
16000,83,0.25,0.1,2.053307509880316
16000,83,0.25,0.25,2.0443300729643514
16000,83,0.25,0.4,2.042148465099356
16000,83,0.4,0.1,2.0504717018733207
16000,83,0.4,0.25,2.0418284117547394
16000,83,0.4,0.4,2.039746309560057
16000,83,0.25,,2.0414637544024017
16000,83,,0.25,2.041063814921971
16000,84,0.1,0.1,2.0514955148193494
16000,84,0.1,0.25,2.045122373702051
16000,84,0.1,0.4,2.043509717945883
16000,84,0.25,0.1,2.0410840198874993
16000,84,0.25,0.25,2.0354139532273754
16000,84,0.25,0.4,2.0340456368862436
16000,84,0.4,0.1,2.0386467978597276
16000,84,0.4,0.25,2.0331413135737395
16000,84,0.4,0.4,2.031830194533138
16000,84,0.25,,2.0336073441324385
16000,84,,0.25,2.032446713891529
16000,85,0.1,0.1,2.010079979134392
16000,85,0.1,0.25,2.011123746457083
16000,85,0.1,0.4,2.0112050293547252
16000,85,0.25,0.1,2.006773691119459
16000,85,0.25,0.25,2.0077529312161055
16000,85,0.25,0.4,2.0078987325392568
16000,85,0.4,0.1,2.005999723688951
16000,85,0.4,0.25,2.0069638586371306
16000,85,0.4,0.4,2.0071247630486355
16000,85,0.25,,2.0079254798722035
16000,85,,0.25,2.0067226899319555
16000,86,0.1,0.1,1.9747227768521411
16000,86,0.1,0.25,1.973439311649024
16000,86,0.1,0.4,1.9730068932275022
16000,86,0.25,0.1,1.9677066076336247
16000,86,0.25,0.25,1.9676518398757865
16000,86,0.25,0.4,1.967576735338604
16000,86,0.4,0.1,1.9660641958299527
16000,86,0.4,0.25,1.9662970532881567
16000,86,0.4,0.4,1.9663055921927133
16000,86,0.25,,1.9675320809004961
16000,86,,0.25,1.9658829822181019
16000,87,0.1,0.1,1.96764769280444
16000,87,0.1,0.25,1.9726829582051337
16000,87,0.1,0.4,1.9737249675667445
16000,87,0.25,0.1,1.9664458062456514
16000,87,0.25,0.25,1.9710695953191464
16000,87,0.25,0.4,1.9720866901435772
16000,87,0.4,0.1,1.9661644571776131
16000,87,0.4,0.25,1.9706919239482
16000,87,0.4,0.4,1.9717031865401582
16000,87,0.25,,1.9723998636646463
16000,87,,0.25,1.9705764941158372
16000,88,0.1,0.1,2.0037744113003497
16000,88,0.1,0.25,2.0003982119061554
16000,88,0.1,0.4,1.999389663246672
16000,88,0.25,0.1,2.0069744965538403
16000,88,0.25,0.25,2.0024092513419296
16000,88,0.25,0.4,2.0012018367803046
16000,88,0.4,0.1,2.0077236030290977
16000,88,0.4,0.25,2.0028800146322805
16000,88,0.4,0.4,2.0016260476437036
16000,88,0.25,,2.000832497878962
16000,88,,0.25,2.0030238966733025
16000,89,0.1,0.1,1.9921576707316495
16000,89,0.1,0.25,1.9885139343909977
16000,89,0.1,0.4,1.9875390237674024
16000,89,0.25,0.1,1.9972144477604077
16000,89,0.25,0.25,1.9922830222966923
16000,89,0.25,0.4,1.9910799424858363
16000,89,0.4,0.1,1.998398186353635
16000,89,0.4,0.25,1.9931653263393392
16000,89,0.4,0.4,1.9919088345090858
16000,89,0.25,,1.9906939231931708
16000,89,,0.25,1.993434989902876
16000,90,0.1,0.1,2.000704986880335
16000,90,0.1,0.25,1.9996401090768676
16000,90,0.1,0.4,1.999342189048256
16000,90,0.25,0.1,2.00653734222239
16000,90,0.25,0.25,2.0039959849261963
16000,90,0.25,0.4,2.003428530579254
16000,90,0.4,0.1,2.007902635583862
16000,90,0.4,0.25,2.0050156498868685
16000,90,0.4,0.4,2.00438510037615
16000,90,0.25,,2.0032559588447736
16000,90,,0.25,2.0053272958429313
16000,91,0.1,0.1,1.9861146871428128
16000,91,0.1,0.25,1.9845923015883704
16000,91,0.1,0.4,1.9841611187426091
16000,91,0.25,0.1,1.9892159042500617
16000,91,0.25,0.25,1.9874063537945845
16000,91,0.25,0.4,1.9869682437756455
16000,91,0.4,0.1,1.9899418667267437
16000,91,0.4,0.25,1.9880650939725493
16000,91,0.4,0.4,1.9876253623748485
16000,91,0.25,,1.9868247146093265
16000,91,,0.25,1.9882664284505167
16000,92,0.1,0.1,2.0285317741649203
16000,92,0.1,0.25,2.023359059679646
16000,92,0.1,0.4,2.0221053450287023
16000,92,0.25,0.1,2.0191207342453343
16000,92,0.25,0.25,2.015205357408497
16000,92,0.25,0.4,2.0143307074073804
16000,92,0.4,0.1,2.016917708268144
16000,92,0.4,0.25,2.013296661019245
16000,92,0.4,0.4,2.0125107460864884
16000,92,0.25,,2.0140555408958067
16000,92,,0.25,2.0127132953707183
16000,93,0.1,0.1,2.077890773402944
16000,93,0.1,0.25,2.0693412352023723
16000,93,0.1,0.4,2.0673605781555753
16000,93,0.25,0.1,2.0724219349013984
16000,93,0.25,0.25,2.0637910908006214
16000,93,0.25,0.4,2.0618529025889636
16000,93,0.4,0.1,2.0711417370288028
16000,93,0.4,0.25,2.0624918600674937
16000,93,0.4,0.4,2.060563613365789
16000,93,0.25,,2.061254931101199
16000,93,,0.25,2.062094768846761
16000,94,0.1,0.1,1.9726798292295302
16000,94,0.1,0.25,1.9799531462815954
16000,94,0.1,0.4,1.9815480192200738
16000,94,0.25,0.1,1.9735705444395872
16000,94,0.25,0.25,1.9804382853254519
16000,94,0.25,0.4,1.982033913431213
16000,94,0.4,0.1,1.9737790515506823
16000,94,0.4,0.25,1.9805518512995948
16000,94,0.4,0.4,1.9821476561821154
16000,94,0.25,,1.9825228011587395
16000,94,,0.25,1.980586561109143
16000,95,0.1,0.1,2.065791848787913
16000,95,0.1,0.25,2.0604720545199897
16000,95,0.1,0.4,2.0591506909361104
16000,95,0.25,0.1,2.0665405280752873
16000,95,0.25,0.25,2.060515643858368
16000,95,0.25,0.4,2.059103792648229
16000,95,0.4,0.1,2.0667157860630083
16000,95,0.4,0.25,2.060525847666406
16000,95,0.4,0.4,2.059092814249734
16000,95,0.25,,2.0586768631879067
16000,95,,0.25,2.0605289663138384
16000,96,0.1,0.1,2.0333819268060522
16000,96,0.1,0.25,2.0327301217084734
16000,96,0.1,0.4,2.032485487080754
16000,96,0.25,0.1,2.0283137248189957
16000,96,0.25,0.25,2.0276008545205757
16000,96,0.25,0.4,2.027410479155112
16000,96,0.4,0.1,2.02712731176257
16000,96,0.4,0.25,2.0264001467395607
16000,96,0.4,0.4,2.0262224728996747
16000,96,0.25,,2.027345766749598
16000,96,,0.25,2.026033167644663
16000,97,0.1,0.1,1.9477651289639213
16000,97,0.1,0.25,1.9568697615387716
16000,97,0.1,0.4,1.9588486860989565
16000,97,0.25,0.1,1.9513061966630394
16000,97,0.25,0.25,1.9590427419982657
16000,97,0.25,0.4,1.9607867529776863
16000,97,0.4,0.1,1.9521351235611086
16000,97,0.4,0.25,1.9595514139878758
16000,97,0.4,0.4,1.961240434155947
16000,97,0.25,,1.9613193584673398
16000,97,,0.25,1.9597068822785777
16000,98,0.1,0.1,2.019804947463185
16000,98,0.1,0.25,2.018237318101325
16000,98,0.1,0.4,2.017789000830944
16000,98,0.25,0.1,2.0145788115193013
16000,98,0.25,0.25,2.013669641047616
16000,98,0.25,0.4,2.0134418357802137
16000,98,0.4,0.1,2.0133554277760504
16000,98,0.4,0.25,2.0126003956410803
16000,98,0.4,0.4,2.012424209926352
16000,98,0.25,,2.0133691458703913
16000,98,,0.25,2.012273596133558
16000,99,0.1,0.1,2.005978873185106
16000,99,0.1,0.25,2.0008132637054126
16000,99,0.1,0.4,1.9995137548409962
16000,99,0.25,0.1,2.0050629749649063
16000,99,0.25,0.25,1.9997158775826822
16000,99,0.25,0.4,1.9984470924401043
16000,99,0.4,0.1,2.004848572774627
16000,99,0.4,0.25,1.999458990973334
16000,99,0.4,0.4,1.9981973979325753
16000,99,0.25,,1.99805092871911
16000,99,,0.25,1.999380477269267
16000,100,0.1,0.1,1.92105491080885
16000,100,0.1,0.25,1.9341234153961122
16000,100,0.1,0.4,1.9371131277526343
16000,100,0.25,0.1,1.9236877569619315
16000,100,0.25,0.25,1.9355808443890612
16000,100,0.25,0.4,1.938368130824946
16000,100,0.4,0.1,1.924304078698822
16000,100,0.4,0.25,1.9359220132671886
16000,100,0.4,0.4,1.9386619139130408
16000,100,0.25,,1.9391988230595147
16000,100,,0.25,1.9360262866366813
16000,101,0.1,0.1,1.9433373358798989
16000,101,0.1,0.25,1.954392621065284
16000,101,0.1,0.4,1.9568772843142144
16000,101,0.25,0.1,1.9355024111383872
16000,101,0.25,0.25,1.9474042461814163
16000,101,0.25,0.4,1.9501595610656137
16000,101,0.4,0.1,1.9336683372334447
16000,101,0.4,0.25,1.9457683407406725
16000,101,0.4,0.4,1.9485870123408497
16000,101,0.25,,1.9509957282284331
16000,101,,0.25,1.9452683497291419
16000,102,0.1,0.1,2.003822155747559
16000,102,0.1,0.25,2.003727494374671
16000,102,0.1,0.4,2.0036637655178624
16000,102,0.25,0.1,2.0070641919631105
16000,102,0.25,0.25,2.0056371694793818
16000,102,0.25,0.4,2.0053356677271084
16000,102,0.4,0.1,2.007823118719652
16000,102,0.4,0.25,2.006084204440408
16000,102,0.4,0.4,2.0057270425411318
16000,102,0.25,,2.005240958165372
16000,102,,0.25,2.0062208342582366
16000,103,0.1,0.1,1.994508002463834
16000,103,0.1,0.25,1.9918306826782701
16000,103,0.1,0.4,1.9912195369257844
16000,103,0.25,0.1,1.989620759763487
16000,103,0.25,0.25,1.9875668101224837
16000,103,0.25,0.4,1.9871764056433339
16000,103,0.4,0.1,1.9884767073826983
16000,103,0.4,0.25,1.9865686821701969
16000,103,0.4,0.4,1.9862299509135124
16000,103,0.25,,1.9870556931346213
16000,103,,0.25,1.9862636186915434
16000,104,0.1,0.1,2.034229078068728
16000,104,0.1,0.25,2.0302579148346207
16000,104,0.1,0.4,2.0293071871749904
16000,104,0.25,0.1,2.030936537189737
16000,104,0.25,0.25,2.0270484970970757
16000,104,0.25,0.4,2.026181384132973
16000,104,0.4,0.1,2.030165787819916
16000,104,0.4,0.25,2.026297205984948
16000,104,0.4,0.4,2.0254496663462054
16000,104,0.25,,2.0259111335297653
16000,104,,0.25,2.026067584642692
16000,105,0.1,0.1,1.9860674785520511
16000,105,0.1,0.25,1.9925613193315976
16000,105,0.1,0.4,1.9939249908530587
16000,105,0.25,0.1,1.9798760786461367
16000,105,0.25,0.25,1.9869600610798057
16000,105,0.25,0.4,1.9885337605167308
16000,105,0.4,0.1,1.9784267367089594
16000,105,0.4,0.25,1.9856488651291893
16000,105,0.4,0.4,1.9872717299035962
16000,105,0.25,,1.9890146876131707
16000,105,,0.25,1.9852481169115135
16000,106,0.1,0.1,1.9824557873096937
16000,106,0.1,0.25,1.9853542723545414
16000,106,0.1,0.4,1.9859333243194268
16000,106,0.25,0.1,1.984275721513502
16000,106,0.25,0.25,1.98648191135455
16000,106,0.25,0.4,1.9869769769045151
16000,106,0.4,0.1,1.9847017490685892
16000,106,0.4,0.25,1.9867458798459325
16000,106,0.4,0.4,1.987221285054917
16000,106,0.25,,1.987129871913687
16000,106,,0.25,1.98682655802557
16000,107,0.1,0.1,2.0068835771531415
16000,107,0.1,0.25,2.009334665537229
16000,107,0.1,0.4,2.0098836878349577
16000,107,0.25,0.1,2.0049456254476388
16000,107,0.25,0.25,2.0080388750323874
16000,107,0.25,0.4,2.0088093240383063
16000,107,0.4,0.1,2.0044919712302254
16000,107,0.4,0.25,2.0077355440330975
16000,107,0.4,0.4,2.00855782671461
16000,107,0.25,,2.0090548325335296
16000,107,,0.25,2.0076428352680393
16000,108,0.1,0.1,1.9437783058280398
16000,108,0.1,0.25,1.9519634990056538
16000,108,0.1,0.4,1.9537851199255607
16000,108,0.25,0.1,1.9393228117275871
16000,108,0.25,0.25,1.9475980599115779
16000,108,0.25,0.4,1.9495227734759906
16000,108,0.4,0.1,1.9382798271766355
16000,108,0.4,0.25,1.946576156295371
16000,108,0.4,0.4,1.9485250027692014
16000,108,0.25,,1.950113246285198
16000,108,,0.25,1.946263826126384
16000,109,0.1,0.1,1.9880631301302183
16000,109,0.1,0.25,1.9916572398150947
16000,109,0.1,0.4,1.9923643175320158
16000,109,0.25,0.1,1.9950066980195513
16000,109,0.25,0.25,1.9974846713499737
16000,109,0.25,0.4,1.9979987844838685
16000,109,0.4,0.1,1.9966321146116917
16000,109,0.4,0.25,1.9988488120997034
16000,109,0.4,0.4,1.9993177542437055
16000,109,0.25,,1.998132323976807
16000,109,,0.25,1.9992657421351077
16000,110,0.1,0.1,2.0120282163039565
16000,110,0.1,0.25,2.006591886756144
16000,110,0.1,0.4,2.0052707317397305
16000,110,0.25,0.1,2.0128459713828923
16000,110,0.25,0.25,2.0071448119140958
16000,110,0.25,0.4,2.0058351738784657
16000,110,0.4,0.1,2.013037399290676
16000,110,0.4,0.25,2.0072742459083
16000,110,0.4,0.4,2.005967303877369
16000,110,0.25,,2.0054405457358606
16000,110,,0.25,2.0073138055503654
16000,111,0.1,0.1,2.0194916596665147
16000,111,0.1,0.25,2.0126389582138
16000,111,0.1,0.4,2.0108843917378967
16000,111,0.25,0.1,2.0175584580866768
16000,111,0.25,0.25,2.010178541190722
16000,111,0.25,0.4,2.0083772989904283
16000,111,0.4,0.1,2.017105915823981
16000,111,0.4,0.25,2.009602583309034
16000,111,0.4,0.4,2.0077904148100307
16000,111,0.25,,2.0078290134980126
16000,111,,0.25,2.009426550051431
16000,112,0.1,0.1,1.9969810828765517
16000,112,0.1,0.25,1.9983225624349783
16000,112,0.1,0.4,1.9985179752697726
16000,112,0.25,0.1,1.9945963895419236
16000,112,0.25,0.25,1.99609333921977
16000,112,0.25,0.4,1.996389156936555
16000,112,0.4,0.1,1.9940381577834028
16000,112,0.4,0.25,1.995571501389517
16000,112,0.4,0.4,1.995890822838637
16000,112,0.25,,1.9964712175081232
16000,112,,0.25,1.9954120091486423
16000,113,0.1,0.1,2.0028558643393564
16000,113,0.1,0.25,2.0017764101068147
16000,113,0.1,0.4,2.00141433730315
16000,113,0.25,0.1,1.99834315384897
16000,113,0.25,0.25,1.9970075106769323
16000,113,0.25,0.4,1.996652610161605
16000,113,0.4,0.1,1.9972867755397912
16000,113,0.4,0.25,1.9958911612175299
16000,113,0.4,0.4,1.9955379396598587
16000,113,0.25,,1.9965399217011455
16000,113,,0.25,1.9955499650325141
16000,114,0.1,0.1,1.9629385882484132
16000,114,0.1,0.25,1.9706825672144224
16000,114,0.1,0.4,1.972330319714461
16000,114,0.25,0.1,1.9571308104206344
16000,114,0.25,0.25,1.9650832014384483
16000,114,0.25,0.4,1.9668592104353806
16000,114,0.4,0.1,1.9557712703980996
16000,114,0.4,0.25,1.9637724484966192
16000,114,0.4,0.4,1.9655784809975234
16000,114,0.25,,1.967376876811284
16000,114,,0.25,1.9633718356782197
16000,115,0.1,0.1,2.0015596441242898
16000,115,0.1,0.25,1.9971513864291006
16000,115,0.1,0.4,1.996035734692341
16000,115,0.25,0.1,2.005033258597024
16000,115,0.25,0.25,2.000175304873766
16000,115,0.25,0.4,1.9990246110223346
16000,115,0.4,0.1,2.0058463954005616
16000,115,0.4,0.25,2.000883172542315
16000,115,0.4,0.4,1.9997242756984863
16000,115,0.25,,1.9986753783292521
16000,115,,0.25,2.001099522132465
16000,116,0.1,0.1,2.0423668698400204
16000,116,0.1,0.25,2.035594545169696
16000,116,0.1,0.4,2.0339383850963135
16000,116,0.25,0.1,2.042663573543421
16000,116,0.25,0.25,2.035297263971442
16000,116,0.25,0.4,2.0335680194309913
16000,116,0.4,0.1,2.0427330287759684
16000,116,0.4,0.25,2.035227673553393
16000,116,0.4,0.4,2.033481320703886
16000,116,0.25,,2.0330386559746843
16000,116,,0.25,2.0352064042412144
16000,117,0.1,0.1,1.997023672638726
16000,117,0.1,0.25,1.9917479789454655
16000,117,0.1,0.4,1.9903866862415633
16000,117,0.25,0.1,2.001376639208141
16000,117,0.25,0.25,1.9951304870168824
16000,117,0.25,0.4,1.9936146437381355
16000,117,0.4,0.1,2.002395623136825
16000,117,0.4,0.25,1.9959222967651211
16000,117,0.4,0.4,1.99437027481387
16000,117,0.25,,1.9931463263838574
16000,117,,0.25,1.9961643020467843
16000,118,0.1,0.1,1.985672129943695
16000,118,0.1,0.25,1.9881863666176147
16000,118,0.1,0.4,1.988694209963028
16000,118,0.25,0.1,1.9756314267555883
16000,118,0.25,0.25,1.9793071061737455
16000,118,0.25,0.4,1.9801615829742685
16000,118,0.4,0.1,1.9732810031954218
16000,118,0.4,0.25,1.9772285642077958
16000,118,0.4,0.4,1.9781641842733237
16000,118,0.25,,1.9804437146963751
16000,118,,0.25,1.9765932876971979
16000,119,0.1,0.1,2.047115915889031
16000,119,0.1,0.25,2.0400291043210017
16000,119,0.1,0.4,2.0383342852524486
16000,119,0.25,0.1,2.0393811263473545
16000,119,0.25,0.25,2.0326655909648608
16000,119,0.25,0.4,2.031132910226013
16000,119,0.4,0.1,2.0375704930449756
16000,119,0.4,0.25,2.030941869532843
16000,119,0.4,0.4,2.0294471436805206
16000,119,0.25,,2.030659834481168
16000,119,,0.25,2.0304150388243394
