study,config_id,scientific_seed,bootstrap_seed,split_seed,bank_seed,git_commit,hostname,runtime_s,status,exit_code,array_task_id,start_time_utc,end_time_utc,warnings,seed,n,c_U,r_h,r_q,E_tanh2_quadrature,predicted_bias,theoretical_product,sample_g2,true_h_error,true_q_error,true_error_product,D_h,D_q,moment_product,ate_hat,exact_sample_ate_hat,incremental_ate_bias,ate_bias,abs_ate_bias,min_q_multiplier,min_q,reference_h_unchanged,reference_q_unchanged,scenario,K,proxy_mod_kind,proxy_mod_level,regime,library_truth,selector::primary_target,selector::oracle_best,selector::oracle_best_error,selector::global_oof_mses_selected_deployment,selector::global_oof_mses_survivors,selector::global_oof_mses_survivor_count,selector::global_oof_mses_oracle_survives,selector::global_oof_mses_abstained,selector::exploratory_score_label,selector::global_oof_selected[product],selector::global_oof_error[product],selector::global_oof_regret[product],selector::global_oof_oracle_ratio[product],selector::global_oof_catastrophic[product],selector::global_oof_top1[product],selector::global_oof_selected[h_only],selector::global_oof_error[h_only],selector::global_oof_regret[h_only],selector::global_oof_oracle_ratio[h_only],selector::global_oof_catastrophic[h_only],selector::global_oof_top1[h_only],selector::global_oof_selected[q_only],selector::global_oof_error[q_only],selector::global_oof_regret[q_only],selector::global_oof_oracle_ratio[q_only],selector::global_oof_catastrophic[q_only],selector::global_oof_top1[q_only],selector::global_oof_selected[sum],selector::global_oof_error[sum],selector::global_oof_regret[sum],selector::global_oof_oracle_ratio[sum],selector::global_oof_catastrophic[sum],selector::global_oof_top1[sum],selector::global_oof_selected[max],selector::global_oof_error[max],selector::global_oof_regret[max],selector::global_oof_oracle_ratio[max],selector::global_oof_catastrophic[max],selector::global_oof_top1[max],selector::global_oof_selected[variance_only],selector::global_oof_error[variance_only],selector::global_oof_regret[variance_only],selector::global_oof_oracle_ratio[variance_only],selector::global_oof_catastrophic[variance_only],selector::global_oof_top1[variance_only],selector::global_oof_selected[fixed_sieve1],selector::global_oof_error[fixed_sieve1],selector::global_oof_regret[fixed_sieve1],selector::global_oof_oracle_ratio[fixed_sieve1],selector::global_oof_catastrophic[fixed_sieve1],selector::global_oof_top1[fixed_sieve1],selector::global_oof_selected[fixed_kernel],selector::global_oof_error[fixed_kernel],selector::global_oof_regret[fixed_kernel],selector::global_oof_oracle_ratio[fixed_kernel],selector::global_oof_catastrophic[fixed_kernel],selector::global_oof_top1[fixed_kernel],selector::global_oof_selected[random],selector::global_oof_error[random],selector::global_oof_regret[random],selector::global_oof_oracle_ratio[random],selector::global_oof_catastrophic[random],selector::global_oof_top1[random],selector::selected[oracle],selector::error[oracle],selector::regret[oracle],selector::oracle_ratio[oracle],selector::catastrophic[oracle],selector::top1[oracle],selector::global_oof_selected[biasvar_mult],selector::global_oof_error[biasvar_mult],selector::global_oof_regret[biasvar_mult],selector::global_oof_oracle_ratio[biasvar_mult],selector::global_oof_catastrophic[biasvar_mult],selector::global_oof_top1[biasvar_mult],selector::global_oof_selected[biasvar_add],selector::global_oof_error[biasvar_add],selector::global_oof_regret[biasvar_add],selector::global_oof_oracle_ratio[biasvar_add],selector::global_oof_catastrophic[biasvar_add],selector::global_oof_top1[biasvar_add],selector::global_oof_selected[MSES],selector::global_oof_error[MSES],selector::global_oof_regret[MSES],selector::global_oof_oracle_ratio[MSES],selector::global_oof_catastrophic[MSES],selector::global_oof_top1[MSES],selector::global_oof_top2[MSES],selector::spearman[product],selector::kendall[product],selector::top2[product],selector::spearman[h_only],selector::kendall[h_only],selector::top2[h_only],selector::spearman[q_only],selector::kendall[q_only],selector::top2[q_only],selector::spearman[sum],selector::kendall[sum],selector::top2[sum],selector::spearman[max],selector::kendall[max],selector::top2[max],selector::spearman[variance_only],selector::kendall[variance_only],selector::top2[variance_only],selector::spearman[biasvar_mult],selector::kendall[biasvar_mult],selector::top2[biasvar_mult],selector::spearman[biasvar_add],selector::kendall[biasvar_add],selector::top2[biasvar_add],ignorability,selected,survivors,survivor_count,nested_status,nested_selected_by_fold,ate,ate_lo,ate_hi,ess,max_q,q_balance
A2,rh0.0_rq0.0_n4000,220000,700220000,220000,800220000,6122aeb,dhai.bme.e.uh.edu,4.0,ok,0,0,2026-08-13T01:03:13Z,2026-08-13T01:03:16Z,[],220000,4000,1.0,0.0,0.0,0.3942944903978411,-0.0,0.0,0.3944068359920438,0.0,0.0,0.0,0.007618872640742464,0.012268272866407214,9.347040849103304e-05,2.044335892005853,2.044335892005853,0.0,0.04433589200585297,0.04433589200585297,1.0,0.09834052703288321,True,True,,,,,,,,,,,,,,,,,,,,,,,,,,,,,,,,,,,,,,,,,,,,,,,,,,,,,,,,,,,,,,,,,,,,,,,,,,,,,,,,,,,,,,,,,,,,,,,,,,,,,,,,,,,,,,,,,,,,,,,,,,,,,,,,,,
A2,rh0.0_rq0.0_n4000,220001,700230001,220001,800230001,6122aeb,dhai.bme.e.uh.edu,4.1,ok,0,1,2026-08-13T01:03:13Z,2026-08-13T01:03:17Z,[],220001,4000,1.0,0.0,0.0,0.3942944903978411,-0.0,0.0,0.4035416831891092,0.0,0.0,0.0,0.01043021901699389,0.005401462027662789,5.63384319604988e-05,1.922492780139384,1.922492780139384,0.0,-0.07750721986061593,0.07750721986061593,1.0,0.09834052703288321,True,True,,,,,,,,,,,,,,,,,,,,,,,,,,,,,,,,,,,,,,,,,,,,,,,,,,,,,,,,,,,,,,,,,,,,,,,,,,,,,,,,,,,,,,,,,,,,,,,,,,,,,,,,,,,,,,,,,,,,,,,,,,,,,,,,,,
A2,rh0.0_rq0.05_n4000,220000,700240000,220000,800240000,6122aeb,dhai.bme.e.uh.edu,3.7,ok,0,2,2026-08-13T01:03:13Z,2026-08-13T01:03:16Z,[],220000,4000,1.0,0.0,0.05,0.3942944903978411,-0.0,0.0,0.3944068359920438,0.0,0.10433698558587091,0.0,0.007923618279894417,0.011253929247472299,8.917183950590993e-05,2.044187905745918,2.044335892005853,-0.00014798625993517334,0.0441879057459178,0.0441879057459178,0.9501415920671558,0.09344254003843974,True,True,,,,,,,,,,,,,,,,,,,,,,,,,,,,,,,,,,,,,,,,,,,,,,,,,,,,,,,,,,,,,,,,,,,,,,,,,,,,,,,,,,,,,,,,,,,,,,,,,,,,,,,,,,,,,,,,,,,,,,,,,,,,,,,,,,
A2,rh0.0_rq0.05_n4000,220001,700250001,220001,800250001,6122aeb,dhai.bme.e.uh.edu,4.1,ok,0,3,2026-08-13T01:03:13Z,2026-08-13T01:03:17Z,[],220001,4000,1.0,0.0,0.05,0.3942944903978411,-0.0,0.0,0.4035416831891092,0.0,0.10610872779111354,0.0,0.009143064468378752,0.00798640782959188,7.302024165672339e-05,1.92009881783557,1.922492780139384,-0.0023939623038140567,-0.07990118216442998,0.07990118216442998,0.9501103410889505,0.09343435168207982,True,True,,,,,,,,,,,,,,,,,,,,,,,,,,,,,,,,,,,,,,,,,,,,,,,,,,,,,,,,,,,,,,,,,,,,,,,,,,,,,,,,,,,,,,,,,,,,,,,,,,,,,,,,,,,,,,,,,,,,,,,,,,,,,,,,,,
A2,rh0.0_rq0.1_n4000,220000,700260000,220000,800260000,6122aeb,dhai.bme.e.uh.edu,4.0,ok,0,4,2026-08-13T01:03:13Z,2026-08-13T01:03:17Z,[],220000,4000,1.0,0.0,0.1,0.3942944903978411,-0.0,0.0,0.3944068359920438,0.0,0.2086739711717418,0.0,0.008219107883276342,0.012487417145870486,0.00010263542870538428,2.0440399194859826,2.044335892005853,-0.0002959725198703467,0.044039919485982626,0.044039919485982626,0.9002831841343114,0.08854455304399629,True,True,,,,,,,,,,,,,,,,,,,,,,,,,,,,,,,,,,,,,,,,,,,,,,,,,,,,,,,,,,,,,,,,,,,,,,,,,,,,,,,,,,,,,,,,,,,,,,,,,,,,,,,,,,,,,,,,,,,,,,,,,,,,,,,,,,
A2,rh0.0_rq0.1_n4000,220001,700270001,220001,800270001,6122aeb,dhai.bme.e.uh.edu,3.7,ok,0,5,2026-08-13T01:03:13Z,2026-08-13T01:03:16Z,[],220001,4000,1.0,0.0,0.1,0.3942944903978411,-0.0,0.0,0.4035416831891092,0.0,0.21221745558222707,0.0,0.009114855090588144,0.008633042130112886,7.868892800692137e-05,1.9177048555317564,1.922492780139384,-0.004787924607627669,-0.0822951444682436,0.0822951444682436,0.9002206821779011,0.08852817633127644,True,True,,,,,,,,,,,,,,,,,,,,,,,,,,,,,,,,,,,,,,,,,,,,,,,,,,,,,,,,,,,,,,,,,,,,,,,,,,,,,,,,,,,,,,,,,,,,,,,,,,,,,,,,,,,,,,,,,,,,,,,,,,,,,,,,,,
A2,rh0.0_rq0.2_n4000,220000,700280000,220000,800280000,6122aeb,dhai.bme.e.uh.edu,3.7,ok,0,6,2026-08-13T01:03:13Z,2026-08-13T01:03:16Z,[],220000,4000,1.0,0.0,0.2,0.3942944903978411,-0.0,0.0,0.3944068359920438,0.0,0.4173479423434836,0.0,0.007792391024961279,0.014996969586751325,0.00011686225120941828,2.043743946966112,2.044335892005853,-0.0005919450397411374,0.043743946966111835,0.043743946966111835,0.8005663682686228,0.07874857905510936,True,True,,,,,,,,,,,,,,,,,,,,,,,,,,,,,,,,,,,,,,,,,,,,,,,,,,,,,,,,,,,,,,,,,,,,,,,,,,,,,,,,,,,,,,,,,,,,,,,,,,,,,,,,,,,,,,,,,,,,,,,,,,,,,,,,,,
A2,rh0.0_rq0.2_n4000,220001,700290001,220001,800290001,6122aeb,dhai.bme.e.uh.edu,3.7,ok,0,7,2026-08-13T01:03:13Z,2026-08-13T01:03:16Z,[],220001,4000,1.0,0.0,0.2,0.3942944903978411,-0.0,0.0,0.4035416831891092,0.0,0.4244349111644541,0.0,0.011744681982434318,0.015121107246472362,0.00017759259583210093,1.912916930924129,1.922492780139384,-0.009575849215255117,-0.08708306907587104,0.08708306907587104,0.800441364355802,0.07871582562966967,True,True,,,,,,,,,,,,,,,,,,,,,,,,,,,,,,,,,,,,,,,,,,,,,,,,,,,,,,,,,,,,,,,,,,,,,,,,,,,,,,,,,,,,,,,,,,,,,,,,,,,,,,,,,,,,,,,,,,,,,,,,,,,,,,,,,,
A2,rh0.0_rq0.4_n4000,220000,700300000,220000,800300000,6122aeb,dhai.bme.e.uh.edu,4.2,ok,0,8,2026-08-13T01:03:13Z,2026-08-13T01:03:17Z,[],220000,4000,1.0,0.0,0.4,0.3942944903978411,-0.0,0.0,0.3944068359920438,0.0,0.8346958846869672,0.0,0.008127755912314193,0.02658945181725058,0.00021611257421285177,2.043152001926371,2.044335892005853,-0.0011838900794818308,0.04315200192637114,0.04315200192637114,0.6011327365372456,0.05915663107733553,True,True,,,,,,,,,,,,,,,,,,,,,,,,,,,,,,,,,,,,,,,,,,,,,,,,,,,,,,,,,,,,,,,,,,,,,,,,,,,,,,,,,,,,,,,,,,,,,,,,,,,,,,,,,,,,,,,,,,,,,,,,,,,,,,,,,,
A2,rh0.0_rq0.4_n4000,220001,700310001,220001,800310001,6122aeb,dhai.bme.e.uh.edu,3.7,ok,0,9,2026-08-13T01:03:13Z,2026-08-13T01:03:16Z,[],220001,4000,1.0,0.0,0.4,0.3942944903978411,-0.0,0.0,0.4035416831891092,0.0,0.8488698223289081,0.0,0.01143692067140369,0.016484440225979873,0.00018853123517702773,1.9033410817088738,1.922492780139384,-0.019151698430510233,-0.09665891829112616,0.09665891829112616,0.6008827287116041,0.059091124226456127,True,True,,,,,,,,,,,,,,,,,,,,,,,,,,,,,,,,,,,,,,,,,,,,,,,,,,,,,,,,,,,,,,,,,,,,,,,,,,,,,,,,,,,,,,,,,,,,,,,,,,,,,,,,,,,,,,,,,,,,,,,,,,,,,,,,,,
A2,rh0.05_rq0.0_n4000,220000,700320000,220000,800320000,6122aeb,dhai.bme.e.uh.edu,4.0,ok,0,10,2026-08-13T01:03:13Z,2026-08-13T01:03:16Z,[],220000,4000,1.0,0.05,0.0,0.3942944903978411,-0.0,0.0,0.3944068359920438,0.03140090906295723,0.0,0.0,0.009266066758668041,0.013055302555935544,0.00012097130503790825,2.0461077856541716,2.044335892005853,0.0017718936483186454,0.04610778565417162,0.04610778565417162,1.0,0.09834052703288321,True,True,,,,,,,,,,,,,,,,,,,,,,,,,,,,,,,,,,,,,,,,,,,,,,,,,,,,,,,,,,,,,,,,,,,,,,,,,,,,,,,,,,,,,,,,,,,,,,,,,,,,,,,,,,,,,,,,,,,,,,,,,,,,,,,,,,
A2,rh0.05_rq0.0_n4000,220001,700330001,220001,800330001,6122aeb,dhai.bme.e.uh.edu,4.4,ok,0,11,2026-08-13T01:03:13Z,2026-08-13T01:03:17Z,[],220001,4000,1.0,0.05,0.0,0.3942944903978411,-0.0,0.0,0.4035416831891092,0.03176246539506612,0.0,0.0,0.00856463232504805,0.006513090040077464,5.5782221493195945e-05,1.9217099940158902,1.922492780139384,-0.0007827861234939171,-0.07829000598410985,0.07829000598410985,1.0,0.09834052703288321,True,True,,,,,,,,,,,,,,,,,,,,,,,,,,,,,,,,,,,,,,,,,,,,,,,,,,,,,,,,,,,,,,,,,,,,,,,,,,,,,,,,,,,,,,,,,,,,,,,,,,,,,,,,,,,,,,,,,,,,,,,,,,,,,,,,,,
A2,rh0.05_rq0.05_n4000,220000,700340000,220000,800340000,6122aeb,dhai.bme.e.uh.edu,3.7,ok,0,12,2026-08-13T01:03:18Z,2026-08-13T01:03:21Z,[],220000,4000,1.0,0.05,0.05,0.3942944903978411,-0.0009857362259946029,0.0009857362259946029,0.3944068359920438,0.03140090906295723,0.10433698558587091,0.0032762761962850115,0.007450632516207989,0.0129475222218113,9.646723007015277e-05,2.0449680955455953,2.044335892005853,0.0006322035397423598,0.04496809554559533,0.04496809554559533,0.9501415920671558,0.09344254003843974,True,True,,,,,,,,,,,,,,,,,,,,,,,,,,,,,,,,,,,,,,,,,,,,,,,,,,,,,,,,,,,,,,,,,,,,,,,,,,,,,,,,,,,,,,,,,,,,,,,,,,,,,,,,,,,,,,,,,,,,,,,,,,,,,,,,,,
A2,rh0.05_rq0.05_n4000,220001,700350001,220001,800350001,6122aeb,dhai.bme.e.uh.edu,3.8,ok,0,13,2026-08-13T01:03:18Z,2026-08-13T01:03:21Z,[],220001,4000,1.0,0.05,0.05,0.3942944903978411,-0.0009857362259946029,0.0009857362259946029,0.4035416831891092,0.03176246539506612,0.10610872779111354,0.003370274794579735,0.010061153501297873,0.007321969340907426,7.366745747066642e-05,1.9183203857630347,1.922492780139384,-0.00417239437634942,-0.08167961423696535,0.08167961423696535,0.9501103410889505,0.09343435168207982,True,True,,,,,,,,,,,,,,,,,,,,,,,,,,,,,,,,,,,,,,,,,,,,,,,,,,,,,,,,,,,,,,,,,,,,,,,,,,,,,,,,,,,,,,,,,,,,,,,,,,,,,,,,,,,,,,,,,,,,,,,,,,,,,,,,,,
A2,rh0.05_rq0.1_n4000,220000,700360000,220000,800360000,6122aeb,dhai.bme.e.uh.edu,4.0,ok,0,14,2026-08-13T01:03:18Z,2026-08-13T01:03:22Z,[],220000,4000,1.0,0.05,0.1,0.3942944903978411,-0.0019714724519892058,0.0019714724519892058,0.3944068359920438,0.03140090906295723,0.2086739711717418,0.006552552392570022,0.00819539274535255,0.012586510156942909,0.0001031513940295161,2.0438284054370186,2.044335892005853,-0.0005074865688343699,0.0438284054370186,0.0438284054370186,0.9002831841343114,0.08854455304399629,True,True,,,,,,,,,,,,,,,,,,,,,,,,,,,,,,,,,,,,,,,,,,,,,,,,,,,,,,,,,,,,,,,,,,,,,,,,,,,,,,,,,,,,,,,,,,,,,,,,,,,,,,,,,,,,,,,,,,,,,,,,,,,,,,,,,,
A2,rh0.05_rq0.1_n4000,220001,700370001,220001,800370001,6122aeb,dhai.bme.e.uh.edu,3.7,ok,0,15,2026-08-13T01:03:18Z,2026-08-13T01:03:21Z,[],220001,4000,1.0,0.05,0.1,0.3942944903978411,-0.0019714724519892058,0.0019714724519892058,0.4035416831891092,0.03176246539506612,0.21221745558222707,0.00674054958915947,0.010736487826303856,0.008304548614415026,8.916168510161549e-05,1.9149307775101794,1.922492780139384,-0.0075620026292047005,-0.08506922248982063,0.08506922248982063,0.9002206821779011,0.08852817633127644,True,True,,,,,,,,,,,,,,,,,,,,,,,,,,,,,,,,,,,,,,,,,,,,,,,,,,,,,,,,,,,,,,,,,,,,,,,,,,,,,,,,,,,,,,,,,,,,,,,,,,,,,,,,,,,,,,,,,,,,,,,,,,,,,,,,,,
A2,rh0.05_rq0.2_n4000,220000,700380000,220000,800380000,6122aeb,dhai.bme.e.uh.edu,3.8,ok,0,16,2026-08-13T01:03:18Z,2026-08-13T01:03:21Z,[],220000,4000,1.0,0.05,0.2,0.3942944903978411,-0.0039429449039784115,0.0039429449039784115,0.3944068359920438,0.03140090906295723,0.4173479423434836,0.013105104785140044,0.009396447477857499,0.013324647706438859,0.00012520435233450713,2.0415490252198656,2.044335892005853,-0.0027868667859873852,0.04154902521986559,0.04154902521986559,0.8005663682686228,0.07874857905510936,True,True,,,,,,,,,,,,,,,,,,,,,,,,,,,,,,,,,,,,,,,,,,,,,,,,,,,,,,,,,,,,,,,,,,,,,,,,,,,,,,,,,,,,,,,,,,,,,,,,,,,,,,,,,,,,,,,,,,,,,,,,,,,,,,,,,,
A2,rh0.05_rq0.2_n4000,220001,700390001,220001,800390001,6122aeb,dhai.bme.e.uh.edu,3.8,ok,0,17,2026-08-13T01:03:18Z,2026-08-13T01:03:21Z,[],220001,4000,1.0,0.05,0.2,0.3942944903978411,-0.0039429449039784115,0.0039429449039784115,0.4035416831891092,0.03176246539506612,0.4244349111644541,0.013481099178318936,0.01126772612124905,0.013598932851127244,0.00015322905090775827,1.908151561004469,1.922492780139384,-0.01434121913491504,-0.09184843899553097,0.09184843899553097,0.800441364355802,0.07871582562966967,True,True,,,,,,,,,,,,,,,,,,,,,,,,,,,,,,,,,,,,,,,,,,,,,,,,,,,,,,,,,,,,,,,,,,,,,,,,,,,,,,,,,,,,,,,,,,,,,,,,,,,,,,,,,,,,,,,,,,,,,,,,,,,,,,,,,,
A2,rh0.05_rq0.4_n4000,220000,700400000,220000,800400000,6122aeb,dhai.bme.e.uh.edu,4.0,ok,0,18,2026-08-13T01:03:18Z,2026-08-13T01:03:22Z,[],220000,4000,1.0,0.05,0.4,0.3942944903978411,-0.007885889807956823,0.007885889807956823,0.3944068359920438,0.03140090906295723,0.8346958846869672,0.02621020957028009,0.007359447281898084,0.02051595375759197,0.00015098608011685698,2.0369902647855596,2.044335892005853,-0.007345627220293416,0.03699026478555956,0.03699026478555956,0.6011327365372456,0.05915663107733553,True,True,,,,,,,,,,,,,,,,,,,,,,,,,,,,,,,,,,,,,,,,,,,,,,,,,,,,,,,,,,,,,,,,,,,,,,,,,,,,,,,,,,,,,,,,,,,,,,,,,,,,,,,,,,,,,,,,,,,,,,,,,,,,,,,,,,
A2,rh0.05_rq0.4_n4000,220001,700410001,220001,800410001,6122aeb,dhai.bme.e.uh.edu,4.1,ok,0,19,2026-08-13T01:03:18Z,2026-08-13T01:03:22Z,[],220001,4000,1.0,0.05,0.4,0.3942944903978411,-0.007885889807956823,0.007885889807956823,0.4035416831891092,0.03176246539506612,0.8488698223289081,0.026962198356637868,0.01064162862280912,0.020992157483404376,0.0002233907439299127,1.8945931279930472,1.922492780139384,-0.02789965214633683,-0.10540687200695276,0.10540687200695276,0.6008827287116041,0.059091124226456127,True,True,,,,,,,,,,,,,,,,,,,,,,,,,,,,,,,,,,,,,,,,,,,,,,,,,,,,,,,,,,,,,,,,,,,,,,,,,,,,,,,,,,,,,,,,,,,,,,,,,,,,,,,,,,,,,,,,,,,,,,,,,,,,,,,,,,
A2,rh0.1_rq0.0_n4000,220000,700420000,220000,800420000,6122aeb,dhai.bme.e.uh.edu,4.0,ok,0,20,2026-08-13T01:03:18Z,2026-08-13T01:03:22Z,[],220000,4000,1.0,0.1,0.0,0.3942944903978411,-0.0,0.0,0.3944068359920438,0.06280181812591447,0.0,0.0,0.009492617541883581,0.01225424824871811,0.00011632489188837768,2.04787967930249,2.044335892005853,0.0035437872966368467,0.04787967930248982,0.04787967930248982,1.0,0.09834052703288321,True,True,,,,,,,,,,,,,,,,,,,,,,,,,,,,,,,,,,,,,,,,,,,,,,,,,,,,,,,,,,,,,,,,,,,,,,,,,,,,,,,,,,,,,,,,,,,,,,,,,,,,,,,,,,,,,,,,,,,,,,,,,,,,,,,,,,
A2,rh0.1_rq0.0_n4000,220001,700430001,220001,800430001,6122aeb,dhai.bme.e.uh.edu,3.5,ok,0,21,2026-08-13T01:03:18Z,2026-08-13T01:03:21Z,[],220001,4000,1.0,0.1,0.0,0.3942944903978411,-0.0,0.0,0.4035416831891092,0.06352493079013224,0.0,0.0,0.010950230951141495,0.006110562300188586,6.691206842840342e-05,1.920927207892396,1.922492780139384,-0.0015655722469880562,-0.07907279210760398,0.07907279210760398,1.0,0.09834052703288321,True,True,,,,,,,,,,,,,,,,,,,,,,,,,,,,,,,,,,,,,,,,,,,,,,,,,,,,,,,,,,,,,,,,,,,,,,,,,,,,,,,,,,,,,,,,,,,,,,,,,,,,,,,,,,,,,,,,,,,,,,,,,,,,,,,,,,
A2,rh0.1_rq0.05_n4000,220000,700440000,220000,800440000,6122aeb,dhai.bme.e.uh.edu,4.3,ok,0,22,2026-08-13T01:03:18Z,2026-08-13T01:03:22Z,[],220000,4000,1.0,0.1,0.05,0.3942944903978411,-0.0019714724519892058,0.0019714724519892058,0.3944068359920438,0.06280181812591447,0.10433698558587091,0.006552552392570025,0.007669297258529835,0.010252535898479964,7.86297454591911e-05,2.0457482853452724,2.044335892005853,0.0014123933394194488,0.04574828534527242,0.04574828534527242,0.9501415920671558,0.09344254003843974,True,True,,,,,,,,,,,,,,,,,,,,,,,,,,,,,,,,,,,,,,,,,,,,,,,,,,,,,,,,,,,,,,,,,,,,,,,,,,,,,,,,,,,,,,,,,,,,,,,,,,,,,,,,,,,,,,,,,,,,,,,,,,,,,,,,,,
A2,rh0.1_rq0.05_n4000,220001,700450001,220001,800450001,6122aeb,dhai.bme.e.uh.edu,3.9,ok,0,23,2026-08-13T01:03:19Z,2026-08-13T01:03:23Z,[],220001,4000,1.0,0.1,0.05,0.3942944903978411,-0.0019714724519892058,0.0019714724519892058,0.4035416831891092,0.06352493079013224,0.10610872779111354,0.00674054958915947,0.011476417093155708,0.005848307277245985,6.711761360261275e-05,1.9165419536904993,1.922492780139384,-0.005950826448884783,-0.08345804630950071,0.08345804630950071,0.9501103410889505,0.09343435168207982,True,True,,,,,,,,,,,,,,,,,,,,,,,,,,,,,,,,,,,,,,,,,,,,,,,,,,,,,,,,,,,,,,,,,,,,,,,,,,,,,,,,,,,,,,,,,,,,,,,,,,,,,,,,,,,,,,,,,,,,,,,,,,,,,,,,,,
A2,rh0.1_rq0.1_n4000,220000,700460000,220000,800460000,6122aeb,dhai.bme.e.uh.edu,4.0,ok,0,24,2026-08-13T01:03:23Z,2026-08-13T01:03:27Z,[],220000,4000,1.0,0.1,0.1,0.3942944903978411,-0.0039429449039784115,0.0039429449039784115,0.3944068359920438,0.06280181812591447,0.2086739711717418,0.013105104785140048,0.008063000240710787,0.014330505107682679,0.0001155468661327526,2.043616891388055,2.044335892005853,-0.0007190006177979491,0.043616891388055024,0.043616891388055024,0.9002831841343114,0.08854455304399629,True,True,,,,,,,,,,,,,,,,,,,,,,,,,,,,,,,,,,,,,,,,,,,,,,,,,,,,,,,,,,,,,,,,,,,,,,,,,,,,,,,,,,,,,,,,,,,,,,,,,,,,,,,,,,,,,,,,,,,,,,,,,,,,,,,,,,
A2,rh0.1_rq0.1_n4000,220001,700470001,220001,800470001,6122aeb,dhai.bme.e.uh.edu,3.9,ok,0,25,2026-08-13T01:03:23Z,2026-08-13T01:03:27Z,[],220001,4000,1.0,0.1,0.1,0.3942944903978411,-0.0039429449039784115,0.0039429449039784115,0.4035416831891092,0.06352493079013224,0.21221745558222707,0.01348109917831894,0.012829457623407347,0.010248132234420193,0.00013147797822056872,1.9121566994886021,1.922492780139384,-0.010336080650781954,-0.08784330051139788,0.08784330051139788,0.9002206821779011,0.08852817633127644,True,True,,,,,,,,,,,,,,,,,,,,,,,,,,,,,,,,,,,,,,,,,,,,,,,,,,,,,,,,,,,,,,,,,,,,,,,,,,,,,,,,,,,,,,,,,,,,,,,,,,,,,,,,,,,,,,,,,,,,,,,,,,,,,,,,,,
A2,rh0.1_rq0.2_n4000,220000,700480000,220000,800480000,6122aeb,dhai.bme.e.uh.edu,3.7,ok,0,26,2026-08-13T01:03:23Z,2026-08-13T01:03:26Z,[],220000,4000,1.0,0.1,0.2,0.3942944903978411,-0.007885889807956823,0.007885889807956823,0.3944068359920438,0.06280181812591447,0.4173479423434836,0.026210209570280096,0.010266381579791397,0.014292933657068074,0.00014673671081810418,2.0393541034736193,2.044335892005853,-0.004981788532233633,0.03935410347361934,0.03935410347361934,0.8005663682686228,0.07874857905510936,True,True,,,,,,,,,,,,,,,,,,,,,,,,,,,,,,,,,,,,,,,,,,,,,,,,,,,,,,,,,,,,,,,,,,,,,,,,,,,,,,,,,,,,,,,,,,,,,,,,,,,,,,,,,,,,,,,,,,,,,,,,,,,,,,,,,,
A2,rh0.1_rq0.2_n4000,220001,700490001,220001,800490001,6122aeb,dhai.bme.e.uh.edu,4.0,ok,0,27,2026-08-13T01:03:23Z,2026-08-13T01:03:27Z,[],220001,4000,1.0,0.1,0.2,0.3942944903978411,-0.007885889807956823,0.007885889807956823,0.4035416831891092,0.06352493079013224,0.4244349111644541,0.02696219835663787,0.011004285250523684,0.01291770550254659,0.00014215011613228208,1.9033861910848084,1.922492780139384,-0.01910658905457563,-0.09661380891519156,0.09661380891519156,0.800441364355802,0.07871582562966967,True,True,,,,,,,,,,,,,,,,,,,,,,,,,,,,,,,,,,,,,,,,,,,,,,,,,,,,,,,,,,,,,,,,,,,,,,,,,,,,,,,,,,,,,,,,,,,,,,,,,,,,,,,,,,,,,,,,,,,,,,,,,,,,,,,,,,
A2,rh0.1_rq0.4_n4000,220000,700500000,220000,800500000,6122aeb,dhai.bme.e.uh.edu,4.1,ok,0,28,2026-08-13T01:03:23Z,2026-08-13T01:03:27Z,[],220000,4000,1.0,0.1,0.4,0.3942944903978411,-0.015771779615913646,0.015771779615913646,0.3944068359920438,0.06280181812591447,0.8346958846869672,0.05242041914056019,0.006940108787220735,0.022792075719057805,0.00015817948497683342,2.030828527644748,2.044335892005853,-0.013507364361105001,0.03082852764474797,0.03082852764474797,0.6011327365372456,0.05915663107733553,True,True,,,,,,,,,,,,,,,,,,,,,,,,,,,,,,,,,,,,,,,,,,,,,,,,,,,,,,,,,,,,,,,,,,,,,,,,,,,,,,,,,,,,,,,,,,,,,,,,,,,,,,,,,,,,,,,,,,,,,,,,,,,,,,,,,,
A2,rh0.1_rq0.4_n4000,220001,700510001,220001,800510001,6122aeb,dhai.bme.e.uh.edu,3.5,ok,0,29,2026-08-13T01:03:23Z,2026-08-13T01:03:26Z,[],220001,4000,1.0,0.1,0.4,0.3942944903978411,-0.015771779615913646,0.015771779615913646,0.4035416831891092,0.06352493079013224,0.8488698223289081,0.053924396713275737,0.01229021173793022,0.017318540901750057,0.00021284853467451315,1.8858451742772209,1.922492780139384,-0.0366476058621632,-0.11415482572277913,0.11415482572277913,0.6008827287116041,0.059091124226456127,True,True,,,,,,,,,,,,,,,,,,,,,,,,,,,,,,,,,,,,,,,,,,,,,,,,,,,,,,,,,,,,,,,,,,,,,,,,,,,,,,,,,,,,,,,,,,,,,,,,,,,,,,,,,,,,,,,,,,,,,,,,,,,,,,,,,,
A2,rh0.2_rq0.0_n4000,220000,700520000,220000,800520000,6122aeb,dhai.bme.e.uh.edu,3.9,ok,0,30,2026-08-13T01:03:23Z,2026-08-13T01:03:27Z,[],220000,4000,1.0,0.2,0.0,0.3942944903978411,-0.0,0.0,0.3944068359920438,0.12560363625182894,0.0,0.0,0.009360511408395108,0.011595970020383017,0.00010854420966720288,2.0514234665991276,2.044335892005853,0.0070875745932745815,0.051423466599127554,0.051423466599127554,1.0,0.09834052703288321,True,True,,,,,,,,,,,,,,,,,,,,,,,,,,,,,,,,,,,,,,,,,,,,,,,,,,,,,,,,,,,,,,,,,,,,,,,,,,,,,,,,,,,,,,,,,,,,,,,,,,,,,,,,,,,,,,,,,,,,,,,,,,,,,,,,,,
A2,rh0.2_rq0.0_n4000,220001,700530001,220001,800530001,6122aeb,dhai.bme.e.uh.edu,4.3,ok,0,31,2026-08-13T01:03:23Z,2026-08-13T01:03:27Z,[],220001,4000,1.0,0.2,0.0,0.3942944903978411,-0.0,0.0,0.4035416831891092,0.1270498615802645,0.0,0.0,0.012812878311121283,0.004587219995513506,5.8775491588856867e-05,1.9193616356454082,1.922492780139384,-0.0031311444939758903,-0.08063836435459182,0.08063836435459182,1.0,0.09834052703288321,True,True,,,,,,,,,,,,,,,,,,,,,,,,,,,,,,,,,,,,,,,,,,,,,,,,,,,,,,,,,,,,,,,,,,,,,,,,,,,,,,,,,,,,,,,,,,,,,,,,,,,,,,,,,,,,,,,,,,,,,,,,,,,,,,,,,,
A2,rh0.2_rq0.05_n4000,220000,700540000,220000,800540000,6122aeb,dhai.bme.e.uh.edu,3.7,ok,0,32,2026-08-13T01:03:23Z,2026-08-13T01:03:26Z,[],220000,4000,1.0,0.2,0.05,0.3942944903978411,-0.0039429449039784115,0.0039429449039784115,0.3944068359920438,0.12560363625182894,0.10433698558587091,0.01310510478514005,0.009561511759841065,0.012412449935136332,0.00011868178602324451,2.047308664944627,2.044335892005853,0.002972772938774071,0.047308664944627044,0.047308664944627044,0.9501415920671558,0.09344254003843974,True,True,,,,,,,,,,,,,,,,,,,,,,,,,,,,,,,,,,,,,,,,,,,,,,,,,,,,,,,,,,,,,,,,,,,,,,,,,,,,,,,,,,,,,,,,,,,,,,,,,,,,,,,,,,,,,,,,,,,,,,,,,,,,,,,,,,
A2,rh0.2_rq0.05_n4000,220001,700550001,220001,800550001,6122aeb,dhai.bme.e.uh.edu,3.9,ok,0,33,2026-08-13T01:03:23Z,2026-08-13T01:03:27Z,[],220001,4000,1.0,0.2,0.05,0.3942944903978411,-0.0039429449039784115,0.0039429449039784115,0.4035416831891092,0.1270498615802645,0.10610872779111354,0.01348109917831894,0.014991211070196938,0.007972219971003332,0.00011951323228335026,1.9129850895454281,1.922492780139384,-0.009507690593955953,-0.08701491045457188,0.08701491045457188,0.9501103410889505,0.09343435168207982,True,True,,,,,,,,,,,,,,,,,,,,,,,,,,,,,,,,,,,,,,,,,,,,,,,,,,,,,,,,,,,,,,,,,,,,,,,,,,,,,,,,,,,,,,,,,,,,,,,,,,,,,,,,,,,,,,,,,,,,,,,,,,,,,,,,,,
A2,rh0.2_rq0.1_n4000,220000,700560000,220000,800560000,6122aeb,dhai.bme.e.uh.edu,4.1,ok,0,34,2026-08-13T01:03:23Z,2026-08-13T01:03:27Z,[],220000,4000,1.0,0.2,0.1,0.3942944903978411,-0.007885889807956823,0.007885889807956823,0.3944068359920438,0.12560363625182894,0.2086739711717418,0.026210209570280096,0.010563785352440062,0.013824581813057636,0.00014603991486038752,2.043193863290127,2.044335892005853,-0.0011420287157259956,0.04319386329012698,0.04319386329012698,0.9002831841343114,0.08854455304399629,True,True,,,,,,,,,,,,,,,,,,,,,,,,,,,,,,,,,,,,,,,,,,,,,,,,,,,,,,,,,,,,,,,,,,,,,,,,,,,,,,,,,,,,,,,,,,,,,,,,,,,,,,,,,,,,,,,,,,,,,,,,,,,,,,,,,,
A2,rh0.2_rq0.1_n4000,220001,700570001,220001,800570001,6122aeb,dhai.bme.e.uh.edu,3.8,ok,0,35,2026-08-13T01:03:24Z,2026-08-13T01:03:28Z,[],220001,4000,1.0,0.2,0.1,0.3942944903978411,-0.007885889807956823,0.007885889807956823,0.4035416831891092,0.1270498615802645,0.21221745558222707,0.02696219835663788,0.011784078477855498,0.00892434143909712,0.00010516513988149834,1.9066085434454483,1.922492780139384,-0.015884236693935794,-0.09339145655455172,0.09339145655455172,0.9002206821779011,0.08852817633127644,True,True,,,,,,,,,,,,,,,,,,,,,,,,,,,,,,,,,,,,,,,,,,,,,,,,,,,,,,,,,,,,,,,,,,,,,,,,,,,,,,,,,,,,,,,,,,,,,,,,,,,,,,,,,,,,,,,,,,,,,,,,,,,,,,,,,,
A2,rh0.2_rq0.2_n4000,220000,700580000,220000,800580000,6122aeb,dhai.bme.e.uh.edu,2.4,ok,0,36,2026-08-13T01:03:28Z,2026-08-13T01:03:30Z,[],220000,4000,1.0,0.2,0.2,0.3942944903978411,-0.015771779615913646,0.015771779615913646,0.3944068359920438,0.12560363625182894,0.4173479423434836,0.05242041914056019,0.011457428654665954,0.014422677496480976,0.00016524679842518696,2.034964259981127,2.044335892005853,-0.009371632024726129,0.034964259981126844,0.034964259981126844,0.8005663682686228,0.07874857905510936,True,True,,,,,,,,,,,,,,,,,,,,,,,,,,,,,,,,,,,,,,,,,,,,,,,,,,,,,,,,,,,,,,,,,,,,,,,,,,,,,,,,,,,,,,,,,,,,,,,,,,,,,,,,,,,,,,,,,,,,,,,,,,,,,,,,,,
A2,rh0.2_rq0.2_n4000,220001,700590001,220001,800590001,6122aeb,dhai.bme.e.uh.edu,2.5,ok,0,37,2026-08-13T01:03:28Z,2026-08-13T01:03:30Z,[],220001,4000,1.0,0.2,0.2,0.3942944903978411,-0.015771779615913646,0.015771779615913646,0.4035416831891092,0.1270498615802645,0.4244349111644541,0.05392439671327574,0.01380146550871381,0.014321533346728385,0.00019765814851676645,1.893855451245488,1.922492780139384,-0.02863732889389614,-0.10614454875451207,0.10614454875451207,0.800441364355802,0.07871582562966967,True,True,,,,,,,,,,,,,,,,,,,,,,,,,,,,,,,,,,,,,,,,,,,,,,,,,,,,,,,,,,,,,,,,,,,,,,,,,,,,,,,,,,,,,,,,,,,,,,,,,,,,,,,,,,,,,,,,,,,,,,,,,,,,,,,,,,
A2,rh0.2_rq0.4_n4000,220000,700600000,220000,800600000,6122aeb,dhai.bme.e.uh.edu,2.5,ok,0,38,2026-08-13T01:03:28Z,2026-08-13T01:03:30Z,[],220000,4000,1.0,0.2,0.4,0.3942944903978411,-0.03154355923182729,0.03154355923182729,0.3944068359920438,0.12560363625182894,0.8346958846869672,0.10484083828112038,0.010347159036249417,0.02136804131901789,0.00022109852182102685,2.0185050533631257,2.044335892005853,-0.025830838642727283,0.01850505336312569,0.01850505336312569,0.6011327365372456,0.05915663107733553,True,True,,,,,,,,,,,,,,,,,,,,,,,,,,,,,,,,,,,,,,,,,,,,,,,,,,,,,,,,,,,,,,,,,,,,,,,,,,,,,,,,,,,,,,,,,,,,,,,,,,,,,,,,,,,,,,,,,,,,,,,,,,,,,,,,,,
A2,rh0.2_rq0.4_n4000,220001,700610001,220001,800610001,6122aeb,dhai.bme.e.uh.edu,2.5,ok,0,39,2026-08-13T01:03:28Z,2026-08-13T01:03:30Z,[],220001,4000,1.0,0.2,0.4,0.3942944903978411,-0.03154355923182729,0.03154355923182729,0.4035416831891092,0.1270498615802645,0.8488698223289081,0.10784879342655147,0.01297632628355257,0.02179942073261587,0.00028287639621886414,1.8683492668455681,1.922492780139384,-0.05414351329381595,-0.13165073315443188,0.13165073315443188,0.6008827287116041,0.059091124226456127,True,True,,,,,,,,,,,,,,,,,,,,,,,,,,,,,,,,,,,,,,,,,,,,,,,,,,,,,,,,,,,,,,,,,,,,,,,,,,,,,,,,,,,,,,,,,,,,,,,,,,,,,,,,,,,,,,,,,,,,,,,,,,,,,,,,,,
A2,rh0.4_rq0.0_n4000,220000,700620000,220000,800620000,6122aeb,dhai.bme.e.uh.edu,2.5,ok,0,40,2026-08-13T01:03:28Z,2026-08-13T01:03:30Z,[],220000,4000,1.0,0.4,0.0,0.3942944903978411,-0.0,0.0,0.3944068359920438,0.2512072725036579,0.0,0.0,0.015752604326163044,0.012206091023548107,0.00019227772226308382,2.0585110411924017,2.044335892005853,0.014175149186548719,0.05851104119240169,0.05851104119240169,1.0,0.09834052703288321,True,True,,,,,,,,,,,,,,,,,,,,,,,,,,,,,,,,,,,,,,,,,,,,,,,,,,,,,,,,,,,,,,,,,,,,,,,,,,,,,,,,,,,,,,,,,,,,,,,,,,,,,,,,,,,,,,,,,,,,,,,,,,,,,,,,,,
A2,rh0.4_rq0.0_n4000,220001,700630001,220001,800630001,6122aeb,dhai.bme.e.uh.edu,2.4,ok,0,41,2026-08-13T01:03:28Z,2026-08-13T01:03:30Z,[],220001,4000,1.0,0.4,0.0,0.3942944903978411,-0.0,0.0,0.4035416831891092,0.254099723160529,0.0,0.0,0.01976540526076449,0.006013576424051399,0.00011886077508795482,1.9162304911514325,1.922492780139384,-0.006262288987951559,-0.08376950884856749,0.08376950884856749,1.0,0.09834052703288321,True,True,,,,,,,,,,,,,,,,,,,,,,,,,,,,,,,,,,,,,,,,,,,,,,,,,,,,,,,,,,,,,,,,,,,,,,,,,,,,,,,,,,,,,,,,,,,,,,,,,,,,,,,,,,,,,,,,,,,,,,,,,,,,,,,,,,
A2,rh0.4_rq0.05_n4000,220000,700640000,220000,800640000,6122aeb,dhai.bme.e.uh.edu,2.5,ok,0,42,2026-08-13T01:03:28Z,2026-08-13T01:03:30Z,[],220000,4000,1.0,0.4,0.05,0.3942944903978411,-0.007885889807956823,0.007885889807956823,0.3944068359920438,0.2512072725036579,0.10433698558587091,0.0262102095702801,0.019470900945225,0.012558919395420906,0.0002445334755273055,2.0504294241433367,2.044335892005853,0.006093532137483759,0.05042942414333673,0.05042942414333673,0.9501415920671558,0.09344254003843974,True,True,,,,,,,,,,,,,,,,,,,,,,,,,,,,,,,,,,,,,,,,,,,,,,,,,,,,,,,,,,,,,,,,,,,,,,,,,,,,,,,,,,,,,,,,,,,,,,,,,,,,,,,,,,,,,,,,,,,,,,,,,,,,,,,,,,
A2,rh0.4_rq0.05_n4000,220001,700650001,220001,800650001,6122aeb,dhai.bme.e.uh.edu,2.4,ok,0,43,2026-08-13T01:03:28Z,2026-08-13T01:03:30Z,[],220001,4000,1.0,0.4,0.05,0.3942944903978411,-0.007885889807956823,0.007885889807956823,0.4035416831891092,0.254099723160529,0.10610872779111354,0.02696219835663788,0.02188841228408133,0.006312468874901552,0.00013816992126427618,1.905871361255286,1.922492780139384,-0.01662141888409807,-0.094128638744714,0.094128638744714,0.9501103410889505,0.09343435168207982,True,True,,,,,,,,,,,,,,,,,,,,,,,,,,,,,,,,,,,,,,,,,,,,,,,,,,,,,,,,,,,,,,,,,,,,,,,,,,,,,,,,,,,,,,,,,,,,,,,,,,,,,,,,,,,,,,,,,,,,,,,,,,,,,,,,,,
A2,rh0.4_rq0.1_n4000,220000,700660000,220000,800660000,6122aeb,dhai.bme.e.uh.edu,2.4,ok,0,44,2026-08-13T01:03:28Z,2026-08-13T01:03:30Z,[],220000,4000,1.0,0.4,0.1,0.3942944903978411,-0.015771779615913646,0.015771779615913646,0.3944068359920438,0.2512072725036579,0.2086739711717418,0.05242041914056019,0.021211348772971244,0.012613497741600673,0.000267549299844177,2.0423478070942713,2.044335892005853,-0.0019880849115816446,0.04234780709427133,0.04234780709427133,0.9002831841343114,0.08854455304399629,True,True,,,,,,,,,,,,,,,,,,,,,,,,,,,,,,,,,,,,,,,,,,,,,,,,,,,,,,,,,,,,,,,,,,,,,,,,,,,,,,,,,,,,,,,,,,,,,,,,,,,,,,,,,,,,,,,,,,,,,,,,,,,,,,,,,,
A2,rh0.4_rq0.1_n4000,220001,700670001,220001,800670001,6122aeb,dhai.bme.e.uh.edu,2.4,ok,0,45,2026-08-13T01:03:28Z,2026-08-13T01:03:30Z,[],220001,4000,1.0,0.4,0.1,0.3942944903978411,-0.015771779615913646,0.015771779615913646,0.4035416831891092,0.254099723160529,0.21221745558222707,0.05392439671327576,0.021288966624339704,0.009960652624924654,0.00021205200128866263,1.8955122313591402,1.922492780139384,-0.026980548780243918,-0.10448776864085985,0.10448776864085985,0.9002206821779011,0.08852817633127644,True,True,,,,,,,,,,,,,,,,,,,,,,,,,,,,,,,,,,,,,,,,,,,,,,,,,,,,,,,,,,,,,,,,,,,,,,,,,,,,,,,,,,,,,,,,,,,,,,,,,,,,,,,,,,,,,,,,,,,,,,,,,,,,,,,,,,
A2,rh0.4_rq0.2_n4000,220000,700680000,220000,800680000,6122aeb,dhai.bme.e.uh.edu,2.4,ok,0,46,2026-08-13T01:03:28Z,2026-08-13T01:03:30Z,[],220000,4000,1.0,0.4,0.2,0.3942944903978411,-0.03154355923182729,0.03154355923182729,0.3944068359920438,0.2512072725036579,0.4173479423434836,0.10484083828112038,0.02094818495972455,0.01494659109891876,0.0003131039548575228,2.0261845729961414,2.044335892005853,-0.018151319009711564,0.02618457299614141,0.02618457299614141,0.8005663682686228,0.07874857905510936,True,True,,,,,,,,,,,,,,,,,,,,,,,,,,,,,,,,,,,,,,,,,,,,,,,,,,,,,,,,,,,,,,,,,,,,,,,,,,,,,,,,,,,,,,,,,,,,,,,,,,,,,,,,,,,,,,,,,,,,,,,,,,,,,,,,,,
A2,rh0.4_rq0.2_n4000,220001,700690001,220001,800690001,6122aeb,dhai.bme.e.uh.edu,2.5,ok,0,47,2026-08-13T01:03:29Z,2026-08-13T01:03:31Z,[],220001,4000,1.0,0.4,0.2,0.3942944903978411,-0.03154355923182729,0.03154355923182729,0.4035416831891092,0.254099723160529,0.4244349111644541,0.10784879342655149,0.021633025837940825,0.014084379959350522,0.0003046877555720058,1.8747939715668474,1.922492780139384,-0.04769880857253672,-0.12520602843315265,0.12520602843315265,0.800441364355802,0.07871582562966967,True,True,,,,,,,,,,,,,,,,,,,,,,,,,,,,,,,,,,,,,,,,,,,,,,,,,,,,,,,,,,,,,,,,,,,,,,,,,,,,,,,,,,,,,,,,,,,,,,,,,,,,,,,,,,,,,,,,,,,,,,,,,,,,,,,,,,
A2,rh0.4_rq0.4_n4000,220000,700700000,220000,800700000,6122aeb,dhai.bme.e.uh.edu,2.5,ok,0,48,2026-08-13T01:03:32Z,2026-08-13T01:03:34Z,[],220000,4000,1.0,0.4,0.4,0.3942944903978411,-0.06308711846365458,0.06308711846365458,0.3944068359920438,0.2512072725036579,0.8346958846869672,0.20968167656224077,0.017038462811876307,0.02260248811246061,0.0003851116531600364,1.9938581047998802,2.044335892005853,-0.050477787205972735,-0.006141895200119762,0.006141895200119762,0.6011327365372456,0.05915663107733553,True,True,,,,,,,,,,,,,,,,,,,,,,,,,,,,,,,,,,,,,,,,,,,,,,,,,,,,,,,,,,,,,,,,,,,,,,,,,,,,,,,,,,,,,,,,,,,,,,,,,,,,,,,,,,,,,,,,,,,,,,,,,,,,,,,,,,
A2,rh0.4_rq0.4_n4000,220001,700710001,220001,800710001,6122aeb,dhai.bme.e.uh.edu,2.5,ok,0,49,2026-08-13T01:03:32Z,2026-08-13T01:03:34Z,[],220001,4000,1.0,0.4,0.4,0.3942944903978411,-0.06308711846365458,0.06308711846365458,0.4035416831891092,0.254099723160529,0.8488698223289081,0.21569758685310295,0.016824629628652193,0.017604117620602044,0.0002961827589058593,1.8333574519822624,1.922492780139384,-0.08913532815712166,-0.1666425480177376,0.1666425480177376,0.6008827287116041,0.059091124226456127,True,True,,,,,,,,,,,,,,,,,,,,,,,,,,,,,,,,,,,,,,,,,,,,,,,,,,,,,,,,,,,,,,,,,,,,,,,,,,,,,,,,,,,,,,,,,,,,,,,,,,,,,,,,,,,,,,,,,,,,,,,,,,,,,,,,,,
B2,S1_n4000,220000,700720000,220000,800720000,6122aeb,dhai.bme.e.uh.edu,16.5,ok,0,50,2026-08-13T01:02:47Z,2026-08-13T01:03:04Z,[],220000,4000,1.0,,,,,,,,,,,,,,,,,,,,,,S1,4.0,,,,,ate_err,sieve1_sieve1,0.09329736499127378,sieve1_kernel,"[""sieve1_kernel"", ""sieve1_sieve1"", ""sieve2_sieve2"", ""sieve3_sieve3""]",4.0,True,False,EXPLORATORY_POSTHOC_FROM_ROUND1,sieve1_sieve1,0.09329736499127378,0.0,0.9999999999892816,0.0,1.0,sieve1_kernel,0.11495910678591566,0.02166174179464188,1.2321795668659639,0.0,0.0,kernel_sieve1,0.12228281620310122,0.02898545121182744,1.3106781334416873,0.0,0.0,sieve1_sieve1,0.09329736499127378,0.0,0.9999999999892816,0.0,1.0,sieve1_sieve1,0.09329736499127378,0.0,0.9999999999892816,0.0,1.0,sieve1_kernel,0.11495910678591566,0.02166174179464188,1.2321795668659639,0.0,0.0,sieve1_sieve1,0.09329736499127378,0.0,0.9999999999892816,0.0,1.0,kernel_kernel,0.27226842903839993,0.17897106404712615,2.9182863745503127,1.0,0.0,kernel_kernel,0.27226842903839993,0.17897106404712615,2.9182863745503127,1.0,0.0,sieve1_sieve1,0.09329736499127378,0.0,0.9999999999892816,0.0,1.0,sieve1_sieve1,0.09329736499127378,0.0,0.9999999999892816,0.0,1.0,sieve1_sieve1,0.09329736499127378,0.0,0.9999999999892816,0.0,1.0,sieve1_kernel,0.11495910678591566,0.02166174179464188,1.2321795668659639,0.0,0.0,1.0,0.48571428571428577,0.3333333333333333,1.0,0.6473388749701496,0.5012804118276031,1.0,0.41194292043554975,0.3580574370197165,1.0,0.3142857142857143,0.2,1.0,0.23190841426097936,0.13801311186847084,1.0,0.5428571428571429,0.4666666666666666,0.0,0.942857142857143,0.8666666666666666,1.0,0.8285714285714287,0.7333333333333333,1.0,,,,,,,,,,,,
C2,S2_n4000,220000,700730000,220000,800730000,6122aeb,dhai.bme.e.uh.edu,18.4,ok,0,51,2026-08-13T01:03:32Z,2026-08-13T01:03:50Z,[],220000,4000,1.0,,,,,,,,,,,,,,,,,,,,,,S2,4.0,,,,,ate_err,sieve1_sieve1,0.03506748419452177,sieve1_kernel,"[""sieve1_kernel"", ""sieve1_sieve1"", ""sieve2_sieve2""]",3.0,True,False,EXPLORATORY_POSTHOC_FROM_ROUND1,sieve1_sieve1,0.03506748419452177,0.0,0.9999999999714836,0.0,1.0,sieve2_sieve2,0.21281504048143604,0.17774755628691427,6.068728492037453,1.0,0.0,kernel_sieve1,0.13937706431410457,0.1043095801195828,3.9745384509762887,1.0,0.0,sieve1_sieve1,0.03506748419452177,0.0,0.9999999999714836,0.0,1.0,sieve1_sieve1,0.03506748419452177,0.0,0.9999999999714836,0.0,1.0,sieve1_kernel,0.039752956303421016,0.004685472108899247,1.1336130097549912,0.0,0.0,sieve1_sieve1,0.03506748419452177,0.0,0.9999999999714836,0.0,1.0,kernel_kernel,0.510336654172224,0.4752691699777022,14.552987357940996,1.0,0.0,kernel_kernel,0.510336654172224,0.4752691699777022,14.552987357940996,1.0,0.0,sieve1_sieve1,0.03506748419452177,0.0,0.9999999999714836,0.0,1.0,sieve1_sieve1,0.03506748419452177,0.0,0.9999999999714836,0.0,1.0,sieve1_sieve1,0.03506748419452177,0.0,0.9999999999714836,0.0,1.0,sieve1_kernel,0.039752956303421016,0.004685472108899247,1.1336130097549912,0.0,0.0,1.0,0.3142857142857143,0.2,1.0,0.35309393180189985,0.21483446221182986,1.0,0.41194292043554975,0.3580574370197165,1.0,0.3142857142857143,0.2,1.0,0.3188740696088466,0.2760262237369417,1.0,0.5428571428571429,0.4666666666666666,0.0,0.942857142857143,0.8666666666666666,1.0,0.8285714285714287,0.7333333333333333,1.0,,,,,,,,,,,,
D2,nonlinear_n4000,220000,700740000,220000,800740000,6122aeb,dhai.bme.e.uh.edu,13.2,ok,0,52,2026-08-13T01:03:32Z,2026-08-13T01:03:45Z,[],220000,4000,1.0,,,,,,,,,,,,,,,,,,,,,,nonlinear,2.0,,,,,ate_err,sieve1_kernel,0.328654525978461,sieve3_sieve3,"[""sieve3_sieve3""]",1.0,False,False,EXPLORATORY_POSTHOC_FROM_ROUND1,sieve1_sieve1,0.3409317937357095,0.012277267757248467,1.0373561499561268,0.0,0.0,sieve3_sieve3,1.881478881200103,1.552824355221642,5.724792243748637,1.0,0.0,sieve2_sieve2,0.4638226076363221,0.1351680816578611,1.4112771039864163,0.0,0.0,sieve2_sieve2,0.4638226076363221,0.1351680816578611,1.4112771039864163,0.0,0.0,sieve1_sieve1,0.3409317937357095,0.012277267757248467,1.0373561499561268,0.0,0.0,sieve1_kernel,0.328654525978461,0.0,0.9999999999969573,0.0,1.0,sieve1_sieve1,0.3409317937357095,0.012277267757248467,1.0373561499561268,0.0,0.0,kernel_kernel,0.9538070995316459,0.6251525735531849,2.902157201970964,1.0,0.0,kernel_kernel,0.9538070995316459,0.6251525735531849,2.902157201970964,1.0,0.0,sieve1_kernel,0.328654525978461,0.0,0.9999999999969573,0.0,1.0,sieve1_kernel,0.328654525978461,0.0,0.9999999999969573,0.0,1.0,sieve1_sieve1,0.3409317937357095,0.012277267757248467,1.0373561499561268,0.0,0.0,sieve3_sieve3,1.881478881200103,1.552824355221642,5.724792243748637,1.0,0.0,0.0,0.2,0.2,0.0,0.08827348295047496,0.21483446221182986,0.0,0.08827348295047496,0.07161148740394328,0.0,0.3142857142857143,0.2,0.0,0.34786262139146906,0.2760262237369417,0.0,0.3142857142857143,0.2,1.0,0.6571428571428573,0.6,1.0,0.4285714285714286,0.2,1.0,,,,,,,,,,,,
E2,hamd_n1500,220000,700750000,220000,800750000,6122aeb,dhai.bme.e.uh.edu,37.6,ok,0,53,2026-08-13T01:03:32Z,2026-08-13T01:04:09Z,[],220000,1500,1.0,,,,,,,,,,,,,,,,,,,,,,hamd,4.0,,,,,ate_err,sieve1_kernel,0.07009844630754682,sieve1_kernel,"[""sieve1_kernel"", ""sieve1_sieve1"", ""sieve2_sieve2""]",3.0,True,False,EXPLORATORY_POSTHOC_FROM_ROUND1,sieve1_sieve1,0.46268650530780425,0.39258805900025745,6.600524400658374,1.0,0.0,sieve1_kernel,0.07009844630754682,0.0,0.9999999999857343,0.0,1.0,kernel_sieve1,0.46952580325129234,0.39942735694374554,6.698091441065862,1.0,0.0,sieve1_sieve1,0.46268650530780425,0.39258805900025745,6.600524400658374,1.0,0.0,sieve1_sieve1,0.46268650530780425,0.39258805900025745,6.600524400658374,1.0,0.0,sieve3_sieve3,0.3388083599553791,0.2687099136478323,4.833321960718972,1.0,0.0,sieve1_sieve1,0.46268650530780425,0.39258805900025745,6.600524400658374,1.0,0.0,kernel_kernel,0.2483193796707761,0.1782209333632293,3.5424377107841765,1.0,0.0,kernel_kernel,0.2483193796707761,0.1782209333632293,3.5424377107841765,1.0,0.0,sieve1_kernel,0.07009844630754682,0.0,0.9999999999857343,0.0,1.0,sieve1_kernel,0.07009844630754682,0.0,0.9999999999857343,0.0,1.0,sieve1_kernel,0.07009844630754682,0.0,0.9999999999857343,0.0,1.0,sieve1_kernel,0.07009844630754682,0.0,0.9999999999857343,0.0,1.0,1.0,-0.7142857142857143,-0.4666666666666666,0.0,0.20597146021777488,0.07161148740394328,1.0,-0.7944613465542746,-0.6445033866354897,0.0,-0.14285714285714288,-0.06666666666666665,1.0,-0.20291986247835694,-0.13801311186847084,0.0,0.8285714285714287,0.7333333333333333,1.0,0.48571428571428577,0.3333333333333333,1.0,0.48571428571428577,0.3333333333333333,1.0,,,,,,,,,,,,
R,core_L_n1500_low,220000,700760000,220000,800760000,6122aeb,dhai.bme.e.uh.edu,7.9,ok,0,54,2026-08-13T01:03:32Z,2026-08-13T01:03:40Z,[],220000,1500,1.0,,,,,,,,,,,,,,,,,,,,,,bridge_complexity,2.0,,,"{""c_U"": 1.0, ""candidate_names"": null, ""family"": ""L"", ""n"": 1500, ""p"": 10, ""proxy_noise"": ""low"", ""regime_id"": ""core_L_n1500_low""}",,ate_err,kernel_sieve1,0.008403689283404625,kernel_sieve1,"[""kernel_sieve1"", ""sieve1_kernel"", ""sieve1_sieve1"", ""sieve2_sieve2"", ""sieve3_sieve3""]",5.0,True,False,EXPLORATORY_POSTHOC_FROM_ROUND1,sieve1_sieve1,0.4927922127938761,0.48438852351047146,58.6399849061993,1.0,0.0,sieve3_sieve3,0.12599267782860546,0.11758898854520083,14.992543579927425,1.0,0.0,kernel_sieve1,0.008403689283404625,0.0,0.9999999998810046,0.0,1.0,sieve1_sieve1,0.4927922127938761,0.48438852351047146,58.6399849061993,1.0,0.0,sieve1_sieve1,0.4927922127938761,0.48438852351047146,58.6399849061993,1.0,0.0,kernel_kernel,0.01229911580223475,0.003895426518830125,1.463537666136606,0.0,0.0,sieve1_sieve1,0.4927922127938761,0.48438852351047146,58.6399849061993,1.0,0.0,kernel_kernel,0.01229911580223475,0.003895426518830125,1.463537666136606,0.0,0.0,kernel_kernel,0.01229911580223475,0.003895426518830125,1.463537666136606,0.0,0.0,kernel_sieve1,0.008403689283404625,0.0,0.9999999998810046,0.0,1.0,sieve1_sieve1,0.4927922127938761,0.48438852351047146,58.6399849061993,1.0,0.0,sieve1_sieve1,0.4927922127938761,0.48438852351047146,58.6399849061993,1.0,0.0,kernel_sieve1,0.008403689283404625,0.0,0.9999999998810046,0.0,1.0,1.0,-0.8857142857142858,-0.7333333333333333,0.0,-0.7944613465542746,-0.6445033866354897,0.0,0.08827348295047496,0.07161148740394328,1.0,-0.6,-0.4666666666666666,0.0,-0.5217939320872036,-0.41403933560541256,0.0,0.48571428571428577,0.3333333333333333,1.0,-0.2,-0.06666666666666665,1.0,-0.2,-0.06666666666666665,1.0,,,,,,,,,,,,
R,core_L_n1500_high,220000,700770000,220000,800770000,6122aeb,dhai.bme.e.uh.edu,8.3,ok,0,55,2026-08-13T01:03:32Z,2026-08-13T01:03:40Z,[],220000,1500,1.0,,,,,,,,,,,,,,,,,,,,,,bridge_complexity,2.0,,,"{""c_U"": 1.0, ""candidate_names"": null, ""family"": ""L"", ""n"": 1500, ""p"": 10, ""proxy_noise"": ""high"", ""regime_id"": ""core_L_n1500_high""}",,ate_err,kernel_kernel,0.011383628262536694,kernel_sieve1,"[""kernel_sieve1"", ""sieve1_sieve1""]",2.0,False,False,EXPLORATORY_POSTHOC_FROM_ROUND1,sieve1_sieve1,0.475772431559809,0.4643888032972723,41.79444554455214,1.0,0.0,sieve3_sieve3,0.3191757167707949,0.30779208850825823,28.038135942400547,1.0,0.0,kernel_sieve1,0.048687584594931166,0.03730395633239447,4.276983002939766,1.0,0.0,sieve1_sieve1,0.475772431559809,0.4643888032972723,41.79444554455214,1.0,0.0,sieve1_sieve1,0.475772431559809,0.4643888032972723,41.79444554455214,1.0,0.0,kernel_kernel,0.011383628262536694,0.0,0.9999999999121545,0.0,1.0,sieve1_sieve1,0.475772431559809,0.4643888032972723,41.79444554455214,1.0,0.0,kernel_kernel,0.011383628262536694,0.0,0.9999999999121545,0.0,1.0,kernel_kernel,0.011383628262536694,0.0,0.9999999999121545,0.0,1.0,kernel_kernel,0.011383628262536694,0.0,0.9999999999121545,0.0,1.0,kernel_sieve1,0.048687584594931166,0.03730395633239447,4.276983002939766,1.0,0.0,sieve1_sieve1,0.475772431559809,0.4643888032972723,41.79444554455214,1.0,0.0,kernel_sieve1,0.048687584594931166,0.03730395633239447,4.276983002939766,1.0,0.0,0.0,-0.4285714285714286,-0.3333333333333333,0.0,-0.44136741475237473,-0.21483446221182986,0.0,0.14712247158412492,0.07161148740394328,0.0,-0.7714285714285715,-0.6,0.0,-0.8116794499134278,-0.6900655593423541,0.0,0.8285714285714287,0.7333333333333333,1.0,0.48571428571428577,0.3333333333333333,0.0,0.14285714285714288,0.06666666666666665,0.0,,,,,,,,,,,,
R,core_L_n6000_low,220000,700780000,220000,800780000,6122aeb,dhai.bme.e.uh.edu,17.8,ok,0,56,2026-08-13T01:03:32Z,2026-08-13T01:03:50Z,[],220000,6000,1.0,,,,,,,,,,,,,,,,,,,,,,bridge_complexity,2.0,,,"{""c_U"": 1.0, ""candidate_names"": null, ""family"": ""L"", ""n"": 6000, ""p"": 10, ""proxy_noise"": ""low"", ""regime_id"": ""core_L_n6000_low""}",,ate_err,kernel_sieve1,0.007451836509482446,kernel_sieve1,"[""kernel_sieve1"", ""sieve1_kernel"", ""sieve1_sieve1"", ""sieve2_sieve2"", ""sieve3_sieve3""]",5.0,True,False,EXPLORATORY_POSTHOC_FROM_ROUND1,sieve1_sieve1,0.09754972487109992,0.09009788836161747,13.090695794771854,1.0,0.0,sieve1_kernel,0.08746835710963885,0.0800165206001564,11.737825566435566,1.0,0.0,kernel_sieve1,0.007451836509482446,0.0,0.9999999998658048,0.0,1.0,sieve1_sieve1,0.09754972487109992,0.09009788836161747,13.090695794771854,1.0,0.0,sieve1_sieve1,0.09754972487109992,0.09009788836161747,13.090695794771854,1.0,0.0,kernel_kernel,0.06520706844486113,0.05775523193537868,8.750469545746851,1.0,0.0,sieve1_sieve1,0.09754972487109992,0.09009788836161747,13.090695794771854,1.0,0.0,kernel_kernel,0.06520706844486113,0.05775523193537868,8.750469545746851,1.0,0.0,kernel_kernel,0.06520706844486113,0.05775523193537868,8.750469545746851,1.0,0.0,kernel_sieve1,0.007451836509482446,0.0,0.9999999998658048,0.0,1.0,sieve1_sieve1,0.09754972487109992,0.09009788836161747,13.090695794771854,1.0,0.0,sieve1_sieve1,0.09754972487109992,0.09009788836161747,13.090695794771854,1.0,0.0,kernel_sieve1,0.007451836509482446,0.0,0.9999999998658048,0.0,1.0,1.0,-0.2571428571428572,-0.2,0.0,-0.6179143806533246,-0.5012804118276031,0.0,0.44136741475237473,0.3580574370197165,1.0,-0.2571428571428572,-0.2,0.0,-0.05797710356524484,-0.13801311186847084,0.0,0.7714285714285715,0.6,1.0,0.2571428571428572,0.2,1.0,0.2571428571428572,0.2,1.0,,,,,,,,,,,,
R,core_L_n6000_high,220000,700790000,220000,800790000,6122aeb,dhai.bme.e.uh.edu,17.4,ok,0,57,2026-08-13T01:03:32Z,2026-08-13T01:03:49Z,[],220000,6000,1.0,,,,,,,,,,,,,,,,,,,,,,bridge_complexity,2.0,,,"{""c_U"": 1.0, ""candidate_names"": null, ""family"": ""L"", ""n"": 6000, ""p"": 10, ""proxy_noise"": ""high"", ""regime_id"": ""core_L_n6000_high""}",,ate_err,kernel_sieve1,0.020114672832352132,kernel_sieve1,"[""kernel_sieve1"", ""sieve1_kernel"", ""sieve1_sieve1"", ""sieve2_sieve2"", ""sieve3_sieve3""]",5.0,True,False,EXPLORATORY_POSTHOC_FROM_ROUND1,sieve1_sieve1,0.03434802501775347,0.014233352185401338,1.7076104246051182,1.0,0.0,sieve1_kernel,0.05191093379817313,0.031796260965821,2.580749596488571,1.0,0.0,kernel_sieve1,0.020114672832352132,0.0,0.9999999999502851,0.0,1.0,sieve1_sieve1,0.03434802501775347,0.014233352185401338,1.7076104246051182,1.0,0.0,sieve1_sieve1,0.03434802501775347,0.014233352185401338,1.7076104246051182,1.0,0.0,kernel_kernel,0.07300161450638543,0.052886941674033294,3.6292717814103086,1.0,0.0,sieve1_sieve1,0.03434802501775347,0.014233352185401338,1.7076104246051182,1.0,0.0,kernel_kernel,0.07300161450638543,0.052886941674033294,3.6292717814103086,1.0,0.0,kernel_kernel,0.07300161450638543,0.052886941674033294,3.6292717814103086,1.0,0.0,kernel_sieve1,0.020114672832352132,0.0,0.9999999999502851,0.0,1.0,sieve1_sieve1,0.03434802501775347,0.014233352185401338,1.7076104246051182,1.0,0.0,sieve1_sieve1,0.03434802501775347,0.014233352185401338,1.7076104246051182,1.0,0.0,kernel_sieve1,0.020114672832352132,0.0,0.9999999999502851,0.0,1.0,1.0,0.3142857142857143,0.2,0.0,-0.029424494316824982,-0.07161148740394328,0.0,0.7944613465542746,0.6445033866354897,1.0,0.3142857142857143,0.2,0.0,0.34786262139146906,0.2760262237369417,0.0,0.6,0.4666666666666666,1.0,0.942857142857143,0.8666666666666666,1.0,0.8857142857142858,0.7333333333333333,1.0,,,,,,,,,,,,
R,core_Q_n1500_low,220000,700800000,220000,800800000,6122aeb,dhai.bme.e.uh.edu,8.2,ok,0,58,2026-08-13T01:03:32Z,2026-08-13T01:03:40Z,[],220000,1500,1.0,,,,,,,,,,,,,,,,,,,,,,bridge_complexity,2.0,,,"{""c_U"": 1.0, ""candidate_names"": null, ""family"": ""Q"", ""n"": 1500, ""p"": 10, ""proxy_noise"": ""low"", ""regime_id"": ""core_Q_n1500_low""}",,ate_err,sieve1_kernel,0.1474097595006446,sieve1_kernel,"[""kernel_sieve1"", ""sieve1_kernel"", ""sieve1_sieve1"", ""sieve2_sieve2"", ""sieve3_sieve3""]",5.0,True,False,EXPLORATORY_POSTHOC_FROM_ROUND1,sieve1_sieve1,0.19903759263465604,0.051627833134011425,1.3502334805209109,0.0,0.0,sieve1_kernel,0.1474097595006446,0.0,0.9999999999932162,0.0,1.0,kernel_sieve1,0.161686623530367,0.014276864029722391,1.0968515522784168,0.0,0.0,sieve1_sieve1,0.19903759263465604,0.051627833134011425,1.3502334805209109,0.0,0.0,sieve1_sieve1,0.19903759263465604,0.051627833134011425,1.3502334805209109,0.0,0.0,sieve1_kernel,0.1474097595006446,0.0,0.9999999999932162,0.0,1.0,sieve1_sieve1,0.19903759263465604,0.051627833134011425,1.3502334805209109,0.0,0.0,kernel_kernel,0.3248714159254168,0.17746165642477219,2.2038663995092693,1.0,0.0,kernel_kernel,0.3248714159254168,0.17746165642477219,2.2038663995092693,1.0,0.0,sieve1_kernel,0.1474097595006446,0.0,0.9999999999932162,0.0,1.0,sieve1_sieve1,0.19903759263465604,0.051627833134011425,1.3502334805209109,0.0,0.0,sieve1_sieve1,0.19903759263465604,0.051627833134011425,1.3502334805209109,0.0,0.0,sieve1_kernel,0.1474097595006446,0.0,0.9999999999932162,0.0,1.0,1.0,0.3142857142857143,0.2,1.0,0.41194292043554975,0.3580574370197165,1.0,0.17654696590094993,0.07161148740394328,0.0,0.4285714285714286,0.3333333333333333,1.0,0.0,0.0,0.0,0.7142857142857143,0.6,1.0,0.7714285714285715,0.6,1.0,0.6571428571428573,0.4666666666666666,1.0,,,,,,,,,,,,
R,core_Q_n1500_high,220000,700810000,220000,800810000,6122aeb,dhai.bme.e.uh.edu,8.1,ok,0,59,2026-08-13T01:03:32Z,2026-08-13T01:03:40Z,[],220000,1500,1.0,,,,,,,,,,,,,,,,,,,,,,bridge_complexity,2.0,,,"{""c_U"": 1.0, ""candidate_names"": null, ""family"": ""Q"", ""n"": 1500, ""p"": 10, ""proxy_noise"": ""high"", ""regime_id"": ""core_Q_n1500_high""}",,ate_err,sieve1_kernel,0.17222028793968935,sieve1_kernel,"[""kernel_sieve1"", ""sieve1_kernel"", ""sieve1_sieve1"", ""sieve3_sieve3""]",4.0,True,False,EXPLORATORY_POSTHOC_FROM_ROUND1,sieve1_sieve1,0.2839973188639132,0.11177703092422386,1.6490352110067228,1.0,0.0,sieve1_kernel,0.17222028793968935,0.0,0.9999999999941934,0.0,1.0,kernel_sieve1,0.20503693001947199,0.03281664207978263,1.1905503844592589,0.0,0.0,sieve1_sieve1,0.2839973188639132,0.11177703092422386,1.6490352110067228,1.0,0.0,sieve1_sieve1,0.2839973188639132,0.11177703092422386,1.6490352110067228,1.0,0.0,sieve1_kernel,0.17222028793968935,0.0,0.9999999999941934,0.0,1.0,sieve1_sieve1,0.2839973188639132,0.11177703092422386,1.6490352110067228,1.0,0.0,kernel_kernel,0.32592977697261183,0.15370948903292248,1.8925167346419616,1.0,0.0,kernel_kernel,0.32592977697261183,0.15370948903292248,1.8925167346419616,1.0,0.0,sieve1_kernel,0.17222028793968935,0.0,0.9999999999941934,0.0,1.0,sieve1_sieve1,0.2839973188639132,0.11177703092422386,1.6490352110067228,1.0,0.0,sieve1_sieve1,0.2839973188639132,0.11177703092422386,1.6490352110067228,1.0,0.0,sieve1_kernel,0.17222028793968935,0.0,0.9999999999941934,0.0,1.0,1.0,0.3714285714285715,0.2,1.0,0.20597146021777488,0.07161148740394328,1.0,0.6767633692869747,0.5012804118276031,0.0,0.6,0.3333333333333333,1.0,0.14494275891311212,0.0,1.0,0.7714285714285715,0.6,1.0,0.7714285714285715,0.6,1.0,0.7714285714285715,0.6,1.0,,,,,,,,,,,,
R,core_Q_n6000_low,220000,700820000,220000,800820000,6122aeb,dhai.bme.e.uh.edu,17.6,ok,0,60,2026-08-13T01:03:32Z,2026-08-13T01:03:49Z,[],220000,6000,1.0,,,,,,,,,,,,,,,,,,,,,,bridge_complexity,2.0,,,"{""c_U"": 1.0, ""candidate_names"": null, ""family"": ""Q"", ""n"": 6000, ""p"": 10, ""proxy_noise"": ""low"", ""regime_id"": ""core_Q_n6000_low""}",,ate_err,sieve2_sieve2,0.095873836240151,sieve1_sieve1,"[""kernel_sieve1"", ""sieve1_sieve1"", ""sieve2_sieve2""]",3.0,True,False,EXPLORATORY_POSTHOC_FROM_ROUND1,sieve1_sieve1,0.1291073833004479,0.03323354706029691,1.3466383359867307,0.0,0.0,sieve2_sieve2,0.095873836240151,0.0,0.9999999999895696,0.0,1.0,kernel_sieve1,0.13191975669962575,0.036045920459474745,1.375972443282739,0.0,0.0,sieve1_sieve1,0.1291073833004479,0.03323354706029691,1.3466383359867307,0.0,0.0,sieve1_sieve1,0.1291073833004479,0.03323354706029691,1.3466383359867307,0.0,0.0,sieve1_kernel,0.12915775047754807,0.03328391423739707,1.3471636844975954,0.0,0.0,sieve1_sieve1,0.1291073833004479,0.03323354706029691,1.3466383359867307,0.0,0.0,kernel_kernel,0.36570526686654814,0.26983143062639714,3.8144428261605325,1.0,0.0,kernel_kernel,0.36570526686654814,0.26983143062639714,3.8144428261605325,1.0,0.0,sieve2_sieve2,0.095873836240151,0.0,0.9999999999895696,0.0,1.0,sieve1_sieve1,0.1291073833004479,0.03323354706029691,1.3466383359867307,0.0,0.0,sieve1_sieve1,0.1291073833004479,0.03323354706029691,1.3466383359867307,0.0,0.0,sieve1_sieve1,0.1291073833004479,0.03323354706029691,1.3466383359867307,0.0,0.0,0.0,0.8285714285714287,0.6,1.0,0.7944613465542746,0.6445033866354897,1.0,0.6179143806533246,0.5012804118276031,0.0,0.8857142857142858,0.7333333333333333,1.0,0.9276336570439174,0.8280786712108251,1.0,0.3142857142857143,0.2,0.0,0.942857142857143,0.8666666666666666,1.0,0.942857142857143,0.8666666666666666,1.0,,,,,,,,,,,,
R,core_Q_n6000_high,220000,700830000,220000,800830000,6122aeb,dhai.bme.e.uh.edu,16.4,ok,0,61,2026-08-13T01:03:36Z,2026-08-13T01:03:52Z,[],220000,6000,1.0,,,,,,,,,,,,,,,,,,,,,,bridge_complexity,2.0,,,"{""c_U"": 1.0, ""candidate_names"": null, ""family"": ""Q"", ""n"": 6000, ""p"": 10, ""proxy_noise"": ""high"", ""regime_id"": ""core_Q_n6000_high""}",,ate_err,sieve2_sieve2,0.0707520192795903,sieve1_kernel,"[""kernel_sieve1"", ""sieve1_kernel"", ""sieve1_sieve1"", ""sieve2_sieve2"", ""sieve3_sieve3""]",5.0,True,False,EXPLORATORY_POSTHOC_FROM_ROUND1,sieve1_sieve1,0.1204521733354047,0.049700154055814405,1.7024556268523188,1.0,0.0,sieve2_sieve2,0.0707520192795903,0.0,0.9999999999858661,0.0,1.0,kernel_sieve1,0.13254792041714958,0.061795901137559284,1.87341537054211,1.0,0.0,sieve1_sieve1,0.1204521733354047,0.049700154055814405,1.7024556268523188,1.0,0.0,sieve1_sieve1,0.1204521733354047,0.049700154055814405,1.7024556268523188,1.0,0.0,sieve1_kernel,0.1210530231609599,0.0503010038813696,1.7109479615116636,1.0,0.0,sieve1_sieve1,0.1204521733354047,0.049700154055814405,1.7024556268523188,1.0,0.0,kernel_kernel,0.3706917816635589,0.2999397623839686,5.2393102759860355,1.0,0.0,kernel_kernel,0.3706917816635589,0.2999397623839686,5.2393102759860355,1.0,0.0,sieve2_sieve2,0.0707520192795903,0.0,0.9999999999858661,0.0,1.0,sieve1_sieve1,0.1204521733354047,0.049700154055814405,1.7024556268523188,1.0,0.0,sieve1_sieve1,0.1204521733354047,0.049700154055814405,1.7024556268523188,1.0,0.0,sieve1_kernel,0.1210530231609599,0.0503010038813696,1.7109479615116636,1.0,0.0,0.0,0.8857142857142858,0.7333333333333333,1.0,0.7944613465542746,0.6445033866354897,1.0,0.6179143806533246,0.5012804118276031,0.0,0.8857142857142858,0.7333333333333333,1.0,0.9276336570439174,0.8280786712108251,1.0,0.14285714285714288,0.06666666666666665,0.0,0.6571428571428573,0.6,0.0,0.8285714285714287,0.7333333333333333,0.0,,,,,,,,,,,,
R,core_N_n1500_low,220000,700840000,220000,800840000,6122aeb,dhai.bme.e.uh.edu,8.6,ok,0,62,2026-08-13T01:03:36Z,2026-08-13T01:03:44Z,[],220000,1500,1.0,,,,,,,,,,,,,,,,,,,,,,bridge_complexity,2.0,,,"{""c_U"": 1.0, ""candidate_names"": null, ""family"": ""N"", ""n"": 1500, ""p"": 10, ""proxy_noise"": ""low"", ""regime_id"": ""core_N_n1500_low""}",,ate_err,sieve1_sieve1,0.0002320125784790461,sieve1_kernel,"[""kernel_sieve1"", ""sieve1_kernel"", ""sieve1_sieve1"", ""sieve2_sieve2"", ""sieve3_sieve3""]",5.0,True,False,EXPLORATORY_POSTHOC_FROM_ROUND1,sieve1_sieve1,0.0002320125784790461,0.0,0.9999999956898888,0.0,1.0,sieve1_kernel,0.005048297572541105,0.004816284994062059,21.758723530751638,1.0,0.0,kernel_sieve1,0.02685232272683391,0.026620310148354864,115.73649492250502,1.0,0.0,sieve1_sieve1,0.0002320125784790461,0.0,0.9999999956898888,0.0,1.0,sieve1_sieve1,0.0002320125784790461,0.0,0.9999999956898888,0.0,1.0,sieve1_kernel,0.005048297572541105,0.004816284994062059,21.758723530751638,1.0,0.0,sieve1_sieve1,0.0002320125784790461,0.0,0.9999999956898888,0.0,1.0,kernel_kernel,0.07162166050343965,0.07138964792496061,308.69731574148574,1.0,0.0,kernel_kernel,0.07162166050343965,0.07138964792496061,308.69731574148574,1.0,0.0,sieve1_sieve1,0.0002320125784790461,0.0,0.9999999956898888,0.0,1.0,sieve1_sieve1,0.0002320125784790461,0.0,0.9999999956898888,0.0,1.0,sieve1_sieve1,0.0002320125784790461,0.0,0.9999999956898888,0.0,1.0,sieve1_kernel,0.005048297572541105,0.004816284994062059,21.758723530751638,1.0,0.0,1.0,0.942857142857143,0.8666666666666666,1.0,0.7944613465542746,0.6445033866354897,1.0,0.6179143806533246,0.5012804118276031,1.0,0.8857142857142858,0.7333333333333333,1.0,0.9276336570439174,0.8280786712108251,1.0,0.48571428571428577,0.3333333333333333,0.0,0.8285714285714287,0.7333333333333333,1.0,0.8285714285714287,0.7333333333333333,1.0,,,,,,,,,,,,
R,core_N_n1500_high,220000,700850000,220000,800850000,6122aeb,dhai.bme.e.uh.edu,8.2,ok,0,63,2026-08-13T01:03:41Z,2026-08-13T01:03:49Z,[],220000,1500,1.0,,,,,,,,,,,,,,,,,,,,,,bridge_complexity,2.0,,,"{""c_U"": 1.0, ""candidate_names"": null, ""family"": ""N"", ""n"": 1500, ""p"": 10, ""proxy_noise"": ""high"", ""regime_id"": ""core_N_n1500_high""}",,ate_err,kernel_sieve1,0.03887584660160137,sieve1_kernel,"[""kernel_sieve1"", ""sieve1_kernel"", ""sieve1_sieve1"", ""sieve2_sieve2"", ""sieve3_sieve3""]",5.0,True,False,EXPLORATORY_POSTHOC_FROM_ROUND1,sieve1_sieve1,0.054834697636990004,0.015958851035388633,1.4105081285437717,0.0,0.0,sieve1_kernel,0.04041510986819141,0.0015392632665900408,1.0395943342745633,0.0,0.0,kernel_sieve1,0.03887584660160137,0.0,0.9999999999742771,0.0,1.0,sieve1_sieve1,0.054834697636990004,0.015958851035388633,1.4105081285437717,0.0,0.0,sieve1_sieve1,0.054834697636990004,0.015958851035388633,1.4105081285437717,0.0,0.0,sieve1_kernel,0.04041510986819141,0.0015392632665900408,1.0395943342745633,0.0,0.0,sieve1_sieve1,0.054834697636990004,0.015958851035388633,1.4105081285437717,0.0,0.0,kernel_kernel,0.07077408192553214,0.03189823532393077,1.8205155156877357,1.0,0.0,kernel_kernel,0.07077408192553214,0.03189823532393077,1.8205155156877357,1.0,0.0,kernel_sieve1,0.03887584660160137,0.0,0.9999999999742771,0.0,1.0,sieve1_sieve1,0.054834697636990004,0.015958851035388633,1.4105081285437717,0.0,0.0,sieve1_sieve1,0.054834697636990004,0.015958851035388633,1.4105081285437717,0.0,0.0,sieve1_kernel,0.04041510986819141,0.0015392632665900408,1.0395943342745633,0.0,0.0,0.0,0.3714285714285715,0.2,0.0,0.029424494316824982,0.07161148740394328,0.0,0.7944613465542746,0.6445033866354897,1.0,0.5428571428571429,0.2,0.0,-0.05797710356524484,-0.13801311186847084,0.0,0.6,0.4666666666666666,0.0,0.7714285714285715,0.6,0.0,0.7714285714285715,0.6,0.0,,,,,,,,,,,,
R,core_N_n6000_low,220000,700860000,220000,800860000,6122aeb,dhai.bme.e.uh.edu,16.9,ok,0,64,2026-08-13T01:03:42Z,2026-08-13T01:03:59Z,[],220000,6000,1.0,,,,,,,,,,,,,,,,,,,,,,bridge_complexity,2.0,,,"{""c_U"": 1.0, ""candidate_names"": null, ""family"": ""N"", ""n"": 6000, ""p"": 10, ""proxy_noise"": ""low"", ""regime_id"": ""core_N_n6000_low""}",,ate_err,sieve1_kernel,0.008225625654152191,sieve1_kernel,"[""kernel_sieve1"", ""sieve1_kernel"", ""sieve1_sieve1"", ""sieve2_sieve2""]",4.0,True,False,EXPLORATORY_POSTHOC_FROM_ROUND1,sieve1_sieve1,0.009689263854709473,0.0014636382005572823,1.1779363979006898,0.0,0.0,sieve1_kernel,0.008225625654152191,0.0,0.9999999998784287,0.0,1.0,kernel_sieve1,0.0109144392620949,0.0026888136079427083,1.326882564277472,0.0,0.0,sieve1_sieve1,0.009689263854709473,0.0014636382005572823,1.1779363979006898,0.0,0.0,sieve1_sieve1,0.009689263854709473,0.0014636382005572823,1.1779363979006898,0.0,0.0,sieve1_kernel,0.008225625654152191,0.0,0.9999999998784287,0.0,1.0,sieve1_sieve1,0.009689263854709473,0.0014636382005572823,1.1779363979006898,0.0,0.0,kernel_kernel,0.02870254208754819,0.020476916433395997,3.48940534019684,1.0,0.0,kernel_kernel,0.02870254208754819,0.020476916433395997,3.48940534019684,1.0,0.0,sieve1_kernel,0.008225625654152191,0.0,0.9999999998784287,0.0,1.0,sieve1_sieve1,0.009689263854709473,0.0014636382005572823,1.1779363979006898,0.0,0.0,sieve1_sieve1,0.009689263854709473,0.0014636382005572823,1.1779363979006898,0.0,0.0,sieve1_kernel,0.008225625654152191,0.0,0.9999999998784287,0.0,1.0,1.0,0.4285714285714286,0.3333333333333333,0.0,0.5002164033860248,0.3580574370197165,1.0,0.44136741475237473,0.3580574370197165,0.0,0.4285714285714286,0.3333333333333333,0.0,0.5217939320872036,0.41403933560541256,0.0,0.942857142857143,0.8666666666666666,1.0,0.8857142857142858,0.7333333333333333,1.0,0.8857142857142858,0.7333333333333333,1.0,,,,,,,,,,,,
R,core_N_n6000_high,220000,700870000,220000,800870000,6122aeb,dhai.bme.e.uh.edu,16.6,ok,0,65,2026-08-13T01:03:42Z,2026-08-13T01:03:58Z,[],220000,6000,1.0,,,,,,,,,,,,,,,,,,,,,,bridge_complexity,2.0,,,"{""c_U"": 1.0, ""candidate_names"": null, ""family"": ""N"", ""n"": 6000, ""p"": 10, ""proxy_noise"": ""high"", ""regime_id"": ""core_N_n6000_high""}",,ate_err,sieve1_kernel,0.01623446114898308,kernel_sieve1,"[""kernel_sieve1"", ""sieve1_sieve1"", ""sieve2_sieve2"", ""sieve3_sieve3""]",4.0,False,False,EXPLORATORY_POSTHOC_FROM_ROUND1,sieve1_sieve1,0.09784912498172571,0.08161466383274263,6.0272480914358955,1.0,0.0,sieve1_kernel,0.01623446114898308,0.0,0.9999999999384027,0.0,1.0,kernel_sieve1,0.02701012683113535,0.010775665682152269,1.6637525928086316,1.0,0.0,sieve1_sieve1,0.09784912498172571,0.08161466383274263,6.0272480914358955,1.0,0.0,sieve1_sieve1,0.09784912498172571,0.08161466383274263,6.0272480914358955,1.0,0.0,kernel_kernel,0.033445050115398,0.01721058896641492,2.0601268995880937,1.0,0.0,sieve1_sieve1,0.09784912498172571,0.08161466383274263,6.0272480914358955,1.0,0.0,kernel_kernel,0.033445050115398,0.01721058896641492,2.0601268995880937,1.0,0.0,kernel_kernel,0.033445050115398,0.01721058896641492,2.0601268995880937,1.0,0.0,sieve1_kernel,0.01623446114898308,0.0,0.9999999999384027,0.0,1.0,sieve1_sieve1,0.09784912498172571,0.08161466383274263,6.0272480914358955,1.0,0.0,sieve1_sieve1,0.09784912498172571,0.08161466383274263,6.0272480914358955,1.0,0.0,kernel_sieve1,0.02701012683113535,0.010775665682152269,1.6637525928086316,1.0,0.0,0.0,-0.08571428571428573,-0.06666666666666665,0.0,-0.26482044885142486,-0.3580574370197165,1.0,-0.08827348295047496,-0.07161148740394328,0.0,-0.3142857142857143,-0.2,0.0,-0.23190841426097936,-0.13801311186847084,0.0,0.6,0.3333333333333333,0.0,0.08571428571428573,0.2,0.0,0.028571428571428574,0.06666666666666665,0.0,,,,,,,,,,,,
R,core_M_n1500_low,220000,700880000,220000,800880000,6122aeb,dhai.bme.e.uh.edu,8.3,ok,0,66,2026-08-13T01:03:42Z,2026-08-13T01:03:50Z,[],220000,1500,1.0,,,,,,,,,,,,,,,,,,,,,,bridge_complexity,2.0,,,"{""c_U"": 1.0, ""candidate_names"": null, ""family"": ""M"", ""n"": 1500, ""p"": 10, ""proxy_noise"": ""low"", ""regime_id"": ""core_M_n1500_low""}",,ate_err,sieve1_kernel,0.01064527793805381,sieve1_kernel,"[""kernel_sieve1"", ""sieve1_kernel"", ""sieve1_sieve1"", ""sieve2_sieve2"", ""sieve3_sieve3""]",5.0,True,False,EXPLORATORY_POSTHOC_FROM_ROUND1,sieve1_sieve1,0.063878143942949,0.053232866004895185,6.000608373840797,1.0,0.0,sieve1_kernel,0.01064527793805381,0.0,0.9999999999060616,0.0,1.0,kernel_sieve1,0.016623526172872993,0.0059782482348191834,1.561586862085308,1.0,0.0,sieve1_sieve1,0.063878143942949,0.053232866004895185,6.000608373840797,1.0,0.0,sieve1_sieve1,0.063878143942949,0.053232866004895185,6.000608373840797,1.0,0.0,sieve1_kernel,0.01064527793805381,0.0,0.9999999999060616,0.0,1.0,sieve1_sieve1,0.063878143942949,0.053232866004895185,6.000608373840797,1.0,0.0,kernel_kernel,0.01791291386615157,0.00726763592809776,1.682709833290058,1.0,0.0,kernel_kernel,0.01791291386615157,0.00726763592809776,1.682709833290058,1.0,0.0,sieve1_kernel,0.01064527793805381,0.0,0.9999999999060616,0.0,1.0,sieve1_sieve1,0.063878143942949,0.053232866004895185,6.000608373840797,1.0,0.0,sieve1_sieve1,0.063878143942949,0.053232866004895185,6.000608373840797,1.0,0.0,sieve1_kernel,0.01064527793805381,0.0,0.9999999999060616,0.0,1.0,1.0,0.08571428571428573,0.06666666666666665,1.0,0.029424494316824982,0.07161148740394328,1.0,0.08827348295047496,0.07161148740394328,0.0,0.08571428571428573,0.06666666666666665,1.0,-0.11595420713048968,0.0,0.0,0.7142857142857143,0.4666666666666666,1.0,0.6,0.4666666666666666,1.0,0.6,0.4666666666666666,1.0,,,,,,,,,,,,
R,core_M_n1500_high,220000,700890000,220000,800890000,6122aeb,dhai.bme.e.uh.edu,8.1,ok,0,67,2026-08-13T01:03:46Z,2026-08-13T01:03:54Z,[],220000,1500,1.0,,,,,,,,,,,,,,,,,,,,,,bridge_complexity,2.0,,,"{""c_U"": 1.0, ""candidate_names"": null, ""family"": ""M"", ""n"": 1500, ""p"": 10, ""proxy_noise"": ""high"", ""regime_id"": ""core_M_n1500_high""}",,ate_err,kernel_kernel,0.016806519908360795,sieve1_kernel,"[""kernel_sieve1"", ""sieve1_kernel"", ""sieve1_sieve1"", ""sieve3_sieve3""]",4.0,False,False,EXPLORATORY_POSTHOC_FROM_ROUND1,sieve1_sieve1,0.11089192932909009,0.0940854094207293,6.598149404346713,1.0,0.0,sieve1_kernel,0.04628033789905417,0.029473817990693374,2.7537133296273444,1.0,0.0,kernel_sieve1,0.045236842754366235,0.02843032284600544,2.6916246193937208,1.0,0.0,sieve1_sieve1,0.11089192932909009,0.0940854094207293,6.598149404346713,1.0,0.0,sieve1_sieve1,0.11089192932909009,0.0940854094207293,6.598149404346713,1.0,0.0,sieve1_kernel,0.04628033789905417,0.029473817990693374,2.7537133296273444,1.0,0.0,sieve1_sieve1,0.11089192932909009,0.0940854094207293,6.598149404346713,1.0,0.0,kernel_kernel,0.016806519908360795,0.0,0.9999999999404994,0.0,1.0,kernel_kernel,0.016806519908360795,0.0,0.9999999999404994,0.0,1.0,kernel_kernel,0.016806519908360795,0.0,0.9999999999404994,0.0,1.0,sieve1_sieve1,0.11089192932909009,0.0940854094207293,6.598149404346713,1.0,0.0,sieve1_sieve1,0.11089192932909009,0.0940854094207293,6.598149404346713,1.0,0.0,sieve1_kernel,0.04628033789905417,0.029473817990693374,2.7537133296273444,1.0,0.0,0.0,-0.48571428571428577,-0.3333333333333333,0.0,-0.44136741475237473,-0.21483446221182986,0.0,0.5590653920196746,0.3580574370197165,0.0,-0.14285714285714288,-0.2,0.0,-0.5217939320872036,-0.41403933560541256,0.0,0.7142857142857143,0.6,1.0,0.4285714285714286,0.2,0.0,0.4285714285714286,0.2,0.0,,,,,,,,,,,,
R,core_M_n6000_low,220000,700900000,220000,800900000,6122aeb,dhai.bme.e.uh.edu,15.9,ok,0,68,2026-08-13T01:03:47Z,2026-08-13T01:04:03Z,[],220000,6000,1.0,,,,,,,,,,,,,,,,,,,,,,bridge_complexity,2.0,,,"{""c_U"": 1.0, ""candidate_names"": null, ""family"": ""M"", ""n"": 6000, ""p"": 10, ""proxy_noise"": ""low"", ""regime_id"": ""core_M_n6000_low""}",,ate_err,kernel_sieve1,0.0011290901873002301,kernel_sieve1,"[""kernel_sieve1"", ""sieve1_kernel"", ""sieve1_sieve1""]",3.0,True,False,EXPLORATORY_POSTHOC_FROM_ROUND1,sieve1_sieve1,0.008575690670917235,0.007446600483617005,7.595222029010246,1.0,0.0,sieve1_kernel,0.001767665696698284,0.0006385755093980539,1.5655664312869344,1.0,0.0,kernel_sieve1,0.0011290901873002301,0.0,0.9999999991143311,0.0,1.0,sieve1_sieve1,0.008575690670917235,0.007446600483617005,7.595222029010246,1.0,0.0,sieve1_sieve1,0.008575690670917235,0.007446600483617005,7.595222029010246,1.0,0.0,kernel_kernel,0.05226613376434708,0.05113704357704685,46.290486186077175,1.0,0.0,sieve1_sieve1,0.008575690670917235,0.007446600483617005,7.595222029010246,1.0,0.0,kernel_kernel,0.05226613376434708,0.05113704357704685,46.290486186077175,1.0,0.0,kernel_kernel,0.05226613376434708,0.05113704357704685,46.290486186077175,1.0,0.0,kernel_sieve1,0.0011290901873002301,0.0,0.9999999991143311,0.0,1.0,sieve1_sieve1,0.008575690670917235,0.007446600483617005,7.595222029010246,1.0,0.0,sieve1_sieve1,0.008575690670917235,0.007446600483617005,7.595222029010246,1.0,0.0,kernel_sieve1,0.0011290901873002301,0.0,0.9999999991143311,0.0,1.0,1.0,-0.08571428571428573,-0.06666666666666665,0.0,-0.029424494316824982,-0.07161148740394328,0.0,0.6179143806533246,0.5012804118276031,1.0,0.2,0.06666666666666665,0.0,-0.17393131069573453,-0.13801311186847084,0.0,0.6571428571428573,0.6,1.0,0.8285714285714287,0.7333333333333333,1.0,0.7714285714285715,0.6,1.0,,,,,,,,,,,,
R,core_M_n6000_high,220000,700910000,220000,800910000,6122aeb,dhai.bme.e.uh.edu,14.9,ok,0,69,2026-08-13T01:03:51Z,2026-08-13T01:04:06Z,[],220000,6000,1.0,,,,,,,,,,,,,,,,,,,,,,bridge_complexity,2.0,,,"{""c_U"": 1.0, ""candidate_names"": null, ""family"": ""M"", ""n"": 6000, ""p"": 10, ""proxy_noise"": ""high"", ""regime_id"": ""core_M_n6000_high""}",,ate_err,kernel_sieve1,0.027383797449894942,kernel_sieve1,"[""kernel_sieve1"", ""sieve1_kernel"", ""sieve1_sieve1"", ""sieve3_sieve3""]",4.0,True,False,EXPLORATORY_POSTHOC_FROM_ROUND1,sieve1_sieve1,0.12332291343594082,0.09593911598604588,4.503499328648096,1.0,0.0,sieve1_kernel,0.08629271118061888,0.05890891373072393,3.1512324517941797,1.0,0.0,kernel_sieve1,0.027383797449894942,0.0,0.9999999999634821,0.0,1.0,sieve1_sieve1,0.12332291343594082,0.09593911598604588,4.503499328648096,1.0,0.0,sieve1_sieve1,0.12332291343594082,0.09593911598604588,4.503499328648096,1.0,0.0,kernel_kernel,0.060659843147971015,0.03327604569807607,2.2151727954001705,1.0,0.0,sieve1_sieve1,0.12332291343594082,0.09593911598604588,4.503499328648096,1.0,0.0,kernel_kernel,0.060659843147971015,0.03327604569807607,2.2151727954001705,1.0,0.0,kernel_kernel,0.060659843147971015,0.03327604569807607,2.2151727954001705,1.0,0.0,kernel_sieve1,0.027383797449894942,0.0,0.9999999999634821,0.0,1.0,kernel_sieve1,0.027383797449894942,0.0,0.9999999999634821,0.0,1.0,kernel_sieve1,0.027383797449894942,0.0,0.9999999999634821,0.0,1.0,kernel_sieve1,0.027383797449894942,0.0,0.9999999999634821,0.0,1.0,1.0,-0.028571428571428574,-0.06666666666666665,0.0,-0.7061878636037997,-0.5012804118276031,0.0,0.5296408977028497,0.5012804118276031,1.0,-0.028571428571428574,-0.06666666666666665,0.0,0.08696565534786727,0.0,0.0,0.8285714285714287,0.7333333333333333,1.0,0.942857142857143,0.8666666666666666,1.0,0.6571428571428573,0.6,1.0,,,,,,,,,,,,
R,stress_L_n3000_low_p40,220000,700920000,220000,800920000,6122aeb,dhai.bme.e.uh.edu,8.7,ok,0,70,2026-08-13T01:03:51Z,2026-08-13T01:04:00Z,[],220000,3000,1.0,,,,,,,,,,,,,,,,,,,,,,bridge_complexity,2.0,,,"{""c_U"": 1.0, ""candidate_names"": [""kernel_kernel"", ""kernel_sieve1"", ""sieve1_kernel"", ""sieve1_sieve1""], ""family"": ""L"", ""n"": 3000, ""p"": 40, ""proxy_noise"": ""low"", ""regime_id"": ""stress_L_n3000_low_p40""}",,ate_err,kernel_kernel,0.013331792094360861,kernel_sieve1,"[""kernel_sieve1"", ""sieve1_kernel"", ""sieve1_sieve1""]",3.0,False,False,EXPLORATORY_POSTHOC_FROM_ROUND1,sieve1_sieve1,0.01577807051106006,0.002446278416699199,1.183492091550876,0.0,0.0,sieve1_kernel,0.0441717973352076,0.030840005240846735,3.3132677902004115,1.0,0.0,kernel_sieve1,0.014592707955211504,0.0012609158608506421,1.0945796222166868,0.0,0.0,sieve1_sieve1,0.01577807051106006,0.002446278416699199,1.183492091550876,0.0,0.0,sieve1_sieve1,0.01577807051106006,0.002446278416699199,1.183492091550876,0.0,0.0,kernel_kernel,0.013331792094360861,0.0,0.9999999999249913,0.0,1.0,sieve1_sieve1,0.01577807051106006,0.002446278416699199,1.183492091550876,0.0,0.0,kernel_kernel,0.013331792094360861,0.0,0.9999999999249913,0.0,1.0,kernel_kernel,0.013331792094360861,0.0,0.9999999999249913,0.0,1.0,kernel_kernel,0.013331792094360861,0.0,0.9999999999249913,0.0,1.0,sieve1_sieve1,0.01577807051106006,0.002446278416699199,1.183492091550876,0.0,0.0,kernel_sieve1,0.014592707955211504,0.0012609158608506421,1.0945796222166868,0.0,0.0,kernel_sieve1,0.014592707955211504,0.0012609158608506421,1.0945796222166868,0.0,0.0,0.0,-0.7999999999999999,-0.6666666666666669,0.0,-0.8944271909999159,-0.8164965809277261,0.0,0.0,0.0,0.0,-0.7999999999999999,-0.6666666666666669,0.0,-0.7378647873726218,-0.5477225575051662,0.0,0.7999999999999999,0.6666666666666669,1.0,-0.7999999999999999,-0.6666666666666669,0.0,0.39999999999999997,0.3333333333333334,0.0,,,,,,,,,,,,
R,stress_Q_n3000_low_p40,220000,700930000,220000,800930000,6122aeb,dhai.bme.e.uh.edu,8.1,ok,0,71,2026-08-13T01:03:51Z,2026-08-13T01:03:59Z,[],220000,3000,1.0,,,,,,,,,,,,,,,,,,,,,,bridge_complexity,2.0,,,"{""c_U"": 1.0, ""candidate_names"": [""kernel_kernel"", ""kernel_sieve1"", ""sieve1_kernel"", ""sieve1_sieve1""], ""family"": ""Q"", ""n"": 3000, ""p"": 40, ""proxy_noise"": ""low"", ""regime_id"": ""stress_Q_n3000_low_p40""}",,ate_err,sieve1_kernel,0.10541696314367122,sieve1_kernel,"[""kernel_sieve1"", ""sieve1_kernel"", ""sieve1_sieve1""]",3.0,True,False,EXPLORATORY_POSTHOC_FROM_ROUND1,sieve1_sieve1,0.12581204348934882,0.020395080345677608,1.1934705737698779,0.0,0.0,sieve1_kernel,0.10541696314367122,0.0,0.9999999999905138,0.0,1.0,kernel_sieve1,0.1391858090265652,0.03376884588289397,1.3203359770054328,0.0,0.0,sieve1_sieve1,0.12581204348934882,0.020395080345677608,1.1934705737698779,0.0,0.0,sieve1_sieve1,0.12581204348934882,0.020395080345677608,1.1934705737698779,0.0,0.0,sieve1_kernel,0.10541696314367122,0.0,0.9999999999905138,0.0,1.0,sieve1_sieve1,0.12581204348934882,0.020395080345677608,1.1934705737698779,0.0,0.0,kernel_kernel,0.2584398638325309,0.1530229006888597,2.4515965564086253,1.0,0.0,kernel_kernel,0.2584398638325309,0.1530229006888597,2.4515965564086253,1.0,0.0,sieve1_kernel,0.10541696314367122,0.0,0.9999999999905138,0.0,1.0,sieve1_sieve1,0.12581204348934882,0.020395080345677608,1.1934705737698779,0.0,0.0,sieve1_kernel,0.10541696314367122,0.0,0.9999999999905138,0.0,1.0,sieve1_kernel,0.10541696314367122,0.0,0.9999999999905138,0.0,1.0,1.0,0.7999999999999999,0.6666666666666669,1.0,0.8944271909999159,0.8164965809277261,1.0,0.0,0.0,0.0,0.7999999999999999,0.6666666666666669,1.0,0.7378647873726218,0.5477225575051662,1.0,0.7999999999999999,0.6666666666666669,1.0,0.7999999999999999,0.6666666666666669,1.0,0.7999999999999999,0.6666666666666669,1.0,,,,,,,,,,,,
R,stress_N_n3000_low_p40,220000,700940000,220000,800940000,6122aeb,dhai.bme.e.uh.edu,8.9,ok,0,72,2026-08-13T01:03:51Z,2026-08-13T01:04:00Z,[],220000,3000,1.0,,,,,,,,,,,,,,,,,,,,,,bridge_complexity,2.0,,,"{""c_U"": 1.0, ""candidate_names"": [""kernel_kernel"", ""kernel_sieve1"", ""sieve1_kernel"", ""sieve1_sieve1""], ""family"": ""N"", ""n"": 3000, ""p"": 40, ""proxy_noise"": ""low"", ""regime_id"": ""stress_N_n3000_low_p40""}",,ate_err,kernel_sieve1,0.011651713725889912,sieve1_kernel,"[""kernel_sieve1"", ""sieve1_kernel"", ""sieve1_sieve1""]",3.0,True,False,EXPLORATORY_POSTHOC_FROM_ROUND1,sieve1_sieve1,0.028013912158172838,0.016362198432282926,2.404273981905522,1.0,0.0,sieve1_kernel,0.03332545758243033,0.021673743856540417,2.860133570353826,1.0,0.0,kernel_sieve1,0.011651713725889912,0.0,0.9999999999141757,0.0,1.0,sieve1_sieve1,0.028013912158172838,0.016362198432282926,2.404273981905522,1.0,0.0,sieve1_sieve1,0.028013912158172838,0.016362198432282926,2.404273981905522,1.0,0.0,sieve1_kernel,0.03332545758243033,0.021673743856540417,2.860133570353826,1.0,0.0,sieve1_sieve1,0.028013912158172838,0.016362198432282926,2.404273981905522,1.0,0.0,kernel_kernel,0.041207741061914493,0.029556027336024582,3.536624914394778,1.0,0.0,kernel_kernel,0.041207741061914493,0.029556027336024582,3.536624914394778,1.0,0.0,kernel_sieve1,0.011651713725889912,0.0,0.9999999999141757,0.0,1.0,sieve1_sieve1,0.028013912158172838,0.016362198432282926,2.404273981905522,1.0,0.0,sieve1_kernel,0.03332545758243033,0.021673743856540417,2.860133570353826,1.0,0.0,sieve1_kernel,0.03332545758243033,0.021673743856540417,2.860133570353826,1.0,0.0,0.0,0.39999999999999997,0.3333333333333334,0.0,0.0,0.0,0.0,0.8944271909999159,0.8164965809277261,1.0,0.39999999999999997,0.3333333333333334,0.0,0.10540925533894598,0.18257418583505539,0.0,-0.39999999999999997,-0.3333333333333334,0.0,0.39999999999999997,0.3333333333333334,0.0,0.19999999999999998,0.0,0.0,,,,,,,,,,,,
R,stress_M_n3000_low_p40,220000,700950000,220000,800950000,6122aeb,dhai.bme.e.uh.edu,9.2,ok,0,73,2026-08-13T01:03:52Z,2026-08-13T01:04:01Z,[],220000,3000,1.0,,,,,,,,,,,,,,,,,,,,,,bridge_complexity,2.0,,,"{""c_U"": 1.0, ""candidate_names"": [""kernel_kernel"", ""kernel_sieve1"", ""sieve1_kernel"", ""sieve1_sieve1""], ""family"": ""M"", ""n"": 3000, ""p"": 40, ""proxy_noise"": ""low"", ""regime_id"": ""stress_M_n3000_low_p40""}",,ate_err,kernel_sieve1,0.0020022588152346366,kernel_sieve1,"[""kernel_sieve1"", ""sieve1_kernel"", ""sieve1_sieve1""]",3.0,True,False,EXPLORATORY_POSTHOC_FROM_ROUND1,sieve1_sieve1,0.2610319493823834,0.25902969056714875,130.368735183431,1.0,0.0,sieve1_kernel,0.08508145124202104,0.08307919242678641,42.49273398232384,1.0,0.0,kernel_sieve1,0.0020022588152346366,0.0,0.9999999995005641,0.0,1.0,sieve1_sieve1,0.2610319493823834,0.25902969056714875,130.368735183431,1.0,0.0,sieve1_sieve1,0.2610319493823834,0.25902969056714875,130.368735183431,1.0,0.0,kernel_kernel,0.029897795485218204,0.027895536669983567,14.932033382898389,1.0,0.0,sieve1_sieve1,0.2610319493823834,0.25902969056714875,130.368735183431,1.0,0.0,kernel_kernel,0.029897795485218204,0.027895536669983567,14.932033382898389,1.0,0.0,kernel_kernel,0.029897795485218204,0.027895536669983567,14.932033382898389,1.0,0.0,kernel_sieve1,0.0020022588152346366,0.0,0.9999999995005641,0.0,1.0,sieve1_sieve1,0.2610319493823834,0.25902969056714875,130.368735183431,1.0,0.0,kernel_sieve1,0.0020022588152346366,0.0,0.9999999995005641,0.0,1.0,kernel_sieve1,0.0020022588152346366,0.0,0.9999999995005641,0.0,1.0,1.0,-0.7999999999999999,-0.6666666666666669,0.0,-0.8944271909999159,-0.8164965809277261,0.0,0.0,0.0,1.0,-0.7999999999999999,-0.6666666666666669,0.0,-0.9486832980505139,-0.912870929175277,0.0,0.7999999999999999,0.6666666666666669,1.0,-0.39999999999999997,-0.3333333333333334,1.0,0.39999999999999997,0.3333333333333334,1.0,,,,,,,,,,,,
F2,S1_cU0.0_n4000,220000,700960000,220000,800960000,6122aeb,dhai.bme.e.uh.edu,20.3,ok,0,74,2026-08-13T01:03:52Z,2026-08-13T01:04:12Z,[],220000,4000,0.0,,,,,,,,,,,,,,,,,,,,,,S1,4.0,,,,,ate_err,sieve2_sieve2,0.04834241711846998,sieve1_kernel,"[""sieve1_kernel"", ""sieve1_sieve1"", ""sieve2_sieve2"", ""sieve3_sieve3""]",4.0,True,False,EXPLORATORY_POSTHOC_FROM_ROUND1,sieve1_sieve1,0.07977933065886406,0.031436913540394074,1.6502966837943402,1.0,0.0,sieve2_sieve2,0.04834241711846998,0.0,0.9999999999793142,0.0,1.0,kernel_sieve1,0.05861961399479548,0.0102771968763255,1.212591704918833,0.0,0.0,sieve1_sieve1,0.07977933065886406,0.031436913540394074,1.6502966837943402,1.0,0.0,sieve1_sieve1,0.07977933065886406,0.031436913540394074,1.6502966837943402,1.0,0.0,sieve1_kernel,0.08798738197138224,0.03964496485291226,1.820086524716721,1.0,0.0,sieve1_sieve1,0.07977933065886406,0.031436913540394074,1.6502966837943402,1.0,0.0,kernel_kernel,0.11277120629248183,0.06442878917401185,2.3327589519114684,1.0,0.0,kernel_kernel,0.11277120629248183,0.06442878917401185,2.3327589519114684,1.0,0.0,sieve2_sieve2,0.04834241711846998,0.0,0.9999999999793142,0.0,1.0,sieve1_sieve1,0.07977933065886406,0.031436913540394074,1.6502966837943402,1.0,0.0,sieve1_sieve1,0.07977933065886406,0.031436913540394074,1.6502966837943402,1.0,0.0,sieve1_kernel,0.08798738197138224,0.03964496485291226,1.820086524716721,1.0,0.0,0.0,0.6571428571428573,0.4666666666666666,1.0,0.44136741475237473,0.3580574370197165,1.0,0.6179143806533246,0.3580574370197165,0.0,0.4285714285714286,0.3333333333333333,1.0,0.23190841426097936,0.13801311186847084,1.0,-0.028571428571428574,-0.06666666666666665,0.0,0.5428571428571429,0.4666666666666666,0.0,0.7142857142857143,0.6,1.0,"{""ate"": [1.1331900748957942, 0.049875593694371986, -0.23725751205309173], ""ate_err"": 0.14824458601910562, ""pehe"": 0.572222997538829}",,,,,,,,,,,
F2,S1_cU0.5_n4000,220000,700970000,220000,800970000,6122aeb,dhai.bme.e.uh.edu,20.7,ok,0,75,2026-08-13T01:03:54Z,2026-08-13T01:04:15Z,[],220000,4000,0.5,,,,,,,,,,,,,,,,,,,,,,S1,4.0,,,,,ate_err,sieve2_sieve2,0.06814356324202103,sieve1_kernel,"[""kernel_sieve1"", ""sieve1_kernel"", ""sieve1_sieve1"", ""sieve2_sieve2""]",4.0,True,False,EXPLORATORY_POSTHOC_FROM_ROUND1,sieve1_sieve1,0.09350545452713481,0.025361891285113777,1.3721832272501722,0.0,0.0,sieve1_kernel,0.10566363915186128,0.037520075909840245,1.5506033750397237,1.0,0.0,kernel_sieve1,0.08697689992153572,0.018833336679514687,1.27637733899164,0.0,0.0,sieve1_sieve1,0.09350545452713481,0.025361891285113777,1.3721832272501722,0.0,0.0,sieve1_sieve1,0.09350545452713481,0.025361891285113777,1.3721832272501722,0.0,0.0,sieve1_kernel,0.10566363915186128,0.037520075909840245,1.5506033750397237,1.0,0.0,sieve1_sieve1,0.09350545452713481,0.025361891285113777,1.3721832272501722,0.0,0.0,kernel_kernel,0.19819618768507807,0.13005262444305704,2.9085093037804484,1.0,0.0,kernel_kernel,0.19819618768507807,0.13005262444305704,2.9085093037804484,1.0,0.0,sieve2_sieve2,0.06814356324202103,0.0,0.9999999999853251,0.0,1.0,sieve1_sieve1,0.09350545452713481,0.025361891285113777,1.3721832272501722,0.0,0.0,sieve1_sieve1,0.09350545452713481,0.025361891285113777,1.3721832272501722,0.0,0.0,sieve1_kernel,0.10566363915186128,0.037520075909840245,1.5506033750397237,1.0,0.0,0.0,0.6571428571428573,0.4666666666666666,1.0,0.14712247158412492,0.07161148740394328,0.0,0.6179143806533246,0.3580574370197165,0.0,0.4285714285714286,0.3333333333333333,1.0,0.23190841426097936,0.13801311186847084,1.0,-0.028571428571428574,-0.06666666666666665,0.0,0.5428571428571429,0.4666666666666666,0.0,0.7142857142857143,0.6,1.0,"{""ate"": [0.5470421892529993, 0.12808089384055454, 0.06991829719542476], ""ate_err"": 0.1808931150298826, ""pehe"": 0.8907577281736422}",,,,,,,,,,,
F2,S1_cU1.0_n4000,220000,700980000,220000,800980000,6122aeb,dhai.bme.e.uh.edu,20.4,ok,0,76,2026-08-13T01:03:55Z,2026-08-13T01:04:15Z,[],220000,4000,1.0,,,,,,,,,,,,,,,,,,,,,,S1,4.0,,,,,ate_err,sieve1_sieve1,0.09329736499127378,sieve1_sieve1,"[""kernel_sieve1"", ""sieve1_sieve1"", ""sieve2_sieve2""]",3.0,True,False,EXPLORATORY_POSTHOC_FROM_ROUND1,sieve1_sieve1,0.09329736499127378,0.0,0.9999999999892816,0.0,1.0,sieve2_sieve2,0.14082579959611213,0.047528434604838354,1.509429549353021,1.0,0.0,kernel_sieve1,0.12228281620310122,0.02898545121182744,1.3106781334416873,0.0,0.0,sieve1_sieve1,0.09329736499127378,0.0,0.9999999999892816,0.0,1.0,sieve1_sieve1,0.09329736499127378,0.0,0.9999999999892816,0.0,1.0,sieve1_kernel,0.11495910678591566,0.02166174179464188,1.2321795668659639,0.0,0.0,sieve1_sieve1,0.09329736499127378,0.0,0.9999999999892816,0.0,1.0,kernel_kernel,0.27226842903839993,0.17897106404712615,2.9182863745503127,1.0,0.0,kernel_kernel,0.27226842903839993,0.17897106404712615,2.9182863745503127,1.0,0.0,sieve1_sieve1,0.09329736499127378,0.0,0.9999999999892816,0.0,1.0,sieve1_sieve1,0.09329736499127378,0.0,0.9999999999892816,0.0,1.0,sieve1_sieve1,0.09329736499127378,0.0,0.9999999999892816,0.0,1.0,sieve1_sieve1,0.09329736499127378,0.0,0.9999999999892816,0.0,1.0,1.0,0.48571428571428577,0.3333333333333333,1.0,0.35309393180189985,0.21483446221182986,1.0,0.41194292043554975,0.3580574370197165,1.0,0.3142857142857143,0.2,1.0,0.23190841426097936,0.13801311186847084,1.0,0.5428571428571429,0.4666666666666666,0.0,0.942857142857143,0.8666666666666666,1.0,0.8285714285714287,0.7333333333333333,1.0,"{""ate"": [0.35740568471065026, 0.2148933282946793, 0.31363815016460206], ""ate_err"": 0.3489880096486094, ""pehe"": 0.9206823236231895}",,,,,,,,,,,
F2,S1_cU2.0_n4000,220000,700990000,220000,800990000,6122aeb,dhai.bme.e.uh.edu,20.0,ok,0,77,2026-08-13T01:04:00Z,2026-08-13T01:04:20Z,[],220000,4000,2.0,,,,,,,,,,,,,,,,,,,,,,S1,4.0,,,,,ate_err,sieve1_sieve1,0.14507530716015757,sieve1_kernel,"[""sieve1_kernel"", ""sieve1_sieve1"", ""sieve2_sieve2""]",3.0,True,False,EXPLORATORY_POSTHOC_FROM_ROUND1,sieve1_sieve1,0.14507530716015757,0.0,0.999999999993107,0.0,1.0,sieve2_sieve2,0.31462739004506096,0.1695520828849034,2.1687177246197775,1.0,0.0,kernel_sieve1,0.2299818459173315,0.08490653875717394,1.5852583766157746,1.0,0.0,sieve1_sieve1,0.14507530716015757,0.0,0.999999999993107,0.0,1.0,sieve1_sieve1,0.14507530716015757,0.0,0.999999999993107,0.0,1.0,sieve1_kernel,0.14538316977625523,0.00030786261609766497,1.002122088321727,0.0,0.0,sieve1_sieve1,0.14507530716015757,0.0,0.999999999993107,0.0,1.0,kernel_kernel,0.3779669220011672,0.23289161484100965,2.6053153317214823,1.0,0.0,kernel_kernel,0.3779669220011672,0.23289161484100965,2.6053153317214823,1.0,0.0,sieve1_sieve1,0.14507530716015757,0.0,0.999999999993107,0.0,1.0,sieve1_sieve1,0.14507530716015757,0.0,0.999999999993107,0.0,1.0,sieve1_sieve1,0.14507530716015757,0.0,0.999999999993107,0.0,1.0,sieve1_kernel,0.14538316977625523,0.00030786261609766497,1.002122088321727,0.0,0.0,1.0,0.48571428571428577,0.3333333333333333,1.0,0.35309393180189985,0.21483446221182986,1.0,0.41194292043554975,0.3580574370197165,1.0,0.3142857142857143,0.2,1.0,0.23190841426097936,0.13801311186847084,1.0,0.48571428571428577,0.3333333333333333,0.0,0.942857142857143,0.8666666666666666,1.0,0.8285714285714287,0.7333333333333333,1.0,"{""ate"": [0.07297432378304468, 0.20743551261245238, 0.5251743080873715], ""ate_err"": 0.5118245773713254, ""pehe"": 0.8354479548539524}",,,,,,,,,,,
G2,S1_additive0.0_n4000,220000,701000000,220000,801000000,6122aeb,dhai.bme.e.uh.edu,18.5,ok,0,78,2026-08-13T01:04:00Z,2026-08-13T01:04:18Z,[],220000,4000,1.0,,,,,,,,,,,,,,,,,,,,,,S1,4.0,additive,0.0,,,ate_err,sieve1_sieve1,0.09329736499127378,sieve2_sieve2,"[""sieve2_sieve2""]",1.0,False,False,EXPLORATORY_POSTHOC_FROM_ROUND1,sieve1_sieve1,0.09329736499127378,0.0,0.9999999999892816,0.0,1.0,sieve2_sieve2,0.14082579959611213,0.047528434604838354,1.509429549353021,1.0,0.0,kernel_sieve1,0.12228281620310122,0.02898545121182744,1.3106781334416873,0.0,0.0,sieve2_sieve2,0.14082579959611213,0.047528434604838354,1.509429549353021,1.0,0.0,sieve1_sieve1,0.09329736499127378,0.0,0.9999999999892816,0.0,1.0,sieve1_kernel,0.11495910678591566,0.02166174179464188,1.2321795668659639,0.0,0.0,sieve1_sieve1,0.09329736499127378,0.0,0.9999999999892816,0.0,1.0,kernel_kernel,0.27226842903839993,0.17897106404712615,2.9182863745503127,1.0,0.0,kernel_kernel,0.27226842903839993,0.17897106404712615,2.9182863745503127,1.0,0.0,sieve1_sieve1,0.09329736499127378,0.0,0.9999999999892816,0.0,1.0,sieve1_sieve1,0.09329736499127378,0.0,0.9999999999892816,0.0,1.0,sieve1_sieve1,0.09329736499127378,0.0,0.9999999999892816,0.0,1.0,sieve2_sieve2,0.14082579959611213,0.047528434604838354,1.509429549353021,1.0,0.0,0.0,0.48571428571428577,0.3333333333333333,1.0,0.35309393180189985,0.21483446221182986,1.0,0.41194292043554975,0.3580574370197165,1.0,0.14285714285714288,0.06666666666666665,1.0,0.3188740696088466,0.2760262237369417,1.0,0.5428571428571429,0.4666666666666666,0.0,0.942857142857143,0.8666666666666666,1.0,0.8285714285714287,0.7333333333333333,1.0,,,,,,,,,,,,
G2,S1_additive0.1_n4000,220000,701010000,220000,801010000,6122aeb,dhai.bme.e.uh.edu,17.6,ok,0,79,2026-08-13T01:04:01Z,2026-08-13T01:04:18Z,[],220000,4000,1.0,,,,,,,,,,,,,,,,,,,,,,S1,4.0,additive,0.1,,,ate_err,sieve1_sieve1,0.09747314706808712,sieve1_kernel,"[""sieve1_kernel"", ""sieve1_sieve1"", ""sieve2_sieve2"", ""sieve3_sieve3""]",4.0,True,False,EXPLORATORY_POSTHOC_FROM_ROUND1,sieve1_sieve1,0.09747314706808712,0.0,0.9999999999897407,0.0,1.0,sieve2_sieve2,0.1440672438108624,0.04659409674277527,1.4780198253858599,0.0,0.0,kernel_sieve1,0.12637941360157476,0.028906266533487643,1.2965562044693133,0.0,0.0,sieve1_sieve1,0.09747314706808712,0.0,0.9999999999897407,0.0,1.0,sieve1_sieve1,0.09747314706808712,0.0,0.9999999999897407,0.0,1.0,sieve1_kernel,0.11716350751315056,0.01969036044506345,1.2020080507927715,0.0,0.0,sieve1_sieve1,0.09747314706808712,0.0,0.9999999999897407,0.0,1.0,kernel_kernel,0.272351879672857,0.17487873260476988,2.79412215427721,1.0,0.0,kernel_kernel,0.272351879672857,0.17487873260476988,2.79412215427721,1.0,0.0,sieve1_sieve1,0.09747314706808712,0.0,0.9999999999897407,0.0,1.0,sieve1_sieve1,0.09747314706808712,0.0,0.9999999999897407,0.0,1.0,sieve1_sieve1,0.09747314706808712,0.0,0.9999999999897407,0.0,1.0,sieve1_kernel,0.11716350751315056,0.01969036044506345,1.2020080507927715,0.0,0.0,1.0,0.48571428571428577,0.3333333333333333,1.0,0.35309393180189985,0.21483446221182986,1.0,0.41194292043554975,0.3580574370197165,1.0,0.3142857142857143,0.2,1.0,0.23190841426097936,0.13801311186847084,1.0,0.5428571428571429,0.4666666666666666,0.0,0.942857142857143,0.8666666666666666,1.0,0.8285714285714287,0.7333333333333333,1.0,,,,,,,,,,,,
G2,S1_additive0.2_n4000,220000,701020000,220000,801020000,6122aeb,dhai.bme.e.uh.edu,17.7,ok,0,80,2026-08-13T01:04:01Z,2026-08-13T01:04:19Z,[],220000,4000,1.0,,,,,,,,,,,,,,,,,,,,,,S1,4.0,additive,0.2,,,ate_err,sieve1_sieve1,0.10212351938790909,sieve1_kernel,"[""sieve1_kernel"", ""sieve1_sieve1"", ""sieve2_sieve2""]",3.0,True,False,EXPLORATORY_POSTHOC_FROM_ROUND1,sieve1_sieve1,0.10212351938790909,0.0,0.9999999999902078,0.0,1.0,sieve2_sieve2,0.13704636796385117,0.03492284857594208,1.3419667553949848,0.0,0.0,kernel_sieve1,0.13115316066626478,0.029029641278355695,1.2842600945508384,0.0,0.0,sieve1_sieve1,0.10212351938790909,0.0,0.9999999999902078,0.0,1.0,sieve1_sieve1,0.10212351938790909,0.0,0.9999999999902078,0.0,1.0,sieve1_kernel,0.11929102276220316,0.01716750337429407,1.168105285403614,0.0,0.0,sieve1_sieve1,0.10212351938790909,0.0,0.9999999999902078,0.0,1.0,kernel_kernel,0.27242009611437445,0.17029657672646537,2.6675549153073943,1.0,0.0,kernel_kernel,0.27242009611437445,0.17029657672646537,2.6675549153073943,1.0,0.0,sieve1_sieve1,0.10212351938790909,0.0,0.9999999999902078,0.0,1.0,sieve1_sieve1,0.10212351938790909,0.0,0.9999999999902078,0.0,1.0,sieve1_sieve1,0.10212351938790909,0.0,0.9999999999902078,0.0,1.0,sieve1_kernel,0.11929102276220316,0.01716750337429407,1.168105285403614,0.0,0.0,1.0,0.48571428571428577,0.3333333333333333,1.0,0.35309393180189985,0.21483446221182986,1.0,0.41194292043554975,0.3580574370197165,1.0,0.3142857142857143,0.2,1.0,0.3188740696088466,0.2760262237369417,1.0,0.5428571428571429,0.4666666666666666,0.0,0.942857142857143,0.8666666666666666,1.0,0.8285714285714287,0.7333333333333333,1.0,,,,,,,,,,,,
G2,S1_additive0.3_n4000,220000,701030000,220000,801030000,6122aeb,dhai.bme.e.uh.edu,16.4,ok,0,81,2026-08-13T01:04:01Z,2026-08-13T01:04:17Z,[],220000,4000,1.0,,,,,,,,,,,,,,,,,,,,,,S1,4.0,additive,0.3,,,ate_err,sieve1_sieve1,0.1069467873816959,sieve1_kernel,"[""sieve1_kernel"", ""sieve1_sieve1"", ""sieve2_sieve2"", ""sieve3_sieve3""]",4.0,True,False,EXPLORATORY_POSTHOC_FROM_ROUND1,sieve1_sieve1,0.1069467873816959,0.0,0.9999999999906495,0.0,1.0,sieve2_sieve2,0.12131368883262846,0.014366901450932557,1.1343369146613294,0.0,0.0,kernel_sieve1,0.13692300403663146,0.029976216654935564,1.280290950177581,0.0,0.0,sieve1_sieve1,0.1069467873816959,0.0,0.9999999999906495,0.0,1.0,sieve1_sieve1,0.1069467873816959,0.0,0.9999999999906495,0.0,1.0,sieve1_kernel,0.1212847547577951,0.0143379673760992,1.1340663682004075,0.0,0.0,sieve1_sieve1,0.1069467873816959,0.0,0.9999999999906495,0.0,1.0,kernel_kernel,0.27231610877965173,0.16536932139795585,2.546276661917876,1.0,0.0,kernel_kernel,0.27231610877965173,0.16536932139795585,2.546276661917876,1.0,0.0,sieve1_sieve1,0.1069467873816959,0.0,0.9999999999906495,0.0,1.0,sieve1_sieve1,0.1069467873816959,0.0,0.9999999999906495,0.0,1.0,sieve1_sieve1,0.1069467873816959,0.0,0.9999999999906495,0.0,1.0,sieve1_kernel,0.1212847547577951,0.0143379673760992,1.1340663682004075,0.0,0.0,1.0,0.4285714285714286,0.3333333333333333,1.0,0.6179143806533246,0.3580574370197165,1.0,0.3236694374850748,0.21483446221182986,1.0,0.4285714285714286,0.3333333333333333,1.0,0.5217939320872036,0.41403933560541256,1.0,0.48571428571428577,0.3333333333333333,0.0,1.0,0.9999999999999999,1.0,0.942857142857143,0.8666666666666666,1.0,,,,,,,,,,,,
G2,S1_missing0.0_n4000,220000,701040000,220000,801040000,6122aeb,dhai.bme.e.uh.edu,17.2,ok,0,82,2026-08-13T01:04:03Z,2026-08-13T01:04:20Z,[],220000,4000,1.0,,,,,,,,,,,,,,,,,,,,,,S1,4.0,missing,0.0,,,ate_err,sieve1_sieve1,0.09329736499127378,sieve1_kernel,"[""sieve1_kernel"", ""sieve1_sieve1"", ""sieve2_sieve2"", ""sieve3_sieve3""]",4.0,True,False,EXPLORATORY_POSTHOC_FROM_ROUND1,sieve1_sieve1,0.09329736499127378,0.0,0.9999999999892816,0.0,1.0,sieve2_sieve2,0.14082579959611213,0.047528434604838354,1.509429549353021,1.0,0.0,kernel_sieve1,0.12228281620310122,0.02898545121182744,1.3106781334416873,0.0,0.0,sieve1_sieve1,0.09329736499127378,0.0,0.9999999999892816,0.0,1.0,sieve1_sieve1,0.09329736499127378,0.0,0.9999999999892816,0.0,1.0,sieve1_kernel,0.11495910678591566,0.02166174179464188,1.2321795668659639,0.0,0.0,sieve1_sieve1,0.09329736499127378,0.0,0.9999999999892816,0.0,1.0,kernel_kernel,0.27226842903839993,0.17897106404712615,2.9182863745503127,1.0,0.0,kernel_kernel,0.27226842903839993,0.17897106404712615,2.9182863745503127,1.0,0.0,sieve1_sieve1,0.09329736499127378,0.0,0.9999999999892816,0.0,1.0,sieve1_sieve1,0.09329736499127378,0.0,0.9999999999892816,0.0,1.0,sieve1_sieve1,0.09329736499127378,0.0,0.9999999999892816,0.0,1.0,sieve1_kernel,0.11495910678591566,0.02166174179464188,1.2321795668659639,0.0,0.0,1.0,0.48571428571428577,0.3333333333333333,1.0,0.35309393180189985,0.21483446221182986,1.0,0.41194292043554975,0.3580574370197165,1.0,0.3142857142857143,0.2,1.0,0.23190841426097936,0.13801311186847084,1.0,0.5428571428571429,0.4666666666666666,0.0,0.942857142857143,0.8666666666666666,1.0,0.8285714285714287,0.7333333333333333,1.0,,,,,,,,,,,,
G2,S1_missing0.1_n4000,220000,701050000,220000,801050000,6122aeb,dhai.bme.e.uh.edu,16.9,ok,0,83,2026-08-13T01:04:04Z,2026-08-13T01:04:21Z,[],220000,4000,1.0,,,,,,,,,,,,,,,,,,,,,,S1,4.0,missing,0.1,,,ate_err,sieve1_sieve1,0.11240211045716408,sieve2_sieve2,"[""sieve2_sieve2"", ""sieve3_sieve3""]",2.0,False,False,EXPLORATORY_POSTHOC_FROM_ROUND1,sieve1_sieve1,0.11240211045716408,0.0,0.9999999999911033,0.0,1.0,sieve2_sieve2,0.2581997536259641,0.1457976431688,2.2971077017460955,1.0,0.0,kernel_sieve1,0.13382845249210254,0.021426342034938456,1.1906222396234571,0.0,0.0,sieve1_sieve1,0.11240211045716408,0.0,0.9999999999911033,0.0,1.0,sieve1_sieve1,0.11240211045716408,0.0,0.9999999999911033,0.0,1.0,sieve1_kernel,0.13054592371779192,0.018143813260627834,1.1614187953026107,0.0,0.0,sieve1_sieve1,0.11240211045716408,0.0,0.9999999999911033,0.0,1.0,kernel_kernel,0.2721904571406453,0.15978834668348124,2.42157781585386,1.0,0.0,kernel_kernel,0.2721904571406453,0.15978834668348124,2.42157781585386,1.0,0.0,sieve1_sieve1,0.11240211045716408,0.0,0.9999999999911033,0.0,1.0,sieve1_sieve1,0.11240211045716408,0.0,0.9999999999911033,0.0,1.0,sieve1_sieve1,0.11240211045716408,0.0,0.9999999999911033,0.0,1.0,sieve2_sieve2,0.2581997536259641,0.1457976431688,2.2971077017460955,1.0,0.0,0.0,0.48571428571428577,0.3333333333333333,1.0,0.35309393180189985,0.21483446221182986,1.0,0.41194292043554975,0.3580574370197165,1.0,0.3142857142857143,0.2,1.0,0.3188740696088466,0.2760262237369417,1.0,0.5428571428571429,0.4666666666666666,0.0,0.942857142857143,0.8666666666666666,1.0,0.8285714285714287,0.7333333333333333,1.0,,,,,,,,,,,,
G2,S1_missing0.2_n4000,220000,701060000,220000,801060000,6122aeb,dhai.bme.e.uh.edu,17.7,ok,0,84,2026-08-13T01:04:07Z,2026-08-13T01:04:25Z,[],220000,4000,1.0,,,,,,,,,,,,,,,,,,,,,,S1,4.0,missing,0.2,,,ate_err,sieve1_sieve1,0.12221375018637792,ABSTAIN_LIBRARY_INADEQUATE,[],0.0,False,True,EXPLORATORY_POSTHOC_FROM_ROUND1,sieve1_sieve1,0.12221375018637792,0.0,0.9999999999918175,0.0,1.0,sieve1_kernel,0.13087503760387223,0.008661287417494307,1.0708699913325206,0.0,0.0,kernel_sieve1,0.14667012196766757,0.02445637178128965,1.2001114583489434,0.0,0.0,sieve1_sieve1,0.12221375018637792,0.0,0.9999999999918175,0.0,1.0,sieve1_sieve1,0.12221375018637792,0.0,0.9999999999918175,0.0,1.0,sieve1_kernel,0.13087503760387223,0.008661287417494307,1.0708699913325206,0.0,0.0,sieve1_sieve1,0.12221375018637792,0.0,0.9999999999918175,0.0,1.0,kernel_kernel,0.2719897499758533,0.14977599978947537,2.225524947551638,1.0,0.0,kernel_kernel,0.2719897499758533,0.14977599978947537,2.225524947551638,1.0,0.0,sieve1_sieve1,0.12221375018637792,0.0,0.9999999999918175,0.0,1.0,sieve1_sieve1,0.12221375018637792,0.0,0.9999999999918175,0.0,1.0,sieve1_sieve1,0.12221375018637792,0.0,0.9999999999918175,0.0,1.0,,,,,,,,0.2571428571428572,0.2,1.0,0.5002164033860248,0.3580574370197165,1.0,0.26482044885142486,0.21483446221182986,1.0,0.14285714285714288,0.2,1.0,0.02898855178262242,0.0,1.0,0.7142857142857143,0.6,0.0,1.0,0.9999999999999999,1.0,0.8857142857142858,0.7333333333333333,1.0,,,,,,,,,,,,
G2,S1_missing0.3_n4000,220000,701070000,220000,801070000,6122aeb,dhai.bme.e.uh.edu,18.3,ok,0,85,2026-08-13T01:04:11Z,2026-08-13T01:04:29Z,[],220000,4000,1.0,,,,,,,,,,,,,,,,,,,,,,S1,4.0,missing,0.3,,,ate_err,sieve1_sieve1,0.08925011765261016,ABSTAIN_LIBRARY_INADEQUATE,[],0.0,False,True,EXPLORATORY_POSTHOC_FROM_ROUND1,sieve1_sieve1,0.08925011765261016,0.0,0.9999999999887955,0.0,1.0,sieve1_kernel,0.09775465764602169,0.008504539993411525,1.0952888378861148,0.0,0.0,kernel_sieve1,0.13212481940618864,0.04287470175357848,1.4803881818843092,0.0,0.0,sieve1_sieve1,0.08925011765261016,0.0,0.9999999999887955,0.0,1.0,sieve1_sieve1,0.08925011765261016,0.0,0.9999999999887955,0.0,1.0,sieve1_kernel,0.09775465764602169,0.008504539993411525,1.0952888378861148,0.0,0.0,sieve1_sieve1,0.08925011765261016,0.0,0.9999999999887955,0.0,1.0,kernel_kernel,0.271882412113636,0.18263229446102586,3.0462975205124376,1.0,0.0,kernel_kernel,0.271882412113636,0.18263229446102586,3.0462975205124376,1.0,0.0,sieve1_sieve1,0.08925011765261016,0.0,0.9999999999887955,0.0,1.0,sieve1_sieve1,0.08925011765261016,0.0,0.9999999999887955,0.0,1.0,sieve1_sieve1,0.08925011765261016,0.0,0.9999999999887955,0.0,1.0,,,,,,,,0.08571428571428573,0.06666666666666665,1.0,0.44136741475237473,0.21483446221182986,1.0,0.26482044885142486,0.21483446221182986,1.0,0.14285714285714288,0.2,1.0,-0.02898855178262242,-0.13801311186847084,1.0,0.7142857142857143,0.6,0.0,1.0,0.9999999999999999,1.0,0.8857142857142858,0.7333333333333333,1.0,,,,,,,,,,,,
G2,S1_shift0.0_n4000,220000,701080000,220000,801080000,6122aeb,dhai.bme.e.uh.edu,21.4,ok,0,86,2026-08-13T01:04:14Z,2026-08-13T01:04:35Z,[],220000,4000,1.0,,,,,,,,,,,,,,,,,,,,,,S1,4.0,shift,0.0,,,ate_err,sieve1_sieve1,0.09329736499127378,sieve1_kernel,"[""sieve1_kernel"", ""sieve1_sieve1"", ""sieve2_sieve2"", ""sieve3_sieve3""]",4.0,True,False,EXPLORATORY_POSTHOC_FROM_ROUND1,sieve1_sieve1,0.09329736499127378,0.0,0.9999999999892816,0.0,1.0,sieve2_sieve2,0.14082579959611213,0.047528434604838354,1.509429549353021,1.0,0.0,kernel_sieve1,0.12228281620310122,0.02898545121182744,1.3106781334416873,0.0,0.0,sieve2_sieve2,0.14082579959611213,0.047528434604838354,1.509429549353021,1.0,0.0,sieve1_sieve1,0.09329736499127378,0.0,0.9999999999892816,0.0,1.0,sieve1_kernel,0.11495910678591566,0.02166174179464188,1.2321795668659639,0.0,0.0,sieve1_sieve1,0.09329736499127378,0.0,0.9999999999892816,0.0,1.0,kernel_kernel,0.27226842903839993,0.17897106404712615,2.9182863745503127,1.0,0.0,kernel_kernel,0.27226842903839993,0.17897106404712615,2.9182863745503127,1.0,0.0,sieve1_sieve1,0.09329736499127378,0.0,0.9999999999892816,0.0,1.0,sieve1_sieve1,0.09329736499127378,0.0,0.9999999999892816,0.0,1.0,sieve1_sieve1,0.09329736499127378,0.0,0.9999999999892816,0.0,1.0,sieve1_kernel,0.11495910678591566,0.02166174179464188,1.2321795668659639,0.0,0.0,1.0,0.48571428571428577,0.3333333333333333,1.0,0.35309393180189985,0.21483446221182986,1.0,0.41194292043554975,0.3580574370197165,1.0,0.14285714285714288,0.06666666666666665,1.0,0.3188740696088466,0.2760262237369417,1.0,0.5428571428571429,0.4666666666666666,0.0,0.942857142857143,0.8666666666666666,1.0,0.8285714285714287,0.7333333333333333,1.0,,,,,,,,,,,,
G2,S1_shift0.1_n4000,220000,701090000,220000,801090000,6122aeb,dhai.bme.e.uh.edu,20.3,ok,0,87,2026-08-13T01:04:16Z,2026-08-13T01:04:36Z,[],220000,4000,1.0,,,,,,,,,,,,,,,,,,,,,,S1,4.0,shift,0.1,,,ate_err,sieve1_sieve1,0.09329736499127382,sieve1_kernel,"[""sieve1_kernel"", ""sieve1_sieve1"", ""sieve2_sieve2"", ""sieve3_sieve3""]",4.0,True,False,EXPLORATORY_POSTHOC_FROM_ROUND1,sieve1_sieve1,0.09329736499127382,0.0,0.9999999999892816,0.0,1.0,sieve1_kernel,0.11495910636088465,0.021661741369610826,1.232179562310304,0.0,0.0,kernel_sieve1,0.1222827521947607,0.02898538720348688,1.3106774473736447,0.0,0.0,sieve1_sieve1,0.09329736499127382,0.0,0.9999999999892816,0.0,1.0,sieve1_sieve1,0.09329736499127382,0.0,0.9999999999892816,0.0,1.0,sieve1_kernel,0.11495910636088465,0.021661741369610826,1.232179562310304,0.0,0.0,sieve1_sieve1,0.09329736499127382,0.0,0.9999999999892816,0.0,1.0,kernel_kernel,0.27226816270866344,0.1789707977173896,2.918283519917316,1.0,0.0,kernel_kernel,0.27226816270866344,0.1789707977173896,2.918283519917316,1.0,0.0,sieve1_sieve1,0.09329736499127382,0.0,0.9999999999892816,0.0,1.0,sieve1_sieve1,0.09329736499127382,0.0,0.9999999999892816,0.0,1.0,sieve1_sieve1,0.09329736499127382,0.0,0.9999999999892816,0.0,1.0,sieve1_kernel,0.11495910636088465,0.021661741369610826,1.232179562310304,0.0,0.0,1.0,0.48571428571428577,0.3333333333333333,1.0,0.6473388749701496,0.5012804118276031,1.0,0.41194292043554975,0.3580574370197165,1.0,0.3142857142857143,0.2,1.0,0.3188740696088466,0.2760262237369417,1.0,0.5428571428571429,0.4666666666666666,0.0,0.942857142857143,0.8666666666666666,1.0,0.8285714285714287,0.7333333333333333,1.0,,,,,,,,,,,,
G2,S1_shift0.2_n4000,220000,701100000,220000,801100000,6122aeb,dhai.bme.e.uh.edu,21.0,ok,0,88,2026-08-13T01:04:17Z,2026-08-13T01:04:38Z,[],220000,4000,1.0,,,,,,,,,,,,,,,,,,,,,,S1,4.0,shift,0.2,,,ate_err,sieve1_sieve1,0.09329736499127385,sieve1_kernel,"[""sieve1_kernel"", ""sieve1_sieve1"", ""sieve2_sieve2"", ""sieve3_sieve3""]",4.0,True,False,EXPLORATORY_POSTHOC_FROM_ROUND1,sieve1_sieve1,0.09329736499127385,0.0,0.9999999999892816,0.0,1.0,sieve2_sieve2,0.140825799596116,0.04752843460484214,1.5094295493530612,1.0,0.0,kernel_sieve1,0.12228281616306887,0.028985451171795018,1.310678133012603,0.0,0.0,sieve1_sieve1,0.09329736499127385,0.0,0.9999999999892816,0.0,1.0,sieve1_sieve1,0.09329736499127385,0.0,0.9999999999892816,0.0,1.0,sieve1_kernel,0.11495910612004052,0.021661741128766676,1.232179559728836,0.0,0.0,sieve1_sieve1,0.09329736499127385,0.0,0.9999999999892816,0.0,1.0,kernel_kernel,0.2722684279229342,0.17897106293166037,2.9182863625942845,1.0,0.0,kernel_kernel,0.2722684279229342,0.17897106293166037,2.9182863625942845,1.0,0.0,sieve1_sieve1,0.09329736499127385,0.0,0.9999999999892816,0.0,1.0,sieve1_sieve1,0.09329736499127385,0.0,0.9999999999892816,0.0,1.0,sieve1_sieve1,0.09329736499127385,0.0,0.9999999999892816,0.0,1.0,sieve1_kernel,0.11495910612004052,0.021661741128766676,1.232179559728836,0.0,0.0,1.0,0.48571428571428577,0.3333333333333333,1.0,0.35309393180189985,0.21483446221182986,1.0,0.41194292043554975,0.3580574370197165,1.0,0.3142857142857143,0.2,1.0,0.3188740696088466,0.2760262237369417,1.0,0.5428571428571429,0.4666666666666666,0.0,0.942857142857143,0.8666666666666666,1.0,0.8285714285714287,0.7333333333333333,1.0,,,,,,,,,,,,
G2,S1_shift0.3_n4000,220000,701110000,220000,801110000,6122aeb,dhai.bme.e.uh.edu,26.1,ok,0,89,2026-08-13T01:04:19Z,2026-08-13T01:04:45Z,[],220000,4000,1.0,,,,,,,,,,,,,,,,,,,,,,S1,4.0,shift,0.3,,,ate_err,sieve1_sieve1,0.09329736499127388,sieve1_kernel,"[""sieve1_kernel"", ""sieve1_sieve1"", ""sieve2_sieve2"", ""sieve3_sieve3""]",4.0,True,False,EXPLORATORY_POSTHOC_FROM_ROUND1,sieve1_sieve1,0.09329736499127388,0.0,0.9999999999892816,0.0,1.0,sieve2_sieve2,0.14082579959611485,0.04752843460484098,1.5094295493530485,1.0,0.0,kernel_sieve1,0.12228281603828679,0.028985451047012917,1.3106781316751361,0.0,0.0,sieve1_sieve1,0.09329736499127388,0.0,0.9999999999892816,0.0,1.0,sieve1_sieve1,0.09329736499127388,0.0,0.9999999999892816,0.0,1.0,sieve1_kernel,0.1149591060623301,0.02166174107105623,1.2321795591102715,0.0,0.0,sieve1_sieve1,0.09329736499127388,0.0,0.9999999999892816,0.0,1.0,kernel_kernel,0.27226842840609655,0.17897106341482266,2.918286367773019,1.0,0.0,kernel_kernel,0.27226842840609655,0.17897106341482266,2.918286367773019,1.0,0.0,sieve1_sieve1,0.09329736499127388,0.0,0.9999999999892816,0.0,1.0,sieve1_sieve1,0.09329736499127388,0.0,0.9999999999892816,0.0,1.0,sieve1_sieve1,0.09329736499127388,0.0,0.9999999999892816,0.0,1.0,sieve1_kernel,0.1149591060623301,0.02166174107105623,1.2321795591102715,0.0,0.0,1.0,0.48571428571428577,0.3333333333333333,1.0,0.35309393180189985,0.21483446221182986,1.0,0.41194292043554975,0.3580574370197165,1.0,0.3142857142857143,0.2,1.0,0.23190841426097936,0.13801311186847084,1.0,0.5428571428571429,0.4666666666666666,0.0,0.942857142857143,0.8666666666666666,1.0,0.8285714285714287,0.7333333333333333,1.0,,,,,,,,,,,,
G2,S1_heavy_tail0.0_n4000,220000,701120000,220000,801120000,6122aeb,dhai.bme.e.uh.edu,24.7,ok,0,90,2026-08-13T01:04:20Z,2026-08-13T01:04:45Z,[],220000,4000,1.0,,,,,,,,,,,,,,,,,,,,,,S1,4.0,heavy_tail,0.0,,,ate_err,sieve1_sieve1,0.09329736499127378,sieve1_kernel,"[""sieve1_kernel"", ""sieve1_sieve1"", ""sieve2_sieve2""]",3.0,True,False,EXPLORATORY_POSTHOC_FROM_ROUND1,sieve1_sieve1,0.09329736499127378,0.0,0.9999999999892816,0.0,1.0,sieve2_sieve2,0.14082579959611213,0.047528434604838354,1.509429549353021,1.0,0.0,kernel_sieve1,0.12228281620310122,0.02898545121182744,1.3106781334416873,0.0,0.0,sieve1_sieve1,0.09329736499127378,0.0,0.9999999999892816,0.0,1.0,sieve1_sieve1,0.09329736499127378,0.0,0.9999999999892816,0.0,1.0,sieve1_kernel,0.11495910678591566,0.02166174179464188,1.2321795668659639,0.0,0.0,sieve1_sieve1,0.09329736499127378,0.0,0.9999999999892816,0.0,1.0,kernel_kernel,0.27226842903839993,0.17897106404712615,2.9182863745503127,1.0,0.0,kernel_kernel,0.27226842903839993,0.17897106404712615,2.9182863745503127,1.0,0.0,sieve1_sieve1,0.09329736499127378,0.0,0.9999999999892816,0.0,1.0,sieve1_sieve1,0.09329736499127378,0.0,0.9999999999892816,0.0,1.0,sieve1_sieve1,0.09329736499127378,0.0,0.9999999999892816,0.0,1.0,sieve1_kernel,0.11495910678591566,0.02166174179464188,1.2321795668659639,0.0,0.0,1.0,0.48571428571428577,0.3333333333333333,1.0,0.35309393180189985,0.21483446221182986,1.0,0.41194292043554975,0.3580574370197165,1.0,0.3142857142857143,0.2,1.0,0.23190841426097936,0.13801311186847084,1.0,0.5428571428571429,0.4666666666666666,0.0,0.942857142857143,0.8666666666666666,1.0,0.8285714285714287,0.7333333333333333,1.0,,,,,,,,,,,,
G2,S1_heavy_tail0.1_n4000,220000,701130000,220000,801130000,6122aeb,dhai.bme.e.uh.edu,25.1,ok,0,91,2026-08-13T01:04:20Z,2026-08-13T01:04:45Z,[],220000,4000,1.0,,,,,,,,,,,,,,,,,,,,,,S1,4.0,heavy_tail,0.1,,,ate_err,sieve1_sieve1,0.09531381940645373,sieve1_kernel,"[""sieve1_kernel"", ""sieve1_sieve1"", ""sieve2_sieve2""]",3.0,True,False,EXPLORATORY_POSTHOC_FROM_ROUND1,sieve1_sieve1,0.09531381940645373,0.0,0.9999999999895083,0.0,1.0,sieve1_kernel,0.11206521473654966,0.01675139533009594,1.1757499115368149,0.0,0.0,kernel_sieve1,0.12539824225544408,0.03008442284899035,1.3156354769436265,0.0,0.0,sieve1_sieve1,0.09531381940645373,0.0,0.9999999999895083,0.0,1.0,sieve1_sieve1,0.09531381940645373,0.0,0.9999999999895083,0.0,1.0,sieve1_kernel,0.11206521473654966,0.01675139533009594,1.1757499115368149,0.0,0.0,sieve1_sieve1,0.09531381940645373,0.0,0.9999999999895083,0.0,1.0,kernel_kernel,0.27236651312833166,0.17705269372187793,2.857576318120267,1.0,0.0,kernel_kernel,0.27236651312833166,0.17705269372187793,2.857576318120267,1.0,0.0,sieve1_sieve1,0.09531381940645373,0.0,0.9999999999895083,0.0,1.0,sieve1_sieve1,0.09531381940645373,0.0,0.9999999999895083,0.0,1.0,sieve1_sieve1,0.09531381940645373,0.0,0.9999999999895083,0.0,1.0,sieve1_kernel,0.11206521473654966,0.01675139533009594,1.1757499115368149,0.0,0.0,1.0,0.48571428571428577,0.3333333333333333,1.0,0.6473388749701496,0.5012804118276031,1.0,0.41194292043554975,0.3580574370197165,1.0,0.3142857142857143,0.2,1.0,0.3188740696088466,0.2760262237369417,1.0,0.5428571428571429,0.4666666666666666,0.0,0.942857142857143,0.8666666666666666,1.0,0.8285714285714287,0.7333333333333333,1.0,,,,,,,,,,,,
G2,S1_heavy_tail0.2_n4000,220000,701140000,220000,801140000,6122aeb,dhai.bme.e.uh.edu,25.4,ok,0,92,2026-08-13T01:04:20Z,2026-08-13T01:04:45Z,[],220000,4000,1.0,,,,,,,,,,,,,,,,,,,,,,S1,4.0,heavy_tail,0.2,,,ate_err,sieve1_sieve1,0.09772497219989423,sieve1_kernel,"[""kernel_sieve1"", ""sieve1_kernel"", ""sieve1_sieve1"", ""sieve2_sieve2""]",4.0,True,False,EXPLORATORY_POSTHOC_FROM_ROUND1,sieve1_sieve1,0.09772497219989423,0.0,0.9999999999897672,0.0,1.0,sieve1_kernel,0.10768021457785211,0.009955242377957876,1.1018699944625492,0.0,0.0,kernel_sieve1,0.12909531268121363,0.0313703404813194,1.3210063893989252,0.0,0.0,sieve1_sieve1,0.09772497219989423,0.0,0.9999999999897672,0.0,1.0,sieve1_sieve1,0.09772497219989423,0.0,0.9999999999897672,0.0,1.0,sieve1_kernel,0.10768021457785211,0.009955242377957876,1.1018699944625492,0.0,0.0,sieve1_sieve1,0.09772497219989423,0.0,0.9999999999897672,0.0,1.0,kernel_kernel,0.27218353206860807,0.17445855986871384,2.7851993808611946,1.0,0.0,kernel_kernel,0.27218353206860807,0.17445855986871384,2.7851993808611946,1.0,0.0,sieve1_sieve1,0.09772497219989423,0.0,0.9999999999897672,0.0,1.0,sieve1_sieve1,0.09772497219989423,0.0,0.9999999999897672,0.0,1.0,sieve1_sieve1,0.09772497219989423,0.0,0.9999999999897672,0.0,1.0,sieve1_kernel,0.10768021457785211,0.009955242377957876,1.1018699944625492,0.0,0.0,1.0,0.7142857142857143,0.6,1.0,0.7061878636037997,0.5012804118276031,1.0,0.4707919090691997,0.3580574370197165,1.0,0.6,0.4666666666666666,1.0,0.550782483869826,0.41403933560541256,1.0,0.2571428571428572,0.2,0.0,0.942857142857143,0.8666666666666666,1.0,1.0,0.9999999999999999,1.0,,,,,,,,,,,,
G2,S1_heavy_tail0.3_n4000,220000,701150000,220000,801150000,6122aeb,dhai.bme.e.uh.edu,25.6,ok,0,93,2026-08-13T01:04:21Z,2026-08-13T01:04:46Z,[],220000,4000,1.0,,,,,,,,,,,,,,,,,,,,,,S1,4.0,heavy_tail,0.3,,,ate_err,sieve1_sieve1,0.09879304767387553,sieve1_kernel,"[""sieve1_kernel"", ""sieve1_sieve1"", ""sieve2_sieve2""]",3.0,True,False,EXPLORATORY_POSTHOC_FROM_ROUND1,sieve1_sieve1,0.09879304767387553,0.0,0.9999999999898778,0.0,1.0,sieve1_kernel,0.10157985548361052,0.0027868078097349896,1.0282085417377371,0.0,0.0,kernel_sieve1,0.13231788035440276,0.03352483268052722,1.339344047668782,0.0,0.0,sieve1_sieve1,0.09879304767387553,0.0,0.9999999999898778,0.0,1.0,sieve1_sieve1,0.09879304767387553,0.0,0.9999999999898778,0.0,1.0,sieve1_kernel,0.10157985548361052,0.0027868078097349896,1.0282085417377371,0.0,0.0,sieve1_sieve1,0.09879304767387553,0.0,0.9999999999898778,0.0,1.0,kernel_kernel,0.2719856376990956,0.17319259002522008,2.753084797972736,1.0,0.0,kernel_kernel,0.2719856376990956,0.17319259002522008,2.753084797972736,1.0,0.0,sieve1_sieve1,0.09879304767387553,0.0,0.9999999999898778,0.0,1.0,sieve1_sieve1,0.09879304767387553,0.0,0.9999999999898778,0.0,1.0,sieve1_sieve1,0.09879304767387553,0.0,0.9999999999898778,0.0,1.0,sieve1_kernel,0.10157985548361052,0.0027868078097349896,1.0282085417377371,0.0,0.0,1.0,0.2571428571428572,0.2,1.0,0.5002164033860248,0.3580574370197165,1.0,0.26482044885142486,0.21483446221182986,1.0,0.14285714285714288,0.2,1.0,0.02898855178262242,0.0,1.0,0.7142857142857143,0.6,0.0,0.942857142857143,0.8666666666666666,1.0,0.6571428571428573,0.6,1.0,,,,,,,,,,,,
H2,L_n1000_low,220000,701160000,220000,801160000,6122aeb,dhai.bme.e.uh.edu,7.6,ok,0,94,2026-08-13T01:04:22Z,2026-08-13T01:04:30Z,[],220000,1000,1.0,,,,,,,,,,,,,,,,,,,,,,bridge_complexity,2.0,,,"{""family"": ""L"", ""p"": 10, ""proxy_noise"": ""low""}",,ate_err,kernel_kernel,0.030466071113262827,kernel_sieve1,"[""kernel_sieve1"", ""sieve1_kernel"", ""sieve1_sieve1"", ""sieve2_sieve2""]",4.0,False,False,EXPLORATORY_POSTHOC_FROM_ROUND1,sieve1_sieve1,0.4974187366476444,0.4669526655343816,16.32697353006491,1.0,0.0,sieve2_sieve2,7.491027190312264,7.460561119199001,245.8809723845654,1.0,0.0,kernel_sieve1,0.1252569839938532,0.09479091288059038,4.111359929676446,1.0,0.0,sieve1_sieve1,0.4974187366476444,0.4669526655343816,16.32697353006491,1.0,0.0,sieve1_sieve1,0.4974187366476444,0.4669526655343816,16.32697353006491,1.0,0.0,kernel_kernel,0.030466071113262827,0.0,0.9999999999671766,0.0,1.0,sieve1_sieve1,0.4974187366476444,0.4669526655343816,16.32697353006491,1.0,0.0,kernel_kernel,0.030466071113262827,0.0,0.9999999999671766,0.0,1.0,kernel_kernel,0.030466071113262827,0.0,0.9999999999671766,0.0,1.0,kernel_kernel,0.030466071113262827,0.0,0.9999999999671766,0.0,1.0,sieve1_sieve1,0.4974187366476444,0.4669526655343816,16.32697353006491,1.0,0.0,sieve1_sieve1,0.4974187366476444,0.4669526655343816,16.32697353006491,1.0,0.0,kernel_sieve1,0.1252569839938532,0.09479091288059038,4.111359929676446,1.0,0.0,0.0,-0.7142857142857143,-0.6,0.0,-0.9710083124552246,-0.9309493362512627,0.0,0.26482044885142486,0.21483446221182986,0.0,-0.3714285714285715,-0.3333333333333333,0.0,-0.5797710356524485,-0.41403933560541256,0.0,0.8285714285714287,0.7333333333333333,1.0,0.14285714285714288,0.06666666666666665,0.0,0.028571428571428574,-0.06666666666666665,0.0,,,,,,,,,,,,
H2,L_n2000_low,220000,701170000,220000,801170000,6122aeb,dhai.bme.e.uh.edu,13.9,ok,0,95,2026-08-13T01:04:22Z,2026-08-13T01:04:36Z,[],220000,2000,1.0,,,,,,,,,,,,,,,,,,,,,,bridge_complexity,2.0,,,"{""family"": ""L"", ""p"": 10, ""proxy_noise"": ""low""}",,ate_err,sieve1_kernel,0.004190564608657299,sieve1_kernel,"[""kernel_sieve1"", ""sieve1_kernel"", ""sieve1_sieve1""]",3.0,True,False,EXPLORATORY_POSTHOC_FROM_ROUND1,sieve1_sieve1,0.05229230723512324,0.04810174262646594,12.47858274625186,1.0,0.0,sieve1_kernel,0.004190564608657299,0.0,0.9999999997613686,0.0,1.0,kernel_sieve1,0.11187823940152364,0.10768767479286634,26.697652899491494,1.0,0.0,sieve1_sieve1,0.05229230723512324,0.04810174262646594,12.47858274625186,1.0,0.0,sieve1_sieve1,0.05229230723512324,0.04810174262646594,12.47858274625186,1.0,0.0,kernel_kernel,0.01288166840171956,0.00869110379306226,3.0739696440983906,1.0,0.0,sieve1_sieve1,0.05229230723512324,0.04810174262646594,12.47858274625186,1.0,0.0,kernel_kernel,0.01288166840171956,0.00869110379306226,3.0739696440983906,1.0,0.0,kernel_kernel,0.01288166840171956,0.00869110379306226,3.0739696440983906,1.0,0.0,sieve1_kernel,0.004190564608657299,0.0,0.9999999997613686,0.0,1.0,sieve1_sieve1,0.05229230723512324,0.04810174262646594,12.47858274625186,1.0,0.0,sieve1_sieve1,0.05229230723512324,0.04810174262646594,12.47858274625186,1.0,0.0,sieve1_kernel,0.004190564608657299,0.0,0.9999999997613686,0.0,1.0,1.0,0.028571428571428574,0.06666666666666665,0.0,0.26482044885142486,0.21483446221182986,1.0,0.08827348295047496,0.07161148740394328,0.0,0.028571428571428574,0.06666666666666665,0.0,0.3188740696088466,0.2760262237369417,0.0,0.8857142857142858,0.7333333333333333,1.0,0.7142857142857143,0.6,1.0,0.5428571428571429,0.4666666666666666,1.0,,,,,,,,,,,,
H2,L_n4000_low,220000,701180000,220000,801180000,6122aeb,dhai.bme.e.uh.edu,22.2,ok,0,96,2026-08-13T01:04:26Z,2026-08-13T01:04:48Z,[],220000,4000,1.0,,,,,,,,,,,,,,,,,,,,,,bridge_complexity,2.0,,,"{""family"": ""L"", ""p"": 10, ""proxy_noise"": ""low""}",,ate_err,kernel_kernel,0.009252753483653953,sieve1_kernel,"[""kernel_sieve1"", ""sieve1_kernel"", ""sieve1_sieve1""]",3.0,False,False,EXPLORATORY_POSTHOC_FROM_ROUND1,sieve1_sieve1,0.029215786544095734,0.01996303306044178,3.157523497470373,1.0,0.0,sieve1_kernel,0.03316921164019082,0.02391645815653687,3.5847936179433755,1.0,0.0,kernel_sieve1,0.02209158071034778,0.012838827226693827,2.3875682786737498,1.0,0.0,sieve1_sieve1,0.029215786544095734,0.01996303306044178,3.157523497470373,1.0,0.0,sieve1_sieve1,0.029215786544095734,0.01996303306044178,3.157523497470373,1.0,0.0,sieve1_kernel,0.03316921164019082,0.02391645815653687,3.5847936179433755,1.0,0.0,sieve1_sieve1,0.029215786544095734,0.01996303306044178,3.157523497470373,1.0,0.0,kernel_kernel,0.009252753483653953,0.0,0.999999999891924,0.0,1.0,kernel_kernel,0.009252753483653953,0.0,0.999999999891924,0.0,1.0,kernel_kernel,0.009252753483653953,0.0,0.999999999891924,0.0,1.0,sieve1_sieve1,0.029215786544095734,0.01996303306044178,3.157523497470373,1.0,0.0,sieve1_sieve1,0.029215786544095734,0.01996303306044178,3.157523497470373,1.0,0.0,sieve1_kernel,0.03316921164019082,0.02391645815653687,3.5847936179433755,1.0,0.0,0.0,-0.2571428571428572,-0.2,0.0,-0.5002164033860248,-0.3580574370197165,0.0,0.44136741475237473,0.3580574370197165,0.0,-0.2571428571428572,-0.2,0.0,0.05797710356524484,0.0,0.0,0.48571428571428577,0.3333333333333333,0.0,0.2571428571428572,0.2,0.0,0.2571428571428572,0.2,0.0,,,,,,,,,,,,
H2,L_n8000_low,220000,701190000,220000,801190000,6122aeb,dhai.bme.e.uh.edu,33.9,ok,0,97,2026-08-13T01:04:31Z,2026-08-13T01:05:05Z,[],220000,8000,1.0,,,,,,,,,,,,,,,,,,,,,,bridge_complexity,2.0,,,"{""family"": ""L"", ""p"": 10, ""proxy_noise"": ""low""}",,ate_err,kernel_sieve1,0.0014993795099109697,kernel_sieve1,"[""kernel_sieve1"", ""sieve1_kernel"", ""sieve1_sieve1"", ""sieve2_sieve2"", ""sieve3_sieve3""]",5.0,True,False,EXPLORATORY_POSTHOC_FROM_ROUND1,sieve1_sieve1,0.0630998282472901,0.06160044873737913,42.083960590439766,1.0,0.0,sieve3_sieve3,0.7795864665756611,0.7780870870657501,519.9393888622715,1.0,0.0,kernel_sieve1,0.0014993795099109697,0.0,0.9999999993330575,0.0,1.0,sieve1_sieve1,0.0630998282472901,0.06160044873737913,42.083960590439766,1.0,0.0,sieve1_sieve1,0.0630998282472901,0.06160044873737913,42.083960590439766,1.0,0.0,kernel_kernel,0.02191198162424679,0.02041260211433582,14.614032981505696,1.0,0.0,sieve1_sieve1,0.0630998282472901,0.06160044873737913,42.083960590439766,1.0,0.0,kernel_kernel,0.02191198162424679,0.02041260211433582,14.614032981505696,1.0,0.0,kernel_kernel,0.02191198162424679,0.02041260211433582,14.614032981505696,1.0,0.0,kernel_sieve1,0.0014993795099109697,0.0,0.9999999993330575,0.0,1.0,sieve1_sieve1,0.0630998282472901,0.06160044873737913,42.083960590439766,1.0,0.0,sieve1_sieve1,0.0630998282472901,0.06160044873737913,42.083960590439766,1.0,0.0,kernel_sieve1,0.0014993795099109697,0.0,0.9999999993330575,0.0,1.0,1.0,-0.5428571428571429,-0.2,0.0,-0.6179143806533246,-0.5012804118276031,0.0,0.44136741475237473,0.3580574370197165,1.0,-0.08571428571428573,-0.06666666666666665,0.0,-0.43482827673933633,-0.2760262237369417,0.0,0.8285714285714287,0.7333333333333333,1.0,0.5428571428571429,0.4666666666666666,1.0,0.3714285714285715,0.3333333333333333,1.0,,,,,,,,,,,,
H2,N_n1000_low,220000,701200000,220000,801200000,6122aeb,dhai.bme.e.uh.edu,11.4,ok,0,98,2026-08-13T01:04:31Z,2026-08-13T01:04:42Z,[],220000,1000,1.0,,,,,,,,,,,,,,,,,,,,,,bridge_complexity,2.0,,,"{""family"": ""N"", ""p"": 10, ""proxy_noise"": ""low""}",,ate_err,kernel_kernel,0.009428429643765668,sieve1_kernel,"[""kernel_sieve1"", ""sieve1_kernel"", ""sieve1_sieve1""]",3.0,False,False,EXPLORATORY_POSTHOC_FROM_ROUND1,sieve1_sieve1,0.10912001511222258,0.09969158546845691,11.57350897482723,1.0,0.0,sieve1_kernel,0.10027900778161525,0.09085057813784958,10.635812278377303,1.0,0.0,kernel_sieve1,0.09533954503107045,0.08591111538730478,10.111921987348085,1.0,0.0,sieve1_sieve1,0.10912001511222258,0.09969158546845691,11.57350897482723,1.0,0.0,sieve1_sieve1,0.10912001511222258,0.09969158546845691,11.57350897482723,1.0,0.0,sieve1_kernel,0.10027900778161525,0.09085057813784958,10.635812278377303,1.0,0.0,sieve1_sieve1,0.10912001511222258,0.09969158546845691,11.57350897482723,1.0,0.0,kernel_kernel,0.009428429643765668,0.0,0.9999999998939377,0.0,1.0,kernel_kernel,0.009428429643765668,0.0,0.9999999998939377,0.0,1.0,kernel_kernel,0.009428429643765668,0.0,0.9999999998939377,0.0,1.0,sieve1_sieve1,0.10912001511222258,0.09969158546845691,11.57350897482723,1.0,0.0,sieve1_sieve1,0.10912001511222258,0.09969158546845691,11.57350897482723,1.0,0.0,sieve1_kernel,0.10027900778161525,0.09085057813784958,10.635812278377303,1.0,0.0,0.0,-0.2571428571428572,-0.2,0.0,-0.5002164033860248,-0.3580574370197165,0.0,0.26482044885142486,0.21483446221182986,0.0,-0.3714285714285715,-0.3333333333333333,0.0,-0.5797710356524485,-0.41403933560541256,0.0,0.5428571428571429,0.4666666666666666,0.0,0.4285714285714286,0.2,0.0,0.2,0.06666666666666665,0.0,,,,,,,,,,,,
H2,N_n2000_low,220000,701210000,220000,801210000,6122aeb,dhai.bme.e.uh.edu,13.7,ok,0,99,2026-08-13T01:04:37Z,2026-08-13T01:04:51Z,[],220000,2000,1.0,,,,,,,,,,,,,,,,,,,,,,bridge_complexity,2.0,,,"{""family"": ""N"", ""p"": 10, ""proxy_noise"": ""low""}",,ate_err,kernel_kernel,0.07017664510713328,sieve1_kernel,"[""kernel_sieve1"", ""sieve1_kernel"", ""sieve1_sieve1"", ""sieve2_sieve2"", ""sieve3_sieve3""]",5.0,False,False,EXPLORATORY_POSTHOC_FROM_ROUND1,sieve1_sieve1,0.08177872228621597,0.011602077179082682,1.1653267573593087,0.0,0.0,sieve1_kernel,0.07084069829846285,0.0006640531913295611,1.0094625952737744,0.0,0.0,kernel_sieve1,0.080322248729224,0.010145603622090715,1.1445723659980842,0.0,0.0,sieve1_sieve1,0.08177872228621597,0.011602077179082682,1.1653267573593087,0.0,0.0,sieve1_sieve1,0.08177872228621597,0.011602077179082682,1.1653267573593087,0.0,0.0,sieve1_kernel,0.07084069829846285,0.0006640531913295611,1.0094625952737744,0.0,0.0,sieve1_sieve1,0.08177872228621597,0.011602077179082682,1.1653267573593087,0.0,0.0,kernel_kernel,0.07017664510713328,0.0,0.9999999999857502,0.0,1.0,kernel_kernel,0.07017664510713328,0.0,0.9999999999857502,0.0,1.0,kernel_kernel,0.07017664510713328,0.0,0.9999999999857502,0.0,1.0,sieve1_sieve1,0.08177872228621597,0.011602077179082682,1.1653267573593087,0.0,0.0,sieve1_sieve1,0.08177872228621597,0.011602077179082682,1.1653267573593087,0.0,0.0,sieve1_kernel,0.07084069829846285,0.0006640531913295611,1.0094625952737744,0.0,0.0,0.0,-0.14285714285714288,-0.06666666666666665,0.0,-0.20597146021777488,-0.07161148740394328,0.0,0.08827348295047496,0.07161148740394328,0.0,-0.3142857142857143,-0.2,0.0,0.02898855178262242,0.0,0.0,0.7142857142857143,0.6,0.0,0.48571428571428577,0.3333333333333333,0.0,0.2571428571428572,0.2,0.0,,,,,,,,,,,,
H2,N_n4000_low,220000,701220000,220000,801220000,6122aeb,dhai.bme.e.uh.edu,19.2,ok,0,100,2026-08-13T01:04:38Z,2026-08-13T01:04:57Z,[],220000,4000,1.0,,,,,,,,,,,,,,,,,,,,,,bridge_complexity,2.0,,,"{""family"": ""N"", ""p"": 10, ""proxy_noise"": ""low""}",,ate_err,kernel_kernel,0.002246158544628507,sieve1_kernel,"[""kernel_sieve1"", ""sieve1_kernel"", ""sieve1_sieve1"", ""sieve2_sieve2"", ""sieve3_sieve3""]",5.0,False,False,EXPLORATORY_POSTHOC_FROM_ROUND1,sieve1_sieve1,0.015421141140022465,0.013174982595393958,6.865562170593533,1.0,0.0,sieve1_kernel,0.0159142975651978,0.013668139020569292,7.0851176539475995,1.0,0.0,kernel_sieve1,0.01876052109423776,0.01651436254960925,8.352269313646469,1.0,0.0,sieve1_sieve1,0.015421141140022465,0.013174982595393958,6.865562170593533,1.0,0.0,sieve1_sieve1,0.015421141140022465,0.013174982595393958,6.865562170593533,1.0,0.0,sieve1_kernel,0.0159142975651978,0.013668139020569292,7.0851176539475995,1.0,0.0,sieve1_sieve1,0.015421141140022465,0.013174982595393958,6.865562170593533,1.0,0.0,kernel_kernel,0.002246158544628507,0.0,0.9999999995547955,0.0,1.0,kernel_kernel,0.002246158544628507,0.0,0.9999999995547955,0.0,1.0,kernel_kernel,0.002246158544628507,0.0,0.9999999995547955,0.0,1.0,sieve1_sieve1,0.015421141140022465,0.013174982595393958,6.865562170593533,1.0,0.0,sieve1_sieve1,0.015421141140022465,0.013174982595393958,6.865562170593533,1.0,0.0,sieve1_kernel,0.0159142975651978,0.013668139020569292,7.0851176539475995,1.0,0.0,0.0,-0.028571428571428574,0.06666666666666665,0.0,0.029424494316824982,0.07161148740394328,0.0,0.26482044885142486,0.21483446221182986,0.0,-0.028571428571428574,0.06666666666666665,0.0,0.34786262139146906,0.2760262237369417,0.0,0.7714285714285715,0.6,0.0,0.4285714285714286,0.4666666666666666,0.0,0.3714285714285715,0.3333333333333333,0.0,,,,,,,,,,,,
H2,N_n8000_low,220000,701230000,220000,801230000,6122aeb,dhai.bme.e.uh.edu,27.5,ok,0,101,2026-08-13T01:04:38Z,2026-08-13T01:05:05Z,[],220000,8000,1.0,,,,,,,,,,,,,,,,,,,,,,bridge_complexity,2.0,,,"{""family"": ""N"", ""p"": 10, ""proxy_noise"": ""low""}",,ate_err,kernel_kernel,0.0037714982292543775,sieve1_kernel,"[""kernel_sieve1"", ""sieve1_kernel"", ""sieve1_sieve1"", ""sieve2_sieve2"", ""sieve3_sieve3""]",5.0,False,False,EXPLORATORY_POSTHOC_FROM_ROUND1,sieve1_sieve1,0.0313856308950794,0.02761413266582502,8.321793881091791,1.0,0.0,sieve1_kernel,0.028374782008105726,0.024603283778851348,7.523477481836687,1.0,0.0,kernel_sieve1,0.020287256624269667,0.01651575839501529,5.379097479491949,1.0,0.0,sieve1_sieve1,0.0313856308950794,0.02761413266582502,8.321793881091791,1.0,0.0,sieve1_sieve1,0.0313856308950794,0.02761413266582502,8.321793881091791,1.0,0.0,sieve1_kernel,0.028374782008105726,0.024603283778851348,7.523477481836687,1.0,0.0,sieve1_sieve1,0.0313856308950794,0.02761413266582502,8.321793881091791,1.0,0.0,kernel_kernel,0.0037714982292543775,0.0,0.9999999997348534,0.0,1.0,kernel_kernel,0.0037714982292543775,0.0,0.9999999997348534,0.0,1.0,kernel_kernel,0.0037714982292543775,0.0,0.9999999997348534,0.0,1.0,sieve1_sieve1,0.0313856308950794,0.02761413266582502,8.321793881091791,1.0,0.0,sieve1_sieve1,0.0313856308950794,0.02761413266582502,8.321793881091791,1.0,0.0,sieve1_kernel,0.028374782008105726,0.024603283778851348,7.523477481836687,1.0,0.0,0.0,-0.5428571428571429,-0.4666666666666666,0.0,-0.44136741475237473,-0.21483446221182986,0.0,0.08827348295047496,0.07161148740394328,0.0,-0.5428571428571429,-0.4666666666666666,0.0,-0.6957252427829381,-0.5520524474738834,0.0,0.48571428571428577,0.3333333333333333,0.0,0.08571428571428573,-0.06666666666666665,0.0,0.08571428571428573,-0.06666666666666665,0.0,,,,,,,,,,,,
I2,easy_L_full,220000,701240000,220000,801240000,6122aeb,dhai.bme.e.uh.edu,17.3,ok,0,102,2026-08-13T01:04:40Z,2026-08-13T01:04:57Z,[],220000,4000,1.0,,,,,,,,,,,,,,,,,,,,,,bridge_complexity,2.0,,,"{""family"": ""L"", ""p"": 10, ""proxy_noise"": ""low""}",adequate_easy,ate_err,kernel_kernel,0.009252753483653953,sieve1_kernel,"[""kernel_sieve1"", ""sieve1_kernel"", ""sieve1_sieve1"", ""sieve3_sieve3""]",4.0,False,False,EXPLORATORY_POSTHOC_FROM_ROUND1,sieve1_sieve1,0.029215786544095734,0.01996303306044178,3.157523497470373,1.0,0.0,sieve1_kernel,0.03316921164019082,0.02391645815653687,3.5847936179433755,1.0,0.0,kernel_sieve1,0.02209158071034778,0.012838827226693827,2.3875682786737498,1.0,0.0,sieve1_sieve1,0.029215786544095734,0.01996303306044178,3.157523497470373,1.0,0.0,sieve1_sieve1,0.029215786544095734,0.01996303306044178,3.157523497470373,1.0,0.0,sieve1_kernel,0.03316921164019082,0.02391645815653687,3.5847936179433755,1.0,0.0,sieve1_sieve1,0.029215786544095734,0.01996303306044178,3.157523497470373,1.0,0.0,kernel_kernel,0.009252753483653953,0.0,0.999999999891924,0.0,1.0,kernel_kernel,0.009252753483653953,0.0,0.999999999891924,0.0,1.0,kernel_kernel,0.009252753483653953,0.0,0.999999999891924,0.0,1.0,sieve1_sieve1,0.029215786544095734,0.01996303306044178,3.157523497470373,1.0,0.0,sieve1_sieve1,0.029215786544095734,0.01996303306044178,3.157523497470373,1.0,0.0,sieve1_kernel,0.03316921164019082,0.02391645815653687,3.5847936179433755,1.0,0.0,0.0,-0.14285714285714288,-0.06666666666666665,0.0,-0.5002164033860248,-0.3580574370197165,0.0,0.44136741475237473,0.3580574370197165,0.0,-0.2571428571428572,-0.2,0.0,0.05797710356524484,0.0,0.0,0.48571428571428577,0.3333333333333333,0.0,0.2571428571428572,0.2,0.0,0.2571428571428572,0.2,0.0,,,,,,,,,,,,
I2,N_sieve1_only,220000,701250000,220000,801250000,6122aeb,dhai.bme.e.uh.edu,6.9,ok,0,103,2026-08-13T01:04:44Z,2026-08-13T01:04:51Z,[],220000,4000,1.0,,,,,,,,,,,,,,,,,,,,,,bridge_complexity,2.0,,,"{""family"": ""N"", ""p"": 10, ""proxy_noise"": ""low""}",inadequate_constrained_library,ate_err,sieve1_sieve1,0.015421141140022465,sieve1_sieve1,"[""sieve1_sieve1""]",1.0,True,False,EXPLORATORY_POSTHOC_FROM_ROUND1,sieve1_sieve1,0.015421141140022465,0.0,0.999999999935154,0.0,1.0,sieve1_sieve1,0.015421141140022465,0.0,0.999999999935154,0.0,1.0,sieve1_sieve1,0.015421141140022465,0.0,0.999999999935154,0.0,1.0,sieve1_sieve1,0.015421141140022465,0.0,0.999999999935154,0.0,1.0,sieve1_sieve1,0.015421141140022465,0.0,0.999999999935154,0.0,1.0,sieve1_sieve1,0.015421141140022465,0.0,0.999999999935154,0.0,1.0,sieve1_sieve1,0.015421141140022465,0.0,0.999999999935154,0.0,1.0,sieve1_sieve1,0.015421141140022465,0.0,0.999999999935154,0.0,1.0,sieve1_sieve1,0.015421141140022465,0.0,0.999999999935154,0.0,1.0,sieve1_sieve1,0.015421141140022465,0.0,0.999999999935154,0.0,1.0,sieve1_sieve1,0.015421141140022465,0.0,0.999999999935154,0.0,1.0,sieve1_sieve1,0.015421141140022465,0.0,0.999999999935154,0.0,1.0,sieve1_sieve1,0.015421141140022465,0.0,0.999999999935154,0.0,1.0,1.0,,,1.0,,,1.0,,,1.0,,,1.0,,,1.0,,,1.0,,,1.0,,,1.0,,,,,,,,,,,,
I2,N_kernel_overregularized,220000,701260000,220000,801260000,6122aeb,dhai.bme.e.uh.edu,9.1,ok,0,104,2026-08-13T01:04:47Z,2026-08-13T01:04:56Z,[],220000,4000,1.0,,,,,,,,,,,,,,,,,,,,,,bridge_complexity,2.0,,,"{""family"": ""N"", ""p"": 10, ""proxy_noise"": ""high""}",inadequate_severe_regularization,ate_err,kernel_kernel,0.005623217691534288,ABSTAIN_LIBRARY_INADEQUATE,[],0.0,False,True,EXPLORATORY_POSTHOC_FROM_ROUND1,kernel_kernel,0.005623217691534288,0.0,0.9999999998221658,0.0,1.0,kernel_kernel,0.005623217691534288,0.0,0.9999999998221658,0.0,1.0,kernel_kernel,0.005623217691534288,0.0,0.9999999998221658,0.0,1.0,kernel_kernel,0.005623217691534288,0.0,0.9999999998221658,0.0,1.0,kernel_kernel,0.005623217691534288,0.0,0.9999999998221658,0.0,1.0,kernel_kernel,0.005623217691534288,0.0,0.9999999998221658,0.0,1.0,kernel_kernel,0.005623217691534288,0.0,0.9999999998221658,0.0,1.0,kernel_kernel,0.005623217691534288,0.0,0.9999999998221658,0.0,1.0,kernel_kernel,0.005623217691534288,0.0,0.9999999998221658,0.0,1.0,kernel_kernel,0.005623217691534288,0.0,0.9999999998221658,0.0,1.0,kernel_kernel,0.005623217691534288,0.0,0.9999999998221658,0.0,1.0,kernel_kernel,0.005623217691534288,0.0,0.9999999998221658,0.0,1.0,,,,,,,,,,1.0,,,1.0,,,1.0,,,1.0,,,1.0,,,1.0,,,1.0,,,1.0,,,,,,,,,,,,
J2,rhc_repeated_split,220000,701270000,220000,801270000,6122aeb,dhai.bme.e.uh.edu,24.1,ok,0,105,2026-08-13T01:04:47Z,2026-08-13T01:05:11Z,[],220000,5735,,,,,,,,,,,,,,,,,,,,,,,rhc,,,,,,,,,,,,,,,,,,,,,,,,,,,,,,,,,,,,,,,,,,,,,,,,,,,,,,,,,,,,,,,,,,,,,,,,,,,,,,,,,,,,,,,,,,,,,,,,,,,,,,,,,,,,,,,,,,,,,,,sieve1_kernel,"[""sieve1_kernel"", ""sieve1_sieve1""]",2.0,ok,"[""sieve1_kernel"", ""sieve1_kernel""]",[-1.8770675770451029],[-2.5117878193449896],[-1.242347334745216],2864.3448758682935,2.3719162940979004,0.18161051742076456
