study,config_id,scientific_seed,bootstrap_seed,split_seed,bank_seed,git_commit,hostname,runtime_s,status,candidate,D_h_rff_l2,D_h_rff_max,D_h_mmr,D_q_rff_l2,D_q_rff_max,D_q_mmr,pehe,ate_err,p_h,p_q,p_DR,test_h,test_q,screen_pass,screen_threshold,failed_arms,po_var,po_var_mean,po_var_max,po_var_by_contrast,ate_se_by_contrast,ate_ci_width_by_contrast,ate,ate_lo,ate_hi,q_balance,ess,ess_by_arm,max_q,selected_by_product,selected_by_variance_only,selected_by_MSES,oracle_best,fixed_sieve1,fixed_kernel
B2,S1_n4000,220000,700720000,220000,800720000,6122aeb,dhai.bme.e.uh.edu,16.5,ok,kernel_kernel,0.04707216944542726,0.11958210139049819,0.060027212048945296,0.3139307157927669,0.5128888888028507,0.46877787377219465,0.7087825532671254,0.27226842903839993,"[0.002, 0.002, 0.002, 0.002]","[0.002, 0.002, 0.002, 0.002]","[0.002, 0.002, 0.002, 0.002]","[{""bootstrap_seed"": 700720000, ""n_boot"": 499, ""n_effective_moments"": 48, ""p_value"": 0.002, ""statistic"": 11.938471668208798, ""warning"": null}, {""bootstrap_seed"": 700720002, ""n_boot"": 499, ""n_effective_moments"": 48, ""p_value"": 0.002, ""statistic"": 12.477832259271858, ""warning"": null}, {""bootstrap_seed"": 700720004, ""n_boot"": 499, ""n_effective_moments"": 48, ""p_value"": 0.002, ""statistic"": 12.239370039795544, ""warning"": null}, {""bootstrap_seed"": 700720006, ""n_boot"": 499, ""n_effective_moments"": 48, ""p_value"": 0.002, ""statistic"": 12.742179051750703, ""warning"": null}]","[{""bootstrap_seed"": 700720001, ""n_boot"": 499, ""n_effective_moments"": 48, ""p_value"": 0.002, ""statistic"": 42.05272353560241, ""warning"": null}, {""bootstrap_seed"": 700720003, ""n_boot"": 499, ""n_effective_moments"": 48, ""p_value"": 0.002, ""statistic"": 31.375466495915582, ""warning"": null}, {""bootstrap_seed"": 700720005, ""n_boot"": 499, ""n_effective_moments"": 48, ""p_value"": 0.002, ""statistic"": 35.98050071471213, ""warning"": null}, {""bootstrap_seed"": 700720007, ""n_boot"": 499, ""n_effective_moments"": 48, ""p_value"": 0.002, ""statistic"": 42.985620186695975, ""warning"": null}]",False,0.0125,"[0, 1, 2, 3]",9.649989141694446,9.649989141694446,11.315796094555257,"[11.315796094555257, 9.344534974333262, 8.28963635619482]","[0.053187865379603405, 0.04833356746178908, 0.045523720070406205]","[0.20849643228804535, 0.1894675844502132, 0.17845298267599233]","[0.3824994515190874, 0.11805410607757619, 0.16947471372408648]","[0.2782512353750646, 0.02332031385246966, 0.08024822238609035]","[0.4867476676631102, 0.21278789830268272, 0.2587012050620826]",0.4980163565501571,997.7893469457887,"[878.9169216244164, 1134.0923703955423, 1027.6353931435058, 950.51270261969]",2.4054713249206543,False,False,False,False,False,True
B2,S1_n4000,220000,700720000,220000,800720000,6122aeb,dhai.bme.e.uh.edu,16.5,ok,kernel_sieve1,0.04707216944542726,0.11958210139049819,0.060027212048945296,0.019209524725451017,0.03567122100497511,0.07303876460013035,0.8504530684560602,0.12228281620310122,"[0.002, 0.002, 0.002, 0.002]","[0.518, 0.002, 0.066, 0.05]","[0.518, 0.002, 0.066, 0.05]","[{""bootstrap_seed"": 700730000, ""n_boot"": 499, ""n_effective_moments"": 48, ""p_value"": 0.002, ""statistic"": 11.938471668208798, ""warning"": null}, {""bootstrap_seed"": 700730002, ""n_boot"": 499, ""n_effective_moments"": 48, ""p_value"": 0.002, ""statistic"": 12.477832259271858, ""warning"": null}, {""bootstrap_seed"": 700730004, ""n_boot"": 499, ""n_effective_moments"": 48, ""p_value"": 0.002, ""statistic"": 12.239370039795544, ""warning"": null}, {""bootstrap_seed"": 700730006, ""n_boot"": 499, ""n_effective_moments"": 48, ""p_value"": 0.002, ""statistic"": 12.742179051750703, ""warning"": null}]","[{""bootstrap_seed"": 700730001, ""n_boot"": 499, ""n_effective_moments"": 48, ""p_value"": 0.518, ""statistic"": 2.0592337775948018, ""warning"": null}, {""bootstrap_seed"": 700730003, ""n_boot"": 499, ""n_effective_moments"": 48, ""p_value"": 0.002, ""statistic"": 4.445757068290855, ""warning"": null}, {""bootstrap_seed"": 700730005, ""n_boot"": 499, ""n_effective_moments"": 48, ""p_value"": 0.066, ""statistic"": 3.0550646825069294, ""warning"": null}, {""bootstrap_seed"": 700730007, ""n_boot"": 499, ""n_effective_moments"": 48, ""p_value"": 0.05, ""statistic"": 3.1744932255762306, ""warning"": null}]",False,0.0125,[1],70.31864802216614,70.31864802216614,78.59878061386583,"[78.59878061386583, 64.06041734256418, 68.29674611006843]","[0.14017737033296943, 0.12655079745162037, 0.1306682307506959]","[0.5494952917052401, 0.49607912601035187, 0.5122194645427279]","[0.939347167059211, 0.2569928227889717, 0.17336455768234582]","[0.6645995212065909, 0.00895325978379563, -0.08274517458901798]","[1.214094812911831, 0.5050323857941477, 0.4294742899537096]",0.06635415127385086,649.6951163906726,"[630.8647435594971, 694.507123269142, 661.7963628588543, 611.612235875197]",23.01049405572528,False,False,False,False,False,False
B2,S1_n4000,220000,700720000,220000,800720000,6122aeb,dhai.bme.e.uh.edu,16.5,ok,sieve1_kernel,0.005634737366678061,0.020036315132184467,0.006333769043362626,0.3139307157927669,0.5128888888028507,0.46877787377219465,0.5277014143518245,0.11495910678591566,"[0.998, 0.94, 0.12, 0.814]","[0.002, 0.002, 0.002, 0.002]","[0.998, 0.94, 0.12, 0.814]","[{""bootstrap_seed"": 700740000, ""n_boot"": 499, ""n_effective_moments"": 48, ""p_value"": 0.998, ""statistic"": 1.024527867243637, ""warning"": null}, {""bootstrap_seed"": 700740002, ""n_boot"": 499, ""n_effective_moments"": 48, ""p_value"": 0.94, ""statistic"": 1.4312839271836466, ""warning"": null}, {""bootstrap_seed"": 700740004, ""n_boot"": 499, ""n_effective_moments"": 48, ""p_value"": 0.12, ""statistic"": 2.7431489538615983, ""warning"": null}, {""bootstrap_seed"": 700740006, ""n_boot"": 499, ""n_effective_moments"": 48, ""p_value"": 0.814, ""statistic"": 1.727042535042879, ""warning"": null}]","[{""bootstrap_seed"": 700740001, ""n_boot"": 499, ""n_effective_moments"": 48, ""p_value"": 0.002, ""statistic"": 42.05272353560241, ""warning"": null}, {""bootstrap_seed"": 700740003, ""n_boot"": 499, ""n_effective_moments"": 48, ""p_value"": 0.002, ""statistic"": 31.375466495915582, ""warning"": null}, {""bootstrap_seed"": 700740005, ""n_boot"": 499, ""n_effective_moments"": 48, ""p_value"": 0.002, ""statistic"": 35.98050071471213, ""warning"": null}, {""bootstrap_seed"": 700740007, ""n_boot"": 499, ""n_effective_moments"": 48, ""p_value"": 0.002, ""statistic"": 42.985620186695975, ""warning"": null}]",True,0.0125,[],3.7454704632729343,3.7454704632729343,4.12276901143777,"[4.12276901143777, 3.8331810146866188, 3.2804613636944144]","[0.032104396160953445, 0.030956344320214147, 0.028637655995622333]","[0.1258492329509375, 0.12134886973523945, 0.11225961150283954]","[0.9554588243916238, 0.25150839807994874, 0.17298951147222494]","[0.8925342079161549, 0.19083396321232896, 0.11685970572080523]","[1.0183834408670926, 0.3121828329475685, 0.22911931722364465]",0.4980163565501571,997.7893469457887,"[878.9169216244164, 1134.0923703955423, 1027.6353931435058, 950.51270261969]",2.4054713249206543,False,True,True,False,False,False
B2,S1_n4000,220000,700720000,220000,800720000,6122aeb,dhai.bme.e.uh.edu,16.5,ok,sieve1_sieve1,0.005634737366678061,0.020036315132184467,0.006333769043362626,0.019209524725451017,0.03567122100497511,0.07303876460013035,0.5998767314861027,0.09329736499127378,"[0.998, 0.932, 0.146, 0.784]","[0.506, 0.002, 0.046, 0.038]","[0.998, 0.932, 0.146, 0.784]","[{""bootstrap_seed"": 700750000, ""n_boot"": 499, ""n_effective_moments"": 48, ""p_value"": 0.998, ""statistic"": 1.024527867243637, ""warning"": null}, {""bootstrap_seed"": 700750002, ""n_boot"": 499, ""n_effective_moments"": 48, ""p_value"": 0.932, ""statistic"": 1.4312839271836466, ""warning"": null}, {""bootstrap_seed"": 700750004, ""n_boot"": 499, ""n_effective_moments"": 48, ""p_value"": 0.146, ""statistic"": 2.7431489538615983, ""warning"": null}, {""bootstrap_seed"": 700750006, ""n_boot"": 499, ""n_effective_moments"": 48, ""p_value"": 0.784, ""statistic"": 1.727042535042879, ""warning"": null}]","[{""bootstrap_seed"": 700750001, ""n_boot"": 499, ""n_effective_moments"": 48, ""p_value"": 0.506, ""statistic"": 2.0592337775948018, ""warning"": null}, {""bootstrap_seed"": 700750003, ""n_boot"": 499, ""n_effective_moments"": 48, ""p_value"": 0.002, ""statistic"": 4.445757068290855, ""warning"": null}, {""bootstrap_seed"": 700750005, ""n_boot"": 499, ""n_effective_moments"": 48, ""p_value"": 0.046, ""statistic"": 3.0550646825069294, ""warning"": null}, {""bootstrap_seed"": 700750007, ""n_boot"": 499, ""n_effective_moments"": 48, ""p_value"": 0.038, ""statistic"": 3.1744932255762306, ""warning"": null}]",True,0.0125,[],26.536571874993935,26.536571874993935,26.665111531518424,"[26.58351177662373, 26.361092316839645, 26.665111531518424]","[0.08152225428774607, 0.08118049691403663, 0.0816472772533145]","[0.31956723680796456, 0.3182275479030236, 0.3200573268329928]","[0.991542481942502, 0.2547271741410955, 0.14086916757803078]","[0.8317588635385197, 0.09561340018958364, -0.019159495838465684]","[1.1513261003464845, 0.4138409480926074, 0.30089783099452727]",0.06635415127385086,649.6951163906726,"[630.8647435594971, 694.507123269142, 661.7963628588543, 611.612235875197]",23.01049405572528,True,False,False,True,True,False
B2,S1_n4000,220000,700720000,220000,800720000,6122aeb,dhai.bme.e.uh.edu,16.5,ok,sieve2_sieve2,0.006565092798742048,0.018201249875852837,0.051174983601344176,0.04158872928926924,0.06932749423023817,0.07804077554208089,0.5762994763309066,0.14082579959611213,"[0.822, 0.6, 0.86, 0.68]","[0.002, 0.002, 0.002, 0.002]","[0.822, 0.6, 0.86, 0.68]","[{""bootstrap_seed"": 700760000, ""n_boot"": 499, ""n_effective_moments"": 48, ""p_value"": 0.822, ""statistic"": 1.6498045573392561, ""warning"": null}, {""bootstrap_seed"": 700760002, ""n_boot"": 499, ""n_effective_moments"": 48, ""p_value"": 0.6, ""statistic"": 1.9330373669949887, ""warning"": null}, {""bootstrap_seed"": 700760004, ""n_boot"": 499, ""n_effective_moments"": 48, ""p_value"": 0.86, ""statistic"": 1.5529073524086485, ""warning"": null}, {""bootstrap_seed"": 700760006, ""n_boot"": 499, ""n_effective_moments"": 48, ""p_value"": 0.68, ""statistic"": 1.8713280331585689, ""warning"": null}]","[{""bootstrap_seed"": 700760001, ""n_boot"": 499, ""n_effective_moments"": 48, ""p_value"": 0.002, ""statistic"": 4.844683798350172, ""warning"": null}, {""bootstrap_seed"": 700760003, ""n_boot"": 499, ""n_effective_moments"": 48, ""p_value"": 0.002, ""statistic"": 5.533161364644383, ""warning"": null}, {""bootstrap_seed"": 700760005, ""n_boot"": 499, ""n_effective_moments"": 48, ""p_value"": 0.002, ""statistic"": 6.014642120081115, ""warning"": null}, {""bootstrap_seed"": 700760007, ""n_boot"": 499, ""n_effective_moments"": 48, ""p_value"": 0.002, ""statistic"": 5.296755296650281, ""warning"": null}]",True,0.0125,[],72.92576708914862,72.92576708914862,77.83790265512857,"[72.05446612279734, 77.83790265512857, 68.88493248951994]","[0.13421481487041337, 0.1394972245737604, 0.13122969603858717]","[0.5261220742920204, 0.5468291203291408, 0.5144204084712617]","[0.9367511444868639, 0.3674613388792973, 0.11592896919870593]","[0.6736901073408534, 0.09404677871472672, -0.14128123503692475]","[1.1998121816328744, 0.6408758990438679, 0.3731391734343366]",0.30404124708214303,428.82826437880954,"[433.35594559275336, 454.57884137331126, 436.95895836729215, 390.41931218188137]",50.0,False,False,False,False,False,False
B2,S1_n4000,220000,700720000,220000,800720000,6122aeb,dhai.bme.e.uh.edu,16.5,ok,sieve3_sieve3,0.015339075672983987,0.03161733171884312,0.08307844342089095,0.07980520307145421,0.13507006957313827,0.1103812758222121,7.436049409443122,3.3309407086761453,"[0.172, 0.048, 0.054, 0.126]","[0.002, 0.002, 0.002, 0.002]","[0.172, 0.048, 0.054, 0.126]","[{""bootstrap_seed"": 700770000, ""n_boot"": 499, ""n_effective_moments"": 48, ""p_value"": 0.172, ""statistic"": 2.68407748503013, ""warning"": null}, {""bootstrap_seed"": 700770002, ""n_boot"": 499, ""n_effective_moments"": 48, ""p_value"": 0.048, ""statistic"": 3.0742396963012943, ""warning"": null}, {""bootstrap_seed"": 700770004, ""n_boot"": 499, ""n_effective_moments"": 48, ""p_value"": 0.054, ""statistic"": 3.141789145221209, ""warning"": null}, {""bootstrap_seed"": 700770006, ""n_boot"": 499, ""n_effective_moments"": 48, ""p_value"": 0.126, ""statistic"": 2.778851298139519, ""warning"": null}]","[{""bootstrap_seed"": 700770001, ""n_boot"": 499, ""n_effective_moments"": 48, ""p_value"": 0.002, ""statistic"": 8.511660698127205, ""warning"": null}, {""bootstrap_seed"": 700770003, ""n_boot"": 499, ""n_effective_moments"": 48, ""p_value"": 0.002, ""statistic"": 12.434132072928024, ""warning"": null}, {""bootstrap_seed"": 700770005, ""n_boot"": 499, ""n_effective_moments"": 48, ""p_value"": 0.002, ""statistic"": 9.710722704335526, ""warning"": null}, {""bootstrap_seed"": 700770007, ""n_boot"": 499, ""n_effective_moments"": 48, ""p_value"": 0.002, ""statistic"": 8.808024606268793, ""warning"": null}]",True,0.0125,[],112531.3231467334,112531.3231467334,116451.12036804484,"[105240.91441021324, 115901.93466194214, 116451.12036804484]","[5.129349725116558, 5.382888041329258, 5.395626014839354]","[20.107050922456907, 21.10092112201069, 21.150853978170268]","[1.805084368566177, -1.0467828002312662, -8.01679319242819]","[-8.248441092662288, -11.597243361236604, -18.59222018151332]","[11.858609829794643, 9.503677760774071, 2.558633796656938]",0.9193645348504762,383.8611269630949,"[369.7957717459039, 454.1936206517499, 368.7856372462877, 342.6694782084381]",50.0,False,False,False,False,False,False
C2,S2_n4000,220000,700730000,220000,800730000,6122aeb,dhai.bme.e.uh.edu,18.4,ok,kernel_kernel,0.08155424064600376,0.16860948467013087,0.08538447487318049,0.2892457478507836,0.4382817390418131,0.4451591198997076,0.6421681120182755,0.510336654172224,"[0.002, 0.002, 0.002, 0.002]","[0.002, 0.002, 0.002, 0.002]","[0.002, 0.002, 0.002, 0.002]","[{""bootstrap_seed"": 700730000, ""n_boot"": 499, ""n_effective_moments"": 48, ""p_value"": 0.002, ""statistic"": 14.459022148063093, ""warning"": null}, {""bootstrap_seed"": 700730002, ""n_boot"": 499, ""n_effective_moments"": 48, ""p_value"": 0.002, ""statistic"": 14.783016669408616, ""warning"": null}, {""bootstrap_seed"": 700730004, ""n_boot"": 499, ""n_effective_moments"": 48, ""p_value"": 0.002, ""statistic"": 15.54022794288574, ""warning"": null}, {""bootstrap_seed"": 700730006, ""n_boot"": 499, ""n_effective_moments"": 48, ""p_value"": 0.002, ""statistic"": 14.180588173268756, ""warning"": null}]","[{""bootstrap_seed"": 700730001, ""n_boot"": 499, ""n_effective_moments"": 48, ""p_value"": 0.002, ""statistic"": 32.499550150984724, ""warning"": null}, {""bootstrap_seed"": 700730003, ""n_boot"": 499, ""n_effective_moments"": 48, ""p_value"": 0.002, ""statistic"": 37.43208310831755, ""warning"": null}, {""bootstrap_seed"": 700730005, ""n_boot"": 499, ""n_effective_moments"": 48, ""p_value"": 0.002, ""statistic"": 35.366807821092756, ""warning"": null}, {""bootstrap_seed"": 700730007, ""n_boot"": 499, ""n_effective_moments"": 48, ""p_value"": 0.002, ""statistic"": 39.78965484455223, ""warning"": null}]",False,0.0125,"[0, 1, 2, 3]",10.611836034696758,10.611836034696758,10.977110467577983,"[10.977110467577983, 10.560501440056017, 10.297896196456273]","[0.05238585321338668, 0.05138215020816085, 0.05073927521273898]","[0.20535254459647578, 0.20141802881599052, 0.1988979588339368]","[0.4513226912175472, -0.7276520438791478, -0.03868083875763908]","[0.3486464189193093, -0.8283610582871431, -0.1381298181746076]","[0.553998963515785, -0.6269430294711525, 0.060768140659329443]",0.49805651550740004,997.5931256289166,"[1056.7574895180062, 970.0572850120352, 951.457253097595, 1012.1004748880301]",2.4482192993164062,False,False,False,False,False,True
C2,S2_n4000,220000,700730000,220000,800730000,6122aeb,dhai.bme.e.uh.edu,18.4,ok,kernel_sieve1,0.08155424064600376,0.16860948467013087,0.08538447487318049,0.018041302035822406,0.03681379122638631,0.017243030747558327,0.7406454652979784,0.13937706431410457,"[0.002, 0.002, 0.002, 0.002]","[0.134, 0.134, 0.03, 0.004]","[0.134, 0.134, 0.03, 0.004]","[{""bootstrap_seed"": 700740000, ""n_boot"": 499, ""n_effective_moments"": 48, ""p_value"": 0.002, ""statistic"": 14.459022148063093, ""warning"": null}, {""bootstrap_seed"": 700740002, ""n_boot"": 499, ""n_effective_moments"": 48, ""p_value"": 0.002, ""statistic"": 14.783016669408616, ""warning"": null}, {""bootstrap_seed"": 700740004, ""n_boot"": 499, ""n_effective_moments"": 48, ""p_value"": 0.002, ""statistic"": 15.54022794288574, ""warning"": null}, {""bootstrap_seed"": 700740006, ""n_boot"": 499, ""n_effective_moments"": 48, ""p_value"": 0.002, ""statistic"": 14.180588173268756, ""warning"": null}]","[{""bootstrap_seed"": 700740001, ""n_boot"": 499, ""n_effective_moments"": 48, ""p_value"": 0.134, ""statistic"": 2.758087443753092, ""warning"": null}, {""bootstrap_seed"": 700740003, ""n_boot"": 499, ""n_effective_moments"": 48, ""p_value"": 0.134, ""statistic"": 2.7452172235017693, ""warning"": null}, {""bootstrap_seed"": 700740005, ""n_boot"": 499, ""n_effective_moments"": 48, ""p_value"": 0.03, ""statistic"": 3.2388358205615924, ""warning"": null}, {""bootstrap_seed"": 700740007, ""n_boot"": 499, ""n_effective_moments"": 48, ""p_value"": 0.004, ""statistic"": 3.7562533818359345, ""warning"": null}]",False,0.0125,[3],68.18884152702451,68.18884152702451,69.10680590024042,"[66.39968728823857, 69.10680590024042, 69.06003139259454]","[0.12884068387764652, 0.13144086683775372, 0.13139637684559127]","[0.5050554808003743, 0.5152481980039946, 0.5150737972347178]","[0.9787131138784894, -0.8924030438812138, 0.7115585081578428]","[0.7261853734783019, -1.1500271428832112, 0.4540216095404839]","[1.2312408542786768, -0.6347789448792166, 0.9690954067752018]",0.06581573033233301,659.868742126047,"[705.7908698772505, 674.4811329740565, 616.0417496319394, 643.1612160209412]",22.428485296204606,False,False,False,False,False,False
C2,S2_n4000,220000,700730000,220000,800730000,6122aeb,dhai.bme.e.uh.edu,18.4,ok,sieve1_kernel,0.008396834744187896,0.03062254757005025,0.03331274692201894,0.2892457478507836,0.4382817390418131,0.4451591198997076,0.4615257199470353,0.039752956303421016,"[0.54, 0.038, 0.216, 0.074]","[0.002, 0.002, 0.002, 0.002]","[0.54, 0.038, 0.216, 0.074]","[{""bootstrap_seed"": 700750000, ""n_boot"": 499, ""n_effective_moments"": 48, ""p_value"": 0.54, ""statistic"": 2.01766825032243, ""warning"": null}, {""bootstrap_seed"": 700750002, ""n_boot"": 499, ""n_effective_moments"": 48, ""p_value"": 0.038, ""statistic"": 3.2245122999356544, ""warning"": null}, {""bootstrap_seed"": 700750004, ""n_boot"": 499, ""n_effective_moments"": 48, ""p_value"": 0.216, ""statistic"": 2.5192993055568507, ""warning"": null}, {""bootstrap_seed"": 700750006, ""n_boot"": 499, ""n_effective_moments"": 48, ""p_value"": 0.074, ""statistic"": 3.007365768441309, ""warning"": null}]","[{""bootstrap_seed"": 700750001, ""n_boot"": 499, ""n_effective_moments"": 48, ""p_value"": 0.002, ""statistic"": 32.499550150984724, ""warning"": null}, {""bootstrap_seed"": 700750003, ""n_boot"": 499, ""n_effective_moments"": 48, ""p_value"": 0.002, ""statistic"": 37.43208310831755, ""warning"": null}, {""bootstrap_seed"": 700750005, ""n_boot"": 499, ""n_effective_moments"": 48, ""p_value"": 0.002, ""statistic"": 35.366807821092756, ""warning"": null}, {""bootstrap_seed"": 700750007, ""n_boot"": 499, ""n_effective_moments"": 48, ""p_value"": 0.002, ""statistic"": 39.78965484455223, ""warning"": null}]",True,0.0125,[],4.000920431200259,4.000920431200259,4.079538579572198,"[4.079538579572198, 4.062913976925419, 3.860308737103163]","[0.0319356328400276, 0.031870495669684126, 0.031065691434052946]","[0.1251876807329082, 0.12493234302516178, 0.12177751042148754]","[1.0541616351117937, -0.6828946552598566, 0.8482796343036291]","[0.9915677947453396, -0.7453608267724376, 0.7873908790928853]","[1.1167554754782478, -0.6204284837472755, 0.9091683895143728]",0.49805651550740004,997.5931256289166,"[1056.7574895180062, 970.0572850120352, 951.457253097595, 1012.1004748880301]",2.4482192993164062,False,True,True,False,False,False
C2,S2_n4000,220000,700730000,220000,800730000,6122aeb,dhai.bme.e.uh.edu,18.4,ok,sieve1_sieve1,0.008396834744187896,0.03062254757005025,0.03331274692201894,0.018041302035822406,0.03681379122638631,0.017243030747558327,0.3693334294024432,0.03506748419452177,"[0.55, 0.028, 0.218, 0.092]","[0.12, 0.114, 0.032, 0.01]","[0.55, 0.114, 0.218, 0.092]","[{""bootstrap_seed"": 700760000, ""n_boot"": 499, ""n_effective_moments"": 48, ""p_value"": 0.55, ""statistic"": 2.01766825032243, ""warning"": null}, {""bootstrap_seed"": 700760002, ""n_boot"": 499, ""n_effective_moments"": 48, ""p_value"": 0.028, ""statistic"": 3.2245122999356544, ""warning"": null}, {""bootstrap_seed"": 700760004, ""n_boot"": 499, ""n_effective_moments"": 48, ""p_value"": 0.218, ""statistic"": 2.5192993055568507, ""warning"": null}, {""bootstrap_seed"": 700760006, ""n_boot"": 499, ""n_effective_moments"": 48, ""p_value"": 0.092, ""statistic"": 3.007365768441309, ""warning"": null}]","[{""bootstrap_seed"": 700760001, ""n_boot"": 499, ""n_effective_moments"": 48, ""p_value"": 0.12, ""statistic"": 2.758087443753092, ""warning"": null}, {""bootstrap_seed"": 700760003, ""n_boot"": 499, ""n_effective_moments"": 48, ""p_value"": 0.114, ""statistic"": 2.7452172235017693, ""warning"": null}, {""bootstrap_seed"": 700760005, ""n_boot"": 499, ""n_effective_moments"": 48, ""p_value"": 0.032, ""statistic"": 3.2388358205615924, ""warning"": null}, {""bootstrap_seed"": 700760007, ""n_boot"": 499, ""n_effective_moments"": 48, ""p_value"": 0.01, ""statistic"": 3.7562533818359345, ""warning"": null}]",True,0.0125,[],25.11110293132943,25.11110293132943,25.379048963630602,"[25.007940381181097, 24.946319449176595, 25.379048963630602]","[0.07906949535247632, 0.07897201948977972, 0.07965401584921912]","[0.3099524217817072, 0.3095703163999365, 0.31224374212893896]","[1.014746040650143, -0.7216980129565743, 0.8348131166604267]","[0.8597698297592893, -0.8764831711565424, 0.6786912455959571]","[1.1697222515409966, -0.5669128547566062, 0.9909349877248963]",0.06581573033233301,659.868742126047,"[705.7908698772505, 674.4811329740565, 616.0417496319394, 643.1612160209412]",22.428485296204606,True,False,False,True,True,False
C2,S2_n4000,220000,700730000,220000,800730000,6122aeb,dhai.bme.e.uh.edu,18.4,ok,sieve2_sieve2,0.007314407187810543,0.015612373351375974,0.021948525763908853,0.03890516020855491,0.06165742897559011,0.03491745079477429,0.4043510055210235,0.21281504048143604,"[0.664, 0.978, 0.984, 0.976]","[0.004, 0.002, 0.002, 0.002]","[0.664, 0.978, 0.984, 0.976]","[{""bootstrap_seed"": 700770000, ""n_boot"": 499, ""n_effective_moments"": 48, ""p_value"": 0.664, ""statistic"": 1.9522986481742468, ""warning"": null}, {""bootstrap_seed"": 700770002, ""n_boot"": 499, ""n_effective_moments"": 48, ""p_value"": 0.978, ""statistic"": 1.154088804165878, ""warning"": null}, {""bootstrap_seed"": 700770004, ""n_boot"": 499, ""n_effective_moments"": 48, ""p_value"": 0.984, ""statistic"": 1.1728591462521174, ""warning"": null}, {""bootstrap_seed"": 700770006, ""n_boot"": 499, ""n_effective_moments"": 48, ""p_value"": 0.976, ""statistic"": 1.2179479352303304, ""warning"": null}]","[{""bootstrap_seed"": 700770001, ""n_boot"": 499, ""n_effective_moments"": 48, ""p_value"": 0.004, ""statistic"": 4.511141189966865, ""warning"": null}, {""bootstrap_seed"": 700770003, ""n_boot"": 499, ""n_effective_moments"": 48, ""p_value"": 0.002, ""statistic"": 5.421772358004959, ""warning"": null}, {""bootstrap_seed"": 700770005, ""n_boot"": 499, ""n_effective_moments"": 48, ""p_value"": 0.002, ""statistic"": 4.980230636089518, ""warning"": null}, {""bootstrap_seed"": 700770007, ""n_boot"": 499, ""n_effective_moments"": 48, ""p_value"": 0.002, ""statistic"": 5.656872619414975, ""warning"": null}]",True,0.0125,[],74.64120900408136,74.64120900408136,77.82055416210483,"[72.4055105065536, 73.69756234358564, 77.82055416210483]","[0.1345413602823994, 0.13573647478071768, 0.1394816781535346]","[0.5274021323070057, 0.5320869811404133, 0.5467681783618557]","[0.8630397879870332, -0.9545538222870824, 0.6690686839531732]","[0.5993387218335304, -1.2205973128572891, 0.3956845947722454]","[1.126740854140536, -0.6885103317168757, 0.942452773134101]",0.3219099088586883,408.5480995080147,"[405.99433582823474, 446.96753314002547, 406.92384226988753, 374.30668679391107]",50.0,False,False,False,False,False,False
C2,S2_n4000,220000,700730000,220000,800730000,6122aeb,dhai.bme.e.uh.edu,18.4,ok,sieve3_sieve3,0.013135272318582056,0.0332087898935777,0.06604547320423482,0.07598139708126708,0.1208273778655636,0.10116770995066,1.0853603383808228,1.7805185945687099,"[0.118, 0.344, 0.048, 0.002]","[0.002, 0.002, 0.002, 0.002]","[0.118, 0.344, 0.048, 0.002]","[{""bootstrap_seed"": 700780000, ""n_boot"": 499, ""n_effective_moments"": 48, ""p_value"": 0.118, ""statistic"": 2.8484443375560566, ""warning"": null}, {""bootstrap_seed"": 700780002, ""n_boot"": 499, ""n_effective_moments"": 48, ""p_value"": 0.344, ""statistic"": 2.3223685045059477, ""warning"": null}, {""bootstrap_seed"": 700780004, ""n_boot"": 499, ""n_effective_moments"": 48, ""p_value"": 0.048, ""statistic"": 3.2151346161411265, ""warning"": null}, {""bootstrap_seed"": 700780006, ""n_boot"": 499, ""n_effective_moments"": 48, ""p_value"": 0.002, ""statistic"": 4.08572575344198, ""warning"": null}]","[{""bootstrap_seed"": 700780001, ""n_boot"": 499, ""n_effective_moments"": 48, ""p_value"": 0.002, ""statistic"": 9.901092966228372, ""warning"": null}, {""bootstrap_seed"": 700780003, ""n_boot"": 499, ""n_effective_moments"": 48, ""p_value"": 0.002, ""statistic"": 10.569562313723283, ""warning"": null}, {""bootstrap_seed"": 700780005, ""n_boot"": 499, ""n_effective_moments"": 48, ""p_value"": 0.002, ""statistic"": 8.53874333718212, ""warning"": null}, {""bootstrap_seed"": 700780007, ""n_boot"": 499, ""n_effective_moments"": 48, ""p_value"": 0.002, ""statistic"": 9.581843279997708, ""warning"": null}]",False,0.0125,[3],142998.77703433446,142998.77703433446,160978.9540988346,"[160978.9540988346, 111703.353512913, 156314.0234912558]","[6.343874094329793, 5.284490361257957, 6.2512803386837446]","[24.86798644977279, 20.71520221613119, 24.50501892764028]","[-1.9798663725440384, -1.1752912625567633, -0.9703983775078959]","[-14.413859597430442, -11.532892370622376, -13.222907841328023]","[10.454126852342366, 9.182309845508849, 11.28211108631223]",0.9786449544185363,381.2306697680631,"[389.9271225342552, 393.41134090120414, 372.64304336052663, 368.94117227626646]",50.0,False,False,False,False,False,False
D2,nonlinear_n4000,220000,700740000,220000,800740000,6122aeb,dhai.bme.e.uh.edu,13.2,ok,kernel_kernel,0.21073419489095035,0.3665703279039195,0.3005072090960203,0.0835014567897244,0.2051423383522946,0.17283188330576282,0.8413741099154105,0.9538070995316459,"[0.002, 0.002]","[0.002, 0.002]","[0.002, 0.002]","[{""bootstrap_seed"": 700740000, ""n_boot"": 499, ""n_effective_moments"": 48, ""p_value"": 0.002, ""statistic"": 21.288840461786002, ""warning"": null}, {""bootstrap_seed"": 700740002, ""n_boot"": 499, ""n_effective_moments"": 48, ""p_value"": 0.002, ""statistic"": 34.83741274927608, ""warning"": null}]","[{""bootstrap_seed"": 700740001, ""n_boot"": 499, ""n_effective_moments"": 48, ""p_value"": 0.002, ""statistic"": 24.000374606452645, ""warning"": null}, {""bootstrap_seed"": 700740003, ""n_boot"": 499, ""n_effective_moments"": 48, ""p_value"": 0.002, ""statistic"": 17.196534711682244, ""warning"": null}]",False,0.025,"[0, 1]",22.295524325420093,22.295524325420093,22.295524325420093,[22.295524325420093],[0.07465842940589511],[0.2926610432711088],[2.953807099531646],[2.8074765778960913],[3.1001376211672005],0.09078606544435025,1999.554731547886,"[1990.5048846190941, 2008.6045784766777]",1.9838223457336426,False,False,False,False,False,True
D2,nonlinear_n4000,220000,700740000,220000,800740000,6122aeb,dhai.bme.e.uh.edu,13.2,ok,kernel_sieve1,0.21073419489095035,0.3665703279039195,0.3005072090960203,0.04047971449652818,0.08802529539875804,0.12218583650650708,0.704986930728318,0.5032709751760622,"[0.002, 0.002]","[0.002, 0.002]","[0.002, 0.002]","[{""bootstrap_seed"": 700750000, ""n_boot"": 499, ""n_effective_moments"": 48, ""p_value"": 0.002, ""statistic"": 21.288840461786002, ""warning"": null}, {""bootstrap_seed"": 700750002, ""n_boot"": 499, ""n_effective_moments"": 48, ""p_value"": 0.002, ""statistic"": 34.83741274927608, ""warning"": null}]","[{""bootstrap_seed"": 700750001, ""n_boot"": 499, ""n_effective_moments"": 48, ""p_value"": 0.002, ""statistic"": 7.670850479029498, ""warning"": null}, {""bootstrap_seed"": 700750003, ""n_boot"": 499, ""n_effective_moments"": 48, ""p_value"": 0.002, ""statistic"": 6.73857415844355, ""warning"": null}]",False,0.025,"[0, 1]",40.133292357628974,40.133292357628974,40.133292357628974,[40.133292357628974],[0.10016647687428785],[0.39265258934720837],[2.5032709751760622],[2.306944680502458],[2.6995972698496664],0.13728153633139228,1128.0769962401234,"[902.202948718562, 1353.951043761685]",25.211025568183288,False,False,False,False,False,False
D2,nonlinear_n4000,220000,700740000,220000,800740000,6122aeb,dhai.bme.e.uh.edu,13.2,ok,sieve1_kernel,0.014966600268210319,0.05132303977839534,0.08105098356256214,0.0835014567897244,0.2051423383522946,0.17283188330576282,0.36990436193370285,0.328654525978461,"[0.002, 0.022]","[0.002, 0.002]","[0.002, 0.022]","[{""bootstrap_seed"": 700760000, ""n_boot"": 499, ""n_effective_moments"": 48, ""p_value"": 0.002, ""statistic"": 5.6430960163129935, ""warning"": null}, {""bootstrap_seed"": 700760002, ""n_boot"": 499, ""n_effective_moments"": 48, ""p_value"": 0.022, ""statistic"": 3.3163210350285595, ""warning"": null}]","[{""bootstrap_seed"": 700760001, ""n_boot"": 499, ""n_effective_moments"": 48, ""p_value"": 0.002, ""statistic"": 24.000374606452645, ""warning"": null}, {""bootstrap_seed"": 700760003, ""n_boot"": 499, ""n_effective_moments"": 48, ""p_value"": 0.002, ""statistic"": 17.196534711682244, ""warning"": null}]",False,0.025,"[0, 1]",14.713079507264244,14.713079507264244,14.713079507264244,[14.713079507264244],[0.06064874175789685],[0.23774306769095563],[2.328654525978461],[2.209782992132983],[2.447526059823939],0.09078606544435025,1999.554731547886,"[1990.5048846190941, 2008.6045784766777]",1.9838223457336426,False,True,False,True,False,False
D2,nonlinear_n4000,220000,700740000,220000,800740000,6122aeb,dhai.bme.e.uh.edu,13.2,ok,sieve1_sieve1,0.014966600268210319,0.05132303977839534,0.08105098356256214,0.04047971449652818,0.08802529539875804,0.12218583650650708,0.5425925949590448,0.3409317937357095,"[0.002, 0.028]","[0.002, 0.002]","[0.002, 0.028]","[{""bootstrap_seed"": 700770000, ""n_boot"": 499, ""n_effective_moments"": 48, ""p_value"": 0.002, ""statistic"": 5.6430960163129935, ""warning"": null}, {""bootstrap_seed"": 700770002, ""n_boot"": 499, ""n_effective_moments"": 48, ""p_value"": 0.028, ""statistic"": 3.3163210350285595, ""warning"": null}]","[{""bootstrap_seed"": 700770001, ""n_boot"": 499, ""n_effective_moments"": 48, ""p_value"": 0.002, ""statistic"": 7.670850479029498, ""warning"": null}, {""bootstrap_seed"": 700770003, ""n_boot"": 499, ""n_effective_moments"": 48, ""p_value"": 0.002, ""statistic"": 6.73857415844355, ""warning"": null}]",False,0.025,[0],51.84273825712813,51.84273825712813,51.84273825712813,[51.84273825712813],[0.11384500236849236],[0.4462724092844901],[2.3409317937357095],[2.1177955890934643],[2.5640679983779546],0.13728153633139228,1128.0769962401234,"[902.202948718562, 1353.951043761685]",25.211025568183288,True,False,False,False,True,False
D2,nonlinear_n4000,220000,700740000,220000,800740000,6122aeb,dhai.bme.e.uh.edu,13.2,ok,sieve2_sieve2,0.02363650986016789,0.048181220566453346,0.05371070082536764,0.03673994697655359,0.06317953819591648,0.06355647012773925,2.8015220014985163,0.4638226076363221,"[0.004, 0.004]","[0.002, 0.006]","[0.004, 0.006]","[{""bootstrap_seed"": 700780000, ""n_boot"": 499, ""n_effective_moments"": 48, ""p_value"": 0.004, ""statistic"": 3.924839921284556, ""warning"": null}, {""bootstrap_seed"": 700780002, ""n_boot"": 499, ""n_effective_moments"": 48, ""p_value"": 0.004, ""statistic"": 3.8819284682533377, ""warning"": null}]","[{""bootstrap_seed"": 700780001, ""n_boot"": 499, ""n_effective_moments"": 48, ""p_value"": 0.002, ""statistic"": 7.103001470908885, ""warning"": null}, {""bootstrap_seed"": 700780003, ""n_boot"": 499, ""n_effective_moments"": 48, ""p_value"": 0.006, ""statistic"": 3.7005646812629505, ""warning"": null}]",False,0.025,"[0, 1]",411354.2596180933,411354.2596180933,411354.2596180933,[411354.2596180933],[10.140935109965122],[39.75246563106328],[1.536177392363678],[-18.340055423167968],[21.41241020789532],0.21878453268081421,751.5183513190716,"[539.3269342197552, 963.709768418388]",50.0,False,False,False,False,False,False
D2,nonlinear_n4000,220000,700740000,220000,800740000,6122aeb,dhai.bme.e.uh.edu,13.2,ok,sieve3_sieve3,0.009895484800626093,0.025080701938155765,0.03251161787487085,0.07619258311041613,0.13640251652011476,0.07116601414163222,2.2900781972543554,1.881478881200103,"[0.846, 0.08]","[0.002, 0.002]","[0.846, 0.08]","[{""bootstrap_seed"": 700790000, ""n_boot"": 499, ""n_effective_moments"": 48, ""p_value"": 0.846, ""statistic"": 1.6407654405166554, ""warning"": null}, {""bootstrap_seed"": 700790002, ""n_boot"": 499, ""n_effective_moments"": 48, ""p_value"": 0.08, ""statistic"": 3.019106857069816, ""warning"": null}]","[{""bootstrap_seed"": 700790001, ""n_boot"": 499, ""n_effective_moments"": 48, ""p_value"": 0.002, ""statistic"": 13.225451481337927, ""warning"": null}, {""bootstrap_seed"": 700790003, ""n_boot"": 499, ""n_effective_moments"": 48, ""p_value"": 0.002, ""statistic"": 7.877226133796966, ""warning"": null}]",True,0.025,[],49292.97249472854,49292.97249472854,49292.97249472854,[49292.97249472854],[3.510447709862965],[13.760955022662822],[0.11852111879989684],[-6.761956392531515],[6.998998630131308],0.614937233951262,763.5735730120161,"[588.4235490895212, 938.7235969345111]",50.0,False,False,True,False,False,False
E2,hamd_n1500,220000,700750000,220000,800750000,6122aeb,dhai.bme.e.uh.edu,37.6,ok,kernel_kernel,0.042681463625157574,0.1029711567929194,0.03974750051527683,0.3740886638877668,0.6084350370898775,0.564895867984698,0.6389368448590567,0.2483193796707761,"[0.002, 0.002, 0.002, 0.002]","[0.002, 0.002, 0.002, 0.002]","[0.002, 0.002, 0.002, 0.002]","[{""bootstrap_seed"": 700750000, ""n_boot"": 499, ""n_effective_moments"": 48, ""p_value"": 0.002, ""statistic"": 5.076102951810001, ""warning"": null}, {""bootstrap_seed"": 700750002, ""n_boot"": 499, ""n_effective_moments"": 48, ""p_value"": 0.002, ""statistic"": 7.308538225523926, ""warning"": null}, {""bootstrap_seed"": 700750004, ""n_boot"": 499, ""n_effective_moments"": 48, ""p_value"": 0.002, ""statistic"": 5.735096270728783, ""warning"": null}, {""bootstrap_seed"": 700750006, ""n_boot"": 499, ""n_effective_moments"": 48, ""p_value"": 0.002, ""statistic"": 4.988024418623156, ""warning"": null}]","[{""bootstrap_seed"": 700750001, ""n_boot"": 499, ""n_effective_moments"": 48, ""p_value"": 0.002, ""statistic"": 28.964407405390507, ""warning"": null}, {""bootstrap_seed"": 700750003, ""n_boot"": 499, ""n_effective_moments"": 48, ""p_value"": 0.002, ""statistic"": 23.212941087615434, ""warning"": null}, {""bootstrap_seed"": 700750005, ""n_boot"": 499, ""n_effective_moments"": 48, ""p_value"": 0.002, ""statistic"": 27.731256262817617, ""warning"": null}, {""bootstrap_seed"": 700750007, ""n_boot"": 499, ""n_effective_moments"": 48, ""p_value"": 0.002, ""statistic"": 28.41389930714701, ""warning"": null}]",False,0.0125,"[0, 1, 2, 3]",7.943179806989512,7.943179806989512,8.879616435385456,"[8.879616435385456, 7.692919716306649, 7.257003269276432]","[0.07693987451417483, 0.07161433616395835, 0.069555748716534]","[0.3016043080955653, 0.28072819776271674, 0.27265853496881326]","[0.3726885193422674, 0.08829725576842763, 0.08495867504590057]","[0.22188636529448466, -0.05206684311293071, -0.05137059243850614]","[0.5234906733900501, 0.228661354649786, 0.22128794253030729]",0.5538109098672868,374.94352882813257,"[351.9532064941334, 421.93940255876544, 360.9326545869021, 364.94885167272923]",1.8883683681488037,False,False,False,False,False,True
E2,hamd_n1500,220000,700750000,220000,800750000,6122aeb,dhai.bme.e.uh.edu,37.6,ok,kernel_sieve1,0.042681463625157574,0.1029711567929194,0.03974750051527683,0.043794773646134974,0.07702929401108895,0.0604600648780965,0.7352155900011881,0.46952580325129234,"[0.002, 0.002, 0.002, 0.002]","[0.128, 0.006, 0.004, 0.032]","[0.128, 0.006, 0.004, 0.032]","[{""bootstrap_seed"": 700760000, ""n_boot"": 499, ""n_effective_moments"": 48, ""p_value"": 0.002, ""statistic"": 5.076102951810001, ""warning"": null}, {""bootstrap_seed"": 700760002, ""n_boot"": 499, ""n_effective_moments"": 48, ""p_value"": 0.002, ""statistic"": 7.308538225523926, ""warning"": null}, {""bootstrap_seed"": 700760004, ""n_boot"": 499, ""n_effective_moments"": 48, ""p_value"": 0.002, ""statistic"": 5.735096270728783, ""warning"": null}, {""bootstrap_seed"": 700760006, ""n_boot"": 499, ""n_effective_moments"": 48, ""p_value"": 0.002, ""statistic"": 4.988024418623156, ""warning"": null}]","[{""bootstrap_seed"": 700760001, ""n_boot"": 499, ""n_effective_moments"": 48, ""p_value"": 0.128, ""statistic"": 2.8293252308901544, ""warning"": null}, {""bootstrap_seed"": 700760003, ""n_boot"": 499, ""n_effective_moments"": 48, ""p_value"": 0.006, ""statistic"": 3.592094993358495, ""warning"": null}, {""bootstrap_seed"": 700760005, ""n_boot"": 499, ""n_effective_moments"": 48, ""p_value"": 0.004, ""statistic"": 4.224370464199345, ""warning"": null}, {""bootstrap_seed"": 700760007, ""n_boot"": 499, ""n_effective_moments"": 48, ""p_value"": 0.032, ""statistic"": 3.208820483602278, ""warning"": null}]",False,0.0125,"[1, 2]",133.11838563524438,133.11838563524438,144.55323838825393,"[144.55323838825393, 130.13907147031833, 124.66284704716095]","[0.3104332868623616, 0.2945494542181537, 0.2882855610295238]","[1.2168984845004576, 1.1546338605351625, 1.1300793992357332]","[1.4244904014395046, 0.6824560889794214, 0.3958397138056919]","[0.8160411591892751, 0.1051391587118401, -0.16919998581217516]","[2.0329396436897342, 1.2597730192470027, 0.960879413423559]",0.2437388268622946,221.61945634361075,"[215.70678897863698, 226.29214540056208, 222.65479975753078, 221.82409123771316]",27.82864111120661,False,False,False,False,False,False
E2,hamd_n1500,220000,700750000,220000,800750000,6122aeb,dhai.bme.e.uh.edu,37.6,ok,sieve1_kernel,0.01688374625331633,0.037374756933318265,0.06172188083024215,0.3740886638877668,0.6084350370898775,0.564895867984698,0.8484210738979507,0.07009844630754682,"[0.44, 0.862, 0.626, 0.6]","[0.002, 0.002, 0.002, 0.002]","[0.44, 0.862, 0.626, 0.6]","[{""bootstrap_seed"": 700770000, ""n_boot"": 499, ""n_effective_moments"": 48, ""p_value"": 0.44, ""statistic"": 2.1951629506485, ""warning"": null}, {""bootstrap_seed"": 700770002, ""n_boot"": 499, ""n_effective_moments"": 48, ""p_value"": 0.862, ""statistic"": 1.6263425225248707, ""warning"": null}, {""bootstrap_seed"": 700770004, ""n_boot"": 499, ""n_effective_moments"": 48, ""p_value"": 0.626, ""statistic"": 1.9526994209747683, ""warning"": null}, {""bootstrap_seed"": 700770006, ""n_boot"": 499, ""n_effective_moments"": 48, ""p_value"": 0.6, ""statistic"": 1.9256609549365769, ""warning"": null}]","[{""bootstrap_seed"": 700770001, ""n_boot"": 499, ""n_effective_moments"": 48, ""p_value"": 0.002, ""statistic"": 28.964407405390507, ""warning"": null}, {""bootstrap_seed"": 700770003, ""n_boot"": 499, ""n_effective_moments"": 48, ""p_value"": 0.002, ""statistic"": 23.212941087615434, ""warning"": null}, {""bootstrap_seed"": 700770005, ""n_boot"": 499, ""n_effective_moments"": 48, ""p_value"": 0.002, ""statistic"": 27.731256262817617, ""warning"": null}, {""bootstrap_seed"": 700770007, ""n_boot"": 499, ""n_effective_moments"": 48, ""p_value"": 0.002, ""statistic"": 28.41389930714701, ""warning"": null}]",True,0.0125,[],3.955180842899287,3.955180842899287,4.135170022805794,"[3.8594802184085677, 3.8708922874835014, 4.135170022805794]","[0.05072461741868911, 0.05079955569020594, 0.05250504752120374]","[0.19884050028126132, 0.19913425830560727, 0.20581978628311864]","[0.9771986180880673, 0.283349769124497, -0.025129426963333423]","[0.8777783679474367, 0.1837826399716934, -0.12803932010489277]","[1.076618868228698, 0.3829168982773006, 0.07778046617822593]",0.5538109098672868,374.94352882813257,"[351.9532064941334, 421.93940255876544, 360.9326545869021, 364.94885167272923]",1.8883683681488037,False,False,True,True,False,False
E2,hamd_n1500,220000,700750000,220000,800750000,6122aeb,dhai.bme.e.uh.edu,37.6,ok,sieve1_sieve1,0.01688374625331633,0.037374756933318265,0.06172188083024215,0.043794773646134974,0.07702929401108895,0.0604600648780965,1.2889850776540253,0.46268650530780425,"[0.426, 0.874, 0.618, 0.682]","[0.126, 0.018, 0.006, 0.042]","[0.426, 0.874, 0.618, 0.682]","[{""bootstrap_seed"": 700780000, ""n_boot"": 499, ""n_effective_moments"": 48, ""p_value"": 0.426, ""statistic"": 2.1951629506485, ""warning"": null}, {""bootstrap_seed"": 700780002, ""n_boot"": 499, ""n_effective_moments"": 48, ""p_value"": 0.874, ""statistic"": 1.6263425225248707, ""warning"": null}, {""bootstrap_seed"": 700780004, ""n_boot"": 499, ""n_effective_moments"": 48, ""p_value"": 0.618, ""statistic"": 1.9526994209747683, ""warning"": null}, {""bootstrap_seed"": 700780006, ""n_boot"": 499, ""n_effective_moments"": 48, ""p_value"": 0.682, ""statistic"": 1.9256609549365769, ""warning"": null}]","[{""bootstrap_seed"": 700780001, ""n_boot"": 499, ""n_effective_moments"": 48, ""p_value"": 0.126, ""statistic"": 2.8293252308901544, ""warning"": null}, {""bootstrap_seed"": 700780003, ""n_boot"": 499, ""n_effective_moments"": 48, ""p_value"": 0.018, ""statistic"": 3.592094993358495, ""warning"": null}, {""bootstrap_seed"": 700780005, ""n_boot"": 499, ""n_effective_moments"": 48, ""p_value"": 0.006, ""statistic"": 4.224370464199345, ""warning"": null}, {""bootstrap_seed"": 700780007, ""n_boot"": 499, ""n_effective_moments"": 48, ""p_value"": 0.042, ""statistic"": 3.208820483602278, ""warning"": null}]",True,0.0125,[],54.22249538169427,54.22249538169427,55.04651754579168,"[52.89682384528154, 55.04651754579168, 54.724144754009586]","[0.18778857587773462, 0.19156638108984864, 0.19100461557077547]","[0.7361312174407197, 0.7509402138722067, 0.7487380930374399]","[1.4505031540479216, 0.8014483924124169, 0.2303167639338151]","[1.082437545327562, 0.4259782854763134, -0.14405228258490496]","[1.8185687627682812, 1.1769184993485204, 0.6046858104525351]",0.2437388268622946,221.61945634361075,"[215.70678897863698, 226.29214540056208, 222.65479975753078, 221.82409123771316]",27.82864111120661,True,False,False,False,True,False
E2,hamd_n1500,220000,700750000,220000,800750000,6122aeb,dhai.bme.e.uh.edu,37.6,ok,sieve2_sieve2,0.021148889776035833,0.04402212010043428,0.07822930465895207,0.0920325864629051,0.15298126040200316,0.1286953534912001,1.4375198145661465,0.4139971318770101,"[0.17, 0.356, 0.488, 0.1]","[0.002, 0.004, 0.002, 0.002]","[0.17, 0.356, 0.488, 0.1]","[{""bootstrap_seed"": 700790000, ""n_boot"": 499, ""n_effective_moments"": 48, ""p_value"": 0.17, ""statistic"": 2.6748991707831085, ""warning"": null}, {""bootstrap_seed"": 700790002, ""n_boot"": 499, ""n_effective_moments"": 48, ""p_value"": 0.356, ""statistic"": 2.2993598192006055, ""warning"": null}, {""bootstrap_seed"": 700790004, ""n_boot"": 499, ""n_effective_moments"": 48, ""p_value"": 0.488, ""statistic"": 2.153693224949068, ""warning"": null}, {""bootstrap_seed"": 700790006, ""n_boot"": 499, ""n_effective_moments"": 48, ""p_value"": 0.1, ""statistic"": 2.8257344574770413, ""warning"": null}]","[{""bootstrap_seed"": 700790001, ""n_boot"": 499, ""n_effective_moments"": 48, ""p_value"": 0.002, ""statistic"": 12.438619002726126, ""warning"": null}, {""bootstrap_seed"": 700790003, ""n_boot"": 499, ""n_effective_moments"": 48, ""p_value"": 0.004, ""statistic"": 3.68045813537322, ""warning"": null}, {""bootstrap_seed"": 700790005, ""n_boot"": 499, ""n_effective_moments"": 48, ""p_value"": 0.002, ""statistic"": 6.772082395748465, ""warning"": null}, {""bootstrap_seed"": 700790007, ""n_boot"": 499, ""n_effective_moments"": 48, ""p_value"": 0.002, ""statistic"": 6.920744690180716, ""warning"": null}]",True,0.0125,[],51.78367316333733,51.78367316333733,81.86592590869468,"[81.86592590869468, 34.96010381434663, 38.524989766970705]","[0.2336178159711493, 0.1526654377265237, 0.16026018379907656]","[0.9157818386069053, 0.5984485158879729, 0.6282199204923801]","[-0.0852090726511946, -0.04124923130943829, -0.0054521474067254685]","[-0.5430999919546471, -0.3404734892534247, -0.31956210765291543]","[0.3726818466522579, 0.2579750266345481, 0.30865781283946453]",0.3071837527938511,169.52589562035269,"[156.41480216069365, 177.86390598530497, 176.88396193389872, 166.94091240151343]",25.51582953780518,False,False,False,False,False,False
E2,hamd_n1500,220000,700750000,220000,800750000,6122aeb,dhai.bme.e.uh.edu,37.6,ok,sieve3_sieve3,0.029751814977492824,0.060518016675276516,0.06800073235378584,3.8888140954195327,6.339238957044355,5.84561289274386,0.8503393410659557,0.3388083599553791,"[0.002, 0.016, 0.276, 0.018]","[0.002, 0.002, 0.002, 0.002]","[0.002, 0.016, 0.276, 0.018]","[{""bootstrap_seed"": 700800000, ""n_boot"": 499, ""n_effective_moments"": 48, ""p_value"": 0.002, ""statistic"": 3.8397933039218657, ""warning"": null}, {""bootstrap_seed"": 700800002, ""n_boot"": 499, ""n_effective_moments"": 48, ""p_value"": 0.016, ""statistic"": 3.497151979828887, ""warning"": null}, {""bootstrap_seed"": 700800004, ""n_boot"": 499, ""n_effective_moments"": 48, ""p_value"": 0.276, ""statistic"": 2.417064462852519, ""warning"": null}, {""bootstrap_seed"": 700800006, ""n_boot"": 499, ""n_effective_moments"": 48, ""p_value"": 0.018, ""statistic"": 3.3073791178144902, ""warning"": null}]","[{""bootstrap_seed"": 700800001, ""n_boot"": 499, ""n_effective_moments"": 48, ""p_value"": 0.002, ""statistic"": 141.97320028673593, ""warning"": null}, {""bootstrap_seed"": 700800003, ""n_boot"": 499, ""n_effective_moments"": 48, ""p_value"": 0.002, ""statistic"": 136.66885137357278, ""warning"": null}, {""bootstrap_seed"": 700800005, ""n_boot"": 499, ""n_effective_moments"": 48, ""p_value"": 0.002, ""statistic"": 133.90479601121325, ""warning"": null}, {""bootstrap_seed"": 700800007, ""n_boot"": 499, ""n_effective_moments"": 48, ""p_value"": 0.002, ""statistic"": 140.69249695208723, ""warning"": null}]",False,0.0125,[0],1.3919727457051432,1.3919727457051432,1.7204038442498029,"[1.7204038442498029, 1.2162508681944493, 1.239263524671178]","[0.03386644203583446, 0.028475145515512872, 0.028743271962567495]","[0.13275645278047107, 0.11162257042081046, 0.11267362609326458]","[0.12417114928114889, 0.012319778242799976, -0.058707212919345525]","[0.05779292289091331, -0.04349150696760527, -0.11504402596597782]","[0.19054937567138447, 0.06813106345320523, -0.0023703998727132303]",0.9523578388810932,182.92113503304722,"[183.26172110506803, 216.32638150913476, 151.6424559407904, 180.45398157719563]",2.279815155924487,False,True,False,False,False,False
R,core_L_n1500_low,220000,700760000,220000,800760000,6122aeb,dhai.bme.e.uh.edu,7.9,ok,kernel_kernel,0.14143688093236714,0.25443096623292216,0.19355335798780826,0.08303433281180284,0.1366320704898188,0.13314707174069748,0.46425885386505494,0.01229911580223475,"[0.002, 0.002]","[0.002, 0.002]","[0.002, 0.002]","[{""bootstrap_seed"": 700760000, ""n_boot"": 499, ""n_effective_moments"": 48, ""p_value"": 0.002, ""statistic"": 12.188174138766378, ""warning"": null}, {""bootstrap_seed"": 700760002, ""n_boot"": 499, ""n_effective_moments"": 48, ""p_value"": 0.002, ""statistic"": 16.197363665042324, ""warning"": null}]","[{""bootstrap_seed"": 700760001, ""n_boot"": 499, ""n_effective_moments"": 48, ""p_value"": 0.002, ""statistic"": 6.762663255224028, ""warning"": null}, {""bootstrap_seed"": 700760003, ""n_boot"": 499, ""n_effective_moments"": 48, ""p_value"": 0.002, ""statistic"": 6.528851008707317, ""warning"": null}]",False,0.025,"[0, 1]",9.314055859158929,9.314055859158929,9.314055859158929,[9.314055859158929],[0.0787995594706761],[0.3088942731250503],[0.9818515153162258],[0.8274043787537007],[1.136298651878751],0.1328467102050781,749.3853853753028,"[747.4087516821359, 751.3620190684696]",1.8796436786651611,False,True,False,False,False,True
R,core_L_n1500_low,220000,700760000,220000,800760000,6122aeb,dhai.bme.e.uh.edu,7.9,ok,kernel_sieve1,0.14143688093236714,0.25443096623292216,0.19355335798780826,0.013966723731287382,0.03383507918413278,0.052834147986908594,0.41604084744533126,0.008403689283404625,"[0.002, 0.002]","[0.768, 0.75]","[0.768, 0.75]","[{""bootstrap_seed"": 700770000, ""n_boot"": 499, ""n_effective_moments"": 48, ""p_value"": 0.002, ""statistic"": 12.188174138766378, ""warning"": null}, {""bootstrap_seed"": 700770002, ""n_boot"": 499, ""n_effective_moments"": 48, ""p_value"": 0.002, ""statistic"": 16.197363665042324, ""warning"": null}]","[{""bootstrap_seed"": 700770001, ""n_boot"": 499, ""n_effective_moments"": 48, ""p_value"": 0.768, ""statistic"": 1.7809411982363965, ""warning"": null}, {""bootstrap_seed"": 700770003, ""n_boot"": 499, ""n_effective_moments"": 48, ""p_value"": 0.75, ""statistic"": 1.797676268805105, ""warning"": null}]",True,0.025,[],13.64213014080202,13.64213014080202,13.64213014080202,[13.64213014080202],[0.0953664166633168],[0.3738363533202019],[1.0025543204018652],[0.8156361437417643],[1.1894724970619661],0.023064547856372686,695.4083012147771,"[692.732836028621, 698.0837664009333]",4.221948695515052,False,False,True,True,False,False
R,core_L_n1500_low,220000,700760000,220000,800760000,6122aeb,dhai.bme.e.uh.edu,7.9,ok,sieve1_kernel,0.017084450655380584,0.03214735731028935,0.12103313957065387,0.08303433281180284,0.1366320704898188,0.13314707174069748,0.49547178386228363,0.30315971880146686,"[0.982, 0.484]","[0.002, 0.002]","[0.982, 0.484]","[{""bootstrap_seed"": 700780000, ""n_boot"": 499, ""n_effective_moments"": 48, ""p_value"": 0.982, ""statistic"": 1.2864511603805358, ""warning"": null}, {""bootstrap_seed"": 700780002, ""n_boot"": 499, ""n_effective_moments"": 48, ""p_value"": 0.484, ""statistic"": 2.0748089668398735, ""warning"": null}]","[{""bootstrap_seed"": 700780001, ""n_boot"": 499, ""n_effective_moments"": 48, ""p_value"": 0.002, ""statistic"": 6.762663255224028, ""warning"": null}, {""bootstrap_seed"": 700780003, ""n_boot"": 499, ""n_effective_moments"": 48, ""p_value"": 0.002, ""statistic"": 6.528851008707317, ""warning"": null}]",True,0.025,[],39.991851008053786,39.991851008053786,39.991851008053786,[39.991851008053786],[0.16328268127811102],[0.6400681106101952],[1.2973103499199274],[0.9772762946148299],[1.617344405225025],0.1328467102050781,749.3853853753028,"[747.4087516821359, 751.3620190684696]",1.8796436786651611,False,False,False,False,False,False
R,core_L_n1500_low,220000,700760000,220000,800760000,6122aeb,dhai.bme.e.uh.edu,7.9,ok,sieve1_sieve1,0.017084450655380584,0.03214735731028935,0.12103313957065387,0.013966723731287382,0.03383507918413278,0.052834147986908594,1.0501238036398641,0.4927922127938761,"[0.976, 0.544]","[0.74, 0.756]","[0.976, 0.756]","[{""bootstrap_seed"": 700790000, ""n_boot"": 499, ""n_effective_moments"": 48, ""p_value"": 0.976, ""statistic"": 1.2864511603805358, ""warning"": null}, {""bootstrap_seed"": 700790002, ""n_boot"": 499, ""n_effective_moments"": 48, ""p_value"": 0.544, ""statistic"": 2.0748089668398735, ""warning"": null}]","[{""bootstrap_seed"": 700790001, ""n_boot"": 499, ""n_effective_moments"": 48, ""p_value"": 0.74, ""statistic"": 1.7809411982363965, ""warning"": null}, {""bootstrap_seed"": 700790003, ""n_boot"": 499, ""n_effective_moments"": 48, ""p_value"": 0.756, ""statistic"": 1.797676268805105, ""warning"": null}]",True,0.025,[],65.7030253596287,65.7030253596287,65.7030253596287,[65.7030253596287],[0.20928931388491656],[0.8204141104288729],[1.4869428439123367],[1.0767357886979],[1.8971498991267732],0.023064547856372686,695.4083012147771,"[692.732836028621, 698.0837664009333]",4.221948695515052,True,False,False,False,True,False
R,core_L_n1500_low,220000,700760000,220000,800760000,6122aeb,dhai.bme.e.uh.edu,7.9,ok,sieve2_sieve2,0.027264521773277664,0.050529636681032275,0.0932401975292371,0.06623965150485496,0.1179660339763226,0.060927878384695836,0.7015218828989418,0.11933404392190472,"[0.238, 0.03]","[0.002, 0.002]","[0.238, 0.03]","[{""bootstrap_seed"": 700800000, ""n_boot"": 499, ""n_effective_moments"": 48, ""p_value"": 0.238, ""statistic"": 2.5609828691209846, ""warning"": null}, {""bootstrap_seed"": 700800002, ""n_boot"": 499, ""n_effective_moments"": 48, ""p_value"": 0.03, ""statistic"": 3.217222894018775, ""warning"": null}]","[{""bootstrap_seed"": 700800001, ""n_boot"": 499, ""n_effective_moments"": 48, ""p_value"": 0.002, ""statistic"": 5.574372462494953, ""warning"": null}, {""bootstrap_seed"": 700800003, ""n_boot"": 499, ""n_effective_moments"": 48, ""p_value"": 0.002, ""statistic"": 4.801372950992412, ""warning"": null}]",True,0.025,[],1166.3388641171393,1166.3388641171393,1166.3388641171393,[1166.3388641171393],[0.8817931972660934],[3.456629333283086],[1.1134846750403653],[-0.6148299916011777],[2.8417993416819085],0.2526740491804347,476.93744636925203,"[458.0943948646268, 495.7804978738773]",15.205852420872391,False,False,False,False,False,False
R,core_L_n1500_low,220000,700760000,220000,800760000,6122aeb,dhai.bme.e.uh.edu,7.9,ok,sieve3_sieve3,0.013495060423856065,0.03554431002947117,0.10120613657305619,0.1379370862003823,0.24206069229207422,0.20584582215983954,0.7863076281381395,0.12599267782860546,"[0.592, 0.914]","[0.002, 0.002]","[0.592, 0.914]","[{""bootstrap_seed"": 700810000, ""n_boot"": 499, ""n_effective_moments"": 48, ""p_value"": 0.592, ""statistic"": 2.090341018365253, ""warning"": null}, {""bootstrap_seed"": 700810002, ""n_boot"": 499, ""n_effective_moments"": 48, ""p_value"": 0.914, ""statistic"": 1.585045318596085, ""warning"": null}]","[{""bootstrap_seed"": 700810001, ""n_boot"": 499, ""n_effective_moments"": 48, ""p_value"": 0.002, ""statistic"": 10.949706321197606, ""warning"": null}, {""bootstrap_seed"": 700810003, ""n_boot"": 499, ""n_effective_moments"": 48, ""p_value"": 0.002, ""statistic"": 11.079154484528667, ""warning"": null}]",True,0.025,[],1761.9584859957117,1761.9584859957117,1761.9584859957117,[1761.9584859957117],[1.0838076354518857],[4.248525930971392],[1.120143308947066],[-1.0041196565386301],[3.2444062744327624],1.4179091556945493,287.3529115353849,"[287.91678118141414, 286.78904188935564]",47.82100628804481,False,False,False,False,False,False
R,core_L_n1500_high,220000,700770000,220000,800770000,6122aeb,dhai.bme.e.uh.edu,8.3,ok,kernel_kernel,0.1292238295451543,0.2294336094552944,0.17571853891583897,0.08776777389903603,0.140423710852428,0.13201679546819842,0.46466111775995605,0.011383628262536694,"[0.002, 0.002]","[0.002, 0.002]","[0.002, 0.002]","[{""bootstrap_seed"": 700770000, ""n_boot"": 499, ""n_effective_moments"": 48, ""p_value"": 0.002, ""statistic"": 10.099099188608829, ""warning"": null}, {""bootstrap_seed"": 700770002, ""n_boot"": 499, ""n_effective_moments"": 48, ""p_value"": 0.002, ""statistic"": 14.970121849122132, ""warning"": null}]","[{""bootstrap_seed"": 700770001, ""n_boot"": 499, ""n_effective_moments"": 48, ""p_value"": 0.002, ""statistic"": 6.652694215323194, ""warning"": null}, {""bootstrap_seed"": 700770003, ""n_boot"": 499, ""n_effective_moments"": 48, ""p_value"": 0.002, ""statistic"": 7.032948463125092, ""warning"": null}]",False,0.025,"[0, 1]",9.32068686060362,9.32068686060362,9.32068686060362,[9.32068686060362],[0.0788276045583171],[0.309004209868603],[0.9827670028559239],[0.8282648979216224],[1.1372691077902255],0.13273766128222148,749.3927468522652,"[747.4127153561492, 751.3727783483811]",1.8843026161193848,False,True,False,True,False,True
R,core_L_n1500_high,220000,700770000,220000,800770000,6122aeb,dhai.bme.e.uh.edu,8.3,ok,kernel_sieve1,0.1292238295451543,0.2294336094552944,0.17571853891583897,0.016392147876938816,0.0330870783774688,0.057088932808085954,0.4022882505525366,0.048687584594931166,"[0.002, 0.002]","[0.73, 0.972]","[0.73, 0.972]","[{""bootstrap_seed"": 700780000, ""n_boot"": 499, ""n_effective_moments"": 48, ""p_value"": 0.002, ""statistic"": 10.099099188608829, ""warning"": null}, {""bootstrap_seed"": 700780002, ""n_boot"": 499, ""n_effective_moments"": 48, ""p_value"": 0.002, ""statistic"": 14.970121849122132, ""warning"": null}]","[{""bootstrap_seed"": 700780001, ""n_boot"": 499, ""n_effective_moments"": 48, ""p_value"": 0.73, ""statistic"": 1.8069029140332407, ""warning"": null}, {""bootstrap_seed"": 700780003, ""n_boot"": 499, ""n_effective_moments"": 48, ""p_value"": 0.972, ""statistic"": 1.3105411816706676, ""warning"": null}]",True,0.025,[],15.634141683873732,15.634141683873732,15.634141683873732,[15.634141683873732],[0.10209192486471438],[0.40020034546968036],[1.0428382157133917],[0.8427380429785516],[1.242938388448232],0.03211805810293522,638.4241636611634,"[643.9563218658205, 632.8920054565064]",5.510770111950006,False,False,True,False,False,False
R,core_L_n1500_high,220000,700770000,220000,800770000,6122aeb,dhai.bme.e.uh.edu,8.3,ok,sieve1_kernel,0.029087465014795075,0.049667888252564206,0.11387883068932755,0.08776777389903603,0.140423710852428,0.13201679546819842,1.0688323763964036,0.4417426245402504,"[0.784, 0.012]","[0.002, 0.002]","[0.784, 0.012]","[{""bootstrap_seed"": 700790000, ""n_boot"": 499, ""n_effective_moments"": 48, ""p_value"": 0.784, ""statistic"": 1.722598084129743, ""warning"": null}, {""bootstrap_seed"": 700790002, ""n_boot"": 499, ""n_effective_moments"": 48, ""p_value"": 0.012, ""statistic"": 3.7968775191782482, ""warning"": null}]","[{""bootstrap_seed"": 700790001, ""n_boot"": 499, ""n_effective_moments"": 48, ""p_value"": 0.002, ""statistic"": 6.652694215323194, ""warning"": null}, {""bootstrap_seed"": 700790003, ""n_boot"": 499, ""n_effective_moments"": 48, ""p_value"": 0.002, ""statistic"": 7.032948463125092, ""warning"": null}]",False,0.025,[1],90.87255634343802,90.87255634343802,90.87255634343802,[90.87255634343802],[0.24613350895186678],[0.9648433550913178],[1.435893255658711],[0.953471578113052],[1.9183149332043699],0.13273766128222148,749.3927468522652,"[747.4127153561492, 751.3727783483811]",1.8843026161193848,False,False,False,False,False,False
R,core_L_n1500_high,220000,700770000,220000,800770000,6122aeb,dhai.bme.e.uh.edu,8.3,ok,sieve1_sieve1,0.029087465014795075,0.049667888252564206,0.11387883068932755,0.016392147876938816,0.0330870783774688,0.057088932808085954,0.9187809131594037,0.475772431559809,"[0.794, 0.01]","[0.752, 0.962]","[0.794, 0.962]","[{""bootstrap_seed"": 700800000, ""n_boot"": 499, ""n_effective_moments"": 48, ""p_value"": 0.794, ""statistic"": 1.722598084129743, ""warning"": null}, {""bootstrap_seed"": 700800002, ""n_boot"": 499, ""n_effective_moments"": 48, ""p_value"": 0.01, ""statistic"": 3.7968775191782482, ""warning"": null}]","[{""bootstrap_seed"": 700800001, ""n_boot"": 499, ""n_effective_moments"": 48, ""p_value"": 0.752, ""statistic"": 1.8069029140332407, ""warning"": null}, {""bootstrap_seed"": 700800003, ""n_boot"": 499, ""n_effective_moments"": 48, ""p_value"": 0.962, ""statistic"": 1.3105411816706676, ""warning"": null}]",True,0.025,[],163.0031993655779,163.0031993655779,163.0031993655779,[163.0031993655779],[0.32964951020296074],[1.292226079995606],[1.4699230626782696],[0.8238100226804665],[2.1160361026760723],0.03211805810293522,638.4241636611634,"[643.9563218658205, 632.8920054565064]",5.510770111950006,True,False,False,False,True,False
R,core_L_n1500_high,220000,700770000,220000,800770000,6122aeb,dhai.bme.e.uh.edu,8.3,ok,sieve2_sieve2,0.03237895585923976,0.057533157396872744,0.0023107131062104647,0.09040157205480703,0.1522242098525877,0.0,63.47125542326811,15.189819048738803,"[0.022, 0.106]","[0.002, 0.002]","[0.022, 0.106]","[{""bootstrap_seed"": 700810000, ""n_boot"": 499, ""n_effective_moments"": 48, ""p_value"": 0.022, ""statistic"": 3.4675476631889115, ""warning"": null}, {""bootstrap_seed"": 700810002, ""n_boot"": 499, ""n_effective_moments"": 48, ""p_value"": 0.106, ""statistic"": 2.8728414509964324, ""warning"": null}]","[{""bootstrap_seed"": 700810001, ""n_boot"": 499, ""n_effective_moments"": 48, ""p_value"": 0.002, ""statistic"": 7.5028408296507525, ""warning"": null}, {""bootstrap_seed"": 700810003, ""n_boot"": 499, ""n_effective_moments"": 48, ""p_value"": 0.002, ""statistic"": 6.243849689831882, ""warning"": null}]",False,0.025,[0],29921.906405859467,29921.906405859467,29921.906405859467,[29921.906405859467],[4.466311409195099],[17.50794072404479],[16.183969679857263],[7.429999317834868],[24.937940041879656],0.46068402225635585,346.9953836064474,"[340.80867448833163, 353.1820927245632]",29.91780104760371,False,False,False,False,False,False
R,core_L_n1500_high,220000,700770000,220000,800770000,6122aeb,dhai.bme.e.uh.edu,8.3,ok,sieve3_sieve3,0.02396834745021184,0.05719943175460704,0.10210680963412908,0.12428450521283164,0.1993223770918667,0.12165721106774914,0.9175749168789982,0.3191757167707949,"[0.004, 0.164]","[0.002, 0.002]","[0.004, 0.164]","[{""bootstrap_seed"": 700820000, ""n_boot"": 499, ""n_effective_moments"": 48, ""p_value"": 0.004, ""statistic"": 3.6489247436242604, ""warning"": null}, {""bootstrap_seed"": 700820002, ""n_boot"": 499, ""n_effective_moments"": 48, ""p_value"": 0.164, ""statistic"": 2.735685176780627, ""warning"": null}]","[{""bootstrap_seed"": 700820001, ""n_boot"": 499, ""n_effective_moments"": 48, ""p_value"": 0.002, ""statistic"": 9.614677816993902, ""warning"": null}, {""bootstrap_seed"": 700820003, ""n_boot"": 499, ""n_effective_moments"": 48, ""p_value"": 0.002, ""statistic"": 8.463187413114564, ""warning"": null}]",False,0.025,[0],1254.902216955073,1254.902216955073,1254.902216955073,[1254.902216955073],[0.9146592141175033],[3.585464119340613],[0.6749749143476657],[-1.1177571453226411],[2.4677069740179722],1.0448701465356183,270.99650580555146,"[274.143812529245, 267.849199081858]",38.043422337910144,False,False,False,False,False,False
R,core_L_n6000_low,220000,700780000,220000,800780000,6122aeb,dhai.bme.e.uh.edu,17.8,ok,kernel_kernel,0.12268440711730905,0.21557312812369983,0.17452185821976263,0.06275702812792833,0.0990873360649478,0.0670830607407966,0.36968485803182505,0.06520706844486113,"[0.002, 0.002]","[0.002, 0.002]","[0.002, 0.002]","[{""bootstrap_seed"": 700780000, ""n_boot"": 499, ""n_effective_moments"": 48, ""p_value"": 0.002, ""statistic"": 17.944163568803248, ""warning"": null}, {""bootstrap_seed"": 700780002, ""n_boot"": 499, ""n_effective_moments"": 48, ""p_value"": 0.002, ""statistic"": 28.940270593303858, ""warning"": null}]","[{""bootstrap_seed"": 700780001, ""n_boot"": 499, ""n_effective_moments"": 48, ""p_value"": 0.002, ""statistic"": 10.270582764941802, ""warning"": null}, {""bootstrap_seed"": 700780003, ""n_boot"": 499, ""n_effective_moments"": 48, ""p_value"": 0.002, ""statistic"": 11.202328985818397, ""warning"": null}]",False,0.025,"[0, 1]",9.689884717734458,9.689884717734458,9.689884717734458,[9.689884717734458],[0.040186823540671594],[0.15753234827943266],[1.0700360223914336],[0.9912698482517173],[1.14880219653115],0.0947917900880178,2998.4242666330474,"[3021.0295619638114, 2975.818971302283]",1.9693288803100586,False,True,False,False,False,True
R,core_L_n6000_low,220000,700780000,220000,800780000,6122aeb,dhai.bme.e.uh.edu,17.8,ok,kernel_sieve1,0.12268440711730905,0.21557312812369983,0.17452185821976263,0.005098554088663042,0.015297935798000702,0.0,0.3556595563588275,0.007451836509482446,"[0.002, 0.002]","[0.6, 0.96]","[0.6, 0.96]","[{""bootstrap_seed"": 700790000, ""n_boot"": 499, ""n_effective_moments"": 48, ""p_value"": 0.002, ""statistic"": 17.944163568803248, ""warning"": null}, {""bootstrap_seed"": 700790002, ""n_boot"": 499, ""n_effective_moments"": 48, ""p_value"": 0.002, ""statistic"": 28.940270593303858, ""warning"": null}]","[{""bootstrap_seed"": 700790001, ""n_boot"": 499, ""n_effective_moments"": 48, ""p_value"": 0.6, ""statistic"": 1.9175045957834438, ""warning"": null}, {""bootstrap_seed"": 700790003, ""n_boot"": 499, ""n_effective_moments"": 48, ""p_value"": 0.96, ""statistic"": 1.2905301944726064, ""warning"": null}]",True,0.025,[],12.511764755198701,12.511764755198701,12.511764755198701,[12.511764755198701],[0.04566502081316125],[0.1790068815875921],[1.012280790456055],[0.9227773496622589],[1.101784231249851],0.00385738096212751,2815.8241375751063,"[2830.945974217696, 2800.7023009325167]",4.251601904119714,False,False,True,True,False,False
R,core_L_n6000_low,220000,700780000,220000,800780000,6122aeb,dhai.bme.e.uh.edu,17.8,ok,sieve1_kernel,0.0075270325955274055,0.014016927669736227,0.04549152466847048,0.06275702812792833,0.0990873360649478,0.0670830607407966,0.3896578408754331,0.08746835710963885,"[0.996, 0.446]","[0.002, 0.002]","[0.996, 0.446]","[{""bootstrap_seed"": 700800000, ""n_boot"": 499, ""n_effective_moments"": 48, ""p_value"": 0.996, ""statistic"": 0.8432400865590882, ""warning"": null}, {""bootstrap_seed"": 700800002, ""n_boot"": 499, ""n_effective_moments"": 48, ""p_value"": 0.446, ""statistic"": 2.060736963853066, ""warning"": null}]","[{""bootstrap_seed"": 700800001, ""n_boot"": 499, ""n_effective_moments"": 48, ""p_value"": 0.002, ""statistic"": 10.270582764941802, ""warning"": null}, {""bootstrap_seed"": 700800003, ""n_boot"": 499, ""n_effective_moments"": 48, ""p_value"": 0.002, ""statistic"": 11.202328985818397, ""warning"": null}]",True,0.025,[],52.62902799517167,52.62902799517167,52.62902799517167,[52.62902799517167],[0.09365631140431457],[0.36713274070491314],[1.0922973110562113],[0.9087309407037547],[1.275863681408668],0.0947917900880178,2998.4242666330474,"[3021.0295619638114, 2975.818971302283]",1.9693288803100586,False,False,False,False,False,False
R,core_L_n6000_low,220000,700780000,220000,800780000,6122aeb,dhai.bme.e.uh.edu,17.8,ok,sieve1_sieve1,0.0075270325955274055,0.014016927669736227,0.04549152466847048,0.005098554088663042,0.015297935798000702,0.0,0.5957106242546074,0.09754972487109992,"[1.0, 0.452]","[0.664, 0.948]","[1.0, 0.948]","[{""bootstrap_seed"": 700810000, ""n_boot"": 499, ""n_effective_moments"": 48, ""p_value"": 1.0, ""statistic"": 0.8432400865590882, ""warning"": null}, {""bootstrap_seed"": 700810002, ""n_boot"": 499, ""n_effective_moments"": 48, ""p_value"": 0.452, ""statistic"": 2.060736963853066, ""warning"": null}]","[{""bootstrap_seed"": 700810001, ""n_boot"": 499, ""n_effective_moments"": 48, ""p_value"": 0.664, ""statistic"": 1.9175045957834438, ""warning"": null}, {""bootstrap_seed"": 700810003, ""n_boot"": 499, ""n_effective_moments"": 48, ""p_value"": 0.948, ""statistic"": 1.2905301944726064, ""warning"": null}]",True,0.025,[],71.79136918946536,71.79136918946536,71.79136918946536,[71.79136918946536],[0.1093856855271485],[0.42879188726642214],[1.1023786788176724],[0.8879827351844612],[1.3167746224508834],0.00385738096212751,2815.8241375751063,"[2830.945974217696, 2800.7023009325167]",4.251601904119714,True,False,False,False,True,False
R,core_L_n6000_low,220000,700780000,220000,800780000,6122aeb,dhai.bme.e.uh.edu,17.8,ok,sieve2_sieve2,0.009964104408147817,0.022339417281966735,0.06406688345736519,0.012555589975306407,0.02197645845701057,0.012198678873208328,0.5726523448955644,0.06982960976367436,"[0.45, 0.156]","[0.18, 0.68]","[0.45, 0.68]","[{""bootstrap_seed"": 700820000, ""n_boot"": 499, ""n_effective_moments"": 48, ""p_value"": 0.45, ""statistic"": 2.0609246477730383, ""warning"": null}, {""bootstrap_seed"": 700820002, ""n_boot"": 499, ""n_effective_moments"": 48, ""p_value"": 0.156, ""statistic"": 2.5898563764866993, ""warning"": null}]","[{""bootstrap_seed"": 700820001, ""n_boot"": 499, ""n_effective_moments"": 48, ""p_value"": 0.18, ""statistic"": 2.611062143428319, ""warning"": null}, {""bootstrap_seed"": 700820003, ""n_boot"": 499, ""n_effective_moments"": 48, ""p_value"": 0.68, ""statistic"": 1.8776666682923857, ""warning"": null}]",True,0.025,[],180.81801715434213,180.81801715434213,180.81801715434213,[180.81801715434213],[0.17359820330979914],[0.6805049569744126],[1.0746585637102468],[0.7344060852230405],[1.4149110421974531],0.029761902731708423,2599.577877072719,"[2605.864036917656, 2593.2917172277816]",7.502585505275149,False,False,False,False,False,False
R,core_L_n6000_low,220000,700780000,220000,800780000,6122aeb,dhai.bme.e.uh.edu,17.8,ok,sieve3_sieve3,0.011702786453465824,0.025260513649574864,0.07856230441433838,0.08409276502203968,0.13846911766849415,0.10817879723424491,0.8634157269872419,0.3439387638735045,"[0.072, 0.104]","[0.002, 0.002]","[0.072, 0.104]","[{""bootstrap_seed"": 700830000, ""n_boot"": 499, ""n_effective_moments"": 48, ""p_value"": 0.072, ""statistic"": 3.144082552516894, ""warning"": null}, {""bootstrap_seed"": 700830002, ""n_boot"": 499, ""n_effective_moments"": 48, ""p_value"": 0.104, ""statistic"": 2.8367441437028065, ""warning"": null}]","[{""bootstrap_seed"": 700830001, ""n_boot"": 499, ""n_effective_moments"": 48, ""p_value"": 0.002, ""statistic"": 12.624769296499716, ""warning"": null}, {""bootstrap_seed"": 700830003, ""n_boot"": 499, ""n_effective_moments"": 48, ""p_value"": 0.002, ""statistic"": 13.001690828081836, ""warning"": null}]",True,0.025,[],4101.666119855701,4101.666119855701,4101.666119855701,[4101.666119855701],[0.8268077285414972],[3.241086295882669],[0.6608901900730679],[-0.9596529578682669],[2.281433338014403],0.41610396999651844,1537.953890484534,"[1553.436625410488, 1522.4711555585802]",33.77857218642821,False,False,False,False,False,False
R,core_L_n6000_high,220000,700790000,220000,800790000,6122aeb,dhai.bme.e.uh.edu,17.4,ok,kernel_kernel,0.11592086617577244,0.21885676733461976,0.1578058163841664,0.061753111852601364,0.0958631823916071,0.06249984076422045,0.2746310773573257,0.07300161450638543,"[0.002, 0.002]","[0.002, 0.002]","[0.002, 0.002]","[{""bootstrap_seed"": 700790000, ""n_boot"": 499, ""n_effective_moments"": 48, ""p_value"": 0.002, ""statistic"": 20.626982772813296, ""warning"": null}, {""bootstrap_seed"": 700790002, ""n_boot"": 499, ""n_effective_moments"": 48, ""p_value"": 0.002, ""statistic"": 25.628850981464947, ""warning"": null}]","[{""bootstrap_seed"": 700790001, ""n_boot"": 499, ""n_effective_moments"": 48, ""p_value"": 0.002, ""statistic"": 8.643755390355711, ""warning"": null}, {""bootstrap_seed"": 700790003, ""n_boot"": 499, ""n_effective_moments"": 48, ""p_value"": 0.002, ""statistic"": 12.376199002274705, ""warning"": null}]",False,0.025,"[0, 1]",9.90356459176868,9.90356459176868,9.90356459176868,[9.90356459176868],[0.04062750421362495],[0.1592598165174098],[1.0778305684529579],[0.998200660194253],[1.1574604767116627],0.0945975741545359,2998.4423655487853,"[3021.0197350618564, 2975.8649960357143]",1.9618914127349854,False,True,False,False,False,True
R,core_L_n6000_high,220000,700790000,220000,800790000,6122aeb,dhai.bme.e.uh.edu,17.4,ok,kernel_sieve1,0.11592086617577244,0.21885676733461976,0.1578058163841664,0.0051392631025967495,0.01142821835022265,0.027664184147778513,0.24849166218586186,0.020114672832352132,"[0.002, 0.002]","[0.928, 1.0]","[0.928, 1.0]","[{""bootstrap_seed"": 700800000, ""n_boot"": 499, ""n_effective_moments"": 48, ""p_value"": 0.002, ""statistic"": 20.626982772813296, ""warning"": null}, {""bootstrap_seed"": 700800002, ""n_boot"": 499, ""n_effective_moments"": 48, ""p_value"": 0.002, ""statistic"": 25.628850981464947, ""warning"": null}]","[{""bootstrap_seed"": 700800001, ""n_boot"": 499, ""n_effective_moments"": 48, ""p_value"": 0.928, ""statistic"": 1.4138431920134837, ""warning"": null}, {""bootstrap_seed"": 700800003, ""n_boot"": 499, ""n_effective_moments"": 48, ""p_value"": 1.0, ""statistic"": 0.8283542238975787, ""warning"": null}]",True,0.025,[],13.769049187725663,13.769049187725663,13.769049187725663,[13.769049187725663],[0.04790450429017725],[0.18778565681749482],[0.9847142811142203],[0.890821452705473],[1.0786071095229677],0.007033563384870267,2645.8268623489357,"[2608.152922559826, 2683.500802138045]",5.330381378733348,False,False,True,True,False,False
R,core_L_n6000_high,220000,700790000,220000,800790000,6122aeb,dhai.bme.e.uh.edu,17.4,ok,sieve1_kernel,0.007284273686091972,0.016034262936799742,0.04748698335647992,0.061753111852601364,0.0958631823916071,0.06249984076422045,0.3789005266263627,0.05191093379817313,"[0.968, 0.584]","[0.002, 0.002]","[0.968, 0.584]","[{""bootstrap_seed"": 700810000, ""n_boot"": 499, ""n_effective_moments"": 48, ""p_value"": 0.968, ""statistic"": 1.3291948248831702, ""warning"": null}, {""bootstrap_seed"": 700810002, ""n_boot"": 499, ""n_effective_moments"": 48, ""p_value"": 0.584, ""statistic"": 1.9635459936052058, ""warning"": null}]","[{""bootstrap_seed"": 700810001, ""n_boot"": 499, ""n_effective_moments"": 48, ""p_value"": 0.002, ""statistic"": 8.643755390355711, ""warning"": null}, {""bootstrap_seed"": 700810003, ""n_boot"": 499, ""n_effective_moments"": 48, ""p_value"": 0.002, ""statistic"": 12.376199002274705, ""warning"": null}]",True,0.025,[],49.40779223972853,49.40779223972853,49.40779223972853,[49.40779223972853],[0.09074487335356612],[0.3557199035459792],[1.0567398877447456],[0.878879935971756],[1.234599839517735],0.0945975741545359,2998.4423655487853,"[3021.0197350618564, 2975.8649960357143]",1.9618914127349854,False,False,False,False,False,False
R,core_L_n6000_high,220000,700790000,220000,800790000,6122aeb,dhai.bme.e.uh.edu,17.4,ok,sieve1_sieve1,0.007284273686091972,0.016034262936799742,0.04748698335647992,0.0051392631025967495,0.01142821835022265,0.027664184147778513,0.5621463854330846,0.03434802501775347,"[0.964, 0.572]","[0.944, 1.0]","[0.964, 1.0]","[{""bootstrap_seed"": 700820000, ""n_boot"": 499, ""n_effective_moments"": 48, ""p_value"": 0.964, ""statistic"": 1.3291948248831702, ""warning"": null}, {""bootstrap_seed"": 700820002, ""n_boot"": 499, ""n_effective_moments"": 48, ""p_value"": 0.572, ""statistic"": 1.9635459936052058, ""warning"": null}]","[{""bootstrap_seed"": 700820001, ""n_boot"": 499, ""n_effective_moments"": 48, ""p_value"": 0.944, ""statistic"": 1.4138431920134837, ""warning"": null}, {""bootstrap_seed"": 700820003, ""n_boot"": 499, ""n_effective_moments"": 48, ""p_value"": 1.0, ""statistic"": 0.8283542238975787, ""warning"": null}]",True,0.025,[],71.33520618029605,71.33520618029605,71.33520618029605,[71.33520618029605],[0.10903761291430285],[0.4274274426240672],[1.039176978964326],[0.8254632576522923],[1.2528907002763594],0.007033563384870267,2645.8268623489357,"[2608.152922559826, 2683.500802138045]",5.330381378733348,True,False,False,False,True,False
R,core_L_n6000_high,220000,700790000,220000,800790000,6122aeb,dhai.bme.e.uh.edu,17.4,ok,sieve2_sieve2,0.010722140946586968,0.023037578147975857,0.0,0.030689246012805878,0.04915951629512784,0.0,4.260163064548872,1.030941917011845,"[0.038, 0.468]","[0.002, 0.002]","[0.038, 0.468]","[{""bootstrap_seed"": 700830000, ""n_boot"": 499, ""n_effective_moments"": 48, ""p_value"": 0.038, ""statistic"": 3.211550145259281, ""warning"": null}, {""bootstrap_seed"": 700830002, ""n_boot"": 499, ""n_effective_moments"": 48, ""p_value"": 0.468, ""statistic"": 2.121441551335564, ""warning"": null}]","[{""bootstrap_seed"": 700830001, ""n_boot"": 499, ""n_effective_moments"": 48, ""p_value"": 0.002, ""statistic"": 4.399757340201246, ""warning"": null}, {""bootstrap_seed"": 700830003, ""n_boot"": 499, ""n_effective_moments"": 48, ""p_value"": 0.002, ""statistic"": 5.067425723458409, ""warning"": null}]",True,0.025,[],3315.321893729954,3315.321893729954,3315.321893729954,[3315.321893729954],[0.743339524682357],[2.9138909367548393],[-0.02611296306527265],[-1.4830584314426922],[1.4308325053121471],0.09163957383548749,1888.2339529509284,"[1930.063329990112, 1846.4045759117448]",14.741504379677059,False,False,False,False,False,False
R,core_L_n6000_high,220000,700790000,220000,800790000,6122aeb,dhai.bme.e.uh.edu,17.4,ok,sieve3_sieve3,0.010687989711091007,0.02531774305286153,0.034852940750810905,0.10300694089318273,0.17097427484762479,0.15060553761122555,11.873460930450529,5.914961257888607,"[0.07, 0.074]","[0.002, 0.002]","[0.07, 0.074]","[{""bootstrap_seed"": 700840000, ""n_boot"": 499, ""n_effective_moments"": 48, ""p_value"": 0.07, ""statistic"": 2.976014924029422, ""warning"": null}, {""bootstrap_seed"": 700840002, ""n_boot"": 499, ""n_effective_moments"": 48, ""p_value"": 0.074, ""statistic"": 2.9057823700255914, ""warning"": null}]","[{""bootstrap_seed"": 700840001, ""n_boot"": 499, ""n_effective_moments"": 48, ""p_value"": 0.002, ""statistic"": 14.565000020109636, ""warning"": null}, {""bootstrap_seed"": 700840003, ""n_boot"": 499, ""n_effective_moments"": 48, ""p_value"": 0.002, ""statistic"": 15.392803836419166, ""warning"": null}]",True,0.025,[],40664.16998661503,40664.16998661503,40664.16998661503,[40664.16998661503],[2.6033366406279153],[10.205079631261428],[-4.910132303942035],[-10.012672119572748],[0.1924075116886783],0.6205461696646111,1245.1545694758609,"[1279.230853064014, 1211.0782858877078]",50.0,False,False,False,False,False,False
R,core_Q_n1500_low,220000,700800000,220000,800800000,6122aeb,dhai.bme.e.uh.edu,8.2,ok,kernel_kernel,0.16053359928223246,0.2436558587766969,0.2189184450372833,0.09307938122738799,0.1442829242817048,0.08211154103049385,0.4354615377376595,0.3248714159254168,"[0.002, 0.002]","[0.002, 0.002]","[0.002, 0.002]","[{""bootstrap_seed"": 700800000, ""n_boot"": 499, ""n_effective_moments"": 48, ""p_value"": 0.002, ""statistic"": 7.906230685873173, ""warning"": null}, {""bootstrap_seed"": 700800002, ""n_boot"": 499, ""n_effective_moments"": 48, ""p_value"": 0.002, ""statistic"": 15.980831871560671, ""warning"": null}]","[{""bootstrap_seed"": 700800001, ""n_boot"": 499, ""n_effective_moments"": 48, ""p_value"": 0.002, ""statistic"": 7.187209713720952, ""warning"": null}, {""bootstrap_seed"": 700800003, ""n_boot"": 499, ""n_effective_moments"": 48, ""p_value"": 0.002, ""statistic"": 7.520955863926051, ""warning"": null}]",False,0.025,"[0, 1]",8.77898014765303,8.77898014765303,8.77898014765303,[8.77898014765303],[0.07650263676350434],[0.29989033611293703],[1.3190220470438774],[1.1690768789874089],[1.468967215100346],0.13221410624186197,749.3956717524334,"[746.4495216587558, 752.3418218461109]",1.8839845657348633,False,False,False,False,False,True
R,core_Q_n1500_low,220000,700800000,220000,800800000,6122aeb,dhai.bme.e.uh.edu,8.2,ok,kernel_sieve1,0.16053359928223246,0.2436558587766969,0.2189184450372833,0.01799719208670161,0.04565622781147838,0.061646121469178174,0.39328053390269146,0.161686623530367,"[0.002, 0.002]","[0.144, 0.418]","[0.144, 0.418]","[{""bootstrap_seed"": 700810000, ""n_boot"": 499, ""n_effective_moments"": 48, ""p_value"": 0.002, ""statistic"": 7.906230685873173, ""warning"": null}, {""bootstrap_seed"": 700810002, ""n_boot"": 499, ""n_effective_moments"": 48, ""p_value"": 0.002, ""statistic"": 15.980831871560671, ""warning"": null}]","[{""bootstrap_seed"": 700810001, ""n_boot"": 499, ""n_effective_moments"": 48, ""p_value"": 0.144, ""statistic"": 2.74679693828755, ""warning"": null}, {""bootstrap_seed"": 700810003, ""n_boot"": 499, ""n_effective_moments"": 48, ""p_value"": 0.418, ""statistic"": 2.1125766144195413, ""warning"": null}]",True,0.025,[],13.401322540746438,13.401322540746438,13.401322540746438,[13.401322540746438],[0.09452097665155758],[0.3705222284741057],[1.1558372546488276],[0.9705761404117748],[1.3410983688858804],0.029756813890732148,668.9461416310518,"[620.9457713084404, 716.9465119536632]",11.323152441790983,False,False,False,False,False,False
R,core_Q_n1500_low,220000,700800000,220000,800800000,6122aeb,dhai.bme.e.uh.edu,8.2,ok,sieve1_kernel,0.01193330157366113,0.04105455968413853,0.0,0.09307938122738799,0.1442829242817048,0.08211154103049385,0.32209578636788433,0.1474097595006446,"[0.114, 0.804]","[0.002, 0.002]","[0.114, 0.804]","[{""bootstrap_seed"": 700820000, ""n_boot"": 499, ""n_effective_moments"": 48, ""p_value"": 0.114, ""statistic"": 2.697467441667942, ""warning"": null}, {""bootstrap_seed"": 700820002, ""n_boot"": 499, ""n_effective_moments"": 48, ""p_value"": 0.804, ""statistic"": 1.6516610371412106, ""warning"": null}]","[{""bootstrap_seed"": 700820001, ""n_boot"": 499, ""n_effective_moments"": 48, ""p_value"": 0.002, ""statistic"": 7.187209713720952, ""warning"": null}, {""bootstrap_seed"": 700820003, ""n_boot"": 499, ""n_effective_moments"": 48, ""p_value"": 0.002, ""statistic"": 7.520955863926051, ""warning"": null}]",True,0.025,[],4.814517949178904,4.814517949178904,4.814517949178904,[4.814517949178904],[0.05665402574209476],[0.22208378090901146],[1.1415603906191052],[1.0305185001645993],[1.252602281073611],0.13221410624186197,749.3956717524334,"[746.4495216587558, 752.3418218461109]",1.8839845657348633,False,True,True,True,False,False
R,core_Q_n1500_low,220000,700800000,220000,800800000,6122aeb,dhai.bme.e.uh.edu,8.2,ok,sieve1_sieve1,0.01193330157366113,0.04105455968413853,0.0,0.01799719208670161,0.04565622781147838,0.061646121469178174,0.3380305590813617,0.19903759263465604,"[0.142, 0.752]","[0.118, 0.392]","[0.142, 0.752]","[{""bootstrap_seed"": 700830000, ""n_boot"": 499, ""n_effective_moments"": 48, ""p_value"": 0.142, ""statistic"": 2.697467441667942, ""warning"": null}, {""bootstrap_seed"": 700830002, ""n_boot"": 499, ""n_effective_moments"": 48, ""p_value"": 0.752, ""statistic"": 1.6516610371412106, ""warning"": null}]","[{""bootstrap_seed"": 700830001, ""n_boot"": 499, ""n_effective_moments"": 48, ""p_value"": 0.118, ""statistic"": 2.74679693828755, ""warning"": null}, {""bootstrap_seed"": 700830003, ""n_boot"": 499, ""n_effective_moments"": 48, ""p_value"": 0.392, ""statistic"": 2.1125766144195413, ""warning"": null}]",True,0.025,[],7.985361208116032,7.985361208116032,7.985361208116032,[7.985361208116032],[0.07296282710218965],[0.28601428224058345],[1.1931882237531166],[1.0501810826328248],[1.3361953648734084],0.029756813890732148,668.9461416310518,"[620.9457713084404, 716.9465119536632]",11.323152441790983,True,False,False,False,True,False
R,core_Q_n1500_low,220000,700800000,220000,800800000,6122aeb,dhai.bme.e.uh.edu,8.2,ok,sieve2_sieve2,0.024035958820811762,0.042018025028244074,0.0479165230556512,0.09222247042836723,0.14812059720919618,0.1091321728716862,0.5933310288653253,0.5640701466486648,"[0.756, 0.114]","[0.002, 0.002]","[0.756, 0.114]","[{""bootstrap_seed"": 700840000, ""n_boot"": 499, ""n_effective_moments"": 48, ""p_value"": 0.756, ""statistic"": 1.7088120315260082, ""warning"": null}, {""bootstrap_seed"": 700840002, ""n_boot"": 499, ""n_effective_moments"": 48, ""p_value"": 0.114, ""statistic"": 2.7030028125080037, ""warning"": null}]","[{""bootstrap_seed"": 700840001, ""n_boot"": 499, ""n_effective_moments"": 48, ""p_value"": 0.002, ""statistic"": 7.052358075821963, ""warning"": null}, {""bootstrap_seed"": 700840003, ""n_boot"": 499, ""n_effective_moments"": 48, ""p_value"": 0.002, ""statistic"": 5.780613190215111, ""warning"": null}]",True,0.025,[],1297.0775640046822,1297.0775640046822,1297.0775640046822,[1297.0775640046822],[0.9299023475629694],[3.64521720244684],[0.43008048446979574],[-1.392528116753624],[2.252689085693216],0.4163118319865482,396.7602666980016,"[307.9705711996925, 485.5499621963107]",49.6215678777891,False,False,False,False,False,False
R,core_Q_n1500_low,220000,700800000,220000,800800000,6122aeb,dhai.bme.e.uh.edu,8.2,ok,sieve3_sieve3,0.017587060167860793,0.03927357916924622,0.0,0.1539405225298238,0.24458425115328267,0.20129921824295666,9.107339943484273,0.27111020896492477,"[0.546, 0.512]","[0.002, 0.002]","[0.546, 0.512]","[{""bootstrap_seed"": 700850000, ""n_boot"": 499, ""n_effective_moments"": 48, ""p_value"": 0.546, ""statistic"": 2.0491366989676227, ""warning"": null}, {""bootstrap_seed"": 700850002, ""n_boot"": 499, ""n_effective_moments"": 48, ""p_value"": 0.512, ""statistic"": 2.1047083096353716, ""warning"": null}]","[{""bootstrap_seed"": 700850001, ""n_boot"": 499, ""n_effective_moments"": 48, ""p_value"": 0.002, ""statistic"": 10.569552622754777, ""warning"": null}, {""bootstrap_seed"": 700850003, ""n_boot"": 499, ""n_effective_moments"": 48, ""p_value"": 0.002, ""statistic"": 10.766540873088363, ""warning"": null}]",True,0.025,[],901.2687374375653,901.2687374375653,901.2687374375653,[901.2687374375653],[0.7751424546226177],[3.038558422120661],[1.2652608400833854],[-0.25401837097694524],[2.7845400511437157],1.33584858266404,290.8312398340273,"[267.1094183233774, 314.5530613446772]",50.0,False,False,False,False,False,False
R,core_Q_n1500_high,220000,700810000,220000,800810000,6122aeb,dhai.bme.e.uh.edu,8.1,ok,kernel_kernel,0.15330578146214693,0.2388205867464128,0.21637661376426875,0.08435321697735423,0.13374865198033703,0.08567422068412822,0.43632104318605586,0.32592977697261183,"[0.002, 0.002]","[0.002, 0.002]","[0.002, 0.002]","[{""bootstrap_seed"": 700810000, ""n_boot"": 499, ""n_effective_moments"": 48, ""p_value"": 0.002, ""statistic"": 7.5056125786379715, ""warning"": null}, {""bootstrap_seed"": 700810002, ""n_boot"": 499, ""n_effective_moments"": 48, ""p_value"": 0.002, ""statistic"": 15.903309019618144, ""warning"": null}]","[{""bootstrap_seed"": 700810001, ""n_boot"": 499, ""n_effective_moments"": 48, ""p_value"": 0.002, ""statistic"": 6.129285649769708, ""warning"": null}, {""bootstrap_seed"": 700810003, ""n_boot"": 499, ""n_effective_moments"": 48, ""p_value"": 0.002, ""statistic"": 6.599531692862694, ""warning"": null}]",False,0.025,"[0, 1]",8.782349765171567,8.782349765171567,8.782349765171567,[8.782349765171567],[0.07651731727816724],[0.2999478837304156],[1.3200804080910724],[1.1701064662258647],[1.4700543499562801],0.13218980709711708,749.394378295967,"[746.4383965344615, 752.3503600574725]",1.8868769407272339,False,False,False,False,False,True
R,core_Q_n1500_high,220000,700810000,220000,800810000,6122aeb,dhai.bme.e.uh.edu,8.1,ok,kernel_sieve1,0.15330578146214693,0.2388205867464128,0.21637661376426875,0.016298257248077704,0.03432380013798427,0.060441978752477414,0.3101896514988289,0.20503693001947199,"[0.002, 0.002]","[0.498, 0.954]","[0.498, 0.954]","[{""bootstrap_seed"": 700820000, ""n_boot"": 499, ""n_effective_moments"": 48, ""p_value"": 0.002, ""statistic"": 7.5056125786379715, ""warning"": null}, {""bootstrap_seed"": 700820002, ""n_boot"": 499, ""n_effective_moments"": 48, ""p_value"": 0.002, ""statistic"": 15.903309019618144, ""warning"": null}]","[{""bootstrap_seed"": 700820001, ""n_boot"": 499, ""n_effective_moments"": 48, ""p_value"": 0.498, ""statistic"": 2.115051462130496, ""warning"": null}, {""bootstrap_seed"": 700820003, ""n_boot"": 499, ""n_effective_moments"": 48, ""p_value"": 0.954, ""statistic"": 1.3701536565421688, ""warning"": null}]",True,0.025,[],14.509695384856354,14.509695384856354,14.509695384856354,[14.509695384856354],[0.09835207296529597],[0.3855401260239602],[1.1991875611379326],[1.0064174981259524],[1.3919576241499128],0.0353766828154245,610.3001156067357,"[520.2711431703855, 700.3290880430861]",14.273154758790135,False,False,False,False,False,False
R,core_Q_n1500_high,220000,700810000,220000,800810000,6122aeb,dhai.bme.e.uh.edu,8.1,ok,sieve1_kernel,0.007244543889322866,0.018645834934797018,0.03591186822723867,0.08435321697735423,0.13374865198033703,0.08567422068412822,0.350117610273352,0.17222028793968935,"[0.996, 0.996]","[0.002, 0.002]","[0.996, 0.996]","[{""bootstrap_seed"": 700830000, ""n_boot"": 499, ""n_effective_moments"": 48, ""p_value"": 0.996, ""statistic"": 1.0367731723636868, ""warning"": null}, {""bootstrap_seed"": 700830002, ""n_boot"": 499, ""n_effective_moments"": 48, ""p_value"": 0.996, ""statistic"": 0.9862455148345445, ""warning"": null}]","[{""bootstrap_seed"": 700830001, ""n_boot"": 499, ""n_effective_moments"": 48, ""p_value"": 0.002, ""statistic"": 6.129285649769708, ""warning"": null}, {""bootstrap_seed"": 700830003, ""n_boot"": 499, ""n_effective_moments"": 48, ""p_value"": 0.002, ""statistic"": 6.599531692862694, ""warning"": null}]",True,0.025,[],7.566441502379171,7.566441502379171,7.566441502379171,[7.566441502379171],[0.07102319575265145],[0.2784109273503937],[1.16637091905815],[1.027165455382953],[1.3055763827333469],0.13218980709711708,749.394378295967,"[746.4383965344615, 752.3503600574725]",1.8868769407272339,False,True,True,True,False,False
R,core_Q_n1500_high,220000,700810000,220000,800810000,6122aeb,dhai.bme.e.uh.edu,8.1,ok,sieve1_sieve1,0.007244543889322866,0.018645834934797018,0.03591186822723867,0.016298257248077704,0.03432380013798427,0.060441978752477414,0.4427263542451195,0.2839973188639132,"[0.996, 0.996]","[0.498, 0.964]","[0.996, 0.996]","[{""bootstrap_seed"": 700840000, ""n_boot"": 499, ""n_effective_moments"": 48, ""p_value"": 0.996, ""statistic"": 1.0367731723636868, ""warning"": null}, {""bootstrap_seed"": 700840002, ""n_boot"": 499, ""n_effective_moments"": 48, ""p_value"": 0.996, ""statistic"": 0.9862455148345445, ""warning"": null}]","[{""bootstrap_seed"": 700840001, ""n_boot"": 499, ""n_effective_moments"": 48, ""p_value"": 0.498, ""statistic"": 2.115051462130496, ""warning"": null}, {""bootstrap_seed"": 700840003, ""n_boot"": 499, ""n_effective_moments"": 48, ""p_value"": 0.964, ""statistic"": 1.3701536565421688, ""warning"": null}]",True,0.025,[],15.06170604260163,15.06170604260163,15.06170604260163,[15.06170604260163],[0.10020547570734056],[0.392805464772775],[1.2781479499823738],[1.0817452175959863],[1.4745506823687613],0.0353766828154245,610.3001156067357,"[520.2711431703855, 700.3290880430861]",14.273154758790135,True,False,False,False,True,False
R,core_Q_n1500_high,220000,700810000,220000,800810000,6122aeb,dhai.bme.e.uh.edu,8.1,ok,sieve2_sieve2,0.01914842074129141,0.05252638101024318,0.049855139318417264,0.10714454689891702,0.16915620485798716,0.16383148283749643,8.242188754745793,1.0464032728448216,"[0.022, 0.012]","[0.002, 0.002]","[0.022, 0.012]","[{""bootstrap_seed"": 700850000, ""n_boot"": 499, ""n_effective_moments"": 48, ""p_value"": 0.022, ""statistic"": 3.381656801859849, ""warning"": null}, {""bootstrap_seed"": 700850002, ""n_boot"": 499, ""n_effective_moments"": 48, ""p_value"": 0.012, ""statistic"": 3.76247427584374, ""warning"": null}]","[{""bootstrap_seed"": 700850001, ""n_boot"": 499, ""n_effective_moments"": 48, ""p_value"": 0.002, ""statistic"": 7.965010268354923, ""warning"": null}, {""bootstrap_seed"": 700850003, ""n_boot"": 499, ""n_effective_moments"": 48, ""p_value"": 0.002, ""statistic"": 7.907711082743679, ""warning"": null}]",False,0.025,"[0, 1]",1774.2255783080375,1774.2255783080375,1774.2255783080375,[1774.2255783080375],[1.087573929535532],[4.263289803779285],[2.040553903963282],[-0.09109099792636055],[4.172198805852925],0.741221461318625,299.7980032304617,"[223.29897342639777, 376.2970330345256]",50.0,False,False,False,False,False,False
R,core_Q_n1500_high,220000,700810000,220000,800810000,6122aeb,dhai.bme.e.uh.edu,8.1,ok,sieve3_sieve3,0.023360753407653347,0.04698322269779472,0.022170706814828228,0.12839188413826327,0.2042585207936555,0.1641884487507007,9.519890593528848,1.024416510083633,"[0.694, 0.036]","[0.002, 0.002]","[0.694, 0.036]","[{""bootstrap_seed"": 700860000, ""n_boot"": 499, ""n_effective_moments"": 48, ""p_value"": 0.694, ""statistic"": 1.8611816176665255, ""warning"": null}, {""bootstrap_seed"": 700860002, ""n_boot"": 499, ""n_effective_moments"": 48, ""p_value"": 0.036, ""statistic"": 3.1363018856185962, ""warning"": null}]","[{""bootstrap_seed"": 700860001, ""n_boot"": 499, ""n_effective_moments"": 48, ""p_value"": 0.002, ""statistic"": 10.334167433602383, ""warning"": null}, {""bootstrap_seed"": 700860003, ""n_boot"": 499, ""n_effective_moments"": 48, ""p_value"": 0.002, ""statistic"": 8.915637707321606, ""warning"": null}]",True,0.025,[],1853.0067713106225,1853.0067713106225,1853.0067713106225,[1853.0067713106225],[1.111457532945103],[4.356913529144804],[2.0185671412020936],[-0.15988962337030843],[4.197023905774495],1.1208825167227108,283.3962087757362,"[274.4948378627338, 292.2975796887387]",45.807278568429396,False,False,False,False,False,False
R,core_Q_n6000_low,220000,700820000,220000,800820000,6122aeb,dhai.bme.e.uh.edu,17.6,ok,kernel_kernel,0.11924627168872133,0.22467001124079183,0.1850679446759709,0.06363485461965372,0.09626003309724859,0.02989391808919972,0.6210714588163451,0.36570526686654814,"[0.002, 0.002]","[0.002, 0.002]","[0.002, 0.002]","[{""bootstrap_seed"": 700820000, ""n_boot"": 499, ""n_effective_moments"": 48, ""p_value"": 0.002, ""statistic"": 18.11654535754338, ""warning"": null}, {""bootstrap_seed"": 700820002, ""n_boot"": 499, ""n_effective_moments"": 48, ""p_value"": 0.002, ""statistic"": 27.425832705276427, ""warning"": null}]","[{""bootstrap_seed"": 700820001, ""n_boot"": 499, ""n_effective_moments"": 48, ""p_value"": 0.002, ""statistic"": 8.931647374578807, ""warning"": null}, {""bootstrap_seed"": 700820003, ""n_boot"": 499, ""n_effective_moments"": 48, ""p_value"": 0.002, ""statistic"": 9.928445055792137, ""warning"": null}]",False,0.025,"[0, 1]",9.54979371378219,9.54979371378219,9.54979371378219,[9.54979371378219],[0.03989526645644023],[0.15638944450924572],[1.3705342208131206],[1.2923394985584977],[1.4487289430677435],0.09505700270334877,2998.4445663960305,"[3010.092496346313, 2986.796636445748]",2.0021426677703857,False,False,False,False,False,True
R,core_Q_n6000_low,220000,700820000,220000,800820000,6122aeb,dhai.bme.e.uh.edu,17.6,ok,kernel_sieve1,0.11924627168872133,0.22467001124079183,0.1850679446759709,0.006178467781477242,0.02128248002534707,0.0,0.4368463661340779,0.13191975669962575,"[0.002, 0.002]","[0.706, 0.228]","[0.706, 0.228]","[{""bootstrap_seed"": 700830000, ""n_boot"": 499, ""n_effective_moments"": 48, ""p_value"": 0.002, ""statistic"": 18.11654535754338, ""warning"": null}, {""bootstrap_seed"": 700830002, ""n_boot"": 499, ""n_effective_moments"": 48, ""p_value"": 0.002, ""statistic"": 27.425832705276427, ""warning"": null}]","[{""bootstrap_seed"": 700830001, ""n_boot"": 499, ""n_effective_moments"": 48, ""p_value"": 0.706, ""statistic"": 1.8400349165679348, ""warning"": null}, {""bootstrap_seed"": 700830003, ""n_boot"": 499, ""n_effective_moments"": 48, ""p_value"": 0.228, ""statistic"": 2.466553087717523, ""warning"": null}]",True,0.025,[],12.511182135982637,12.511182135982637,12.511182135982637,[12.511182135982637],[0.045663957588712924],[0.17900271374775467],[1.1367487106461982],[1.0472473537723208],[1.2262500675200756],0.003956709101977096,2838.6157499825645,"[2778.969023499113, 2898.262476466016]",8.128205544772399,False,False,False,False,False,False
R,core_Q_n6000_low,220000,700820000,220000,800820000,6122aeb,dhai.bme.e.uh.edu,17.6,ok,sieve1_kernel,0.013430076506475317,0.05077723104489583,0.05191263624242401,0.06363485461965372,0.09626003309724859,0.02989391808919972,0.33181092728193795,0.12915775047754807,"[0.002, 0.002]","[0.002, 0.002]","[0.002, 0.002]","[{""bootstrap_seed"": 700840000, ""n_boot"": 499, ""n_effective_moments"": 48, ""p_value"": 0.002, ""statistic"": 6.502870677894013, ""warning"": null}, {""bootstrap_seed"": 700840002, ""n_boot"": 499, ""n_effective_moments"": 48, ""p_value"": 0.002, ""statistic"": 4.172064784355813, ""warning"": null}]","[{""bootstrap_seed"": 700840001, ""n_boot"": 499, ""n_effective_moments"": 48, ""p_value"": 0.002, ""statistic"": 8.931647374578807, ""warning"": null}, {""bootstrap_seed"": 700840003, ""n_boot"": 499, ""n_effective_moments"": 48, ""p_value"": 0.002, ""statistic"": 9.928445055792137, ""warning"": null}]",False,0.025,"[0, 1]",5.453684568110408,5.453684568110408,5.453684568110408,[5.453684568110408],[0.030148754999475537],[0.1181831195979441],[1.1339867044241205],[1.0748951446251485],[1.1930782642230926],0.09505700270334877,2998.4445663960305,"[3010.092496346313, 2986.796636445748]",2.0021426677703857,False,True,False,False,False,False
R,core_Q_n6000_low,220000,700820000,220000,800820000,6122aeb,dhai.bme.e.uh.edu,17.6,ok,sieve1_sieve1,0.013430076506475317,0.05077723104489583,0.05191263624242401,0.006178467781477242,0.02128248002534707,0.0,0.3645666572254458,0.1291073833004479,"[0.002, 0.002]","[0.664, 0.206]","[0.664, 0.206]","[{""bootstrap_seed"": 700850000, ""n_boot"": 499, ""n_effective_moments"": 48, ""p_value"": 0.002, ""statistic"": 6.502870677894013, ""warning"": null}, {""bootstrap_seed"": 700850002, ""n_boot"": 499, ""n_effective_moments"": 48, ""p_value"": 0.002, ""statistic"": 4.172064784355813, ""warning"": null}]","[{""bootstrap_seed"": 700850001, ""n_boot"": 499, ""n_effective_moments"": 48, ""p_value"": 0.664, ""statistic"": 1.8400349165679348, ""warning"": null}, {""bootstrap_seed"": 700850003, ""n_boot"": 499, ""n_effective_moments"": 48, ""p_value"": 0.206, ""statistic"": 2.466553087717523, ""warning"": null}]",True,0.025,[],7.24255716416888,7.24255716416888,7.24255716416888,[7.24255716416888],[0.034743241942783824],[0.1361935084157126],[1.1339363372470204],[1.065839583039164],[1.2020330914548767],0.003956709101977096,2838.6157499825645,"[2778.969023499113, 2898.262476466016]",8.128205544772399,True,False,True,False,True,False
R,core_Q_n6000_low,220000,700820000,220000,800820000,6122aeb,dhai.bme.e.uh.edu,17.6,ok,sieve2_sieve2,0.004175123448179258,0.011396969637281859,0.0,0.022094585071651122,0.03531254302481603,0.03139882681530719,0.22042255746631034,0.095873836240151,"[0.476, 1.0]","[0.018, 0.056]","[0.476, 1.0]","[{""bootstrap_seed"": 700860000, ""n_boot"": 499, ""n_effective_moments"": 48, ""p_value"": 0.476, ""statistic"": 2.1108714972869924, ""warning"": null}, {""bootstrap_seed"": 700860002, ""n_boot"": 499, ""n_effective_moments"": 48, ""p_value"": 1.0, ""statistic"": 0.6840052428117548, ""warning"": null}]","[{""bootstrap_seed"": 700860001, ""n_boot"": 499, ""n_effective_moments"": 48, ""p_value"": 0.018, ""statistic"": 3.4321997926566272, ""warning"": null}, {""bootstrap_seed"": 700860003, ""n_boot"": 499, ""n_effective_moments"": 48, ""p_value"": 0.056, ""statistic"": 3.085979609261838, ""warning"": null}]",True,0.025,[],13.986243281771479,13.986243281771479,13.986243281771479,[13.986243281771479],[0.04828085072740448],[0.18926093485142553],[0.9089551177064215],[0.8143246502807087],[1.0035855851321343],0.05797969065362929,2383.4685212975764,"[2170.724592316656, 2596.2124502784964]",28.691604724269286,False,False,False,True,False,False
R,core_Q_n6000_low,220000,700820000,220000,800820000,6122aeb,dhai.bme.e.uh.edu,17.6,ok,sieve3_sieve3,0.015374968238488683,0.03183119532541158,0.051504970152793345,0.09693951134925836,0.1537467949726209,0.06393421201600133,1.7814521845407956,2.587414311516364,"[0.006, 0.076]","[0.002, 0.002]","[0.006, 0.076]","[{""bootstrap_seed"": 700870000, ""n_boot"": 499, ""n_effective_moments"": 48, ""p_value"": 0.006, ""statistic"": 4.176144937788873, ""warning"": null}, {""bootstrap_seed"": 700870002, ""n_boot"": 499, ""n_effective_moments"": 48, ""p_value"": 0.076, ""statistic"": 2.992138645236348, ""warning"": null}]","[{""bootstrap_seed"": 700870001, ""n_boot"": 499, ""n_effective_moments"": 48, ""p_value"": 0.002, ""statistic"": 13.985826069703576, ""warning"": null}, {""bootstrap_seed"": 700870003, ""n_boot"": 499, ""n_effective_moments"": 48, ""p_value"": 0.002, ""statistic"": 14.084838166994759, ""warning"": null}]",False,0.025,[0],18176.687396503246,18176.687396503246,18176.687396503246,[18176.687396503246],[1.740530924579396],[6.8228812243512325],[-1.5825853575697917],[-4.994025969745408],[1.8288552546058245],0.5743462954700769,1268.4565883392452,"[1108.8178650896898, 1428.0953115888008]",50.0,False,False,False,False,False,False
R,core_Q_n6000_high,220000,700830000,220000,800830000,6122aeb,dhai.bme.e.uh.edu,16.4,ok,kernel_kernel,0.12267809117392786,0.20496882864024654,0.18532025165824023,0.05633717148261012,0.09798179927506712,0.03033211207360224,0.6021940285069447,0.3706917816635589,"[0.002, 0.002]","[0.002, 0.002]","[0.002, 0.002]","[{""bootstrap_seed"": 700830000, ""n_boot"": 499, ""n_effective_moments"": 48, ""p_value"": 0.002, ""statistic"": 14.06965076993315, ""warning"": null}, {""bootstrap_seed"": 700830002, ""n_boot"": 499, ""n_effective_moments"": 48, ""p_value"": 0.002, ""statistic"": 26.6257294206718, ""warning"": null}]","[{""bootstrap_seed"": 700830001, ""n_boot"": 499, ""n_effective_moments"": 48, ""p_value"": 0.002, ""statistic"": 8.43594730067639, ""warning"": null}, {""bootstrap_seed"": 700830003, ""n_boot"": 499, ""n_effective_moments"": 48, ""p_value"": 0.002, ""statistic"": 9.785691261422508, ""warning"": null}]",False,0.025,"[0, 1]",9.625034112546578,9.625034112546578,9.625034112546578,[9.625034112546578],[0.040052120444379676],[0.15700431214196833],[1.3755207356101313],[1.2970185795391471],[1.4540228916811155],0.09485186006625496,2998.459484828526,"[3010.04965276809, 2986.8693168889617]",1.9866151809692383,False,False,False,False,False,True
R,core_Q_n6000_high,220000,700830000,220000,800830000,6122aeb,dhai.bme.e.uh.edu,16.4,ok,kernel_sieve1,0.12267809117392786,0.20496882864024654,0.18532025165824023,0.004752000588508983,0.012882591817909725,0.0,0.4565826090374205,0.13254792041714958,"[0.002, 0.002]","[0.996, 0.88]","[0.996, 0.88]","[{""bootstrap_seed"": 700840000, ""n_boot"": 499, ""n_effective_moments"": 48, ""p_value"": 0.002, ""statistic"": 14.06965076993315, ""warning"": null}, {""bootstrap_seed"": 700840002, ""n_boot"": 499, ""n_effective_moments"": 48, ""p_value"": 0.002, ""statistic"": 26.6257294206718, ""warning"": null}]","[{""bootstrap_seed"": 700840001, ""n_boot"": 499, ""n_effective_moments"": 48, ""p_value"": 0.996, ""statistic"": 1.1601810657496556, ""warning"": null}, {""bootstrap_seed"": 700840003, ""n_boot"": 499, ""n_effective_moments"": 48, ""p_value"": 0.88, ""statistic"": 1.528292263413397, ""warning"": null}]",True,0.025,[],13.532904937714285,13.532904937714285,13.532904937714285,[13.532904937714285],[0.04749193780301783],[0.1861683961878299],[1.137376874363722],[1.044292676269807],[1.230461072457637],0.004158311618914445,2685.3705617954715,"[2532.2149513952813, 2838.5261721956617]",9.607165072104827,False,False,False,False,False,False
R,core_Q_n6000_high,220000,700830000,220000,800830000,6122aeb,dhai.bme.e.uh.edu,16.4,ok,sieve1_kernel,0.007368092611897883,0.023044858483003285,0.06304657170074694,0.05633717148261012,0.09798179927506712,0.03033211207360224,0.2925381652086133,0.1210530231609599,"[0.114, 0.824]","[0.002, 0.002]","[0.114, 0.824]","[{""bootstrap_seed"": 700850000, ""n_boot"": 499, ""n_effective_moments"": 48, ""p_value"": 0.114, ""statistic"": 2.7904519885475523, ""warning"": null}, {""bootstrap_seed"": 700850002, ""n_boot"": 499, ""n_effective_moments"": 48, ""p_value"": 0.824, ""statistic"": 1.6278937334322048, ""warning"": null}]","[{""bootstrap_seed"": 700850001, ""n_boot"": 499, ""n_effective_moments"": 48, ""p_value"": 0.002, ""statistic"": 8.43594730067639, ""warning"": null}, {""bootstrap_seed"": 700850003, ""n_boot"": 499, ""n_effective_moments"": 48, ""p_value"": 0.002, ""statistic"": 9.785691261422508, ""warning"": null}]",True,0.025,[],8.61718872177179,8.61718872177179,8.61718872177179,[8.61718872177179],[0.037897204650149306],[0.1485570422285853],[1.1258819771075324],[1.0516034559932397],[1.200160498221825],0.09485186006625496,2998.459484828526,"[3010.04965276809, 2986.8693168889617]",1.9866151809692383,False,True,True,False,False,False
R,core_Q_n6000_high,220000,700830000,220000,800830000,6122aeb,dhai.bme.e.uh.edu,16.4,ok,sieve1_sieve1,0.007368092611897883,0.023044858483003285,0.06304657170074694,0.004752000588508983,0.012882591817909725,0.0,0.28484836010827275,0.1204521733354047,"[0.122, 0.826]","[0.988, 0.902]","[0.988, 0.902]","[{""bootstrap_seed"": 700860000, ""n_boot"": 499, ""n_effective_moments"": 48, ""p_value"": 0.122, ""statistic"": 2.7904519885475523, ""warning"": null}, {""bootstrap_seed"": 700860002, ""n_boot"": 499, ""n_effective_moments"": 48, ""p_value"": 0.826, ""statistic"": 1.6278937334322048, ""warning"": null}]","[{""bootstrap_seed"": 700860001, ""n_boot"": 499, ""n_effective_moments"": 48, ""p_value"": 0.988, ""statistic"": 1.1601810657496556, ""warning"": null}, {""bootstrap_seed"": 700860003, ""n_boot"": 499, ""n_effective_moments"": 48, ""p_value"": 0.902, ""statistic"": 1.528292263413397, ""warning"": null}]",True,0.025,[],12.082276258562453,12.082276258562453,12.082276258562453,[12.082276258562453],[0.044874410411284614],[0.17590768881223567],[1.1252811272819772],[1.0373272828758593],[1.213234971688095],0.004158311618914445,2685.3705617954715,"[2532.2149513952813, 2838.5261721956617]",9.607165072104827,True,False,False,False,True,False
R,core_Q_n6000_high,220000,700830000,220000,800830000,6122aeb,dhai.bme.e.uh.edu,16.4,ok,sieve2_sieve2,0.006971218962955187,0.018643996475467443,0.0,0.03125395031711946,0.05691562055985569,0.0,0.4869276479939076,0.0707520192795903,"[0.22, 0.602]","[0.002, 0.004]","[0.22, 0.602]","[{""bootstrap_seed"": 700870000, ""n_boot"": 499, ""n_effective_moments"": 48, ""p_value"": 0.22, ""statistic"": 2.550404038566138, ""warning"": null}, {""bootstrap_seed"": 700870002, ""n_boot"": 499, ""n_effective_moments"": 48, ""p_value"": 0.602, ""statistic"": 1.9472795520680355, ""warning"": null}]","[{""bootstrap_seed"": 700870001, ""n_boot"": 499, ""n_effective_moments"": 48, ""p_value"": 0.002, ""statistic"": 5.842531177761384, ""warning"": null}, {""bootstrap_seed"": 700870003, ""n_boot"": 499, ""n_effective_moments"": 48, ""p_value"": 0.004, ""statistic"": 4.021804286134994, ""warning"": null}]",True,0.025,[],69.06118079665949,69.06118079665949,69.06118079665949,[69.06118079665949],[0.10728558523605698],[0.4205594941253434],[0.9340769346669822],[0.7237971876043106],[1.1443566817296538],0.10510112975521135,1851.6868246113445,"[1602.4323108745775, 2100.9413383481115]",35.40278675013518,False,False,False,True,False,False
R,core_Q_n6000_high,220000,700830000,220000,800830000,6122aeb,dhai.bme.e.uh.edu,16.4,ok,sieve3_sieve3,0.010470678279911126,0.02616743085573397,0.04944760649595254,0.10118159699100768,0.19082877896704722,0.13121757785179677,15.574406874984618,2.367774948246592,"[0.046, 0.102]","[0.002, 0.002]","[0.046, 0.102]","[{""bootstrap_seed"": 700880000, ""n_boot"": 499, ""n_effective_moments"": 48, ""p_value"": 0.046, ""statistic"": 3.1835227091431273, ""warning"": null}, {""bootstrap_seed"": 700880002, ""n_boot"": 499, ""n_effective_moments"": 48, ""p_value"": 0.102, ""statistic"": 2.9293248286371907, ""warning"": null}]","[{""bootstrap_seed"": 700880001, ""n_boot"": 499, ""n_effective_moments"": 48, ""p_value"": 0.002, ""statistic"": 16.498982540803393, ""warning"": null}, {""bootstrap_seed"": 700880003, ""n_boot"": 499, ""n_effective_moments"": 48, ""p_value"": 0.002, ""statistic"": 15.398483477910517, ""warning"": null}]",True,0.025,[],130098.7134264893,130098.7134264893,130098.7134264893,[130098.7134264893],[4.656513599724034],[18.253533310918215],[3.372603902193165],[-5.754162753265943],[12.499370557652272],0.751836254905246,1149.2491934511445,"[1072.8543073486453, 1225.6440795536435]",50.0,False,False,False,False,False,False
R,core_N_n1500_low,220000,700840000,220000,800840000,6122aeb,dhai.bme.e.uh.edu,8.6,ok,kernel_kernel,0.14348700393386063,0.25830711666307726,0.20347732288666315,0.08739680306334156,0.13649239862685644,0.14491367286967372,0.4527408532210332,0.07162166050343965,"[0.002, 0.002]","[0.002, 0.002]","[0.002, 0.002]","[{""bootstrap_seed"": 700840000, ""n_boot"": 499, ""n_effective_moments"": 48, ""p_value"": 0.002, ""statistic"": 10.031845008182989, ""warning"": null}, {""bootstrap_seed"": 700840002, ""n_boot"": 499, ""n_effective_moments"": 48, ""p_value"": 0.002, ""statistic"": 17.47811125041649, ""warning"": null}]","[{""bootstrap_seed"": 700840001, ""n_boot"": 499, ""n_effective_moments"": 48, ""p_value"": 0.002, ""statistic"": 6.929790449539523, ""warning"": null}, {""bootstrap_seed"": 700840003, ""n_boot"": 499, ""n_effective_moments"": 48, ""p_value"": 0.002, ""statistic"": 6.220476952186763, ""warning"": null}]",False,0.025,"[0, 1]",6.819238535000383,6.819238535000383,6.819238535000383,[6.819238535000383],[0.06742521059168884],[0.26430682551942025],[0.9225289706150209],[0.7903755578553108],[1.0546823833747312],0.13258331724007927,749.4038977555604,"[740.4405679278603, 758.3672275832604]",1.8912599086761475,False,False,False,False,False,True
R,core_N_n1500_low,220000,700840000,220000,800840000,6122aeb,dhai.bme.e.uh.edu,8.6,ok,kernel_sieve1,0.14348700393386063,0.25830711666307726,0.20347732288666315,0.010432815701426923,0.024493828388132563,0.06337841016728932,0.4628271226499345,0.02685232272683391,"[0.002, 0.002]","[0.816, 0.998]","[0.816, 0.998]","[{""bootstrap_seed"": 700850000, ""n_boot"": 499, ""n_effective_moments"": 48, ""p_value"": 0.002, ""statistic"": 10.031845008182989, ""warning"": null}, {""bootstrap_seed"": 700850002, ""n_boot"": 499, ""n_effective_moments"": 48, ""p_value"": 0.002, ""statistic"": 17.47811125041649, ""warning"": null}]","[{""bootstrap_seed"": 700850001, ""n_boot"": 499, ""n_effective_moments"": 48, ""p_value"": 0.816, ""statistic"": 1.6332056847307683, ""warning"": null}, {""bootstrap_seed"": 700850003, ""n_boot"": 499, ""n_effective_moments"": 48, ""p_value"": 0.998, ""statistic"": 0.8934181821153957, ""warning"": null}]",True,0.025,[],9.542793043016326,9.542793043016326,9.542793043016326,[9.542793043016326],[0.079761281513511],[0.31266422353296314],[0.9672983083916267],[0.8109661966251451],[1.1236304201581082],0.0152301683144902,715.970659701771,"[706.7354728367037, 725.2058465668383]",3.5307794281798897,False,False,False,False,False,False
R,core_N_n1500_low,220000,700840000,220000,800840000,6122aeb,dhai.bme.e.uh.edu,8.6,ok,sieve1_kernel,0.011073114634043016,0.036436076987891024,0.0,0.08739680306334156,0.13649239862685644,0.14491367286967372,0.5006642749726331,0.005048297572541105,"[0.37, 0.874]","[0.002, 0.002]","[0.37, 0.874]","[{""bootstrap_seed"": 700860000, ""n_boot"": 499, ""n_effective_moments"": 48, ""p_value"": 0.37, ""statistic"": 2.268288080284642, ""warning"": null}, {""bootstrap_seed"": 700860002, ""n_boot"": 499, ""n_effective_moments"": 48, ""p_value"": 0.874, ""statistic"": 1.5562528079591826, ""warning"": null}]","[{""bootstrap_seed"": 700860001, ""n_boot"": 499, ""n_effective_moments"": 48, ""p_value"": 0.002, ""statistic"": 6.929790449539523, ""warning"": null}, {""bootstrap_seed"": 700860003, ""n_boot"": 499, ""n_effective_moments"": 48, ""p_value"": 0.002, ""statistic"": 6.220476952186763, ""warning"": null}]",True,0.025,[],5.090431054089819,5.090431054089819,5.090431054089819,[5.090431054089819],[0.058254791242665575],[0.22835878167124904],[0.9891023335459195],[0.8749229427102949],[1.103281724381544],0.13258331724007927,749.4038977555604,"[740.4405679278603, 758.3672275832604]",1.8912599086761475,False,True,True,False,False,False
R,core_N_n1500_low,220000,700840000,220000,800840000,6122aeb,dhai.bme.e.uh.edu,8.6,ok,sieve1_sieve1,0.011073114634043016,0.036436076987891024,0.0,0.010432815701426923,0.024493828388132563,0.06337841016728932,0.49335582240750275,0.0002320125784790461,"[0.36, 0.882]","[0.814, 0.998]","[0.814, 0.998]","[{""bootstrap_seed"": 700870000, ""n_boot"": 499, ""n_effective_moments"": 48, ""p_value"": 0.36, ""statistic"": 2.268288080284642, ""warning"": null}, {""bootstrap_seed"": 700870002, ""n_boot"": 499, ""n_effective_moments"": 48, ""p_value"": 0.882, ""statistic"": 1.5562528079591826, ""warning"": null}]","[{""bootstrap_seed"": 700870001, ""n_boot"": 499, ""n_effective_moments"": 48, ""p_value"": 0.814, ""statistic"": 1.6332056847307683, ""warning"": null}, {""bootstrap_seed"": 700870003, ""n_boot"": 499, ""n_effective_moments"": 48, ""p_value"": 0.998, ""statistic"": 0.8934181821153957, ""warning"": null}]",True,0.025,[],7.373897805921858,7.373897805921858,7.373897805921858,[7.373897805921858],[0.07011370672425309],[0.2748457303590721],[0.9939186185399815],[0.8564957533604455],[1.1313414837195175],0.0152301683144902,715.970659701771,"[706.7354728367037, 725.2058465668383]",3.5307794281798897,True,False,False,True,True,False
R,core_N_n1500_low,220000,700840000,220000,800840000,6122aeb,dhai.bme.e.uh.edu,8.6,ok,sieve2_sieve2,0.01593926506960999,0.03699228270265502,0.0,0.07211950000883408,0.11680526888202235,0.08246543748194059,0.5919097333457477,0.019453414625107412,"[0.2, 0.658]","[0.002, 0.002]","[0.2, 0.658]","[{""bootstrap_seed"": 700880000, ""n_boot"": 499, ""n_effective_moments"": 48, ""p_value"": 0.2, ""statistic"": 2.6523646503545506, ""warning"": null}, {""bootstrap_seed"": 700880002, ""n_boot"": 499, ""n_effective_moments"": 48, ""p_value"": 0.658, ""statistic"": 1.8521449719801142, ""warning"": null}]","[{""bootstrap_seed"": 700880001, ""n_boot"": 499, ""n_effective_moments"": 48, ""p_value"": 0.002, ""statistic"": 5.36769302927564, ""warning"": null}, {""bootstrap_seed"": 700880003, ""n_boot"": 499, ""n_effective_moments"": 48, ""p_value"": 0.002, ""statistic"": 5.278362050991328, ""warning"": null}]",True,0.025,[],388.29997480189314,388.29997480189314,388.29997480189314,[388.29997480189314],[0.5087893963792178],[1.9944544338065338],[1.013604045743568],[0.01637682884030134],[2.0108312626468345],0.26462306929069146,475.91192393339384,"[453.8599745245937, 497.9638733421939]",17.839591222778683,False,False,False,False,False,False
R,core_N_n1500_low,220000,700840000,220000,800840000,6122aeb,dhai.bme.e.uh.edu,8.6,ok,sieve3_sieve3,0.019063959801586802,0.045494328104081785,0.10093514500629822,0.1472921035293855,0.2351389792834353,0.18898612303530157,1.607377953291395,1.0446971559891705,"[0.442, 0.26]","[0.002, 0.002]","[0.442, 0.26]","[{""bootstrap_seed"": 700890000, ""n_boot"": 499, ""n_effective_moments"": 48, ""p_value"": 0.442, ""statistic"": 2.196945537022812, ""warning"": null}, {""bootstrap_seed"": 700890002, ""n_boot"": 499, ""n_effective_moments"": 48, ""p_value"": 0.26, ""statistic"": 2.5022360627910314, ""warning"": null}]","[{""bootstrap_seed"": 700890001, ""n_boot"": 499, ""n_effective_moments"": 48, ""p_value"": 0.002, ""statistic"": 11.256079346184226, ""warning"": null}, {""bootstrap_seed"": 700890003, ""n_boot"": 499, ""n_effective_moments"": 48, ""p_value"": 0.002, ""statistic"": 10.50563143152935, ""warning"": null}]",True,0.025,[],1018.0094750610393,1018.0094750610393,1018.0094750610393,[1018.0094750610393],[0.8238161101690269],[3.2293591518625853],[-0.05054652487070992],[-1.6652261008020026],[1.5641330510605826],1.4257870414758986,294.31773979624705,"[307.13092072056384, 281.50455887193027]",47.831965245765815,False,False,False,False,False,False
R,core_N_n1500_high,220000,700850000,220000,800850000,6122aeb,dhai.bme.e.uh.edu,8.2,ok,kernel_kernel,0.14191530815692008,0.25857716682362414,0.19608402987986684,0.0893690734569125,0.1349037586785661,0.14543966951274892,0.453346075523827,0.07077408192553214,"[0.002, 0.002]","[0.002, 0.002]","[0.002, 0.002]","[{""bootstrap_seed"": 700850000, ""n_boot"": 499, ""n_effective_moments"": 48, ""p_value"": 0.002, ""statistic"": 11.717835530567958, ""warning"": null}, {""bootstrap_seed"": 700850002, ""n_boot"": 499, ""n_effective_moments"": 48, ""p_value"": 0.002, ""statistic"": 14.847356480149163, ""warning"": null}]","[{""bootstrap_seed"": 700850001, ""n_boot"": 499, ""n_effective_moments"": 48, ""p_value"": 0.002, ""statistic"": 7.051187698874645, ""warning"": null}, {""bootstrap_seed"": 700850003, ""n_boot"": 499, ""n_effective_moments"": 48, ""p_value"": 0.002, ""statistic"": 5.69037155483918, ""warning"": null}]",False,0.025,"[0, 1]",6.820510688160183,6.820510688160183,6.820510688160183,[6.820510688160183],[0.06743149950460928],[0.26433147805806834],[0.9233765491929284],[0.7912108101638943],[1.0555422882219627],0.1324999884366989,749.4026753360035,"[740.436024946616, 758.3693257253911]",1.8891866207122803,False,False,False,False,False,True
R,core_N_n1500_high,220000,700850000,220000,800850000,6122aeb,dhai.bme.e.uh.edu,8.2,ok,kernel_sieve1,0.14191530815692008,0.25857716682362414,0.19608402987986684,0.019783347807121966,0.034817606624885596,0.04630523646736419,0.3173349124700224,0.03887584660160137,"[0.002, 0.002]","[0.672, 0.46]","[0.672, 0.46]","[{""bootstrap_seed"": 700860000, ""n_boot"": 499, ""n_effective_moments"": 48, ""p_value"": 0.002, ""statistic"": 11.717835530567958, ""warning"": null}, {""bootstrap_seed"": 700860002, ""n_boot"": 499, ""n_effective_moments"": 48, ""p_value"": 0.002, ""statistic"": 14.847356480149163, ""warning"": null}]","[{""bootstrap_seed"": 700860001, ""n_boot"": 499, ""n_effective_moments"": 48, ""p_value"": 0.672, ""statistic"": 1.855804077689011, ""warning"": null}, {""bootstrap_seed"": 700860003, ""n_boot"": 499, ""n_effective_moments"": 48, ""p_value"": 0.46, ""statistic"": 2.0759747860218667, ""warning"": null}]",True,0.025,[],11.268802466591938,11.268802466591938,11.268802466591938,[11.268802466591938],[0.08667488089249363],[0.33976553309857505],[0.9552747845168592],[0.7853920179675717],[1.1251575510661467],0.038163404124007094,641.2567632533926,"[641.9404266162285, 640.5730998905566]",6.040247439087315,False,False,False,True,False,False
R,core_N_n1500_high,220000,700850000,220000,800850000,6122aeb,dhai.bme.e.uh.edu,8.2,ok,sieve1_kernel,0.007855411700403827,0.020355978108786185,0.07964671247477302,0.0893690734569125,0.1349037586785661,0.14543966951274892,0.4383952854522849,0.04041510986819141,"[0.698, 1.0]","[0.002, 0.002]","[0.698, 1.0]","[{""bootstrap_seed"": 700870000, ""n_boot"": 499, ""n_effective_moments"": 48, ""p_value"": 0.698, ""statistic"": 1.8028599369494323, ""warning"": null}, {""bootstrap_seed"": 700870002, ""n_boot"": 499, ""n_effective_moments"": 48, ""p_value"": 1.0, ""statistic"": 0.6579012595945628, ""warning"": null}]","[{""bootstrap_seed"": 700870001, ""n_boot"": 499, ""n_effective_moments"": 48, ""p_value"": 0.002, ""statistic"": 7.051187698874645, ""warning"": null}, {""bootstrap_seed"": 700870003, ""n_boot"": 499, ""n_effective_moments"": 48, ""p_value"": 0.002, ""statistic"": 5.69037155483918, ""warning"": null}]",True,0.025,[],5.18106453681753,5.18106453681753,5.18106453681753,[5.18106453681753],[0.058771107055635936],[0.23038273965809286],[0.9537355212502692],[0.8385441514212227],[1.0689268910793157],0.1324999884366989,749.4026753360035,"[740.436024946616, 758.3693257253911]",1.8891866207122803,False,True,True,False,False,False
R,core_N_n1500_high,220000,700850000,220000,800850000,6122aeb,dhai.bme.e.uh.edu,8.2,ok,sieve1_sieve1,0.007855411700403827,0.020355978108786185,0.07964671247477302,0.019783347807121966,0.034817606624885596,0.04630523646736419,0.4244816840962094,0.054834697636990004,"[0.66, 1.0]","[0.658, 0.466]","[0.66, 1.0]","[{""bootstrap_seed"": 700880000, ""n_boot"": 499, ""n_effective_moments"": 48, ""p_value"": 0.66, ""statistic"": 1.8028599369494323, ""warning"": null}, {""bootstrap_seed"": 700880002, ""n_boot"": 499, ""n_effective_moments"": 48, ""p_value"": 1.0, ""statistic"": 0.6579012595945628, ""warning"": null}]","[{""bootstrap_seed"": 700880001, ""n_boot"": 499, ""n_effective_moments"": 48, ""p_value"": 0.658, ""statistic"": 1.855804077689011, ""warning"": null}, {""bootstrap_seed"": 700880003, ""n_boot"": 499, ""n_effective_moments"": 48, ""p_value"": 0.466, ""statistic"": 2.0759747860218667, ""warning"": null}]",True,0.025,[],8.677540464668443,8.677540464668443,8.677540464668443,[8.677540464668443],[0.07605936481752677],[0.29815271008470495],[0.9393159334814706],[0.7902395784391181],[1.088392288523823],0.038163404124007094,641.2567632533926,"[641.9404266162285, 640.5730998905566]",6.040247439087315,True,False,False,False,True,False
R,core_N_n1500_high,220000,700850000,220000,800850000,6122aeb,dhai.bme.e.uh.edu,8.2,ok,sieve2_sieve2,0.02725703195379466,0.05264328317868208,0.03408315538948708,0.10602114619349717,0.15603349358472174,0.14892123372410584,2.068650383956844,1.1917627592660707,"[0.224, 0.036]","[0.002, 0.002]","[0.224, 0.036]","[{""bootstrap_seed"": 700890000, ""n_boot"": 499, ""n_effective_moments"": 48, ""p_value"": 0.224, ""statistic"": 2.4252089613244596, ""warning"": null}, {""bootstrap_seed"": 700890002, ""n_boot"": 499, ""n_effective_moments"": 48, ""p_value"": 0.036, ""statistic"": 3.2243874595520645, ""warning"": null}]","[{""bootstrap_seed"": 700890001, ""n_boot"": 499, ""n_effective_moments"": 48, ""p_value"": 0.002, ""statistic"": 7.541268962377104, ""warning"": null}, {""bootstrap_seed"": 700890003, ""n_boot"": 499, ""n_effective_moments"": 48, ""p_value"": 0.002, ""statistic"": 6.807067085639184, ""warning"": null}]",True,0.025,[],4252.469876348881,4252.469876348881,4252.469876348881,[4252.469876348881],[1.6837398604196316],[6.600260252844956],[-0.19761212814760998],[-3.4977422545700882],[3.102517998274868],0.5546533231883004,347.7469621750414,"[297.00376716320426, 398.4901571868785]",27.574968664743633,False,False,False,False,False,False
R,core_N_n1500_high,220000,700850000,220000,800850000,6122aeb,dhai.bme.e.uh.edu,8.2,ok,sieve3_sieve3,0.014729175924678407,0.03460773097910388,0.026849514729015016,0.12381178519495947,0.18680379087231938,0.1497772512454692,3.675467055074642,1.1334172435280618,"[0.636, 0.626]","[0.002, 0.002]","[0.636, 0.626]","[{""bootstrap_seed"": 700900000, ""n_boot"": 499, ""n_effective_moments"": 48, ""p_value"": 0.636, ""statistic"": 1.9034423890197634, ""warning"": null}, {""bootstrap_seed"": 700900002, ""n_boot"": 499, ""n_effective_moments"": 48, ""p_value"": 0.626, ""statistic"": 1.8800615809108725, ""warning"": null}]","[{""bootstrap_seed"": 700900001, ""n_boot"": 499, ""n_effective_moments"": 48, ""p_value"": 0.002, ""statistic"": 9.204099506509944, ""warning"": null}, {""bootstrap_seed"": 700900003, ""n_boot"": 499, ""n_effective_moments"": 48, ""p_value"": 0.002, ""statistic"": 8.323172160662866, ""warning"": null}]",True,0.025,[],673.4662299880374,673.4662299880374,673.4662299880374,[673.4662299880374],[0.6700578233695146],[2.6266266676084973],[-0.13926661240960114],[-1.4525799462138498],[1.1740467213946475],0.9387823123121689,273.09906958723684,"[288.50683381472794, 257.69130535974574]",50.0,False,False,False,False,False,False
R,core_N_n6000_low,220000,700860000,220000,800860000,6122aeb,dhai.bme.e.uh.edu,16.9,ok,kernel_kernel,0.12195013357928403,0.23667173596706587,0.1693039828803713,0.06037114898689269,0.09656797342031548,0.04003087021376141,0.2787156756546417,0.02870254208754819,"[0.002, 0.002]","[0.002, 0.002]","[0.002, 0.002]","[{""bootstrap_seed"": 700860000, ""n_boot"": 499, ""n_effective_moments"": 48, ""p_value"": 0.002, ""statistic"": 22.40116385062651, ""warning"": null}, {""bootstrap_seed"": 700860002, ""n_boot"": 499, ""n_effective_moments"": 48, ""p_value"": 0.002, ""statistic"": 29.18114709215909, ""warning"": null}]","[{""bootstrap_seed"": 700860001, ""n_boot"": 499, ""n_effective_moments"": 48, ""p_value"": 0.002, ""statistic"": 7.915602552881438, ""warning"": null}, {""bootstrap_seed"": 700860003, ""n_boot"": 499, ""n_effective_moments"": 48, ""p_value"": 0.002, ""statistic"": 11.167575396591523, ""warning"": null}]",False,0.025,"[0, 1]",7.229590693094903,7.229590693094903,7.229590693094903,[7.229590693094903],[0.03471212730707359],[0.13607153904372848],[1.0335314960341206],[0.9654957265122563],[1.101567265555985],0.09497453463077543,2998.457806319281,"[3029.203601745892, 2967.712010892671]",1.969738483428955,False,False,False,False,False,True
R,core_N_n6000_low,220000,700860000,220000,800860000,6122aeb,dhai.bme.e.uh.edu,16.9,ok,kernel_sieve1,0.12195013357928403,0.23667173596706587,0.1693039828803713,0.004398301314732794,0.010264903149150899,0.019623752950342483,0.2801934909016344,0.0109144392620949,"[0.002, 0.002]","[0.988, 1.0]","[0.988, 1.0]","[{""bootstrap_seed"": 700870000, ""n_boot"": 499, ""n_effective_moments"": 48, ""p_value"": 0.002, ""statistic"": 22.40116385062651, ""warning"": null}, {""bootstrap_seed"": 700870002, ""n_boot"": 499, ""n_effective_moments"": 48, ""p_value"": 0.002, ""statistic"": 29.18114709215909, ""warning"": null}]","[{""bootstrap_seed"": 700870001, ""n_boot"": 499, ""n_effective_moments"": 48, ""p_value"": 0.988, ""statistic"": 1.20384647205193, ""warning"": null}, {""bootstrap_seed"": 700870003, ""n_boot"": 499, ""n_effective_moments"": 48, ""p_value"": 1.0, ""statistic"": 0.7587074213095849, ""warning"": null}]",True,0.025,[],9.013284207939087,9.013284207939087,9.013284207939087,[9.013284207939087],[0.038758405987043824],[0.1519329514692118],[0.9939145146844776],[0.9179480389498716],[1.0698809904190834],0.004784985466419367,2912.4044281986457,"[2938.2069493629424, 2886.601907034349]",3.209926900664298,False,False,False,False,False,False
R,core_N_n6000_low,220000,700860000,220000,800860000,6122aeb,dhai.bme.e.uh.edu,16.9,ok,sieve1_kernel,0.005171902637088107,0.01822221964225046,0.06680004558723941,0.06037114898689269,0.09656797342031548,0.04003087021376141,0.24031487082835856,0.008225625654152191,"[0.2, 0.962]","[0.002, 0.002]","[0.2, 0.962]","[{""bootstrap_seed"": 700880000, ""n_boot"": 499, ""n_effective_moments"": 48, ""p_value"": 0.2, ""statistic"": 2.5565580810392463, ""warning"": null}, {""bootstrap_seed"": 700880002, ""n_boot"": 499, ""n_effective_moments"": 48, ""p_value"": 0.962, ""statistic"": 1.2385415977877772, ""warning"": null}]","[{""bootstrap_seed"": 700880001, ""n_boot"": 499, ""n_effective_moments"": 48, ""p_value"": 0.002, ""statistic"": 7.915602552881438, ""warning"": null}, {""bootstrap_seed"": 700880003, ""n_boot"": 499, ""n_effective_moments"": 48, ""p_value"": 0.002, ""statistic"": 11.167575396591523, ""warning"": null}]",True,0.025,[],4.662787271154515,4.662787271154515,4.662787271154515,[4.662787271154515],[0.027877073229790206],[0.10927812706077761],[0.9966033282924203],[0.9419642647620314],[1.051242391822809],0.09497453463077543,2998.457806319281,"[3029.203601745892, 2967.712010892671]",1.969738483428955,False,True,True,True,False,False
R,core_N_n6000_low,220000,700860000,220000,800860000,6122aeb,dhai.bme.e.uh.edu,16.9,ok,sieve1_sieve1,0.005171902637088107,0.01822221964225046,0.06680004558723941,0.004398301314732794,0.010264903149150899,0.019623752950342483,0.22874879846044008,0.009689263854709473,"[0.178, 0.96]","[0.974, 1.0]","[0.974, 1.0]","[{""bootstrap_seed"": 700890000, ""n_boot"": 499, ""n_effective_moments"": 48, ""p_value"": 0.178, ""statistic"": 2.5565580810392463, ""warning"": null}, {""bootstrap_seed"": 700890002, ""n_boot"": 499, ""n_effective_moments"": 48, ""p_value"": 0.96, ""statistic"": 1.2385415977877772, ""warning"": null}]","[{""bootstrap_seed"": 700890001, ""n_boot"": 499, ""n_effective_moments"": 48, ""p_value"": 0.974, ""statistic"": 1.20384647205193, ""warning"": null}, {""bootstrap_seed"": 700890003, ""n_boot"": 499, ""n_effective_moments"": 48, ""p_value"": 1.0, ""statistic"": 0.7587074213095849, ""warning"": null}]",True,0.025,[],5.8483720183552625,5.8483720183552625,5.8483720183552625,[5.8483720183552625],[0.031220644928090083],[0.12238492811811312],[0.995139690091863],[0.9339472260328064],[1.0563321541509196],0.004784985466419367,2912.4044281986457,"[2938.2069493629424, 2886.601907034349]",3.209926900664298,True,False,False,False,True,False
R,core_N_n6000_low,220000,700860000,220000,800860000,6122aeb,dhai.bme.e.uh.edu,16.9,ok,sieve2_sieve2,0.010536152502982038,0.021563797275303824,0.0,0.021841594338319045,0.03685851488634126,0.029348493744503847,2.5976689214417643,0.15433267847899823,"[0.272, 0.126]","[0.048, 0.004]","[0.272, 0.126]","[{""bootstrap_seed"": 700900000, ""n_boot"": 499, ""n_effective_moments"": 48, ""p_value"": 0.272, ""statistic"": 2.397109950805496, ""warning"": null}, {""bootstrap_seed"": 700900002, ""n_boot"": 499, ""n_effective_moments"": 48, ""p_value"": 0.126, ""statistic"": 2.7610028115761938, ""warning"": null}]","[{""bootstrap_seed"": 700900001, ""n_boot"": 499, ""n_effective_moments"": 48, ""p_value"": 0.048, ""statistic"": 3.115336984758702, ""warning"": null}, {""bootstrap_seed"": 700900003, ""n_boot"": 499, ""n_effective_moments"": 48, ""p_value"": 0.004, ""statistic"": 3.845347045470404, ""warning"": null}]",True,0.025,[],90.24157614746878,90.24157614746878,90.24157614746878,[90.24157614746878],[0.12263874873483012],[0.48074389504053405],[0.8504962754675742],[0.6101243279473072],[1.0908682229878413],0.05240607347502635,2486.865023682617,"[2492.5653372018746, 2481.16471016336]",9.930194453557815,False,False,False,False,False,False
R,core_N_n6000_low,220000,700860000,220000,800860000,6122aeb,dhai.bme.e.uh.edu,16.9,ok,sieve3_sieve3,0.013043153165987344,0.02783601184030918,0.07652750019120617,0.08980203193894037,0.14365811367016573,0.09666096463298963,0.5089840658697738,1.649019882183864,"[0.012, 0.012]","[0.002, 0.002]","[0.012, 0.012]","[{""bootstrap_seed"": 700910000, ""n_boot"": 499, ""n_effective_moments"": 48, ""p_value"": 0.012, ""statistic"": 3.4406923643224085, ""warning"": null}, {""bootstrap_seed"": 700910002, ""n_boot"": 499, ""n_effective_moments"": 48, ""p_value"": 0.012, ""statistic"": 3.6972831311219725, ""warning"": null}]","[{""bootstrap_seed"": 700910001, ""n_boot"": 499, ""n_effective_moments"": 48, ""p_value"": 0.002, ""statistic"": 13.085386907491213, ""warning"": null}, {""bootstrap_seed"": 700910003, ""n_boot"": 499, ""n_effective_moments"": 48, ""p_value"": 0.002, ""statistic"": 13.387400088707052, ""warning"": null}]",False,0.025,"[0, 1]",7779.750172788104,7779.750172788104,7779.750172788104,[7779.750172788104],[1.138694440487885],[4.463682206712509],[2.6538488361304364],[0.422007732774182],[4.88568993948669],0.47107936853887555,1466.7558453444271,"[1469.5329177159354, 1463.9787729729192]",40.55414639317307,False,False,False,False,False,False
R,core_N_n6000_high,220000,700870000,220000,800870000,6122aeb,dhai.bme.e.uh.edu,16.6,ok,kernel_kernel,0.10945131289197009,0.1938694348487124,0.15992288980637265,0.06307397748779017,0.09527710872737893,0.03587671469140833,0.3438793464123902,0.033445050115398,"[0.002, 0.002]","[0.002, 0.002]","[0.002, 0.002]","[{""bootstrap_seed"": 700870000, ""n_boot"": 499, ""n_effective_moments"": 48, ""p_value"": 0.002, ""statistic"": 10.158690226607169, ""warning"": null}, {""bootstrap_seed"": 700870002, ""n_boot"": 499, ""n_effective_moments"": 48, ""p_value"": 0.002, ""statistic"": 26.005889878376262, ""warning"": null}]","[{""bootstrap_seed"": 700870001, ""n_boot"": 499, ""n_effective_moments"": 48, ""p_value"": 0.002, ""statistic"": 8.391883429533245, ""warning"": null}, {""bootstrap_seed"": 700870003, ""n_boot"": 499, ""n_effective_moments"": 48, ""p_value"": 0.002, ""statistic"": 9.222641205576103, ""warning"": null}]",False,0.025,"[0, 1]",7.2760653932425425,7.2760653932425425,7.2760653932425425,[7.2760653932425425],[0.03482352029218792],[0.13650819954537666],[1.0382740040619705],[0.9700199042892821],[1.1065281038346588],0.09479913392663003,2998.450519295674,"[3029.1849171104122, 2967.7161214809357]",1.969895839691162,False,True,False,False,False,True
R,core_N_n6000_high,220000,700870000,220000,800870000,6122aeb,dhai.bme.e.uh.edu,16.6,ok,kernel_sieve1,0.10945131289197009,0.1938694348487124,0.15992288980637265,0.004270414972514031,0.010126571979802632,0.018606534889735658,0.28326984326078175,0.02701012683113535,"[0.002, 0.002]","[0.978, 1.0]","[0.978, 1.0]","[{""bootstrap_seed"": 700880000, ""n_boot"": 499, ""n_effective_moments"": 48, ""p_value"": 0.002, ""statistic"": 10.158690226607169, ""warning"": null}, {""bootstrap_seed"": 700880002, ""n_boot"": 499, ""n_effective_moments"": 48, ""p_value"": 0.002, ""statistic"": 26.005889878376262, ""warning"": null}]","[{""bootstrap_seed"": 700880001, ""n_boot"": 499, ""n_effective_moments"": 48, ""p_value"": 0.978, ""statistic"": 1.1656304791172631, ""warning"": null}, {""bootstrap_seed"": 700880003, ""n_boot"": 499, ""n_effective_moments"": 48, ""p_value"": 1.0, ""statistic"": 0.92983138935926, ""warning"": null}]",True,0.025,[],9.159934080797724,9.159934080797724,9.159934080797724,[9.159934080797724],[0.03907244144064911],[0.1531639704473445],[0.9778188271154371],[0.9012368418917649],[1.0544008123391093],0.0038027653224018687,2879.9845733448838,"[2908.0416579585612, 2851.9274887312063]",3.725159712423561,False,False,True,False,False,False
R,core_N_n6000_high,220000,700870000,220000,800870000,6122aeb,dhai.bme.e.uh.edu,16.6,ok,sieve1_kernel,0.008166407615663947,0.021484228301808097,0.05555552421540432,0.06307397748779017,0.09527710872737893,0.03587671469140833,0.40115075588809646,0.01623446114898308,"[0.002, 0.904]","[0.002, 0.002]","[0.002, 0.904]","[{""bootstrap_seed"": 700890000, ""n_boot"": 499, ""n_effective_moments"": 48, ""p_value"": 0.002, ""statistic"": 4.2736019528397575, ""warning"": null}, {""bootstrap_seed"": 700890002, ""n_boot"": 499, ""n_effective_moments"": 48, ""p_value"": 0.904, ""statistic"": 1.4560570363158034, ""warning"": null}]","[{""bootstrap_seed"": 700890001, ""n_boot"": 499, ""n_effective_moments"": 48, ""p_value"": 0.002, ""statistic"": 8.391883429533245, ""warning"": null}, {""bootstrap_seed"": 700890003, ""n_boot"": 499, ""n_effective_moments"": 48, ""p_value"": 0.002, ""statistic"": 9.222641205576103, ""warning"": null}]",False,0.025,[0],72.99412325208607,72.99412325208607,72.99412325208607,[72.99412325208607],[0.11029817409495504],[0.43236884245222373],[1.0210634150955555],[0.8048789938694436],[1.2372478363216675],0.09479913392663003,2998.450519295674,"[3029.1849171104122, 2967.7161214809357]",1.969895839691162,False,False,False,True,False,False
R,core_N_n6000_high,220000,700870000,220000,800870000,6122aeb,dhai.bme.e.uh.edu,16.6,ok,sieve1_sieve1,0.008166407615663947,0.021484228301808097,0.05555552421540432,0.004270414972514031,0.010126571979802632,0.018606534889735658,0.43226593985442646,0.09784912498172571,"[0.002, 0.92]","[0.966, 0.998]","[0.966, 0.998]","[{""bootstrap_seed"": 700900000, ""n_boot"": 499, ""n_effective_moments"": 48, ""p_value"": 0.002, ""statistic"": 4.2736019528397575, ""warning"": null}, {""bootstrap_seed"": 700900002, ""n_boot"": 499, ""n_effective_moments"": 48, ""p_value"": 0.92, ""statistic"": 1.4560570363158034, ""warning"": null}]","[{""bootstrap_seed"": 700900001, ""n_boot"": 499, ""n_effective_moments"": 48, ""p_value"": 0.966, ""statistic"": 1.1656304791172631, ""warning"": null}, {""bootstrap_seed"": 700900003, ""n_boot"": 499, ""n_effective_moments"": 48, ""p_value"": 0.998, ""statistic"": 0.92983138935926, ""warning"": null}]",True,0.025,[],92.45596811048792,92.45596811048792,92.45596811048792,[92.45596811048792],[0.12413431442761769],[0.4866065125562613],[0.9069798289648467],[0.6636765726867161],[1.1502830852429775],0.0038027653224018687,2879.9845733448838,"[2908.0416579585612, 2851.9274887312063]",3.725159712423561,True,False,False,False,True,False
R,core_N_n6000_high,220000,700870000,220000,800870000,6122aeb,dhai.bme.e.uh.edu,16.6,ok,sieve2_sieve2,0.012024110620573352,0.024027110014946836,0.0,0.04432272231416355,0.06775346008410614,0.029463861859913357,0.5251675175665382,0.0887726661841004,"[0.044, 0.096]","[0.002, 0.002]","[0.044, 0.096]","[{""bootstrap_seed"": 700910000, ""n_boot"": 499, ""n_effective_moments"": 48, ""p_value"": 0.044, ""statistic"": 3.1646026327383923, ""warning"": null}, {""bootstrap_seed"": 700910002, ""n_boot"": 499, ""n_effective_moments"": 48, ""p_value"": 0.096, ""statistic"": 2.987800299946901, ""warning"": null}]","[{""bootstrap_seed"": 700910001, ""n_boot"": 499, ""n_effective_moments"": 48, ""p_value"": 0.002, ""statistic"": 5.748486546179695, ""warning"": null}, {""bootstrap_seed"": 700910003, ""n_boot"": 499, ""n_effective_moments"": 48, ""p_value"": 0.002, ""statistic"": 6.744942355646591, ""warning"": null}]",True,0.025,[],307.94736923371363,307.94736923371363,307.94736923371363,[307.94736923371363],[0.2265492474914721],[0.8880730501665706],[0.916056287762472],[0.4720197626791868],[1.3600928128457572],0.12828012653845688,1982.2388451650445,"[1933.7396337161697, 2030.7380566139195]",15.058271303518646,False,False,False,False,False,False
R,core_N_n6000_high,220000,700870000,220000,800870000,6122aeb,dhai.bme.e.uh.edu,16.6,ok,sieve3_sieve3,0.012001918887434578,0.028838450589433774,0.09981191545922734,0.11015964396523306,0.16262308955150268,0.10609292106451432,0.613746654686547,0.09341501497063898,"[0.044, 0.07]","[0.002, 0.002]","[0.044, 0.07]","[{""bootstrap_seed"": 700920000, ""n_boot"": 499, ""n_effective_moments"": 48, ""p_value"": 0.044, ""statistic"": 3.1757077653941685, ""warning"": null}, {""bootstrap_seed"": 700920002, ""n_boot"": 499, ""n_effective_moments"": 48, ""p_value"": 0.07, ""statistic"": 3.0050574306125934, ""warning"": null}]","[{""bootstrap_seed"": 700920001, ""n_boot"": 499, ""n_effective_moments"": 48, ""p_value"": 0.002, ""statistic"": 14.21180120580418, ""warning"": null}, {""bootstrap_seed"": 700920003, ""n_boot"": 499, ""n_effective_moments"": 48, ""p_value"": 0.002, ""statistic"": 15.849256987209321, ""warning"": null}]",True,0.025,[],46230.68259077399,46230.68259077399,46230.68259077399,[46230.68259077399],[2.775808668681795],[10.881169981232636],[1.0982439689172114],[-4.342341021699107],[6.53882895953353],0.6771261322200195,1172.1401020421858,"[1138.1282090940406, 1206.151994990331]",38.863147536276415,False,False,False,False,False,False
R,core_M_n1500_low,220000,700880000,220000,800880000,6122aeb,dhai.bme.e.uh.edu,8.3,ok,kernel_kernel,0.14790908978928152,0.2820283756295902,0.20030104298673437,0.08888437602010463,0.1469097314133343,0.13700786153328948,0.49611067347158716,0.01791291386615157,"[0.002, 0.002]","[0.002, 0.002]","[0.002, 0.002]","[{""bootstrap_seed"": 700880000, ""n_boot"": 499, ""n_effective_moments"": 48, ""p_value"": 0.002, ""statistic"": 12.734079534490144, ""warning"": null}, {""bootstrap_seed"": 700880002, ""n_boot"": 499, ""n_effective_moments"": 48, ""p_value"": 0.002, ""statistic"": 17.59139781294318, ""warning"": null}]","[{""bootstrap_seed"": 700880001, ""n_boot"": 499, ""n_effective_moments"": 48, ""p_value"": 0.002, ""statistic"": 7.170679696730488, ""warning"": null}, {""bootstrap_seed"": 700880003, ""n_boot"": 499, ""n_effective_moments"": 48, ""p_value"": 0.002, ""statistic"": 8.027278448754364, ""warning"": null}]",False,0.025,"[0, 1]",6.842511934223265,6.842511934223265,6.842511934223265,[6.842511934223265],[0.06754017043815858],[0.2647574681175816],[0.976237717252309],[0.8438589831935182],[1.1086164513110999],0.13283963036537172,749.3837806348795,"[749.4092319691242, 749.3583293006346]",1.8789563179016113,False,False,False,False,False,True
R,core_M_n1500_low,220000,700880000,220000,800880000,6122aeb,dhai.bme.e.uh.edu,8.3,ok,kernel_sieve1,0.14790908978928152,0.2820283756295902,0.20030104298673437,0.01523005241852925,0.03843457597367819,0.05086961798283141,0.4654458881431762,0.016623526172872993,"[0.002, 0.002]","[0.132, 0.968]","[0.132, 0.968]","[{""bootstrap_seed"": 700890000, ""n_boot"": 499, ""n_effective_moments"": 48, ""p_value"": 0.002, ""statistic"": 12.734079534490144, ""warning"": null}, {""bootstrap_seed"": 700890002, ""n_boot"": 499, ""n_effective_moments"": 48, ""p_value"": 0.002, ""statistic"": 17.59139781294318, ""warning"": null}]","[{""bootstrap_seed"": 700890001, ""n_boot"": 499, ""n_effective_moments"": 48, ""p_value"": 0.132, ""statistic"": 2.693101502652384, ""warning"": null}, {""bootstrap_seed"": 700890003, ""n_boot"": 499, ""n_effective_moments"": 48, ""p_value"": 0.968, ""statistic"": 1.3295530064578516, ""warning"": null}]",True,0.025,[],10.16025382330341,10.16025382330341,10.16025382330341,[10.16025382330341],[0.08230129129527033],[0.3226210618774597],[0.9775271049455876],[0.8162165740068578],[1.1388376358843175],0.021328289997065597,681.4267504371963,"[689.6801876513862, 673.1733132230065]",5.070836072826111,False,False,False,False,False,False
R,core_M_n1500_low,220000,700880000,220000,800880000,6122aeb,dhai.bme.e.uh.edu,8.3,ok,sieve1_kernel,0.009898683420059095,0.027235699692800153,0.0372182893812512,0.08888437602010463,0.1469097314133343,0.13700786153328948,0.5234525619383642,0.01064527793805381,"[0.276, 1.0]","[0.002, 0.002]","[0.276, 1.0]","[{""bootstrap_seed"": 700900000, ""n_boot"": 499, ""n_effective_moments"": 48, ""p_value"": 0.276, ""statistic"": 2.3909095220863352, ""warning"": null}, {""bootstrap_seed"": 700900002, ""n_boot"": 499, ""n_effective_moments"": 48, ""p_value"": 1.0, ""statistic"": 0.6971752145461081, ""warning"": null}]","[{""bootstrap_seed"": 700900001, ""n_boot"": 499, ""n_effective_moments"": 48, ""p_value"": 0.002, ""statistic"": 7.170679696730488, ""warning"": null}, {""bootstrap_seed"": 700900003, ""n_boot"": 499, ""n_effective_moments"": 48, ""p_value"": 0.002, ""statistic"": 8.027278448754364, ""warning"": null}]",True,0.025,[],4.151569388636629,4.151569388636629,4.151569388636629,[4.151569388636629],[0.052609057449813264],[0.206227505203268],[0.9835053531804068],[0.8803916005787727],[1.0866191057820407],0.13283963036537172,749.3837806348795,"[749.4092319691242, 749.3583293006346]",1.8789563179016113,False,True,True,True,False,False
R,core_M_n1500_low,220000,700880000,220000,800880000,6122aeb,dhai.bme.e.uh.edu,8.3,ok,sieve1_sieve1,0.009898683420059095,0.027235699692800153,0.0372182893812512,0.01523005241852925,0.03843457597367819,0.05086961798283141,0.45468154720221526,0.063878143942949,"[0.262, 1.0]","[0.13, 0.966]","[0.262, 1.0]","[{""bootstrap_seed"": 700910000, ""n_boot"": 499, ""n_effective_moments"": 48, ""p_value"": 0.262, ""statistic"": 2.3909095220863352, ""warning"": null}, {""bootstrap_seed"": 700910002, ""n_boot"": 499, ""n_effective_moments"": 48, ""p_value"": 1.0, ""statistic"": 0.6971752145461081, ""warning"": null}]","[{""bootstrap_seed"": 700910001, ""n_boot"": 499, ""n_effective_moments"": 48, ""p_value"": 0.13, ""statistic"": 2.693101502652384, ""warning"": null}, {""bootstrap_seed"": 700910003, ""n_boot"": 499, ""n_effective_moments"": 48, ""p_value"": 0.966, ""statistic"": 1.3295530064578516, ""warning"": null}]",True,0.025,[],6.525261372693258,6.525261372693258,6.525261372693258,[6.525261372693258],[0.06595585075231895],[0.2585469349490903],[0.9302724871755116],[0.8009990197009664],[1.0595459546500567],0.021328289997065597,681.4267504371963,"[689.6801876513862, 673.1733132230065]",5.070836072826111,True,False,False,False,True,False
R,core_M_n1500_low,220000,700880000,220000,800880000,6122aeb,dhai.bme.e.uh.edu,8.3,ok,sieve2_sieve2,0.02736462025840405,0.05240177181452414,0.04183052154945694,0.07702178014982,0.1216756372503176,0.06491334274893466,1.0883231606453803,0.6911664554098669,"[0.072, 0.342]","[0.002, 0.002]","[0.072, 0.342]","[{""bootstrap_seed"": 700920000, ""n_boot"": 499, ""n_effective_moments"": 48, ""p_value"": 0.072, ""statistic"": 3.111041608215172, ""warning"": null}, {""bootstrap_seed"": 700920002, ""n_boot"": 499, ""n_effective_moments"": 48, ""p_value"": 0.342, ""statistic"": 2.215082529861436, ""warning"": null}]","[{""bootstrap_seed"": 700920001, ""n_boot"": 499, ""n_effective_moments"": 48, ""p_value"": 0.002, ""statistic"": 6.526630349002327, ""warning"": null}, {""bootstrap_seed"": 700920003, ""n_boot"": 499, ""n_effective_moments"": 48, ""p_value"": 0.002, ""statistic"": 4.408488741250582, ""warning"": null}]",True,0.025,[],1213.889424165331,1213.889424165331,1213.889424165331,[1213.889424165331],[0.8995885815806138],[3.5263872397960063],[0.30298417570859365],[-1.4602094441894096],[2.0661777956065968],0.27026658073096177,486.1357056529399,"[474.16432070127604, 498.10709060460374]",16.322454564009035,False,False,False,False,False,False
R,core_M_n1500_low,220000,700880000,220000,800880000,6122aeb,dhai.bme.e.uh.edu,8.3,ok,sieve3_sieve3,0.01692930532744024,0.04182587042652708,0.12507445810092538,0.1520395977494915,0.23726929646037137,0.19901494367036576,0.9050472796758762,0.4134928547543274,"[0.14, 0.518]","[0.002, 0.002]","[0.14, 0.518]","[{""bootstrap_seed"": 700930000, ""n_boot"": 499, ""n_effective_moments"": 48, ""p_value"": 0.14, ""statistic"": 2.730497855572999, ""warning"": null}, {""bootstrap_seed"": 700930002, ""n_boot"": 499, ""n_effective_moments"": 48, ""p_value"": 0.518, ""statistic"": 2.0988227133644557, ""warning"": null}]","[{""bootstrap_seed"": 700930001, ""n_boot"": 499, ""n_effective_moments"": 48, ""p_value"": 0.002, ""statistic"": 10.654252889377293, ""warning"": null}, {""bootstrap_seed"": 700930003, ""n_boot"": 499, ""n_effective_moments"": 48, ""p_value"": 0.002, ""statistic"": 10.85461100272105, ""warning"": null}]",True,0.025,[],1319.75509498266,1319.75509498266,1319.75509498266,[1319.75509498266],[0.9379961247193082],[3.676944808899688],[1.407643485872788],[-0.43082891857705596],[3.246115890322632],1.371766792764693,296.8926415170324,"[286.591522053156, 307.1937609809088]",46.96339349298689,False,False,False,False,False,False
R,core_M_n1500_high,220000,700890000,220000,800890000,6122aeb,dhai.bme.e.uh.edu,8.1,ok,kernel_kernel,0.15248967372813155,0.2675172930740485,0.18238006415459984,0.08981157562513589,0.1335795226297825,0.1353289318862605,0.4968857406943422,0.016806519908360795,"[0.002, 0.002]","[0.002, 0.002]","[0.002, 0.002]","[{""bootstrap_seed"": 700890000, ""n_boot"": 499, ""n_effective_moments"": 48, ""p_value"": 0.002, ""statistic"": 11.931011163283328, ""warning"": null}, {""bootstrap_seed"": 700890002, ""n_boot"": 499, ""n_effective_moments"": 48, ""p_value"": 0.002, ""statistic"": 16.13153879372924, ""warning"": null}]","[{""bootstrap_seed"": 700890001, ""n_boot"": 499, ""n_effective_moments"": 48, ""p_value"": 0.002, ""statistic"": 6.675864288842083, ""warning"": null}, {""bootstrap_seed"": 700890003, ""n_boot"": 499, ""n_effective_moments"": 48, ""p_value"": 0.002, ""statistic"": 7.439973357426749, ""warning"": null}]",False,0.025,"[0, 1]",6.847177843356812,6.847177843356812,6.847177843356812,[6.847177843356812],[0.06756319433615125],[0.26484772179771293],[0.9773441112100998],[0.8449202503112433],[1.1097679721089562],0.13270242166519164,749.3911534452266,"[749.4125451932068, 749.3697616972462]",1.8836696147918701,False,False,False,True,False,True
R,core_M_n1500_high,220000,700890000,220000,800890000,6122aeb,dhai.bme.e.uh.edu,8.1,ok,kernel_sieve1,0.15248967372813155,0.2675172930740485,0.18238006415459984,0.022675293581239063,0.04177180465227262,0.0545318592088411,0.7160387827802493,0.045236842754366235,"[0.002, 0.002]","[0.194, 0.364]","[0.194, 0.364]","[{""bootstrap_seed"": 700900000, ""n_boot"": 499, ""n_effective_moments"": 48, ""p_value"": 0.002, ""statistic"": 11.931011163283328, ""warning"": null}, {""bootstrap_seed"": 700900002, ""n_boot"": 499, ""n_effective_moments"": 48, ""p_value"": 0.002, ""statistic"": 16.13153879372924, ""warning"": null}]","[{""bootstrap_seed"": 700900001, ""n_boot"": 499, ""n_effective_moments"": 48, ""p_value"": 0.194, ""statistic"": 2.5346649168039694, ""warning"": null}, {""bootstrap_seed"": 700900003, ""n_boot"": 499, ""n_effective_moments"": 48, ""p_value"": 0.364, ""statistic"": 2.2075234305719222, ""warning"": null}]",True,0.025,[],13.883085869106283,13.883085869106283,13.883085869106283,[13.883085869106283],[0.09620494051452964],[0.3771233668169562],[0.9489137883640943],[0.7603521049556162],[1.1374754717725724],0.046635062928610416,542.8648688028977,"[552.7907326173131, 532.9390049884822]",8.622704904092442,False,False,False,False,False,False
R,core_M_n1500_high,220000,700890000,220000,800890000,6122aeb,dhai.bme.e.uh.edu,8.1,ok,sieve1_kernel,0.009982339298992272,0.026386444802555364,0.03856981745495855,0.08981157562513589,0.1335795226297825,0.1353289318862605,0.44074376034039564,0.04628033789905417,"[0.442, 0.994]","[0.002, 0.002]","[0.442, 0.994]","[{""bootstrap_seed"": 700910000, ""n_boot"": 499, ""n_effective_moments"": 48, ""p_value"": 0.442, ""statistic"": 2.160964134152741, ""warning"": null}, {""bootstrap_seed"": 700910002, ""n_boot"": 499, ""n_effective_moments"": 48, ""p_value"": 0.994, ""statistic"": 1.0088467211749856, ""warning"": null}]","[{""bootstrap_seed"": 700910001, ""n_boot"": 499, ""n_effective_moments"": 48, ""p_value"": 0.002, ""statistic"": 6.675864288842083, ""warning"": null}, {""bootstrap_seed"": 700910003, ""n_boot"": 499, ""n_effective_moments"": 48, ""p_value"": 0.002, ""statistic"": 7.439973357426749, ""warning"": null}]",True,0.025,[],5.482507276487195,5.482507276487195,5.482507276487195,[5.482507276487195],[0.060456636120375266],[0.23699001359187105],[0.9478702932194064],[0.8293752864234709],[1.066365300015342],0.13270242166519164,749.3911534452266,"[749.4125451932068, 749.3697616972462]",1.8836696147918701,False,True,True,False,False,False
R,core_M_n1500_high,220000,700890000,220000,800890000,6122aeb,dhai.bme.e.uh.edu,8.1,ok,sieve1_sieve1,0.009982339298992272,0.026386444802555364,0.03856981745495855,0.022675293581239063,0.04177180465227262,0.0545318592088411,0.3948801332467053,0.11089192932909009,"[0.434, 0.998]","[0.212, 0.372]","[0.434, 0.998]","[{""bootstrap_seed"": 700920000, ""n_boot"": 499, ""n_effective_moments"": 48, ""p_value"": 0.434, ""statistic"": 2.160964134152741, ""warning"": null}, {""bootstrap_seed"": 700920002, ""n_boot"": 499, ""n_effective_moments"": 48, ""p_value"": 0.998, ""statistic"": 1.0088467211749856, ""warning"": null}]","[{""bootstrap_seed"": 700920001, ""n_boot"": 499, ""n_effective_moments"": 48, ""p_value"": 0.212, ""statistic"": 2.5346649168039694, ""warning"": null}, {""bootstrap_seed"": 700920003, ""n_boot"": 499, ""n_effective_moments"": 48, ""p_value"": 0.372, ""statistic"": 2.2075234305719222, ""warning"": null}]",True,0.025,[],11.887193067105825,11.887193067105825,11.887193067105825,[11.887193067105825],[0.08902131979515104],[0.3489635735969921],[0.8832587017893705],[0.7087769149908745],[1.0577404885878665],0.046635062928610416,542.8648688028977,"[552.7907326173131, 532.9390049884822]",8.622704904092442,True,False,False,False,True,False
R,core_M_n1500_high,220000,700890000,220000,800890000,6122aeb,dhai.bme.e.uh.edu,8.1,ok,sieve2_sieve2,0.03135355445038967,0.06671715696200414,0.07119021700925339,0.09906242895692434,0.15313075532974502,0.057537539923443876,91.80448112150195,15.924626403775513,"[0.098, 0.004]","[0.002, 0.002]","[0.098, 0.004]","[{""bootstrap_seed"": 700930000, ""n_boot"": 499, ""n_effective_moments"": 48, ""p_value"": 0.098, ""statistic"": 2.8547202677080903, ""warning"": null}, {""bootstrap_seed"": 700930002, ""n_boot"": 499, ""n_effective_moments"": 48, ""p_value"": 0.004, ""statistic"": 3.947756310295204, ""warning"": null}]","[{""bootstrap_seed"": 700930001, ""n_boot"": 499, ""n_effective_moments"": 48, ""p_value"": 0.002, ""statistic"": 7.7654325301497025, ""warning"": null}, {""bootstrap_seed"": 700930003, ""n_boot"": 499, ""n_effective_moments"": 48, ""p_value"": 0.002, ""statistic"": 6.343934294284623, ""warning"": null}]",False,0.025,[1],96384.51238383843,96384.51238383843,96384.51238383843,[96384.51238383843],[8.016005338647526],[31.4227409274983],[-14.930475772657053],[-30.6418462364062],[0.7808946910920938],0.4909148300100584,356.5751075298362,"[339.50079715548503, 373.6494179041874]",35.41158372712275,False,False,False,False,False,False
R,core_M_n1500_high,220000,700890000,220000,800890000,6122aeb,dhai.bme.e.uh.edu,8.1,ok,sieve3_sieve3,0.02037758520576992,0.046741757295774344,0.06894953088476762,0.11927341642085929,0.18805399978186194,0.14894771880971341,1.0661392058375958,0.5188562394185471,"[0.052, 0.254]","[0.002, 0.002]","[0.052, 0.254]","[{""bootstrap_seed"": 700940000, ""n_boot"": 499, ""n_effective_moments"": 48, ""p_value"": 0.052, ""statistic"": 3.1655927329327485, ""warning"": null}, {""bootstrap_seed"": 700940002, ""n_boot"": 499, ""n_effective_moments"": 48, ""p_value"": 0.254, ""statistic"": 2.4438261827429586, ""warning"": null}]","[{""bootstrap_seed"": 700940001, ""n_boot"": 499, ""n_effective_moments"": 48, ""p_value"": 0.002, ""statistic"": 9.799931385419034, ""warning"": null}, {""bootstrap_seed"": 700940003, ""n_boot"": 499, ""n_effective_moments"": 48, ""p_value"": 0.002, ""statistic"": 7.422950612464704, ""warning"": null}]",True,0.025,[],1064.0244474151605,1064.0244474151605,1064.0244474151605,[1064.0244474151605],[0.842228966261614],[3.301537547745527],[1.5130068705370077],[-0.13776190333575578],[3.163775644409771],0.9389517391129848,271.31395396823063,"[282.18648403124115, 260.44142390522006]",50.0,False,False,False,False,False,False
R,core_M_n6000_low,220000,700900000,220000,800900000,6122aeb,dhai.bme.e.uh.edu,15.9,ok,kernel_kernel,0.13672142264455237,0.23956415254297378,0.18385550362354897,0.0649214332931401,0.1142304157604941,0.06925695005783584,0.34701358050792036,0.05226613376434708,"[0.002, 0.002]","[0.002, 0.002]","[0.002, 0.002]","[{""bootstrap_seed"": 700900000, ""n_boot"": 499, ""n_effective_moments"": 48, ""p_value"": 0.002, ""statistic"": 18.104982217887823, ""warning"": null}, {""bootstrap_seed"": 700900002, ""n_boot"": 499, ""n_effective_moments"": 48, ""p_value"": 0.002, ""statistic"": 29.28236838193738, ""warning"": null}]","[{""bootstrap_seed"": 700900001, ""n_boot"": 499, ""n_effective_moments"": 48, ""p_value"": 0.002, ""statistic"": 12.8440314346448, ""warning"": null}, {""bootstrap_seed"": 700900003, ""n_boot"": 499, ""n_effective_moments"": 48, ""p_value"": 0.002, ""statistic"": 13.916989226136135, ""warning"": null}]",False,0.025,"[0, 1]",7.243386522153863,7.243386522153863,7.243386522153863,[7.243386522153863],[0.03474523114077159],[0.13620130607182462],[1.0570950877109195],[0.9889944346750073],[1.1251957407468318],0.09505999026695888,2998.446592571029,"[3021.0808518598474, 2975.8123332822106]",1.967923641204834,False,True,False,False,False,True
R,core_M_n6000_low,220000,700900000,220000,800900000,6122aeb,dhai.bme.e.uh.edu,15.9,ok,kernel_sieve1,0.13672142264455237,0.23956415254297378,0.18385550362354897,0.006303116422509552,0.017504429491343863,0.0,0.3254257074346604,0.0011290901873002301,"[0.002, 0.002]","[0.616, 0.808]","[0.616, 0.808]","[{""bootstrap_seed"": 700910000, ""n_boot"": 499, ""n_effective_moments"": 48, ""p_value"": 0.002, ""statistic"": 18.104982217887823, ""warning"": null}, {""bootstrap_seed"": 700910002, ""n_boot"": 499, ""n_effective_moments"": 48, ""p_value"": 0.002, ""statistic"": 29.28236838193738, ""warning"": null}]","[{""bootstrap_seed"": 700910001, ""n_boot"": 499, ""n_effective_moments"": 48, ""p_value"": 0.616, ""statistic"": 1.8979789145792711, ""warning"": null}, {""bootstrap_seed"": 700910003, ""n_boot"": 499, ""n_effective_moments"": 48, ""p_value"": 0.808, ""statistic"": 1.6055305772749322, ""warning"": null}]",True,0.025,[],9.227463171724418,9.227463171724418,9.227463171724418,[9.227463171724418],[0.03921620237377322],[0.15372751330519102],[1.0036998637592722],[0.9268361071066767],[1.0805636204118678],0.0036314268641634007,2827.683907196092,"[2842.8003202837585, 2812.567494108426]",4.181627794200505,False,False,True,True,False,False
R,core_M_n6000_low,220000,700900000,220000,800900000,6122aeb,dhai.bme.e.uh.edu,15.9,ok,sieve1_kernel,0.0072607185604310455,0.019158953490251235,0.029348034401265113,0.0649214332931401,0.1142304157604941,0.06925695005783584,0.2969188098408981,0.001767665696698284,"[0.262, 0.29]","[0.002, 0.002]","[0.262, 0.29]","[{""bootstrap_seed"": 700920000, ""n_boot"": 499, ""n_effective_moments"": 48, ""p_value"": 0.262, ""statistic"": 2.3263876057133737, ""warning"": null}, {""bootstrap_seed"": 700920002, ""n_boot"": 499, ""n_effective_moments"": 48, ""p_value"": 0.29, ""statistic"": 2.3028729136883874, ""warning"": null}]","[{""bootstrap_seed"": 700920001, ""n_boot"": 499, ""n_effective_moments"": 48, ""p_value"": 0.002, ""statistic"": 12.8440314346448, ""warning"": null}, {""bootstrap_seed"": 700920003, ""n_boot"": 499, ""n_effective_moments"": 48, ""p_value"": 0.002, ""statistic"": 13.916989226136135, ""warning"": null}]",True,0.025,[],28.24792773025716,28.24792773025716,28.24792773025716,[28.24792773025716],[0.06861477942136708],[0.26896993533175895],[1.0065966196432707],[0.8721116519773913],[1.1410815873091502],0.09505999026695888,2998.446592571029,"[3021.0808518598474, 2975.8123332822106]",1.967923641204834,False,False,False,False,False,False
R,core_M_n6000_low,220000,700900000,220000,800900000,6122aeb,dhai.bme.e.uh.edu,15.9,ok,sieve1_sieve1,0.0072607185604310455,0.019158953490251235,0.029348034401265113,0.006303116422509552,0.017504429491343863,0.0,0.3467075991066313,0.008575690670917235,"[0.278, 0.288]","[0.642, 0.826]","[0.642, 0.826]","[{""bootstrap_seed"": 700930000, ""n_boot"": 499, ""n_effective_moments"": 48, ""p_value"": 0.278, ""statistic"": 2.3263876057133737, ""warning"": null}, {""bootstrap_seed"": 700930002, ""n_boot"": 499, ""n_effective_moments"": 48, ""p_value"": 0.288, ""statistic"": 2.3028729136883874, ""warning"": null}]","[{""bootstrap_seed"": 700930001, ""n_boot"": 499, ""n_effective_moments"": 48, ""p_value"": 0.642, ""statistic"": 1.8979789145792711, ""warning"": null}, {""bootstrap_seed"": 700930003, ""n_boot"": 499, ""n_effective_moments"": 48, ""p_value"": 0.826, ""statistic"": 1.6055305772749322, ""warning"": null}]",True,0.025,[],37.834073791617854,37.834073791617854,37.834073791617854,[37.834073791617854],[0.07940830539225505],[0.3112805571376398],[0.9962532632756552],[0.8406129847068353],[1.1518935418444751],0.0036314268641634007,2827.683907196092,"[2842.8003202837585, 2812.567494108426]",4.181627794200505,True,False,False,False,True,False
R,core_M_n6000_low,220000,700900000,220000,800900000,6122aeb,dhai.bme.e.uh.edu,15.9,ok,sieve2_sieve2,0.02023349449894606,0.03497424843554988,0.045127168247223855,0.01664569090524053,0.030563273108297505,0.018842600819101787,0.6029566186778247,0.43124385527654996,"[0.002, 0.002]","[0.022, 0.268]","[0.022, 0.268]","[{""bootstrap_seed"": 700940000, ""n_boot"": 499, ""n_effective_moments"": 48, ""p_value"": 0.002, ""statistic"": 4.086331219882419, ""warning"": null}, {""bootstrap_seed"": 700940002, ""n_boot"": 499, ""n_effective_moments"": 48, ""p_value"": 0.002, ""statistic"": 4.044668334705726, ""warning"": null}]","[{""bootstrap_seed"": 700940001, ""n_boot"": 499, ""n_effective_moments"": 48, ""p_value"": 0.022, ""statistic"": 3.4818829382754743, ""warning"": null}, {""bootstrap_seed"": 700940003, ""n_boot"": 499, ""n_effective_moments"": 48, ""p_value"": 0.268, ""statistic"": 2.4387145693980803, ""warning"": null}]",False,0.025,[0],736.266206481985,736.266206481985,736.266206481985,[736.266206481985],[0.3503013480043492],[1.3731812841770488],[0.5735850986700225],[-0.11300554341850189],[1.2601757407585468],0.04278604360873384,2437.5982582175584,"[2436.8891219307043, 2438.307394504412]",8.873181564204339,False,False,False,False,False,False
R,core_M_n6000_low,220000,700900000,220000,800900000,6122aeb,dhai.bme.e.uh.edu,15.9,ok,sieve3_sieve3,0.008538086288490388,0.024845368922417944,0.03733641627385179,0.08160844222021765,0.14633856666454237,0.10578943939034394,1.144647735315132,0.7649031883308828,"[0.002, 0.778]","[0.002, 0.002]","[0.002, 0.778]","[{""bootstrap_seed"": 700950000, ""n_boot"": 499, ""n_effective_moments"": 48, ""p_value"": 0.002, ""statistic"": 4.0268272818929285, ""warning"": null}, {""bootstrap_seed"": 700950002, ""n_boot"": 499, ""n_effective_moments"": 48, ""p_value"": 0.778, ""statistic"": 1.6645459143040595, ""warning"": null}]","[{""bootstrap_seed"": 700950001, ""n_boot"": 499, ""n_effective_moments"": 48, ""p_value"": 0.002, ""statistic"": 12.714376029904685, ""warning"": null}, {""bootstrap_seed"": 700950003, ""n_boot"": 499, ""n_effective_moments"": 48, ""p_value"": 0.002, ""statistic"": 13.123344971102023, ""warning"": null}]",False,0.025,[0],4286.5679899686465,4286.5679899686465,4286.5679899686465,[4286.5679899686465],[0.8452384269116661],[3.313334633493731],[1.7697321422774552],[0.11306482553058972],[3.4263994590243207],0.4446404116506282,1446.9141890219848,"[1443.3715737165967, 1450.4568043273728]",37.78966786132237,False,False,False,False,False,False
R,core_M_n6000_high,220000,700910000,220000,800910000,6122aeb,dhai.bme.e.uh.edu,14.9,ok,kernel_kernel,0.1267564592614615,0.21746920717863058,0.17450720313019255,0.059464283889305095,0.09857321576443553,0.06237774877647172,0.36099335700992874,0.060659843147971015,"[0.002, 0.002]","[0.002, 0.002]","[0.002, 0.002]","[{""bootstrap_seed"": 700910000, ""n_boot"": 499, ""n_effective_moments"": 48, ""p_value"": 0.002, ""statistic"": 19.905075731110767, ""warning"": null}, {""bootstrap_seed"": 700910002, ""n_boot"": 499, ""n_effective_moments"": 48, ""p_value"": 0.002, ""statistic"": 26.17916588997185, ""warning"": null}]","[{""bootstrap_seed"": 700910001, ""n_boot"": 499, ""n_effective_moments"": 48, ""p_value"": 0.002, ""statistic"": 10.049979823258866, ""warning"": null}, {""bootstrap_seed"": 700910003, ""n_boot"": 499, ""n_effective_moments"": 48, ""p_value"": 0.002, ""statistic"": 10.568817117205247, ""warning"": null}]",False,0.025,"[0, 1]",7.3154816750764295,7.3154816750764295,7.3154816750764295,[7.3154816750764295],[0.034917716790278136],[0.1368774498178903],[1.0654887970945435],[0.9970500721855984],[1.1339275220034886],0.09468476491173106,2998.4544884622946,"[3021.0564461904023, 2975.852530734187]",1.961615800857544,False,True,False,False,False,True
R,core_M_n6000_high,220000,700910000,220000,800910000,6122aeb,dhai.bme.e.uh.edu,14.9,ok,kernel_sieve1,0.1267564592614615,0.21746920717863058,0.17450720313019255,0.004901870546778171,0.012518753661904585,0.011946857572391585,0.2999278853336266,0.027383797449894942,"[0.002, 0.002]","[0.964, 0.976]","[0.964, 0.976]","[{""bootstrap_seed"": 700920000, ""n_boot"": 499, ""n_effective_moments"": 48, ""p_value"": 0.002, ""statistic"": 19.905075731110767, ""warning"": null}, {""bootstrap_seed"": 700920002, ""n_boot"": 499, ""n_effective_moments"": 48, ""p_value"": 0.002, ""statistic"": 26.17916588997185, ""warning"": null}]","[{""bootstrap_seed"": 700920001, ""n_boot"": 499, ""n_effective_moments"": 48, ""p_value"": 0.964, ""statistic"": 1.2726345993123391, ""warning"": null}, {""bootstrap_seed"": 700920003, ""n_boot"": 499, ""n_effective_moments"": 48, ""p_value"": 0.976, ""statistic"": 1.304618719847683, ""warning"": null}]",True,0.025,[],9.850774101723708,9.850774101723708,9.850774101723708,[9.850774101723708],[0.04051907802036737],[0.15883478583984006],[0.9774451564966775],[0.8980277635767575],[1.0568625494165975],0.004427926110682101,2715.1613978762066,"[2723.2144335024877, 2707.1083622499254]",4.867072311534262,False,False,True,True,False,False
R,core_M_n6000_high,220000,700910000,220000,800910000,6122aeb,dhai.bme.e.uh.edu,14.9,ok,sieve1_kernel,0.00749276535464654,0.017538446913885765,0.04056145762233956,0.059464283889305095,0.09857321576443553,0.06237774877647172,0.5056751368930867,0.08629271118061888,"[0.834, 0.172]","[0.002, 0.002]","[0.834, 0.172]","[{""bootstrap_seed"": 700930000, ""n_boot"": 499, ""n_effective_moments"": 48, ""p_value"": 0.834, ""statistic"": 1.6092896327023558, ""warning"": null}, {""bootstrap_seed"": 700930002, ""n_boot"": 499, ""n_effective_moments"": 48, ""p_value"": 0.172, ""statistic"": 2.6414074870635793, ""warning"": null}]","[{""bootstrap_seed"": 700930001, ""n_boot"": 499, ""n_effective_moments"": 48, ""p_value"": 0.002, ""statistic"": 10.049979823258866, ""warning"": null}, {""bootstrap_seed"": 700930003, ""n_boot"": 499, ""n_effective_moments"": 48, ""p_value"": 0.002, ""statistic"": 10.568817117205247, ""warning"": null}]",True,0.025,[],2086.4366659625266,2086.4366659625266,2086.4366659625266,[2086.4366659625266],[0.5896943651817336],[2.3116019115123954],[1.0911216651271913],[-0.06467929062900635],[2.246922620883389],0.09468476491173106,2998.4544884622946,"[3021.0564461904023, 2975.852530734187]",1.961615800857544,False,False,False,False,False,False
R,core_M_n6000_high,220000,700910000,220000,800910000,6122aeb,dhai.bme.e.uh.edu,14.9,ok,sieve1_sieve1,0.00749276535464654,0.017538446913885765,0.04056145762233956,0.004901870546778171,0.012518753661904585,0.011946857572391585,0.8674517970153126,0.12332291343594082,"[0.852, 0.174]","[0.978, 0.966]","[0.978, 0.966]","[{""bootstrap_seed"": 700940000, ""n_boot"": 499, ""n_effective_moments"": 48, ""p_value"": 0.852, ""statistic"": 1.6092896327023558, ""warning"": null}, {""bootstrap_seed"": 700940002, ""n_boot"": 499, ""n_effective_moments"": 48, ""p_value"": 0.174, ""statistic"": 2.6414074870635793, ""warning"": null}]","[{""bootstrap_seed"": 700940001, ""n_boot"": 499, ""n_effective_moments"": 48, ""p_value"": 0.978, ""statistic"": 1.2726345993123391, ""warning"": null}, {""bootstrap_seed"": 700940003, ""n_boot"": 499, ""n_effective_moments"": 48, ""p_value"": 0.966, ""statistic"": 1.304618719847683, ""warning"": null}]",True,0.025,[],2995.896904722514,2995.896904722514,2995.896904722514,[2995.896904722514],[0.7066230613184696],[2.769962400368401],[1.1281518673825133],[-0.2568293328016873],[2.513133067566714],0.004427926110682101,2715.1613978762066,"[2723.2144335024877, 2707.1083622499254]",4.867072311534262,True,False,False,False,True,False
R,core_M_n6000_high,220000,700910000,220000,800910000,6122aeb,dhai.bme.e.uh.edu,14.9,ok,sieve2_sieve2,0.011135726657100197,0.024696235548101082,0.0,0.03246622260186448,0.05510968262024041,0.061337217710514425,0.47495135863513427,0.05915024981694739,"[0.002, 0.54]","[0.002, 0.002]","[0.002, 0.54]","[{""bootstrap_seed"": 700950000, ""n_boot"": 499, ""n_effective_moments"": 48, ""p_value"": 0.002, ""statistic"": 4.567651999854375, ""warning"": null}, {""bootstrap_seed"": 700950002, ""n_boot"": 499, ""n_effective_moments"": 48, ""p_value"": 0.54, ""statistic"": 2.002484856323357, ""warning"": null}]","[{""bootstrap_seed"": 700950001, ""n_boot"": 499, ""n_effective_moments"": 48, ""p_value"": 0.002, ""statistic"": 6.101001307016399, ""warning"": null}, {""bootstrap_seed"": 700950003, ""n_boot"": 499, ""n_effective_moments"": 48, ""p_value"": 0.002, ""statistic"": 4.170674453053254, ""warning"": null}]",False,0.025,[0],123.95930865664528,123.95930865664528,123.95930865664528,[123.95930865664528],[0.14373546805193055],[0.5634430347635677],[0.9456787041296251],[0.6639571867478412],[1.227400221511409],0.11453921747506612,1792.6063895911557,"[1667.6559896691908, 1917.5567895131205]",19.662754092244683,False,False,False,False,False,False
R,core_M_n6000_high,220000,700910000,220000,800910000,6122aeb,dhai.bme.e.uh.edu,14.9,ok,sieve3_sieve3,0.009765029450540523,0.026017207553668507,0.0,0.09439538199891777,0.156776502792791,0.13068808903582368,1.072377800701251,0.3348315064639642,"[0.164, 0.156]","[0.002, 0.002]","[0.164, 0.156]","[{""bootstrap_seed"": 700960000, ""n_boot"": 499, ""n_effective_moments"": 48, ""p_value"": 0.164, ""statistic"": 2.7102573744567615, ""warning"": null}, {""bootstrap_seed"": 700960002, ""n_boot"": 499, ""n_effective_moments"": 48, ""p_value"": 0.156, ""statistic"": 2.678549644817219, ""warning"": null}]","[{""bootstrap_seed"": 700960001, ""n_boot"": 499, ""n_effective_moments"": 48, ""p_value"": 0.002, ""statistic"": 13.153391770831442, ""warning"": null}, {""bootstrap_seed"": 700960003, ""n_boot"": 499, ""n_effective_moments"": 48, ""p_value"": 0.002, ""statistic"": 15.525409988564947, ""warning"": null}]",True,0.025,[],24513.320507416756,24513.320507416756,24513.320507416756,[24513.320507416756],[2.0212751959846518],[7.923398768259835],[0.6699974474826083],[-3.29170193664731],[4.631696831612526],0.634325452551117,1188.3812735169056,"[1192.1576791817863, 1184.6048678520249]",50.0,False,False,False,False,False,False
R,stress_L_n3000_low_p40,220000,700920000,220000,800920000,6122aeb,dhai.bme.e.uh.edu,8.7,ok,kernel_kernel,0.12269778668419237,0.2050272917640979,0.1500962761702475,0.08013310005120938,0.11677054778691927,0.1304354884452737,0.312584005125469,0.013331792094360861,"[0.002, 0.002]","[0.002, 0.002]","[0.002, 0.002]","[{""bootstrap_seed"": 700920000, ""n_boot"": 499, ""n_effective_moments"": 48, ""p_value"": 0.002, ""statistic"": 10.327990749916816, ""warning"": null}, {""bootstrap_seed"": 700920002, ""n_boot"": 499, ""n_effective_moments"": 48, ""p_value"": 0.002, ""statistic"": 18.527165930468513, ""warning"": null}]","[{""bootstrap_seed"": 700920001, ""n_boot"": 499, ""n_effective_moments"": 48, ""p_value"": 0.002, ""statistic"": 7.211918346639746, ""warning"": null}, {""bootstrap_seed"": 700920003, ""n_boot"": 499, ""n_effective_moments"": 48, ""p_value"": 0.002, ""statistic"": 8.701748783912963, ""warning"": null}]",False,0.025,"[0, 1]",9.836929633398423,9.836929633398423,9.836929633398423,[9.836929633398423],[0.05726234840159929],[0.22446840573426924],[0.9831390085061921],[0.8709048056390575],[1.0953732113733268],0.11977093905210495,1499.8298276847363,"[1511.8212855907893, 1487.838369778683]",1.8474781513214111,False,True,False,True,False,True
R,stress_L_n3000_low_p40,220000,700920000,220000,800920000,6122aeb,dhai.bme.e.uh.edu,8.7,ok,kernel_sieve1,0.12269778668419237,0.2050272917640979,0.1500962761702475,0.015292510514427843,0.028947744566474795,0.10550041576590498,0.35337577788889407,0.014592707955211504,"[0.002, 0.002]","[0.686, 0.596]","[0.686, 0.596]","[{""bootstrap_seed"": 700930000, ""n_boot"": 499, ""n_effective_moments"": 48, ""p_value"": 0.002, ""statistic"": 10.327990749916816, ""warning"": null}, {""bootstrap_seed"": 700930002, ""n_boot"": 499, ""n_effective_moments"": 48, ""p_value"": 0.002, ""statistic"": 18.527165930468513, ""warning"": null}]","[{""bootstrap_seed"": 700930001, ""n_boot"": 499, ""n_effective_moments"": 48, ""p_value"": 0.686, ""statistic"": 1.8346749039488846, ""warning"": null}, {""bootstrap_seed"": 700930003, ""n_boot"": 499, ""n_effective_moments"": 48, ""p_value"": 0.596, ""statistic"": 1.9656301011953592, ""warning"": null}]",True,0.025,[],14.645277020669733,14.645277020669733,14.645277020669733,[14.645277020669733],[0.0698695857071581],[0.27388877597205974],[1.0110635085557644],[0.8741191205697345],[1.1480078965417944],0.02818611799597126,1352.7804552185098,"[1370.716739110506, 1334.8441713265138]",4.9835759234663985,False,False,True,False,False,False
R,stress_L_n3000_low_p40,220000,700920000,220000,800920000,6122aeb,dhai.bme.e.uh.edu,8.7,ok,sieve1_kernel,0.00844981085746334,0.0163503779548563,0.04841541254632554,0.08013310005120938,0.11677054778691927,0.1304354884452737,0.4467143764774753,0.0441717973352076,"[0.582, 0.994]","[0.002, 0.002]","[0.582, 0.994]","[{""bootstrap_seed"": 700940000, ""n_boot"": 499, ""n_effective_moments"": 48, ""p_value"": 0.582, ""statistic"": 1.9348127106169977, ""warning"": null}, {""bootstrap_seed"": 700940002, ""n_boot"": 499, ""n_effective_moments"": 48, ""p_value"": 0.994, ""statistic"": 1.1340734166950763, ""warning"": null}]","[{""bootstrap_seed"": 700940001, ""n_boot"": 499, ""n_effective_moments"": 48, ""p_value"": 0.002, ""statistic"": 7.211918346639746, ""warning"": null}, {""bootstrap_seed"": 700940003, ""n_boot"": 499, ""n_effective_moments"": 48, ""p_value"": 0.002, ""statistic"": 8.701748783912963, ""warning"": null}]",True,0.025,[],23.690401504659413,23.690401504659413,23.690401504659413,[23.690401504659413],[0.08886394376547295],[0.34834665956065397],[1.0406425979357605],[0.8664692681554336],[1.2148159277160875],0.11977093905210495,1499.8298276847363,"[1511.8212855907893, 1487.838369778683]",1.8474781513214111,False,False,False,False,False,False
R,stress_L_n3000_low_p40,220000,700920000,220000,800920000,6122aeb,dhai.bme.e.uh.edu,8.7,ok,sieve1_sieve1,0.00844981085746334,0.0163503779548563,0.04841541254632554,0.015292510514427843,0.028947744566474795,0.10550041576590498,0.5755907909953518,0.01577807051106006,"[0.558, 0.998]","[0.67, 0.582]","[0.67, 0.998]","[{""bootstrap_seed"": 700950000, ""n_boot"": 499, ""n_effective_moments"": 48, ""p_value"": 0.558, ""statistic"": 1.9348127106169977, ""warning"": null}, {""bootstrap_seed"": 700950002, ""n_boot"": 499, ""n_effective_moments"": 48, ""p_value"": 0.998, ""statistic"": 1.1340734166950763, ""warning"": null}]","[{""bootstrap_seed"": 700950001, ""n_boot"": 499, ""n_effective_moments"": 48, ""p_value"": 0.67, ""statistic"": 1.8346749039488846, ""warning"": null}, {""bootstrap_seed"": 700950003, ""n_boot"": 499, ""n_effective_moments"": 48, ""p_value"": 0.582, ""statistic"": 1.9656301011953592, ""warning"": null}]",True,0.025,[],35.64195551879311,35.64195551879311,35.64195551879311,[35.64195551879311],[0.10899840292223416],[0.4272737394551579],[0.9806927300894929],[0.767055860361914],[1.1943295998170718],0.02818611799597126,1352.7804552185098,"[1370.716739110506, 1334.8441713265138]",4.9835759234663985,True,False,False,False,True,False
R,stress_Q_n3000_low_p40,220000,700930000,220000,800930000,6122aeb,dhai.bme.e.uh.edu,8.1,ok,kernel_kernel,0.12882361814497606,0.21562568640488802,0.18241220242115191,0.0770596671082546,0.12187667039893746,0.09788020043405728,0.4202722795172131,0.2584398638325309,"[0.002, 0.002]","[0.002, 0.002]","[0.002, 0.002]","[{""bootstrap_seed"": 700930000, ""n_boot"": 499, ""n_effective_moments"": 48, ""p_value"": 0.002, ""statistic"": 7.529007186406872, ""warning"": null}, {""bootstrap_seed"": 700930002, ""n_boot"": 499, ""n_effective_moments"": 48, ""p_value"": 0.002, ""statistic"": 20.961585070271965, ""warning"": null}]","[{""bootstrap_seed"": 700930001, ""n_boot"": 499, ""n_effective_moments"": 48, ""p_value"": 0.002, ""statistic"": 8.064096239250107, ""warning"": null}, {""bootstrap_seed"": 700930003, ""n_boot"": 499, ""n_effective_moments"": 48, ""p_value"": 0.002, ""statistic"": 7.906591762779676, ""warning"": null}]",False,0.025,"[0, 1]",8.932091766908323,8.932091766908323,8.932091766908323,[8.932091766908323],[0.054565226310378065],[0.213895687136682],[1.2549106644330839],[1.1479628208647428],[1.361858508001425],0.11920546503861745,1499.8349424325581,"[1486.8347783325016, 1512.8351065326146]",1.8585288524627686,False,False,False,False,False,True
R,stress_Q_n3000_low_p40,220000,700930000,220000,800930000,6122aeb,dhai.bme.e.uh.edu,8.1,ok,kernel_sieve1,0.12882361814497606,0.21562568640488802,0.18241220242115191,0.016907961996902317,0.028250364941336564,0.06637839734134982,0.39333657911936076,0.1391858090265652,"[0.002, 0.002]","[0.908, 0.456]","[0.908, 0.456]","[{""bootstrap_seed"": 700940000, ""n_boot"": 499, ""n_effective_moments"": 48, ""p_value"": 0.002, ""statistic"": 7.529007186406872, ""warning"": null}, {""bootstrap_seed"": 700940002, ""n_boot"": 499, ""n_effective_moments"": 48, ""p_value"": 0.002, ""statistic"": 20.961585070271965, ""warning"": null}]","[{""bootstrap_seed"": 700940001, ""n_boot"": 499, ""n_effective_moments"": 48, ""p_value"": 0.908, ""statistic"": 1.595249599956812, ""warning"": null}, {""bootstrap_seed"": 700940003, ""n_boot"": 499, ""n_effective_moments"": 48, ""p_value"": 0.456, ""statistic"": 2.1976929374796272, ""warning"": null}]",True,0.025,[],14.129762058772712,14.129762058772712,14.129762058772712,[14.129762058772712],[0.06862886190414039],[0.26902513866423033],[1.1356566096271181],[1.001144040295003],[1.2701691789592333],0.03269898304369778,1362.9138572301115,"[1306.7305435479439, 1419.0971709122791]",10.215541574230366,False,False,False,False,False,False
R,stress_Q_n3000_low_p40,220000,700930000,220000,800930000,6122aeb,dhai.bme.e.uh.edu,8.1,ok,sieve1_kernel,0.005059092534464655,0.014516149654596407,0.043023316970682055,0.0770596671082546,0.12187667039893746,0.09788020043405728,0.31174457643285247,0.10541696314367122,"[1.0, 1.0]","[0.002, 0.002]","[1.0, 1.0]","[{""bootstrap_seed"": 700950000, ""n_boot"": 499, ""n_effective_moments"": 48, ""p_value"": 1.0, ""statistic"": 1.1650662590541139, ""warning"": null}, {""bootstrap_seed"": 700950002, ""n_boot"": 499, ""n_effective_moments"": 48, ""p_value"": 1.0, ""statistic"": 0.9353913858789161, ""warning"": null}]","[{""bootstrap_seed"": 700950001, ""n_boot"": 499, ""n_effective_moments"": 48, ""p_value"": 0.002, ""statistic"": 8.064096239250107, ""warning"": null}, {""bootstrap_seed"": 700950003, ""n_boot"": 499, ""n_effective_moments"": 48, ""p_value"": 0.002, ""statistic"": 7.906591762779676, ""warning"": null}]",True,0.025,[],5.581089336856834,5.581089336856834,5.581089336856834,[5.581089336856834],[0.04313192683251713],[0.16907715318346717],[1.1018877637442241],[1.0173491871524907],[1.1864263403359576],0.11920546503861745,1499.8349424325581,"[1486.8347783325016, 1512.8351065326146]",1.8585288524627686,False,True,True,True,False,False
R,stress_Q_n3000_low_p40,220000,700930000,220000,800930000,6122aeb,dhai.bme.e.uh.edu,8.1,ok,sieve1_sieve1,0.005059092534464655,0.014516149654596407,0.043023316970682055,0.016907961996902317,0.028250364941336564,0.06637839734134982,0.3334274321417437,0.12581204348934882,"[0.998, 1.0]","[0.904, 0.416]","[0.998, 1.0]","[{""bootstrap_seed"": 700960000, ""n_boot"": 499, ""n_effective_moments"": 48, ""p_value"": 0.998, ""statistic"": 1.1650662590541139, ""warning"": null}, {""bootstrap_seed"": 700960002, ""n_boot"": 499, ""n_effective_moments"": 48, ""p_value"": 1.0, ""statistic"": 0.9353913858789161, ""warning"": null}]","[{""bootstrap_seed"": 700960001, ""n_boot"": 499, ""n_effective_moments"": 48, ""p_value"": 0.904, ""statistic"": 1.595249599956812, ""warning"": null}, {""bootstrap_seed"": 700960003, ""n_boot"": 499, ""n_effective_moments"": 48, ""p_value"": 0.416, ""statistic"": 2.1976929374796272, ""warning"": null}]",True,0.025,[],8.201308933477684,8.201308933477684,8.201308933477684,[8.201308933477684],[0.05228546303220964],[0.2049590150862618],[1.1222828440899018],[1.019803336546771],[1.2247623516330326],0.03269898304369778,1362.9138572301115,"[1306.7305435479439, 1419.0971709122791]",10.215541574230366,True,False,False,False,True,False
R,stress_N_n3000_low_p40,220000,700940000,220000,800940000,6122aeb,dhai.bme.e.uh.edu,8.9,ok,kernel_kernel,0.1156475120907684,0.18915887205207574,0.17540422188665733,0.07456973323677166,0.11525746510177609,0.1206396763969311,0.3262072350261751,0.041207741061914493,"[0.004, 0.002]","[0.002, 0.002]","[0.004, 0.002]","[{""bootstrap_seed"": 700940000, ""n_boot"": 499, ""n_effective_moments"": 48, ""p_value"": 0.004, ""statistic"": 4.849499636743313, ""warning"": null}, {""bootstrap_seed"": 700940002, ""n_boot"": 499, ""n_effective_moments"": 48, ""p_value"": 0.002, ""statistic"": 20.000146437389088, ""warning"": null}]","[{""bootstrap_seed"": 700940001, ""n_boot"": 499, ""n_effective_moments"": 48, ""p_value"": 0.002, ""statistic"": 8.496346601834134, ""warning"": null}, {""bootstrap_seed"": 700940003, ""n_boot"": 499, ""n_effective_moments"": 48, ""p_value"": 0.002, ""statistic"": 7.311366910825995, ""warning"": null}]",False,0.025,"[0, 1]",7.173493634044517,7.173493634044517,7.173493634044517,[7.173493634044517],[0.04889953521948348],[0.19168617806037525],[0.9552630595386384],[0.8594199705084509],[1.051106148568826],0.11961816811561587,1499.8333380706745,"[1481.8261742459379, 1517.8405018954113]",1.8512349128723145,False,False,False,False,False,True
R,stress_N_n3000_low_p40,220000,700940000,220000,800940000,6122aeb,dhai.bme.e.uh.edu,8.9,ok,kernel_sieve1,0.1156475120907684,0.18915887205207574,0.17540422188665733,0.014037508007605858,0.02640880506049774,0.09163195099662765,0.3619192691432355,0.011651713725889912,"[0.002, 0.002]","[0.736, 0.704]","[0.736, 0.704]","[{""bootstrap_seed"": 700950000, ""n_boot"": 499, ""n_effective_moments"": 48, ""p_value"": 0.002, ""statistic"": 4.849499636743313, ""warning"": null}, {""bootstrap_seed"": 700950002, ""n_boot"": 499, ""n_effective_moments"": 48, ""p_value"": 0.002, ""statistic"": 20.000146437389088, ""warning"": null}]","[{""bootstrap_seed"": 700950001, ""n_boot"": 499, ""n_effective_moments"": 48, ""p_value"": 0.736, ""statistic"": 1.866703635540961, ""warning"": null}, {""bootstrap_seed"": 700950003, ""n_boot"": 499, ""n_effective_moments"": 48, ""p_value"": 0.704, ""statistic"": 1.8674406765136615, ""warning"": null}]",True,0.025,[],10.169161103280487,10.169161103280487,10.169161103280487,[10.169161103280487],[0.058221305101828165],[0.2282275159991664],[0.984819086874663],[0.8707053288750798],[1.0989328448742461],0.026025939323370384,1409.482997802142,"[1390.6979811274173, 1428.2680144768672]",4.131710204017314,False,False,False,True,False,False
R,stress_N_n3000_low_p40,220000,700940000,220000,800940000,6122aeb,dhai.bme.e.uh.edu,8.9,ok,sieve1_kernel,0.007479866122352206,0.01754690975813335,0.07127927281978336,0.07456973323677166,0.11525746510177609,0.1206396763969311,0.3193353235999184,0.03332545758243033,"[0.468, 1.0]","[0.002, 0.002]","[0.468, 1.0]","[{""bootstrap_seed"": 700960000, ""n_boot"": 499, ""n_effective_moments"": 48, ""p_value"": 0.468, ""statistic"": 2.1783461043621712, ""warning"": null}, {""bootstrap_seed"": 700960002, ""n_boot"": 499, ""n_effective_moments"": 48, ""p_value"": 1.0, ""statistic"": 0.6840421613297314, ""warning"": null}]","[{""bootstrap_seed"": 700960001, ""n_boot"": 499, ""n_effective_moments"": 48, ""p_value"": 0.002, ""statistic"": 8.496346601834134, ""warning"": null}, {""bootstrap_seed"": 700960003, ""n_boot"": 499, ""n_effective_moments"": 48, ""p_value"": 0.002, ""statistic"": 7.311366910825995, ""warning"": null}]",True,0.025,[],3.961271601488332,3.961271601488332,3.961271601488332,[3.961271601488332],[0.03633763706080484],[0.14244353727835496],[0.9631453430181226],[0.8919235743789451],[1.0343671116573],0.11961816811561587,1499.8333380706745,"[1481.8261742459379, 1517.8405018954113]",1.8512349128723145,False,True,True,False,False,False
R,stress_N_n3000_low_p40,220000,700940000,220000,800940000,6122aeb,dhai.bme.e.uh.edu,8.9,ok,sieve1_sieve1,0.007479866122352206,0.01754690975813335,0.07127927281978336,0.014037508007605858,0.02640880506049774,0.09163195099662765,0.3841346339487555,0.028013912158172838,"[0.468, 1.0]","[0.738, 0.738]","[0.738, 1.0]","[{""bootstrap_seed"": 700970000, ""n_boot"": 499, ""n_effective_moments"": 48, ""p_value"": 0.468, ""statistic"": 2.1783461043621712, ""warning"": null}, {""bootstrap_seed"": 700970002, ""n_boot"": 499, ""n_effective_moments"": 48, ""p_value"": 1.0, ""statistic"": 0.6840421613297314, ""warning"": null}]","[{""bootstrap_seed"": 700970001, ""n_boot"": 499, ""n_effective_moments"": 48, ""p_value"": 0.738, ""statistic"": 1.866703635540961, ""warning"": null}, {""bootstrap_seed"": 700970003, ""n_boot"": 499, ""n_effective_moments"": 48, ""p_value"": 0.738, ""statistic"": 1.8674406765136615, ""warning"": null}]",True,0.025,[],5.7261007375493636,5.7261007375493636,5.7261007375493636,[5.7261007375493636],[0.043688674114120106],[0.1712596025273508],[0.9684568884423801],[0.8828270871787047],[1.0540866897060555],0.026025939323370384,1409.482997802142,"[1390.6979811274173, 1428.2680144768672]",4.131710204017314,True,False,False,False,True,False
R,stress_M_n3000_low_p40,220000,700950000,220000,800950000,6122aeb,dhai.bme.e.uh.edu,9.2,ok,kernel_kernel,0.13186276470669347,0.21312951354575102,0.16855781512009105,0.07719201702512321,0.11702914921965796,0.1364025195108053,0.2963440288372579,0.029897795485218204,"[0.002, 0.002]","[0.002, 0.002]","[0.002, 0.002]","[{""bootstrap_seed"": 700950000, ""n_boot"": 499, ""n_effective_moments"": 48, ""p_value"": 0.002, ""statistic"": 9.377854098055135, ""warning"": null}, {""bootstrap_seed"": 700950002, ""n_boot"": 499, ""n_effective_moments"": 48, ""p_value"": 0.002, ""statistic"": 20.104839848400363, ""warning"": null}]","[{""bootstrap_seed"": 700950001, ""n_boot"": 499, ""n_effective_moments"": 48, ""p_value"": 0.002, ""statistic"": 7.3665594950566415, ""warning"": null}, {""bootstrap_seed"": 700950003, ""n_boot"": 499, ""n_effective_moments"": 48, ""p_value"": 0.002, ""statistic"": 9.534647423015391, ""warning"": null}]",False,0.025,"[0, 1]",7.251674975916969,7.251674975916969,7.251674975916969,[7.251674975916969],[0.04916528238475116],[0.19272790694822453],[0.9665730051153347],[0.8702090516412224],[1.062936958589447],0.11992698830366133,1499.8286730081995,"[1512.819221606791, 1486.8381244096079]",1.8478975296020508,False,True,False,False,False,True
R,stress_M_n3000_low_p40,220000,700950000,220000,800950000,6122aeb,dhai.bme.e.uh.edu,9.2,ok,kernel_sieve1,0.13186276470669347,0.21312951354575102,0.16855781512009105,0.016058803717968518,0.029582641229691967,0.10225712427406938,0.5257519735305097,0.0020022588152346366,"[0.002, 0.002]","[0.648, 0.632]","[0.648, 0.632]","[{""bootstrap_seed"": 700960000, ""n_boot"": 499, ""n_effective_moments"": 48, ""p_value"": 0.002, ""statistic"": 9.377854098055135, ""warning"": null}, {""bootstrap_seed"": 700960002, ""n_boot"": 499, ""n_effective_moments"": 48, ""p_value"": 0.002, ""statistic"": 20.104839848400363, ""warning"": null}]","[{""bootstrap_seed"": 700960001, ""n_boot"": 499, ""n_effective_moments"": 48, ""p_value"": 0.648, ""statistic"": 1.9954141656644462, ""warning"": null}, {""bootstrap_seed"": 700960003, ""n_boot"": 499, ""n_effective_moments"": 48, ""p_value"": 0.632, ""statistic"": 1.975977989166269, ""warning"": null}]",True,0.025,[],10.768579648153175,10.768579648153175,10.768579648153175,[10.768579648153175],[0.059912657672518514],[0.23485761807627256],[0.9944685417853183],[0.877039732747182],[1.1118973508234546],0.030912142043136193,1354.2488293019724,"[1374.705065172812, 1333.792593431133]",4.947795877519832,False,False,True,True,False,False
R,stress_M_n3000_low_p40,220000,700950000,220000,800950000,6122aeb,dhai.bme.e.uh.edu,9.2,ok,sieve1_kernel,0.007594513357153325,0.019857889845558578,0.04875490101041456,0.07719201702512321,0.11702914921965796,0.1364025195108053,0.43308052886607945,0.08508145124202104,"[0.85, 0.924]","[0.002, 0.002]","[0.85, 0.924]","[{""bootstrap_seed"": 700970000, ""n_boot"": 499, ""n_effective_moments"": 48, ""p_value"": 0.85, ""statistic"": 1.6338991979431245, ""warning"": null}, {""bootstrap_seed"": 700970002, ""n_boot"": 499, ""n_effective_moments"": 48, ""p_value"": 0.924, ""statistic"": 1.4790869828386881, ""warning"": null}]","[{""bootstrap_seed"": 700970001, ""n_boot"": 499, ""n_effective_moments"": 48, ""p_value"": 0.002, ""statistic"": 7.3665594950566415, ""warning"": null}, {""bootstrap_seed"": 700970003, ""n_boot"": 499, ""n_effective_moments"": 48, ""p_value"": 0.002, ""statistic"": 9.534647423015391, ""warning"": null}]",True,0.025,[],113.87387197461089,113.87387197461089,113.87387197461089,[113.87387197461089],[0.19482801986590711],[0.7637258378743559],[1.081552251842574],[0.699689332905396],[1.463415170779752],0.11992698830366133,1499.8286730081995,"[1512.819221606791, 1486.8381244096079]",1.8478975296020508,False,False,False,False,False,False
R,stress_M_n3000_low_p40,220000,700950000,220000,800950000,6122aeb,dhai.bme.e.uh.edu,9.2,ok,sieve1_sieve1,0.007594513357153325,0.019857889845558578,0.04875490101041456,0.016058803717968518,0.029582641229691967,0.10225712427406938,0.5182709505565345,0.2610319493823834,"[0.842, 0.922]","[0.618, 0.668]","[0.842, 0.922]","[{""bootstrap_seed"": 700980000, ""n_boot"": 499, ""n_effective_moments"": 48, ""p_value"": 0.842, ""statistic"": 1.6338991979431245, ""warning"": null}, {""bootstrap_seed"": 700980002, ""n_boot"": 499, ""n_effective_moments"": 48, ""p_value"": 0.922, ""statistic"": 1.4790869828386881, ""warning"": null}]","[{""bootstrap_seed"": 700980001, ""n_boot"": 499, ""n_effective_moments"": 48, ""p_value"": 0.618, ""statistic"": 1.9954141656644462, ""warning"": null}, {""bootstrap_seed"": 700980003, ""n_boot"": 499, ""n_effective_moments"": 48, ""p_value"": 0.668, ""statistic"": 1.975977989166269, ""warning"": null}]",True,0.025,[],181.75691906591163,181.75691906591163,181.75691906591163,[181.75691906591163],[0.24614150338501878],[0.9648746932692736],[1.2575027499829363],[0.7750654033482995],[1.739940096617573],0.030912142043136193,1354.2488293019724,"[1374.705065172812, 1333.792593431133]",4.947795877519832,True,False,False,False,True,False
F2,S1_cU0.0_n4000,220000,700960000,220000,800960000,6122aeb,dhai.bme.e.uh.edu,20.3,ok,kernel_kernel,0.0671802614353008,0.12550801609939782,0.06281957082328203,0.3370342724320494,0.5462089165823799,0.4459150472300362,0.7994455263853063,0.11277120629248183,"[0.002, 0.002, 0.002, 0.002]","[0.002, 0.002, 0.002, 0.002]","[0.002, 0.002, 0.002, 0.002]","[{""bootstrap_seed"": 700960000, ""n_boot"": 499, ""n_effective_moments"": 48, ""p_value"": 0.002, ""statistic"": 10.52258816257162, ""warning"": null}, {""bootstrap_seed"": 700960002, ""n_boot"": 499, ""n_effective_moments"": 48, ""p_value"": 0.002, ""statistic"": 12.354733611489735, ""warning"": null}, {""bootstrap_seed"": 700960004, ""n_boot"": 499, ""n_effective_moments"": 48, ""p_value"": 0.002, ""statistic"": 11.256982717695545, ""warning"": null}, {""bootstrap_seed"": 700960006, ""n_boot"": 499, ""n_effective_moments"": 48, ""p_value"": 0.002, ""statistic"": 12.094006620755108, ""warning"": null}]","[{""bootstrap_seed"": 700960001, ""n_boot"": 499, ""n_effective_moments"": 48, ""p_value"": 0.002, ""statistic"": 41.87340950455958, ""warning"": null}, {""bootstrap_seed"": 700960003, ""n_boot"": 499, ""n_effective_moments"": 48, ""p_value"": 0.002, ""statistic"": 36.90308848467837, ""warning"": null}, {""bootstrap_seed"": 700960005, ""n_boot"": 499, ""n_effective_moments"": 48, ""p_value"": 0.002, ""statistic"": 34.39700491596426, ""warning"": null}, {""bootstrap_seed"": 700960007, ""n_boot"": 499, ""n_effective_moments"": 48, ""p_value"": 0.002, ""statistic"": 37.61639299143059, ""warning"": null}]",False,0.0125,"[0, 1, 2, 3]",10.056121751653693,10.056121751653693,11.070317647719358,"[11.070317647719358, 9.805464544106886, 9.292583063134833]","[0.05260778851016111, 0.04951127281767983, 0.04819902245672321]","[0.20622253095983156, 0.19408418944530492, 0.188940168030355]","[0.7405056848766578, 0.06794547956574715, -0.007689111964857776]","[0.6373944193967421, -0.029096615156905425, -0.10215919598003548]","[0.8436169503565735, 0.16498757428839972, 0.08678097205031993]",0.49718624134361733,997.569820605195,"[890.6603974916648, 978.8014039077877, 1083.4543351184159, 1037.3631459029114]",2.4258975982666016,False,False,False,False,False,True
F2,S1_cU0.0_n4000,220000,700960000,220000,800960000,6122aeb,dhai.bme.e.uh.edu,20.3,ok,kernel_sieve1,0.0671802614353008,0.12550801609939782,0.06281957082328203,0.013767392524436772,0.03037750862833076,0.053715419822668815,0.5045824628523697,0.05861961399479548,"[0.002, 0.002, 0.002, 0.002]","[0.534, 0.506, 0.11, 0.002]","[0.534, 0.506, 0.11, 0.002]","[{""bootstrap_seed"": 700970000, ""n_boot"": 499, ""n_effective_moments"": 48, ""p_value"": 0.002, ""statistic"": 10.52258816257162, ""warning"": null}, {""bootstrap_seed"": 700970002, ""n_boot"": 499, ""n_effective_moments"": 48, ""p_value"": 0.002, ""statistic"": 12.354733611489735, ""warning"": null}, {""bootstrap_seed"": 700970004, ""n_boot"": 499, ""n_effective_moments"": 48, ""p_value"": 0.002, ""statistic"": 11.256982717695545, ""warning"": null}, {""bootstrap_seed"": 700970006, ""n_boot"": 499, ""n_effective_moments"": 48, ""p_value"": 0.002, ""statistic"": 12.094006620755108, ""warning"": null}]","[{""bootstrap_seed"": 700970001, ""n_boot"": 499, ""n_effective_moments"": 48, ""p_value"": 0.534, ""statistic"": 1.976554739477715, ""warning"": null}, {""bootstrap_seed"": 700970003, ""n_boot"": 499, ""n_effective_moments"": 48, ""p_value"": 0.506, ""statistic"": 2.0139673860983995, ""warning"": null}, {""bootstrap_seed"": 700970005, ""n_boot"": 499, ""n_effective_moments"": 48, ""p_value"": 0.11, ""statistic"": 2.745625973925995, ""warning"": null}, {""bootstrap_seed"": 700970007, ""n_boot"": 499, ""n_effective_moments"": 48, ""p_value"": 0.002, ""statistic"": 4.875995664837395, ""warning"": null}]",False,0.0125,[3],53.81575550100485,53.81575550100485,56.061170193272424,"[56.061170193272424, 52.20384967111557, 53.182246638626566]","[0.1183862008357313, 0.11424080889847942, 0.11530638169527584]","[0.4640739072760667, 0.4478239708820393, 0.4520010162454813]","[1.0031770870360404, 0.2123411130580961, 0.0908565807651336]","[0.7711401333980066, -0.011570872382923536, -0.13514392735760716]","[1.2352140406740741, 0.43625309849911575, 0.31685708888787434]",0.03411409333901627,738.6761269598538,"[743.3170200379914, 788.0778932801736, 711.8047332056907, 711.5048613155597]",18.411899197243052,False,False,False,False,False,False
F2,S1_cU0.0_n4000,220000,700960000,220000,800960000,6122aeb,dhai.bme.e.uh.edu,20.3,ok,sieve1_kernel,0.006861188917612899,0.01951861432553229,0.0,0.3370342724320494,0.5462089165823799,0.4459150472300362,0.5609839342925613,0.08798738197138224,"[0.75, 0.594, 0.892, 0.88]","[0.002, 0.002, 0.002, 0.002]","[0.75, 0.594, 0.892, 0.88]","[{""bootstrap_seed"": 700980000, ""n_boot"": 499, ""n_effective_moments"": 48, ""p_value"": 0.75, ""statistic"": 1.7373573656617063, ""warning"": null}, {""bootstrap_seed"": 700980002, ""n_boot"": 499, ""n_effective_moments"": 48, ""p_value"": 0.594, ""statistic"": 1.9403947938279575, ""warning"": null}, {""bootstrap_seed"": 700980004, ""n_boot"": 499, ""n_effective_moments"": 48, ""p_value"": 0.892, ""statistic"": 1.4795989286329354, ""warning"": null}, {""bootstrap_seed"": 700980006, ""n_boot"": 499, ""n_effective_moments"": 48, ""p_value"": 0.88, ""statistic"": 1.5167396954364414, ""warning"": null}]","[{""bootstrap_seed"": 700980001, ""n_boot"": 499, ""n_effective_moments"": 48, ""p_value"": 0.002, ""statistic"": 41.87340950455958, ""warning"": null}, {""bootstrap_seed"": 700980003, ""n_boot"": 499, ""n_effective_moments"": 48, ""p_value"": 0.002, ""statistic"": 36.90308848467837, ""warning"": null}, {""bootstrap_seed"": 700980005, ""n_boot"": 499, ""n_effective_moments"": 48, ""p_value"": 0.002, ""statistic"": 34.39700491596426, ""warning"": null}, {""bootstrap_seed"": 700980007, ""n_boot"": 499, ""n_effective_moments"": 48, ""p_value"": 0.002, ""statistic"": 37.61639299143059, ""warning"": null}]",True,0.0125,[],3.7971394846514133,3.7971394846514133,3.893485598511616,"[3.8896797025776526, 3.893485598511616, 3.6082531528649713]","[0.031183648369689093, 0.03119890061569324, 0.030034368450430962]","[0.12223990160918125, 0.1222996904135175, 0.11773472432568936]","[0.9695108765464434, 0.24237478104033452, 0.11526000622305851]","[0.9083909257418529, 0.18122493583357568, 0.05639264406021386]","[1.030630827351034, 0.30352462624709337, 0.17412736838590318]",0.49718624134361733,997.569820605195,"[890.6603974916648, 978.8014039077877, 1083.4543351184159, 1037.3631459029114]",2.4258975982666016,False,True,True,False,False,False
F2,S1_cU0.0_n4000,220000,700960000,220000,800960000,6122aeb,dhai.bme.e.uh.edu,20.3,ok,sieve1_sieve1,0.006861188917612899,0.01951861432553229,0.0,0.013767392524436772,0.03037750862833076,0.053715419822668815,0.6326082641743238,0.07977933065886406,"[0.752, 0.564, 0.878, 0.896]","[0.522, 0.498, 0.122, 0.002]","[0.752, 0.564, 0.878, 0.896]","[{""bootstrap_seed"": 700990000, ""n_boot"": 499, ""n_effective_moments"": 48, ""p_value"": 0.752, ""statistic"": 1.7373573656617063, ""warning"": null}, {""bootstrap_seed"": 700990002, ""n_boot"": 499, ""n_effective_moments"": 48, ""p_value"": 0.564, ""statistic"": 1.9403947938279575, ""warning"": null}, {""bootstrap_seed"": 700990004, ""n_boot"": 499, ""n_effective_moments"": 48, ""p_value"": 0.878, ""statistic"": 1.4795989286329354, ""warning"": null}, {""bootstrap_seed"": 700990006, ""n_boot"": 499, ""n_effective_moments"": 48, ""p_value"": 0.896, ""statistic"": 1.5167396954364414, ""warning"": null}]","[{""bootstrap_seed"": 700990001, ""n_boot"": 499, ""n_effective_moments"": 48, ""p_value"": 0.522, ""statistic"": 1.976554739477715, ""warning"": null}, {""bootstrap_seed"": 700990003, ""n_boot"": 499, ""n_effective_moments"": 48, ""p_value"": 0.498, ""statistic"": 2.0139673860983995, ""warning"": null}, {""bootstrap_seed"": 700990005, ""n_boot"": 499, ""n_effective_moments"": 48, ""p_value"": 0.122, ""statistic"": 2.745625973925995, ""warning"": null}, {""bootstrap_seed"": 700990007, ""n_boot"": 499, ""n_effective_moments"": 48, ""p_value"": 0.002, ""statistic"": 4.875995664837395, ""warning"": null}]",True,0.0125,[],21.275526582655207,21.275526582655207,21.825755121620535,"[20.543042616391517, 21.825755121620535, 21.45778200995358]","[0.0716642215760269, 0.07386771135215395, 0.07324237504674731]","[0.2809237485780255, 0.2895614285004435, 0.28711011018324945]","[0.9165075886530102, 0.20197895736874794, 0.07802838806365733]","[0.7760457143639975, 0.057198243118525866, -0.0655266670279675]","[1.056969462942023, 0.34675967161897003, 0.22158344315528217]",0.03411409333901627,738.6761269598538,"[743.3170200379914, 788.0778932801736, 711.8047332056907, 711.5048613155597]",18.411899197243052,True,False,False,False,True,False
F2,S1_cU0.0_n4000,220000,700960000,220000,800960000,6122aeb,dhai.bme.e.uh.edu,20.3,ok,sieve2_sieve2,0.006262045583134334,0.013701296933775236,0.008086743096224555,0.045500157030354496,0.07732774671481779,0.05672831909099895,0.6191539303433302,0.04834241711846998,"[0.846, 0.992, 0.992, 0.862]","[0.002, 0.002, 0.002, 0.002]","[0.846, 0.992, 0.992, 0.862]","[{""bootstrap_seed"": 701000000, ""n_boot"": 499, ""n_effective_moments"": 48, ""p_value"": 0.846, ""statistic"": 1.5612697979504593, ""warning"": null}, {""bootstrap_seed"": 701000002, ""n_boot"": 499, ""n_effective_moments"": 48, ""p_value"": 0.992, ""statistic"": 1.0520445209352924, ""warning"": null}, {""bootstrap_seed"": 701000004, ""n_boot"": 499, ""n_effective_moments"": 48, ""p_value"": 0.992, ""statistic"": 1.0702534637541856, ""warning"": null}, {""bootstrap_seed"": 701000006, ""n_boot"": 499, ""n_effective_moments"": 48, ""p_value"": 0.862, ""statistic"": 1.5457893043620379, ""warning"": null}]","[{""bootstrap_seed"": 701000001, ""n_boot"": 499, ""n_effective_moments"": 48, ""p_value"": 0.002, ""statistic"": 4.531024946774411, ""warning"": null}, {""bootstrap_seed"": 701000003, ""n_boot"": 499, ""n_effective_moments"": 48, ""p_value"": 0.002, ""statistic"": 6.359224576900547, ""warning"": null}, {""bootstrap_seed"": 701000005, ""n_boot"": 499, ""n_effective_moments"": 48, ""p_value"": 0.002, ""statistic"": 6.353026912687367, ""warning"": null}, {""bootstrap_seed"": 701000007, ""n_boot"": 499, ""n_effective_moments"": 48, ""p_value"": 0.002, ""statistic"": 4.4084559451499175, ""warning"": null}]",True,0.0125,[],42.530564101783845,42.530564101783845,45.90778522543409,"[45.13259766105747, 45.90778522543409, 36.551309418859965]","[0.1062221700741628, 0.10713051062306443, 0.09559198373668679]","[0.4163909066907182, 0.4199516016424126, 0.3747205762478122]","[1.0977103008503932, 0.11925901084703405, 0.03360573691646363]","[0.8895148475050344, -0.09071678997417232, -0.15375455120744252]","[1.3059057541957522, 0.3292348116682404, 0.22096602504036977]",0.2796715536578382,507.6417696473724,"[540.7921903962541, 551.6924362226089, 468.09086850530997, 469.99158346531686]",50.0,False,False,False,True,False,False
F2,S1_cU0.0_n4000,220000,700960000,220000,800960000,6122aeb,dhai.bme.e.uh.edu,20.3,ok,sieve3_sieve3,0.01083770364522621,0.024348200521650515,0.045465942156390646,0.09112136332296304,0.15578829004331762,0.1361268798838934,11.895229869457168,7.7467513097556875,"[0.566, 0.82, 0.214, 0.372]","[0.002, 0.002, 0.002, 0.002]","[0.566, 0.82, 0.214, 0.372]","[{""bootstrap_seed"": 701010000, ""n_boot"": 499, ""n_effective_moments"": 48, ""p_value"": 0.566, ""statistic"": 2.0253663622240903, ""warning"": null}, {""bootstrap_seed"": 701010002, ""n_boot"": 499, ""n_effective_moments"": 48, ""p_value"": 0.82, ""statistic"": 1.670959504486252, ""warning"": null}, {""bootstrap_seed"": 701010004, ""n_boot"": 499, ""n_effective_moments"": 48, ""p_value"": 0.214, ""statistic"": 2.5021603496388822, ""warning"": null}, {""bootstrap_seed"": 701010006, ""n_boot"": 499, ""n_effective_moments"": 48, ""p_value"": 0.372, ""statistic"": 2.2850329825391213, ""warning"": null}]","[{""bootstrap_seed"": 701010001, ""n_boot"": 499, ""n_effective_moments"": 48, ""p_value"": 0.002, ""statistic"": 8.285350731224487, ""warning"": null}, {""bootstrap_seed"": 701010003, ""n_boot"": 499, ""n_effective_moments"": 48, ""p_value"": 0.002, ""statistic"": 10.781701936610308, ""warning"": null}, {""bootstrap_seed"": 701010005, ""n_boot"": 499, ""n_effective_moments"": 48, ""p_value"": 0.002, ""statistic"": 11.259752446330067, ""warning"": null}, {""bootstrap_seed"": 701010007, ""n_boot"": 499, ""n_effective_moments"": 48, ""p_value"": 0.002, ""statistic"": 11.507134994073702, ""warning"": null}]",True,0.0125,[],150431.5641008676,150431.5641008676,258986.5422828089,"[108936.33808815348, 258986.5422828089, 83371.81193164042]","[5.218628605489987, 8.046529411535275, 4.565408304074248]","[20.457024133520747, 31.542395293218277, 17.896400551971052]","[-5.756512097750348, -5.41480581714204, 10.921051883386898]","[-15.985024164510712, -21.186003463751195, 1.9728516074013687]","[4.4719999690100165, 10.356391829467118, 19.86925215937243]",1.0352703037386313,386.4749777709981,"[356.392237725649, 391.6556805221015, 403.86086431480857, 393.9911285214335]",50.0,False,False,False,False,False,False
F2,S1_cU0.5_n4000,220000,700970000,220000,800970000,6122aeb,dhai.bme.e.uh.edu,20.7,ok,kernel_kernel,0.05688293968813792,0.15821590857653856,0.05940767504653907,0.32249094324209865,0.5070462851121996,0.4490895699798729,0.8059399561252952,0.19819618768507807,"[0.002, 0.002, 0.002, 0.002]","[0.002, 0.002, 0.002, 0.002]","[0.002, 0.002, 0.002, 0.002]","[{""bootstrap_seed"": 700970000, ""n_boot"": 499, ""n_effective_moments"": 48, ""p_value"": 0.002, ""statistic"": 13.426904617911655, ""warning"": null}, {""bootstrap_seed"": 700970002, ""n_boot"": 499, ""n_effective_moments"": 48, ""p_value"": 0.002, ""statistic"": 15.920417327708497, ""warning"": null}, {""bootstrap_seed"": 700970004, ""n_boot"": 499, ""n_effective_moments"": 48, ""p_value"": 0.002, ""statistic"": 14.896945036804551, ""warning"": null}, {""bootstrap_seed"": 700970006, ""n_boot"": 499, ""n_effective_moments"": 48, ""p_value"": 0.002, ""statistic"": 12.854556016243928, ""warning"": null}]","[{""bootstrap_seed"": 700970001, ""n_boot"": 499, ""n_effective_moments"": 48, ""p_value"": 0.002, ""statistic"": 41.121899955540485, ""warning"": null}, {""bootstrap_seed"": 700970003, ""n_boot"": 499, ""n_effective_moments"": 48, ""p_value"": 0.002, ""statistic"": 33.05649859403332, ""warning"": null}, {""bootstrap_seed"": 700970005, ""n_boot"": 499, ""n_effective_moments"": 48, ""p_value"": 0.002, ""statistic"": 32.85681585075027, ""warning"": null}, {""bootstrap_seed"": 700970007, ""n_boot"": 499, ""n_effective_moments"": 48, ""p_value"": 0.002, ""statistic"": 37.456927537143805, ""warning"": null}]",False,0.0125,"[0, 1, 2, 3]",9.837546859280812,9.837546859280812,10.991550647270985,"[10.991550647270985, 9.723883277795647, 8.797206652775802]","[0.05242029818512812, 0.04930487622384739, 0.04689671271202226]","[0.20548756888570222, 0.19327511479748177, 0.18383511383112724]","[0.5482985307586916, 0.08116281946913566, 0.07616578229528471]","[0.4455547463158405, -0.015474737929605298, -0.015751774620278935]","[0.6510423152015428, 0.17780037686787661, 0.16808333921084836]",0.49740314537286756,997.6666777738787,"[894.8494212760035, 1013.0704481210262, 1066.3714967773087, 1016.3753449211763]",2.417080879211426,False,False,False,False,False,True
F2,S1_cU0.5_n4000,220000,700970000,220000,800970000,6122aeb,dhai.bme.e.uh.edu,20.7,ok,kernel_sieve1,0.05688293968813792,0.15821590857653856,0.05940767504653907,0.012573974707101823,0.027254343583913015,0.04202071797260701,0.5068497572736826,0.08697689992153572,"[0.002, 0.002, 0.002, 0.002]","[0.966, 0.824, 0.148, 0.15]","[0.966, 0.824, 0.148, 0.15]","[{""bootstrap_seed"": 700980000, ""n_boot"": 499, ""n_effective_moments"": 48, ""p_value"": 0.002, ""statistic"": 13.426904617911655, ""warning"": null}, {""bootstrap_seed"": 700980002, ""n_boot"": 499, ""n_effective_moments"": 48, ""p_value"": 0.002, ""statistic"": 15.920417327708497, ""warning"": null}, {""bootstrap_seed"": 700980004, ""n_boot"": 499, ""n_effective_moments"": 48, ""p_value"": 0.002, ""statistic"": 14.896945036804551, ""warning"": null}, {""bootstrap_seed"": 700980006, ""n_boot"": 499, ""n_effective_moments"": 48, ""p_value"": 0.002, ""statistic"": 12.854556016243928, ""warning"": null}]","[{""bootstrap_seed"": 700980001, ""n_boot"": 499, ""n_effective_moments"": 48, ""p_value"": 0.966, ""statistic"": 1.2024388736030238, ""warning"": null}, {""bootstrap_seed"": 700980003, ""n_boot"": 499, ""n_effective_moments"": 48, ""p_value"": 0.824, ""statistic"": 1.6642699440056319, ""warning"": null}, {""bootstrap_seed"": 700980005, ""n_boot"": 499, ""n_effective_moments"": 48, ""p_value"": 0.148, ""statistic"": 2.7155931361332564, ""warning"": null}, {""bootstrap_seed"": 700980007, ""n_boot"": 499, ""n_effective_moments"": 48, ""p_value"": 0.15, ""statistic"": 2.6651173274971676, ""warning"": null}]",True,0.0125,[],57.50351567477369,57.50351567477369,61.2621913454759,"[61.2621913454759, 55.11251346176124, 56.13584221708391]","[0.12375600121355318, 0.11738027247131569, 0.11846501827236164]","[0.48512352475712844, 0.4601306680875575, 0.4643828716276576]","[0.9416040020213057, 0.21724385602393734, 0.10945261056477838]","[0.6990422396427416, -0.01282147801984157, -0.12273882524905035]","[1.1841657643998698, 0.44730919006771624, 0.3416440463786071]",0.03659976039612012,705.4759732211664,"[714.1138582241665, 719.777534012911, 703.9571961165884, 684.0553045309996]",19.10516378198918,False,False,False,False,False,False
F2,S1_cU0.5_n4000,220000,700970000,220000,800970000,6122aeb,dhai.bme.e.uh.edu,20.7,ok,sieve1_kernel,0.005758783629546027,0.018298538180166652,0.0,0.32249094324209865,0.5070462851121996,0.4490895699798729,0.5534732124539513,0.10566363915186128,"[0.94, 0.924, 0.836, 0.846]","[0.002, 0.002, 0.002, 0.002]","[0.94, 0.924, 0.836, 0.846]","[{""bootstrap_seed"": 700990000, ""n_boot"": 499, ""n_effective_moments"": 48, ""p_value"": 0.94, ""statistic"": 1.3584429944676015, ""warning"": null}, {""bootstrap_seed"": 700990002, ""n_boot"": 499, ""n_effective_moments"": 48, ""p_value"": 0.924, ""statistic"": 1.3939950364837432, ""warning"": null}, {""bootstrap_seed"": 700990004, ""n_boot"": 499, ""n_effective_moments"": 48, ""p_value"": 0.836, ""statistic"": 1.581754922951075, ""warning"": null}, {""bootstrap_seed"": 700990006, ""n_boot"": 499, ""n_effective_moments"": 48, ""p_value"": 0.846, ""statistic"": 1.633562723082738, ""warning"": null}]","[{""bootstrap_seed"": 700990001, ""n_boot"": 499, ""n_effective_moments"": 48, ""p_value"": 0.002, ""statistic"": 41.121899955540485, ""warning"": null}, {""bootstrap_seed"": 700990003, ""n_boot"": 499, ""n_effective_moments"": 48, ""p_value"": 0.002, ""statistic"": 33.05649859403332, ""warning"": null}, {""bootstrap_seed"": 700990005, ""n_boot"": 499, ""n_effective_moments"": 48, ""p_value"": 0.002, ""statistic"": 32.85681585075027, ""warning"": null}, {""bootstrap_seed"": 700990007, ""n_boot"": 499, ""n_effective_moments"": 48, ""p_value"": 0.002, ""statistic"": 37.456927537143805, ""warning"": null}]",True,0.0125,[],3.778725929579601,3.778725929579601,3.9696822998276264,"[3.9696822998276264, 3.9176625033475716, 3.448832985563605]","[0.03150270742264713, 0.03129561671922911, 0.02936338274775066]","[0.12349061309677675, 0.12267881753937812, 0.11510446037118259]","[0.8960450987710532, 0.2208021067191163, 0.11639567431032365]","[0.8342997922226649, 0.15946269794942725, 0.0588434441247323]","[0.9577904053194415, 0.28214151548880534, 0.173947904495915]",0.49740314537286756,997.6666777738787,"[894.8494212760035, 1013.0704481210262, 1066.3714967773087, 1016.3753449211763]",2.417080879211426,False,True,True,False,False,False
F2,S1_cU0.5_n4000,220000,700970000,220000,800970000,6122aeb,dhai.bme.e.uh.edu,20.7,ok,sieve1_sieve1,0.005758783629546027,0.018298538180166652,0.0,0.012573974707101823,0.027254343583913015,0.04202071797260701,0.5555388528037623,0.09350545452713481,"[0.964, 0.928, 0.834, 0.826]","[0.97, 0.808, 0.132, 0.158]","[0.97, 0.928, 0.834, 0.826]","[{""bootstrap_seed"": 701000000, ""n_boot"": 499, ""n_effective_moments"": 48, ""p_value"": 0.964, ""statistic"": 1.3584429944676015, ""warning"": null}, {""bootstrap_seed"": 701000002, ""n_boot"": 499, ""n_effective_moments"": 48, ""p_value"": 0.928, ""statistic"": 1.3939950364837432, ""warning"": null}, {""bootstrap_seed"": 701000004, ""n_boot"": 499, ""n_effective_moments"": 48, ""p_value"": 0.834, ""statistic"": 1.581754922951075, ""warning"": null}, {""bootstrap_seed"": 701000006, ""n_boot"": 499, ""n_effective_moments"": 48, ""p_value"": 0.826, ""statistic"": 1.633562723082738, ""warning"": null}]","[{""bootstrap_seed"": 701000001, ""n_boot"": 499, ""n_effective_moments"": 48, ""p_value"": 0.97, ""statistic"": 1.2024388736030238, ""warning"": null}, {""bootstrap_seed"": 701000003, ""n_boot"": 499, ""n_effective_moments"": 48, ""p_value"": 0.808, ""statistic"": 1.6642699440056319, ""warning"": null}, {""bootstrap_seed"": 701000005, ""n_boot"": 499, ""n_effective_moments"": 48, ""p_value"": 0.132, ""statistic"": 2.7155931361332564, ""warning"": null}, {""bootstrap_seed"": 701000007, ""n_boot"": 499, ""n_effective_moments"": 48, ""p_value"": 0.158, ""statistic"": 2.6651173274971676, ""warning"": null}]",True,0.0125,[],22.197431066385423,22.197431066385423,22.77319940576961,"[21.263196937735806, 22.555896855650854, 22.77319940576961]","[0.0729095277342677, 0.07509310363750266, 0.07545395848755983]","[0.2858053487183294, 0.29436496625901043, 0.2957795172712345]","[0.9066971985474743, 0.21763924254078174, 0.09373608439089992]","[0.7637945241883097, 0.0704567594112763, -0.054153674244717426]","[1.049599872906639, 0.36482172567028714, 0.24162584302651727]",0.03659976039612012,705.4759732211664,"[714.1138582241665, 719.777534012911, 703.9571961165884, 684.0553045309996]",19.10516378198918,True,False,False,False,True,False
F2,S1_cU0.5_n4000,220000,700970000,220000,800970000,6122aeb,dhai.bme.e.uh.edu,20.7,ok,sieve2_sieve2,0.007347285639525894,0.01616682858804315,0.03307789485067077,0.04252298490875408,0.0701979096058462,0.046099332639445524,0.5232196722143635,0.06814356324202103,"[0.228, 0.86, 0.998, 0.844]","[0.002, 0.002, 0.002, 0.002]","[0.228, 0.86, 0.998, 0.844]","[{""bootstrap_seed"": 701010000, ""n_boot"": 499, ""n_effective_moments"": 48, ""p_value"": 0.228, ""statistic"": 2.526601567761672, ""warning"": null}, {""bootstrap_seed"": 701010002, ""n_boot"": 499, ""n_effective_moments"": 48, ""p_value"": 0.86, ""statistic"": 1.584082812484838, ""warning"": null}, {""bootstrap_seed"": 701010004, ""n_boot"": 499, ""n_effective_moments"": 48, ""p_value"": 0.998, ""statistic"": 1.1116885629063984, ""warning"": null}, {""bootstrap_seed"": 701010006, ""n_boot"": 499, ""n_effective_moments"": 48, ""p_value"": 0.844, ""statistic"": 1.5929166363036873, ""warning"": null}]","[{""bootstrap_seed"": 701010001, ""n_boot"": 499, ""n_effective_moments"": 48, ""p_value"": 0.002, ""statistic"": 4.35262972743781, ""warning"": null}, {""bootstrap_seed"": 701010003, ""n_boot"": 499, ""n_effective_moments"": 48, ""p_value"": 0.002, ""statistic"": 5.276017775810055, ""warning"": null}, {""bootstrap_seed"": 701010005, ""n_boot"": 499, ""n_effective_moments"": 48, ""p_value"": 0.002, ""statistic"": 6.041570487967477, ""warning"": null}, {""bootstrap_seed"": 701010007, ""n_boot"": 499, ""n_effective_moments"": 48, ""p_value"": 0.002, ""statistic"": 4.781317713026587, ""warning"": null}]",True,0.0125,[],48.19503240689457,48.19503240689457,54.00600700805258,"[48.03717600646231, 54.00600700805258, 42.54191420616883]","[0.10958692440987464, 0.11619596271821643, 0.10312845655560936]","[0.42958074368670857, 0.4554881738554084, 0.40426354969798867]","[1.0589753204692374, 0.19763308369211596, 0.08689795691970238]","[0.8441849486258832, -0.030111003235588213, -0.1152338179292919]","[1.2737656923125915, 0.42537717061982017, 0.2890297317686967]",0.2759502085865363,485.7348870594311,"[501.00950447580385, 520.7418265559182, 458.1824876222049, 463.0057295837973]",50.0,False,False,False,True,False,False
F2,S1_cU0.5_n4000,220000,700970000,220000,800970000,6122aeb,dhai.bme.e.uh.edu,20.7,ok,sieve3_sieve3,0.01602113501183136,0.03525115421027701,0.03763064535518813,0.08625228912116417,0.14170748696253388,0.13358714966878976,0.7603660790283205,2.112115643114626,"[0.862, 0.002, 0.002, 0.33]","[0.002, 0.002, 0.002, 0.002]","[0.862, 0.002, 0.002, 0.33]","[{""bootstrap_seed"": 701020000, ""n_boot"": 499, ""n_effective_moments"": 48, ""p_value"": 0.862, ""statistic"": 1.6439553167434067, ""warning"": null}, {""bootstrap_seed"": 701020002, ""n_boot"": 499, ""n_effective_moments"": 48, ""p_value"": 0.002, ""statistic"": 4.735964604065292, ""warning"": null}, {""bootstrap_seed"": 701020004, ""n_boot"": 499, ""n_effective_moments"": 48, ""p_value"": 0.002, ""statistic"": 4.4952091711262385, ""warning"": null}, {""bootstrap_seed"": 701020006, ""n_boot"": 499, ""n_effective_moments"": 48, ""p_value"": 0.33, ""statistic"": 2.3614980087292525, ""warning"": null}]","[{""bootstrap_seed"": 701020001, ""n_boot"": 499, ""n_effective_moments"": 48, ""p_value"": 0.002, ""statistic"": 9.280487357507747, ""warning"": null}, {""bootstrap_seed"": 701020003, ""n_boot"": 499, ""n_effective_moments"": 48, ""p_value"": 0.002, ""statistic"": 10.784650718530862, ""warning"": null}, {""bootstrap_seed"": 701020005, ""n_boot"": 499, ""n_effective_moments"": 48, ""p_value"": 0.002, ""statistic"": 10.881088181445067, ""warning"": null}, {""bootstrap_seed"": 701020007, ""n_boot"": 499, ""n_effective_moments"": 48, ""p_value"": 0.002, ""statistic"": 10.16005067006916, ""warning"": null}]",False,0.0125,"[1, 2]",136828.35306571974,136828.35306571974,175504.7998520294,"[175504.7998520294, 114484.71157302208, 120495.54777210773]","[6.623911228496903, 5.3498764371951175, 5.488523202376658]","[25.965732015707857, 20.97151563380486, 21.5150109533165]","[2.5099086151156302, 1.8822058645692128, 3.0833081210140283]","[-10.472957392738321, -8.603551952333222, -7.6741973556442336]","[15.492774622969582, 12.367963681471648, 13.84081359767229]",1.0040150378143826,393.8880743914574,"[384.7911188369208, 400.0059209533263, 398.9197741049215, 391.83548367066106]",50.0,False,False,False,False,False,False
F2,S1_cU1.0_n4000,220000,700980000,220000,800980000,6122aeb,dhai.bme.e.uh.edu,20.4,ok,kernel_kernel,0.0464203851672689,0.11194748076523794,0.06000198222035094,0.2990105855313325,0.4976908861679852,0.46834626305721894,0.7087825532671254,0.27226842903839993,"[0.002, 0.002, 0.002, 0.002]","[0.002, 0.002, 0.002, 0.002]","[0.002, 0.002, 0.002, 0.002]","[{""bootstrap_seed"": 700980000, ""n_boot"": 499, ""n_effective_moments"": 48, ""p_value"": 0.002, ""statistic"": 9.648080973253867, ""warning"": null}, {""bootstrap_seed"": 700980002, ""n_boot"": 499, ""n_effective_moments"": 48, ""p_value"": 0.002, ""statistic"": 12.76379150125855, ""warning"": null}, {""bootstrap_seed"": 700980004, ""n_boot"": 499, ""n_effective_moments"": 48, ""p_value"": 0.002, ""statistic"": 8.780569483722811, ""warning"": null}, {""bootstrap_seed"": 700980006, ""n_boot"": 499, ""n_effective_moments"": 48, ""p_value"": 0.002, ""statistic"": 11.155892849215917, ""warning"": null}]","[{""bootstrap_seed"": 700980001, ""n_boot"": 499, ""n_effective_moments"": 48, ""p_value"": 0.002, ""statistic"": 41.383768195916126, ""warning"": null}, {""bootstrap_seed"": 700980003, ""n_boot"": 499, ""n_effective_moments"": 48, ""p_value"": 0.002, ""statistic"": 32.79797409932894, ""warning"": null}, {""bootstrap_seed"": 700980005, ""n_boot"": 499, ""n_effective_moments"": 48, ""p_value"": 0.002, ""statistic"": 34.97710230205012, ""warning"": null}, {""bootstrap_seed"": 700980007, ""n_boot"": 499, ""n_effective_moments"": 48, ""p_value"": 0.002, ""statistic"": 40.564048363668036, ""warning"": null}]",False,0.0125,"[0, 1, 2, 3]",9.649989141694446,9.649989141694446,11.315796094555257,"[11.315796094555257, 9.344534974333262, 8.28963635619482]","[0.053187865379603405, 0.04833356746178908, 0.045523720070406205]","[0.20849643228804535, 0.1894675844502132, 0.17845298267599233]","[0.3824994515190874, 0.11805410607757619, 0.16947471372408648]","[0.2782512353750646, 0.02332031385246966, 0.08024822238609035]","[0.4867476676631102, 0.21278789830268272, 0.2587012050620826]",0.4980163565501571,997.7893469457887,"[878.9169216244164, 1134.0923703955423, 1027.6353931435058, 950.51270261969]",2.4054713249206543,False,False,False,False,False,True
F2,S1_cU1.0_n4000,220000,700980000,220000,800980000,6122aeb,dhai.bme.e.uh.edu,20.4,ok,kernel_sieve1,0.0464203851672689,0.11194748076523794,0.06000198222035094,0.017617592114062885,0.03379880077634981,0.07294888700609291,0.8504530684560602,0.12228281620310122,"[0.002, 0.002, 0.002, 0.002]","[0.466, 0.016, 0.26, 0.034]","[0.466, 0.016, 0.26, 0.034]","[{""bootstrap_seed"": 700990000, ""n_boot"": 499, ""n_effective_moments"": 48, ""p_value"": 0.002, ""statistic"": 9.648080973253867, ""warning"": null}, {""bootstrap_seed"": 700990002, ""n_boot"": 499, ""n_effective_moments"": 48, ""p_value"": 0.002, ""statistic"": 12.76379150125855, ""warning"": null}, {""bootstrap_seed"": 700990004, ""n_boot"": 499, ""n_effective_moments"": 48, ""p_value"": 0.002, ""statistic"": 8.780569483722811, ""warning"": null}, {""bootstrap_seed"": 700990006, ""n_boot"": 499, ""n_effective_moments"": 48, ""p_value"": 0.002, ""statistic"": 11.155892849215917, ""warning"": null}]","[{""bootstrap_seed"": 700990001, ""n_boot"": 499, ""n_effective_moments"": 48, ""p_value"": 0.466, ""statistic"": 2.145514535661087, ""warning"": null}, {""bootstrap_seed"": 700990003, ""n_boot"": 499, ""n_effective_moments"": 48, ""p_value"": 0.016, ""statistic"": 3.587995609371493, ""warning"": null}, {""bootstrap_seed"": 700990005, ""n_boot"": 499, ""n_effective_moments"": 48, ""p_value"": 0.26, ""statistic"": 2.521843922648743, ""warning"": null}, {""bootstrap_seed"": 700990007, ""n_boot"": 499, ""n_effective_moments"": 48, ""p_value"": 0.034, ""statistic"": 3.2027480825158285, ""warning"": null}]",True,0.0125,[],70.31864802216614,70.31864802216614,78.59878061386583,"[78.59878061386583, 64.06041734256418, 68.29674611006843]","[0.14017737033296943, 0.12655079745162037, 0.1306682307506959]","[0.5494952917052401, 0.49607912601035187, 0.5122194645427279]","[0.939347167059211, 0.2569928227889717, 0.17336455768234582]","[0.6645995212065909, 0.00895325978379563, -0.08274517458901798]","[1.214094812911831, 0.5050323857941477, 0.4294742899537096]",0.06635415127385086,649.6951163906726,"[630.8647435594971, 694.507123269142, 661.7963628588543, 611.612235875197]",23.01049405572528,False,False,False,False,False,False
F2,S1_cU1.0_n4000,220000,700980000,220000,800980000,6122aeb,dhai.bme.e.uh.edu,20.4,ok,sieve1_kernel,0.00732409446690977,0.02720456083591871,0.0063893640290351465,0.2990105855313325,0.4976908861679852,0.46834626305721894,0.5277014143518245,0.11495910678591566,"[0.84, 0.652, 0.012, 0.368]","[0.002, 0.002, 0.002, 0.002]","[0.84, 0.652, 0.012, 0.368]","[{""bootstrap_seed"": 701000000, ""n_boot"": 499, ""n_effective_moments"": 48, ""p_value"": 0.84, ""statistic"": 1.6539755036379478, ""warning"": null}, {""bootstrap_seed"": 701000002, ""n_boot"": 499, ""n_effective_moments"": 48, ""p_value"": 0.652, ""statistic"": 1.8534166567737707, ""warning"": null}, {""bootstrap_seed"": 701000004, ""n_boot"": 499, ""n_effective_moments"": 48, ""p_value"": 0.012, ""statistic"": 3.5980917216837076, ""warning"": null}, {""bootstrap_seed"": 701000006, ""n_boot"": 499, ""n_effective_moments"": 48, ""p_value"": 0.368, ""statistic"": 2.2466045791032956, ""warning"": null}]","[{""bootstrap_seed"": 701000001, ""n_boot"": 499, ""n_effective_moments"": 48, ""p_value"": 0.002, ""statistic"": 41.383768195916126, ""warning"": null}, {""bootstrap_seed"": 701000003, ""n_boot"": 499, ""n_effective_moments"": 48, ""p_value"": 0.002, ""statistic"": 32.79797409932894, ""warning"": null}, {""bootstrap_seed"": 701000005, ""n_boot"": 499, ""n_effective_moments"": 48, ""p_value"": 0.002, ""statistic"": 34.97710230205012, ""warning"": null}, {""bootstrap_seed"": 701000007, ""n_boot"": 499, ""n_effective_moments"": 48, ""p_value"": 0.002, ""statistic"": 40.564048363668036, ""warning"": null}]",False,0.0125,[2],3.7454704632729343,3.7454704632729343,4.12276901143777,"[4.12276901143777, 3.8331810146866188, 3.2804613636944144]","[0.032104396160953445, 0.030956344320214147, 0.028637655995622333]","[0.1258492329509375, 0.12134886973523945, 0.11225961150283954]","[0.9554588243916238, 0.25150839807994874, 0.17298951147222494]","[0.8925342079161549, 0.19083396321232896, 0.11685970572080523]","[1.0183834408670926, 0.3121828329475685, 0.22911931722364465]",0.4980163565501571,997.7893469457887,"[878.9169216244164, 1134.0923703955423, 1027.6353931435058, 950.51270261969]",2.4054713249206543,False,True,False,False,False,False
F2,S1_cU1.0_n4000,220000,700980000,220000,800980000,6122aeb,dhai.bme.e.uh.edu,20.4,ok,sieve1_sieve1,0.00732409446690977,0.02720456083591871,0.0063893640290351465,0.017617592114062885,0.03379880077634981,0.07294888700609291,0.5998767314861027,0.09329736499127378,"[0.84, 0.668, 0.012, 0.362]","[0.456, 0.014, 0.234, 0.024]","[0.84, 0.668, 0.234, 0.362]","[{""bootstrap_seed"": 701010000, ""n_boot"": 499, ""n_effective_moments"": 48, ""p_value"": 0.84, ""statistic"": 1.6539755036379478, ""warning"": null}, {""bootstrap_seed"": 701010002, ""n_boot"": 499, ""n_effective_moments"": 48, ""p_value"": 0.668, ""statistic"": 1.8534166567737707, ""warning"": null}, {""bootstrap_seed"": 701010004, ""n_boot"": 499, ""n_effective_moments"": 48, ""p_value"": 0.012, ""statistic"": 3.5980917216837076, ""warning"": null}, {""bootstrap_seed"": 701010006, ""n_boot"": 499, ""n_effective_moments"": 48, ""p_value"": 0.362, ""statistic"": 2.2466045791032956, ""warning"": null}]","[{""bootstrap_seed"": 701010001, ""n_boot"": 499, ""n_effective_moments"": 48, ""p_value"": 0.456, ""statistic"": 2.145514535661087, ""warning"": null}, {""bootstrap_seed"": 701010003, ""n_boot"": 499, ""n_effective_moments"": 48, ""p_value"": 0.014, ""statistic"": 3.587995609371493, ""warning"": null}, {""bootstrap_seed"": 701010005, ""n_boot"": 499, ""n_effective_moments"": 48, ""p_value"": 0.234, ""statistic"": 2.521843922648743, ""warning"": null}, {""bootstrap_seed"": 701010007, ""n_boot"": 499, ""n_effective_moments"": 48, ""p_value"": 0.024, ""statistic"": 3.2027480825158285, ""warning"": null}]",True,0.0125,[],26.536571874993935,26.536571874993935,26.665111531518424,"[26.58351177662373, 26.361092316839645, 26.665111531518424]","[0.08152225428774607, 0.08118049691403663, 0.0816472772533145]","[0.31956723680796456, 0.3182275479030236, 0.3200573268329928]","[0.991542481942502, 0.2547271741410955, 0.14086916757803078]","[0.8317588635385197, 0.09561340018958364, -0.019159495838465684]","[1.1513261003464845, 0.4138409480926074, 0.30089783099452727]",0.06635415127385086,649.6951163906726,"[630.8647435594971, 694.507123269142, 661.7963628588543, 611.612235875197]",23.01049405572528,True,False,True,True,True,False
F2,S1_cU1.0_n4000,220000,700980000,220000,800980000,6122aeb,dhai.bme.e.uh.edu,20.4,ok,sieve2_sieve2,0.0062619878233748216,0.015122174757513655,0.05114289191712286,0.039405151752951166,0.06745545506297135,0.07796761624430613,0.5762994763309066,0.14082579959611213,"[0.784, 0.96, 0.99, 0.854]","[0.002, 0.002, 0.002, 0.002]","[0.784, 0.96, 0.99, 0.854]","[{""bootstrap_seed"": 701020000, ""n_boot"": 499, ""n_effective_moments"": 48, ""p_value"": 0.784, ""statistic"": 1.725115813925262, ""warning"": null}, {""bootstrap_seed"": 701020002, ""n_boot"": 499, ""n_effective_moments"": 48, ""p_value"": 0.96, ""statistic"": 1.2784895311648798, ""warning"": null}, {""bootstrap_seed"": 701020004, ""n_boot"": 499, ""n_effective_moments"": 48, ""p_value"": 0.99, ""statistic"": 1.1304667283783918, ""warning"": null}, {""bootstrap_seed"": 701020006, ""n_boot"": 499, ""n_effective_moments"": 48, ""p_value"": 0.854, ""statistic"": 1.5839883752517798, ""warning"": null}]","[{""bootstrap_seed"": 701020001, ""n_boot"": 499, ""n_effective_moments"": 48, ""p_value"": 0.002, ""statistic"": 5.141174525408092, ""warning"": null}, {""bootstrap_seed"": 701020003, ""n_boot"": 499, ""n_effective_moments"": 48, ""p_value"": 0.002, ""statistic"": 4.9027356061028735, ""warning"": null}, {""bootstrap_seed"": 701020005, ""n_boot"": 499, ""n_effective_moments"": 48, ""p_value"": 0.002, ""statistic"": 5.184530789362656, ""warning"": null}, {""bootstrap_seed"": 701020007, ""n_boot"": 499, ""n_effective_moments"": 48, ""p_value"": 0.002, ""statistic"": 5.14696152792533, ""warning"": null}]",True,0.0125,[],72.92576708914862,72.92576708914862,77.83790265512857,"[72.05446612279734, 77.83790265512857, 68.88493248951994]","[0.13421481487041337, 0.1394972245737604, 0.13122969603858717]","[0.5261220742920204, 0.5468291203291408, 0.5144204084712617]","[0.9367511444868639, 0.3674613388792973, 0.11592896919870593]","[0.6736901073408534, 0.09404677871472672, -0.14128123503692475]","[1.1998121816328744, 0.6408758990438679, 0.3731391734343366]",0.30404124708214303,428.82826437880954,"[433.35594559275336, 454.57884137331126, 436.95895836729215, 390.41931218188137]",50.0,False,False,False,False,False,False
F2,S1_cU1.0_n4000,220000,700980000,220000,800980000,6122aeb,dhai.bme.e.uh.edu,20.4,ok,sieve3_sieve3,0.01561318583013252,0.0332716001733425,0.08300375591555971,0.0761317175484739,0.12869281291611556,0.11026290272703444,7.436049409443122,3.3309407086761453,"[0.06, 0.072, 0.19, 0.002]","[0.002, 0.002, 0.002, 0.002]","[0.06, 0.072, 0.19, 0.002]","[{""bootstrap_seed"": 701030000, ""n_boot"": 499, ""n_effective_moments"": 48, ""p_value"": 0.06, ""statistic"": 2.984792953103501, ""warning"": null}, {""bootstrap_seed"": 701030002, ""n_boot"": 499, ""n_effective_moments"": 48, ""p_value"": 0.072, ""statistic"": 2.828549695455541, ""warning"": null}, {""bootstrap_seed"": 701030004, ""n_boot"": 499, ""n_effective_moments"": 48, ""p_value"": 0.19, ""statistic"": 2.606314696338499, ""warning"": null}, {""bootstrap_seed"": 701030006, ""n_boot"": 499, ""n_effective_moments"": 48, ""p_value"": 0.002, ""statistic"": 4.321878024048245, ""warning"": null}]","[{""bootstrap_seed"": 701030001, ""n_boot"": 499, ""n_effective_moments"": 48, ""p_value"": 0.002, ""statistic"": 9.050506864656242, ""warning"": null}, {""bootstrap_seed"": 701030003, ""n_boot"": 499, ""n_effective_moments"": 48, ""p_value"": 0.002, ""statistic"": 12.3214462534678, ""warning"": null}, {""bootstrap_seed"": 701030005, ""n_boot"": 499, ""n_effective_moments"": 48, ""p_value"": 0.002, ""statistic"": 9.113939924017323, ""warning"": null}, {""bootstrap_seed"": 701030007, ""n_boot"": 499, ""n_effective_moments"": 48, ""p_value"": 0.002, ""statistic"": 8.48144015772905, ""warning"": null}]",False,0.0125,[3],112531.3231467334,112531.3231467334,116451.12036804484,"[105240.91441021324, 115901.93466194214, 116451.12036804484]","[5.129349725116558, 5.382888041329258, 5.395626014839354]","[20.107050922456907, 21.10092112201069, 21.150853978170268]","[1.805084368566177, -1.0467828002312662, -8.01679319242819]","[-8.248441092662288, -11.597243361236604, -18.59222018151332]","[11.858609829794643, 9.503677760774071, 2.558633796656938]",0.9193645348504762,383.8611269630949,"[369.7957717459039, 454.1936206517499, 368.7856372462877, 342.6694782084381]",50.0,False,False,False,False,False,False
F2,S1_cU2.0_n4000,220000,700990000,220000,800990000,6122aeb,dhai.bme.e.uh.edu,20.0,ok,kernel_kernel,0.04068221525245588,0.10251099978772388,0.09410034004898112,0.3471185732564095,0.5161231747046731,0.4807348356764121,0.7880305627852863,0.3779669220011672,"[0.002, 0.002, 0.002, 0.002]","[0.002, 0.002, 0.002, 0.002]","[0.002, 0.002, 0.002, 0.002]","[{""bootstrap_seed"": 700990000, ""n_boot"": 499, ""n_effective_moments"": 48, ""p_value"": 0.002, ""statistic"": 9.374149418802427, ""warning"": null}, {""bootstrap_seed"": 700990002, ""n_boot"": 499, ""n_effective_moments"": 48, ""p_value"": 0.002, ""statistic"": 13.459478308309473, ""warning"": null}, {""bootstrap_seed"": 700990004, ""n_boot"": 499, ""n_effective_moments"": 48, ""p_value"": 0.002, ""statistic"": 8.368355334613149, ""warning"": null}, {""bootstrap_seed"": 700990006, ""n_boot"": 499, ""n_effective_moments"": 48, ""p_value"": 0.002, ""statistic"": 8.004835064726553, ""warning"": null}]","[{""bootstrap_seed"": 700990001, ""n_boot"": 499, ""n_effective_moments"": 48, ""p_value"": 0.002, ""statistic"": 42.207322645206915, ""warning"": null}, {""bootstrap_seed"": 700990003, ""n_boot"": 499, ""n_effective_moments"": 48, ""p_value"": 0.002, ""statistic"": 26.734232521417923, ""warning"": null}, {""bootstrap_seed"": 700990005, ""n_boot"": 499, ""n_effective_moments"": 48, ""p_value"": 0.002, ""statistic"": 39.372876815892916, ""warning"": null}, {""bootstrap_seed"": 700990007, ""n_boot"": 499, ""n_effective_moments"": 48, ""p_value"": 0.002, ""statistic"": 43.14132390035096, ""warning"": null}]",False,0.0125,"[0, 1, 2, 3]",9.301436384538457,9.301436384538457,11.874070766882975,"[11.874070766882975, 8.453138121088273, 7.577100265644129]","[0.05448410494557788, 0.04597047454912846, 0.04352327040114325]","[0.21357769138666527, 0.18020426023258357, 0.17061121997248155]","[0.1984614769641251, 0.1560998843687411, 0.30042412340168867]","[0.09167263127079249, 0.06599775425244918, 0.21511851341544785]","[0.3052503226574577, 0.24620201448503298, 0.3857297333879295]",0.500672517389059,998.043565741467,"[855.8952842085026, 1323.785973269716, 929.8329287754044, 882.660076712245]",2.4137320518493652,False,False,False,False,False,True
F2,S1_cU2.0_n4000,220000,700990000,220000,800990000,6122aeb,dhai.bme.e.uh.edu,20.0,ok,kernel_sieve1,0.04068221525245588,0.10251099978772388,0.09410034004898112,0.033833833261555105,0.054694213781207354,0.08015486759490184,0.6355760256321205,0.2299818459173315,"[0.002, 0.002, 0.002, 0.002]","[0.034, 0.002, 0.012, 0.002]","[0.034, 0.002, 0.012, 0.002]","[{""bootstrap_seed"": 701000000, ""n_boot"": 499, ""n_effective_moments"": 48, ""p_value"": 0.002, ""statistic"": 9.374149418802427, ""warning"": null}, {""bootstrap_seed"": 701000002, ""n_boot"": 499, ""n_effective_moments"": 48, ""p_value"": 0.002, ""statistic"": 13.459478308309473, ""warning"": null}, {""bootstrap_seed"": 701000004, ""n_boot"": 499, ""n_effective_moments"": 48, ""p_value"": 0.002, ""statistic"": 8.368355334613149, ""warning"": null}, {""bootstrap_seed"": 701000006, ""n_boot"": 499, ""n_effective_moments"": 48, ""p_value"": 0.002, ""statistic"": 8.004835064726553, ""warning"": null}]","[{""bootstrap_seed"": 701000001, ""n_boot"": 499, ""n_effective_moments"": 48, ""p_value"": 0.034, ""statistic"": 3.2165837677372386, ""warning"": null}, {""bootstrap_seed"": 701000003, ""n_boot"": 499, ""n_effective_moments"": 48, ""p_value"": 0.002, ""statistic"": 7.818802614845928, ""warning"": null}, {""bootstrap_seed"": 701000005, ""n_boot"": 499, ""n_effective_moments"": 48, ""p_value"": 0.012, ""statistic"": 3.538226316776524, ""warning"": null}, {""bootstrap_seed"": 701000007, ""n_boot"": 499, ""n_effective_moments"": 48, ""p_value"": 0.002, ""statistic"": 4.652312882313062, ""warning"": null}]",False,0.0125,"[1, 2, 3]",90.97200618110439,90.97200618110439,100.87341153853255,"[100.87341153853255, 77.87766528845641, 94.16494171632417]","[0.15880287429588022, 0.13953285033322477, 0.15343153335960977]","[0.6225072672398505, 0.546968773306241, 0.6014516107696702]","[0.8414358495254658, 0.33030550568979133, 0.3252376463904719]","[0.5301822159055407, 0.05682111903667081, 0.024511841005636914]","[1.1526894831453909, 0.6037898923429119, 0.625963451775307]",0.13764527855158504,577.5580724641443,"[540.9783952172154, 695.7599791617826, 565.1826256703748, 508.3112898072045]",34.80826863056243,False,False,False,False,False,False
F2,S1_cU2.0_n4000,220000,700990000,220000,800990000,6122aeb,dhai.bme.e.uh.edu,20.0,ok,sieve1_kernel,0.008287275499213391,0.0245816653034922,0.01415750938140459,0.3471185732564095,0.5161231747046731,0.4807348356764121,0.567875156932477,0.14538316977625523,"[0.512, 0.142, 0.824, 0.728]","[0.002, 0.002, 0.002, 0.002]","[0.512, 0.142, 0.824, 0.728]","[{""bootstrap_seed"": 701010000, ""n_boot"": 499, ""n_effective_moments"": 48, ""p_value"": 0.512, ""statistic"": 2.031205742878212, ""warning"": null}, {""bootstrap_seed"": 701010002, ""n_boot"": 499, ""n_effective_moments"": 48, ""p_value"": 0.142, ""statistic"": 2.728609403033737, ""warning"": null}, {""bootstrap_seed"": 701010004, ""n_boot"": 499, ""n_effective_moments"": 48, ""p_value"": 0.824, ""statistic"": 1.545916945840503, ""warning"": null}, {""bootstrap_seed"": 701010006, ""n_boot"": 499, ""n_effective_moments"": 48, ""p_value"": 0.728, ""statistic"": 1.7507725803280647, ""warning"": null}]","[{""bootstrap_seed"": 701010001, ""n_boot"": 499, ""n_effective_moments"": 48, ""p_value"": 0.002, ""statistic"": 42.207322645206915, ""warning"": null}, {""bootstrap_seed"": 701010003, ""n_boot"": 499, ""n_effective_moments"": 48, ""p_value"": 0.002, ""statistic"": 26.734232521417923, ""warning"": null}, {""bootstrap_seed"": 701010005, ""n_boot"": 499, ""n_effective_moments"": 48, ""p_value"": 0.002, ""statistic"": 39.372876815892916, ""warning"": null}, {""bootstrap_seed"": 701010007, ""n_boot"": 499, ""n_effective_moments"": 48, ""p_value"": 0.002, ""statistic"": 43.14132390035096, ""warning"": null}]",True,0.0125,[],3.725640959364961,3.725640959364961,4.427409595595401,"[4.427409595595401, 3.5803691909004343, 3.169144091599047]","[0.03326939132143614, 0.029918093149883543, 0.02814757579081655]","[0.13041601398002967, 0.11727892514754348, 0.11033849710000086]","[0.9913081309871503, 0.2922274279509592, 0.2593919771677598]","[0.9261001239971355, 0.23358796537718746, 0.20422272861775936]","[1.056516137977165, 0.3508668905247309, 0.31456122571776024]",0.500672517389059,998.043565741467,"[855.8952842085026, 1323.785973269716, 929.8329287754044, 882.660076712245]",2.4137320518493652,False,True,True,False,False,False
F2,S1_cU2.0_n4000,220000,700990000,220000,800990000,6122aeb,dhai.bme.e.uh.edu,20.0,ok,sieve1_sieve1,0.008287275499213391,0.0245816653034922,0.01415750938140459,0.033833833261555105,0.054694213781207354,0.08015486759490184,0.6215063221262521,0.14507530716015757,"[0.458, 0.182, 0.862, 0.704]","[0.026, 0.002, 0.01, 0.002]","[0.458, 0.182, 0.862, 0.704]","[{""bootstrap_seed"": 701020000, ""n_boot"": 499, ""n_effective_moments"": 48, ""p_value"": 0.458, ""statistic"": 2.031205742878212, ""warning"": null}, {""bootstrap_seed"": 701020002, ""n_boot"": 499, ""n_effective_moments"": 48, ""p_value"": 0.182, ""statistic"": 2.728609403033737, ""warning"": null}, {""bootstrap_seed"": 701020004, ""n_boot"": 499, ""n_effective_moments"": 48, ""p_value"": 0.862, ""statistic"": 1.545916945840503, ""warning"": null}, {""bootstrap_seed"": 701020006, ""n_boot"": 499, ""n_effective_moments"": 48, ""p_value"": 0.704, ""statistic"": 1.7507725803280647, ""warning"": null}]","[{""bootstrap_seed"": 701020001, ""n_boot"": 499, ""n_effective_moments"": 48, ""p_value"": 0.026, ""statistic"": 3.2165837677372386, ""warning"": null}, {""bootstrap_seed"": 701020003, ""n_boot"": 499, ""n_effective_moments"": 48, ""p_value"": 0.002, ""statistic"": 7.818802614845928, ""warning"": null}, {""bootstrap_seed"": 701020005, ""n_boot"": 499, ""n_effective_moments"": 48, ""p_value"": 0.01, ""statistic"": 3.538226316776524, ""warning"": null}, {""bootstrap_seed"": 701020007, ""n_boot"": 499, ""n_effective_moments"": 48, ""p_value"": 0.002, ""statistic"": 4.652312882313062, ""warning"": null}]",True,0.0125,[],34.454515590737714,34.454515590737714,36.34798171767361,"[33.82535493584706, 33.19021011869246, 36.34798171767361]","[0.09195835325821013, 0.09109090256262212, 0.09532573330123614]","[0.36047674477218367, 0.35707633804547867, 0.3736768745408457]","[1.0264348753882295, 0.31873633363586384, 0.229130383811372]","[0.8461965030021378, 0.1401981646131245, 0.0422919465409492]","[1.2066732477743212, 0.4972745026586032, 0.4159688210817948]",0.13764527855158504,577.5580724641443,"[540.9783952172154, 695.7599791617826, 565.1826256703748, 508.3112898072045]",34.80826863056243,True,False,False,True,True,False
F2,S1_cU2.0_n4000,220000,700990000,220000,800990000,6122aeb,dhai.bme.e.uh.edu,20.0,ok,sieve2_sieve2,0.007616030632463304,0.01725952890672086,0.011803925922644553,0.04564630633538762,0.07226004100597275,0.11045786198162458,0.669700087117787,0.31462739004506096,"[0.288, 0.76, 0.938, 0.956]","[0.002, 0.002, 0.002, 0.002]","[0.288, 0.76, 0.938, 0.956]","[{""bootstrap_seed"": 701030000, ""n_boot"": 499, ""n_effective_moments"": 48, ""p_value"": 0.288, ""statistic"": 2.4143755384193746, ""warning"": null}, {""bootstrap_seed"": 701030002, ""n_boot"": 499, ""n_effective_moments"": 48, ""p_value"": 0.76, ""statistic"": 1.7421605976118797, ""warning"": null}, {""bootstrap_seed"": 701030004, ""n_boot"": 499, ""n_effective_moments"": 48, ""p_value"": 0.938, ""statistic"": 1.2920350010723514, ""warning"": null}, {""bootstrap_seed"": 701030006, ""n_boot"": 499, ""n_effective_moments"": 48, ""p_value"": 0.956, ""statistic"": 1.3123706796217045, ""warning"": null}]","[{""bootstrap_seed"": 701030001, ""n_boot"": 499, ""n_effective_moments"": 48, ""p_value"": 0.002, ""statistic"": 5.653413595247293, ""warning"": null}, {""bootstrap_seed"": 701030003, ""n_boot"": 499, ""n_effective_moments"": 48, ""p_value"": 0.002, ""statistic"": 6.508254471649279, ""warning"": null}, {""bootstrap_seed"": 701030005, ""n_boot"": 499, ""n_effective_moments"": 48, ""p_value"": 0.002, ""statistic"": 5.301850866182156, ""warning"": null}, {""bootstrap_seed"": 701030007, ""n_boot"": 499, ""n_effective_moments"": 48, ""p_value"": 0.002, ""statistic"": 5.6251031574620685, ""warning"": null}]",True,0.0125,[],87.4484119847798,87.4484119847798,99.55681730659886,"[72.1223124175005, 90.66610623024002, 99.55681730659886]","[0.13427798816029055, 0.15055406523093293, 0.15776312727202677]","[0.526369713588339, 0.5901719357052571, 0.6184314589063449]","[1.059268525797509, 0.597138822627259, 0.42655049306540765]","[0.7960836690033392, 0.3020528547746305, 0.11733476361223527]","[1.3224533825916787, 0.8922247904798876, 0.73576622251858]",0.32652988651417075,389.2031489792721,"[408.962901055491, 430.4199829258686, 381.9450975198374, 335.48461441589154]",50.0,False,False,False,False,False,False
F2,S1_cU2.0_n4000,220000,700990000,220000,800990000,6122aeb,dhai.bme.e.uh.edu,20.0,ok,sieve3_sieve3,0.017623016297037046,0.04046628961068359,0.05811968176099613,0.08166519255302036,0.1296609622219159,0.06362262912431828,0.9233178639380863,3.9395599291960433,"[0.042, 0.002, 0.002, 0.248]","[0.002, 0.002, 0.002, 0.002]","[0.042, 0.002, 0.002, 0.248]","[{""bootstrap_seed"": 701040000, ""n_boot"": 499, ""n_effective_moments"": 48, ""p_value"": 0.042, ""statistic"": 3.2211979287521633, ""warning"": null}, {""bootstrap_seed"": 701040002, ""n_boot"": 499, ""n_effective_moments"": 48, ""p_value"": 0.002, ""statistic"": 4.102202920675947, ""warning"": null}, {""bootstrap_seed"": 701040004, ""n_boot"": 499, ""n_effective_moments"": 48, ""p_value"": 0.002, ""statistic"": 5.325113434488852, ""warning"": null}, {""bootstrap_seed"": 701040006, ""n_boot"": 499, ""n_effective_moments"": 48, ""p_value"": 0.248, ""statistic"": 2.4664745151743572, ""warning"": null}]","[{""bootstrap_seed"": 701040001, ""n_boot"": 499, ""n_effective_moments"": 48, ""p_value"": 0.002, ""statistic"": 7.961663448757182, ""warning"": null}, {""bootstrap_seed"": 701040003, ""n_boot"": 499, ""n_effective_moments"": 48, ""p_value"": 0.002, ""statistic"": 13.693745016383259, ""warning"": null}, {""bootstrap_seed"": 701040005, ""n_boot"": 499, ""n_effective_moments"": 48, ""p_value"": 0.002, ""statistic"": 9.158182275217989, ""warning"": null}, {""bootstrap_seed"": 701040007, ""n_boot"": 499, ""n_effective_moments"": 48, ""p_value"": 0.002, ""statistic"": 8.20615109522937, ""warning"": null}]",False,0.0125,"[1, 2]",118852.18522960605,118852.18522960605,187994.0429669522,"[149569.2281802879, 187994.0429669522, 18993.284541578076]","[6.114924941900103, 6.855545984218766, 2.1790642797757296]","[23.970505772248405, 26.873740258137563, 8.54193197672086]","[5.784641040521612, -5.54452767922, 1.35654084341093]","[-6.20061184560259, -18.98139780828877, -2.914425144949499]","[17.769893926645814, 7.892342449848767, 5.62750683177136]",0.8656691630571576,375.56989563541066,"[345.96438777145397, 464.35036735703653, 361.1005255171142, 330.86430189603783]",50.0,False,False,False,False,False,False
G2,S1_additive0.0_n4000,220000,701000000,220000,801000000,6122aeb,dhai.bme.e.uh.edu,18.5,ok,kernel_kernel,0.04574540276028156,0.10543684930541618,0.06001961814076352,0.31261165244605843,0.5330008300014344,0.46722224024988535,0.7087825532671254,0.27226842903839993,"[0.002, 0.002, 0.002, 0.002]","[0.002, 0.002, 0.002, 0.002]","[0.002, 0.002, 0.002, 0.002]","[{""bootstrap_seed"": 701000000, ""n_boot"": 499, ""n_effective_moments"": 48, ""p_value"": 0.002, ""statistic"": 10.137012171966726, ""warning"": null}, {""bootstrap_seed"": 701000002, ""n_boot"": 499, ""n_effective_moments"": 48, ""p_value"": 0.002, ""statistic"": 11.214041905555069, ""warning"": null}, {""bootstrap_seed"": 701000004, ""n_boot"": 499, ""n_effective_moments"": 48, ""p_value"": 0.002, ""statistic"": 10.466312351843728, ""warning"": null}, {""bootstrap_seed"": 701000006, ""n_boot"": 499, ""n_effective_moments"": 48, ""p_value"": 0.002, ""statistic"": 10.135139054001497, ""warning"": null}]","[{""bootstrap_seed"": 701000001, ""n_boot"": 499, ""n_effective_moments"": 48, ""p_value"": 0.002, ""statistic"": 42.62685593681449, ""warning"": null}, {""bootstrap_seed"": 701000003, ""n_boot"": 499, ""n_effective_moments"": 48, ""p_value"": 0.002, ""statistic"": 31.66155655896808, ""warning"": null}, {""bootstrap_seed"": 701000005, ""n_boot"": 499, ""n_effective_moments"": 48, ""p_value"": 0.002, ""statistic"": 34.132099127639854, ""warning"": null}, {""bootstrap_seed"": 701000007, ""n_boot"": 499, ""n_effective_moments"": 48, ""p_value"": 0.002, ""statistic"": 39.5738275344004, ""warning"": null}]",False,0.0125,"[0, 1, 2, 3]",9.649989141694446,9.649989141694446,11.315796094555257,"[11.315796094555257, 9.344534974333262, 8.28963635619482]","[0.053187865379603405, 0.04833356746178908, 0.045523720070406205]","[0.20849643228804535, 0.1894675844502132, 0.17845298267599233]","[0.3824994515190874, 0.11805410607757619, 0.16947471372408648]","[0.2782512353750646, 0.02332031385246966, 0.08024822238609035]","[0.4867476676631102, 0.21278789830268272, 0.2587012050620826]",0.4980163565501571,997.7893469457887,"[878.9169216244164, 1134.0923703955423, 1027.6353931435058, 950.51270261969]",2.4054713249206543,False,False,False,False,False,True
G2,S1_additive0.0_n4000,220000,701000000,220000,801000000,6122aeb,dhai.bme.e.uh.edu,18.5,ok,kernel_sieve1,0.04574540276028156,0.10543684930541618,0.06001961814076352,0.01869149116092501,0.036420420130095235,0.07271506515607598,0.8504530684560602,0.12228281620310122,"[0.002, 0.002, 0.002, 0.002]","[0.646, 0.002, 0.132, 0.012]","[0.646, 0.002, 0.132, 0.012]","[{""bootstrap_seed"": 701010000, ""n_boot"": 499, ""n_effective_moments"": 48, ""p_value"": 0.002, ""statistic"": 10.137012171966726, ""warning"": null}, {""bootstrap_seed"": 701010002, ""n_boot"": 499, ""n_effective_moments"": 48, ""p_value"": 0.002, ""statistic"": 11.214041905555069, ""warning"": null}, {""bootstrap_seed"": 701010004, ""n_boot"": 499, ""n_effective_moments"": 48, ""p_value"": 0.002, ""statistic"": 10.466312351843728, ""warning"": null}, {""bootstrap_seed"": 701010006, ""n_boot"": 499, ""n_effective_moments"": 48, ""p_value"": 0.002, ""statistic"": 10.135139054001497, ""warning"": null}]","[{""bootstrap_seed"": 701010001, ""n_boot"": 499, ""n_effective_moments"": 48, ""p_value"": 0.646, ""statistic"": 1.8901253064541708, ""warning"": null}, {""bootstrap_seed"": 701010003, ""n_boot"": 499, ""n_effective_moments"": 48, ""p_value"": 0.002, ""statistic"": 4.208316347236892, ""warning"": null}, {""bootstrap_seed"": 701010005, ""n_boot"": 499, ""n_effective_moments"": 48, ""p_value"": 0.132, ""statistic"": 2.7743345210758132, ""warning"": null}, {""bootstrap_seed"": 701010007, ""n_boot"": 499, ""n_effective_moments"": 48, ""p_value"": 0.012, ""statistic"": 3.5365888070079485, ""warning"": null}]",False,0.0125,"[1, 3]",70.31864802216614,70.31864802216614,78.59878061386583,"[78.59878061386583, 64.06041734256418, 68.29674611006843]","[0.14017737033296943, 0.12655079745162037, 0.1306682307506959]","[0.5494952917052401, 0.49607912601035187, 0.5122194645427279]","[0.939347167059211, 0.2569928227889717, 0.17336455768234582]","[0.6645995212065909, 0.00895325978379563, -0.08274517458901798]","[1.214094812911831, 0.5050323857941477, 0.4294742899537096]",0.06635415127385086,649.6951163906726,"[630.8647435594971, 694.507123269142, 661.7963628588543, 611.612235875197]",23.01049405572528,False,False,False,False,False,False
G2,S1_additive0.0_n4000,220000,701000000,220000,801000000,6122aeb,dhai.bme.e.uh.edu,18.5,ok,sieve1_kernel,0.00961010274950107,0.04021410570998684,0.006350571740725493,0.31261165244605843,0.5330008300014344,0.46722224024988535,0.5277014143518245,0.11495910678591566,"[0.004, 0.002, 0.064, 0.104]","[0.002, 0.002, 0.002, 0.002]","[0.004, 0.002, 0.064, 0.104]","[{""bootstrap_seed"": 701020000, ""n_boot"": 499, ""n_effective_moments"": 48, ""p_value"": 0.004, ""statistic"": 3.932045350152402, ""warning"": null}, {""bootstrap_seed"": 701020002, ""n_boot"": 499, ""n_effective_moments"": 48, ""p_value"": 0.002, ""statistic"": 4.472807183102856, ""warning"": null}, {""bootstrap_seed"": 701020004, ""n_boot"": 499, ""n_effective_moments"": 48, ""p_value"": 0.064, ""statistic"": 3.02594373203398, ""warning"": null}, {""bootstrap_seed"": 701020006, ""n_boot"": 499, ""n_effective_moments"": 48, ""p_value"": 0.104, ""statistic"": 2.78351988411962, ""warning"": null}]","[{""bootstrap_seed"": 701020001, ""n_boot"": 499, ""n_effective_moments"": 48, ""p_value"": 0.002, ""statistic"": 42.62685593681449, ""warning"": null}, {""bootstrap_seed"": 701020003, ""n_boot"": 499, ""n_effective_moments"": 48, ""p_value"": 0.002, ""statistic"": 31.66155655896808, ""warning"": null}, {""bootstrap_seed"": 701020005, ""n_boot"": 499, ""n_effective_moments"": 48, ""p_value"": 0.002, ""statistic"": 34.132099127639854, ""warning"": null}, {""bootstrap_seed"": 701020007, ""n_boot"": 499, ""n_effective_moments"": 48, ""p_value"": 0.002, ""statistic"": 39.5738275344004, ""warning"": null}]",False,0.0125,"[0, 1]",3.7454704632729343,3.7454704632729343,4.12276901143777,"[4.12276901143777, 3.8331810146866188, 3.2804613636944144]","[0.032104396160953445, 0.030956344320214147, 0.028637655995622333]","[0.1258492329509375, 0.12134886973523945, 0.11225961150283954]","[0.9554588243916238, 0.25150839807994874, 0.17298951147222494]","[0.8925342079161549, 0.19083396321232896, 0.11685970572080523]","[1.0183834408670926, 0.3121828329475685, 0.22911931722364465]",0.4980163565501571,997.7893469457887,"[878.9169216244164, 1134.0923703955423, 1027.6353931435058, 950.51270261969]",2.4054713249206543,False,True,False,False,False,False
G2,S1_additive0.0_n4000,220000,701000000,220000,801000000,6122aeb,dhai.bme.e.uh.edu,18.5,ok,sieve1_sieve1,0.00961010274950107,0.04021410570998684,0.006350571740725493,0.01869149116092501,0.036420420130095235,0.07271506515607598,0.5998767314861027,0.09329736499127378,"[0.004, 0.002, 0.056, 0.142]","[0.656, 0.002, 0.132, 0.018]","[0.656, 0.002, 0.132, 0.142]","[{""bootstrap_seed"": 701030000, ""n_boot"": 499, ""n_effective_moments"": 48, ""p_value"": 0.004, ""statistic"": 3.932045350152402, ""warning"": null}, {""bootstrap_seed"": 701030002, ""n_boot"": 499, ""n_effective_moments"": 48, ""p_value"": 0.002, ""statistic"": 4.472807183102856, ""warning"": null}, {""bootstrap_seed"": 701030004, ""n_boot"": 499, ""n_effective_moments"": 48, ""p_value"": 0.056, ""statistic"": 3.02594373203398, ""warning"": null}, {""bootstrap_seed"": 701030006, ""n_boot"": 499, ""n_effective_moments"": 48, ""p_value"": 0.142, ""statistic"": 2.78351988411962, ""warning"": null}]","[{""bootstrap_seed"": 701030001, ""n_boot"": 499, ""n_effective_moments"": 48, ""p_value"": 0.656, ""statistic"": 1.8901253064541708, ""warning"": null}, {""bootstrap_seed"": 701030003, ""n_boot"": 499, ""n_effective_moments"": 48, ""p_value"": 0.002, ""statistic"": 4.208316347236892, ""warning"": null}, {""bootstrap_seed"": 701030005, ""n_boot"": 499, ""n_effective_moments"": 48, ""p_value"": 0.132, ""statistic"": 2.7743345210758132, ""warning"": null}, {""bootstrap_seed"": 701030007, ""n_boot"": 499, ""n_effective_moments"": 48, ""p_value"": 0.018, ""statistic"": 3.5365888070079485, ""warning"": null}]",False,0.0125,[1],26.536571874993935,26.536571874993935,26.665111531518424,"[26.58351177662373, 26.361092316839645, 26.665111531518424]","[0.08152225428774607, 0.08118049691403663, 0.0816472772533145]","[0.31956723680796456, 0.3182275479030236, 0.3200573268329928]","[0.991542481942502, 0.2547271741410955, 0.14086916757803078]","[0.8317588635385197, 0.09561340018958364, -0.019159495838465684]","[1.1513261003464845, 0.4138409480926074, 0.30089783099452727]",0.06635415127385086,649.6951163906726,"[630.8647435594971, 694.507123269142, 661.7963628588543, 611.612235875197]",23.01049405572528,True,False,False,True,True,False
G2,S1_additive0.0_n4000,220000,701000000,220000,801000000,6122aeb,dhai.bme.e.uh.edu,18.5,ok,sieve2_sieve2,0.00586468422223956,0.01514654154457969,0.05116532476613213,0.04211030109298173,0.07283991674583576,0.07777674883427403,0.5762994763309066,0.14082579959611213,"[0.89, 0.776, 0.996, 0.828]","[0.002, 0.002, 0.002, 0.002]","[0.89, 0.776, 0.996, 0.828]","[{""bootstrap_seed"": 701040000, ""n_boot"": 499, ""n_effective_moments"": 48, ""p_value"": 0.89, ""statistic"": 1.4550631258723115, ""warning"": null}, {""bootstrap_seed"": 701040002, ""n_boot"": 499, ""n_effective_moments"": 48, ""p_value"": 0.776, ""statistic"": 1.6827748645019294, ""warning"": null}, {""bootstrap_seed"": 701040004, ""n_boot"": 499, ""n_effective_moments"": 48, ""p_value"": 0.996, ""statistic"": 1.106206575281865, ""warning"": null}, {""bootstrap_seed"": 701040006, ""n_boot"": 499, ""n_effective_moments"": 48, ""p_value"": 0.828, ""statistic"": 1.6546350049521252, ""warning"": null}]","[{""bootstrap_seed"": 701040001, ""n_boot"": 499, ""n_effective_moments"": 48, ""p_value"": 0.002, ""statistic"": 5.076433940241607, ""warning"": null}, {""bootstrap_seed"": 701040003, ""n_boot"": 499, ""n_effective_moments"": 48, ""p_value"": 0.002, ""statistic"": 4.880392398034764, ""warning"": null}, {""bootstrap_seed"": 701040005, ""n_boot"": 499, ""n_effective_moments"": 48, ""p_value"": 0.002, ""statistic"": 5.628810954633367, ""warning"": null}, {""bootstrap_seed"": 701040007, ""n_boot"": 499, ""n_effective_moments"": 48, ""p_value"": 0.002, ""statistic"": 5.3150759782542565, ""warning"": null}]",True,0.0125,[],72.92576708914862,72.92576708914862,77.83790265512857,"[72.05446612279734, 77.83790265512857, 68.88493248951994]","[0.13421481487041337, 0.1394972245737604, 0.13122969603858717]","[0.5261220742920204, 0.5468291203291408, 0.5144204084712617]","[0.9367511444868639, 0.3674613388792973, 0.11592896919870593]","[0.6736901073408534, 0.09404677871472672, -0.14128123503692475]","[1.1998121816328744, 0.6408758990438679, 0.3731391734343366]",0.30404124708214303,428.82826437880954,"[433.35594559275336, 454.57884137331126, 436.95895836729215, 390.41931218188137]",50.0,False,False,True,False,False,False
G2,S1_additive0.0_n4000,220000,701000000,220000,801000000,6122aeb,dhai.bme.e.uh.edu,18.5,ok,sieve3_sieve3,0.014675685489902715,0.03167840411966422,0.08305595768666695,0.08032298171855573,0.14102454628641237,0.10995491477027076,7.436049409443122,3.3309407086761453,"[0.298, 0.006, 0.528, 0.008]","[0.002, 0.002, 0.002, 0.002]","[0.298, 0.006, 0.528, 0.008]","[{""bootstrap_seed"": 701050000, ""n_boot"": 499, ""n_effective_moments"": 48, ""p_value"": 0.298, ""statistic"": 2.3889564626557873, ""warning"": null}, {""bootstrap_seed"": 701050002, ""n_boot"": 499, ""n_effective_moments"": 48, ""p_value"": 0.006, ""statistic"": 3.62634163409816, ""warning"": null}, {""bootstrap_seed"": 701050004, ""n_boot"": 499, ""n_effective_moments"": 48, ""p_value"": 0.528, ""statistic"": 2.002166548781083, ""warning"": null}, {""bootstrap_seed"": 701050006, ""n_boot"": 499, ""n_effective_moments"": 48, ""p_value"": 0.008, ""statistic"": 3.6636760935446007, ""warning"": null}]","[{""bootstrap_seed"": 701050001, ""n_boot"": 499, ""n_effective_moments"": 48, ""p_value"": 0.002, ""statistic"": 8.460593040351666, ""warning"": null}, {""bootstrap_seed"": 701050003, ""n_boot"": 499, ""n_effective_moments"": 48, ""p_value"": 0.002, ""statistic"": 12.427487575536333, ""warning"": null}, {""bootstrap_seed"": 701050005, ""n_boot"": 499, ""n_effective_moments"": 48, ""p_value"": 0.002, ""statistic"": 9.581888211128714, ""warning"": null}, {""bootstrap_seed"": 701050007, ""n_boot"": 499, ""n_effective_moments"": 48, ""p_value"": 0.002, ""statistic"": 8.791067213691536, ""warning"": null}]",False,0.0125,"[1, 3]",112531.3231467334,112531.3231467334,116451.12036804484,"[105240.91441021324, 115901.93466194214, 116451.12036804484]","[5.129349725116558, 5.382888041329258, 5.395626014839354]","[20.107050922456907, 21.10092112201069, 21.150853978170268]","[1.805084368566177, -1.0467828002312662, -8.01679319242819]","[-8.248441092662288, -11.597243361236604, -18.59222018151332]","[11.858609829794643, 9.503677760774071, 2.558633796656938]",0.9193645348504762,383.8611269630949,"[369.7957717459039, 454.1936206517499, 368.7856372462877, 342.6694782084381]",50.0,False,False,False,False,False,False
G2,S1_additive0.1_n4000,220000,701010000,220000,801010000,6122aeb,dhai.bme.e.uh.edu,17.6,ok,kernel_kernel,0.047209585192998005,0.13840165407681,0.05975377088509168,0.32220914019365887,0.5035713140327787,0.4686687536669158,0.7100966942219256,0.272351879672857,"[0.002, 0.002, 0.002, 0.002]","[0.002, 0.002, 0.002, 0.002]","[0.002, 0.002, 0.002, 0.002]","[{""bootstrap_seed"": 701010000, ""n_boot"": 499, ""n_effective_moments"": 48, ""p_value"": 0.002, ""statistic"": 13.357712300930945, ""warning"": null}, {""bootstrap_seed"": 701010002, ""n_boot"": 499, ""n_effective_moments"": 48, ""p_value"": 0.002, ""statistic"": 15.073102907971377, ""warning"": null}, {""bootstrap_seed"": 701010004, ""n_boot"": 499, ""n_effective_moments"": 48, ""p_value"": 0.002, ""statistic"": 14.006684230162119, ""warning"": null}, {""bootstrap_seed"": 701010006, ""n_boot"": 499, ""n_effective_moments"": 48, ""p_value"": 0.002, ""statistic"": 12.690136653732631, ""warning"": null}]","[{""bootstrap_seed"": 701010001, ""n_boot"": 499, ""n_effective_moments"": 48, ""p_value"": 0.002, ""statistic"": 41.22841869873496, ""warning"": null}, {""bootstrap_seed"": 701010003, ""n_boot"": 499, ""n_effective_moments"": 48, ""p_value"": 0.002, ""statistic"": 31.140263394935563, ""warning"": null}, {""bootstrap_seed"": 701010005, ""n_boot"": 499, ""n_effective_moments"": 48, ""p_value"": 0.002, ""statistic"": 32.42177597272487, ""warning"": null}, {""bootstrap_seed"": 701010007, ""n_boot"": 499, ""n_effective_moments"": 48, ""p_value"": 0.002, ""statistic"": 45.062110308583584, ""warning"": null}]",False,0.0125,"[0, 1, 2, 3]",9.651064848522003,9.651064848522003,11.316402231913854,"[11.316402231913854, 9.346401388907719, 8.290390924744434]","[0.05318928988037407, 0.048338394131652015, 0.045525791933651284]","[0.20850201633106635, 0.1894865049960759, 0.17846110437991303]","[0.38240920530362404, 0.11779673716353602, 0.16937745049795433]","[0.27815819713809076, 0.02305348466549831, 0.08014689830799775]","[0.48666021346915733, 0.21253998966157372, 0.2586080026879109]",0.49798764176666743,997.7815946302406,"[878.9136386562042, 1134.079975228192, 1027.6198123335453, 950.5129523030209]",2.4050779342651367,False,False,False,False,False,True
G2,S1_additive0.1_n4000,220000,701010000,220000,801010000,6122aeb,dhai.bme.e.uh.edu,17.6,ok,kernel_sieve1,0.047209585192998005,0.13840165407681,0.05975377088509168,0.01907138426302969,0.035265370258580384,0.07310992839972202,0.8357569541054178,0.12637941360157476,"[0.002, 0.002, 0.002, 0.002]","[0.282, 0.024, 0.168, 0.002]","[0.282, 0.024, 0.168, 0.002]","[{""bootstrap_seed"": 701020000, ""n_boot"": 499, ""n_effective_moments"": 48, ""p_value"": 0.002, ""statistic"": 13.357712300930945, ""warning"": null}, {""bootstrap_seed"": 701020002, ""n_boot"": 499, ""n_effective_moments"": 48, ""p_value"": 0.002, ""statistic"": 15.073102907971377, ""warning"": null}, {""bootstrap_seed"": 701020004, ""n_boot"": 499, ""n_effective_moments"": 48, ""p_value"": 0.002, ""statistic"": 14.006684230162119, ""warning"": null}, {""bootstrap_seed"": 701020006, ""n_boot"": 499, ""n_effective_moments"": 48, ""p_value"": 0.002, ""statistic"": 12.690136653732631, ""warning"": null}]","[{""bootstrap_seed"": 701020001, ""n_boot"": 499, ""n_effective_moments"": 48, ""p_value"": 0.282, ""statistic"": 2.3770600852517885, ""warning"": null}, {""bootstrap_seed"": 701020003, ""n_boot"": 499, ""n_effective_moments"": 48, ""p_value"": 0.024, ""statistic"": 3.526067094815955, ""warning"": null}, {""bootstrap_seed"": 701020005, ""n_boot"": 499, ""n_effective_moments"": 48, ""p_value"": 0.168, ""statistic"": 2.5819967253328366, ""warning"": null}, {""bootstrap_seed"": 701020007, ""n_boot"": 499, ""n_effective_moments"": 48, ""p_value"": 0.002, ""statistic"": 4.179438241603796, ""warning"": null}]",False,0.0125,[3],70.43333500265884,70.43333500265884,79.28817174470635,"[79.28817174470635, 64.21820008956298, 67.79363317370718]","[0.14079077717015623, 0.12670655082666699, 0.13018605260713145]","[0.5518998465070124, 0.4966896792405346, 0.5103293262199553]","[0.9419917638667673, 0.2596696106918947, 0.18562215878239974]","[0.6660418406132613, 0.011324771071627354, -0.0695425043275778]","[1.2179416871202733, 0.5080144503121621, 0.4407868218923773]",0.06726284216132106,649.0409460099683,"[631.4436157976414, 688.9874082713742, 661.9299461204288, 613.8028138504288]",22.937066390348363,False,False,False,False,False,False
G2,S1_additive0.1_n4000,220000,701010000,220000,801010000,6122aeb,dhai.bme.e.uh.edu,17.6,ok,sieve1_kernel,0.006304635459522718,0.01887535849781255,0.010694362351237384,0.32220914019365887,0.5035713140327787,0.4686687536669158,0.5230887579936208,0.11716350751315056,"[0.506, 0.682, 0.998, 0.746]","[0.002, 0.002, 0.002, 0.002]","[0.506, 0.682, 0.998, 0.746]","[{""bootstrap_seed"": 701030000, ""n_boot"": 499, ""n_effective_moments"": 48, ""p_value"": 0.506, ""statistic"": 2.02095822107257, ""warning"": null}, {""bootstrap_seed"": 701030002, ""n_boot"": 499, ""n_effective_moments"": 48, ""p_value"": 0.682, ""statistic"": 1.7801714477230717, ""warning"": null}, {""bootstrap_seed"": 701030004, ""n_boot"": 499, ""n_effective_moments"": 48, ""p_value"": 0.998, ""statistic"": 1.0507358199121002, ""warning"": null}, {""bootstrap_seed"": 701030006, ""n_boot"": 499, ""n_effective_moments"": 48, ""p_value"": 0.746, ""statistic"": 1.761276668298553, ""warning"": null}]","[{""bootstrap_seed"": 701030001, ""n_boot"": 499, ""n_effective_moments"": 48, ""p_value"": 0.002, ""statistic"": 41.22841869873496, ""warning"": null}, {""bootstrap_seed"": 701030003, ""n_boot"": 499, ""n_effective_moments"": 48, ""p_value"": 0.002, ""statistic"": 31.140263394935563, ""warning"": null}, {""bootstrap_seed"": 701030005, ""n_boot"": 499, ""n_effective_moments"": 48, ""p_value"": 0.002, ""statistic"": 32.42177597272487, ""warning"": null}, {""bootstrap_seed"": 701030007, ""n_boot"": 499, ""n_effective_moments"": 48, ""p_value"": 0.002, ""statistic"": 45.062110308583584, ""warning"": null}]",True,0.0125,[],3.7844403959291495,3.7844403959291495,4.156578815490958,"[4.156578815490958, 3.877568539509435, 3.3191738327870564]","[0.03223576746213341, 0.031135062789038322, 0.028806135773420984]","[0.126364208451563, 0.12204944613303022, 0.11292005223181026]","[0.9563445415182064, 0.2519586093603062, 0.18003821950015475]","[0.8931624372924248, 0.1909338862937911, 0.12357819338424966]","[1.019526645743988, 0.31298333242682125, 0.23649824561605984]",0.49798764176666743,997.7815946302406,"[878.9136386562042, 1134.079975228192, 1027.6198123335453, 950.5129523030209]",2.4050779342651367,False,True,True,False,False,False
G2,S1_additive0.1_n4000,220000,701010000,220000,801010000,6122aeb,dhai.bme.e.uh.edu,17.6,ok,sieve1_sieve1,0.006304635459522718,0.01887535849781255,0.010694362351237384,0.01907138426302969,0.035265370258580384,0.07310992839972202,0.5785109673608134,0.09747314706808712,"[0.514, 0.676, 0.996, 0.724]","[0.262, 0.014, 0.2, 0.006]","[0.514, 0.676, 0.996, 0.724]","[{""bootstrap_seed"": 701040000, ""n_boot"": 499, ""n_effective_moments"": 48, ""p_value"": 0.514, ""statistic"": 2.02095822107257, ""warning"": null}, {""bootstrap_seed"": 701040002, ""n_boot"": 499, ""n_effective_moments"": 48, ""p_value"": 0.676, ""statistic"": 1.7801714477230717, ""warning"": null}, {""bootstrap_seed"": 701040004, ""n_boot"": 499, ""n_effective_moments"": 48, ""p_value"": 0.996, ""statistic"": 1.0507358199121002, ""warning"": null}, {""bootstrap_seed"": 701040006, ""n_boot"": 499, ""n_effective_moments"": 48, ""p_value"": 0.724, ""statistic"": 1.761276668298553, ""warning"": null}]","[{""bootstrap_seed"": 701040001, ""n_boot"": 499, ""n_effective_moments"": 48, ""p_value"": 0.262, ""statistic"": 2.3770600852517885, ""warning"": null}, {""bootstrap_seed"": 701040003, ""n_boot"": 499, ""n_effective_moments"": 48, ""p_value"": 0.014, ""statistic"": 3.526067094815955, ""warning"": null}, {""bootstrap_seed"": 701040005, ""n_boot"": 499, ""n_effective_moments"": 48, ""p_value"": 0.2, ""statistic"": 2.5819967253328366, ""warning"": null}, {""bootstrap_seed"": 701040007, ""n_boot"": 499, ""n_effective_moments"": 48, ""p_value"": 0.006, ""statistic"": 4.179438241603796, ""warning"": null}]",True,0.0125,[],26.90992389821523,26.90992389821523,27.03286437157923,"[27.03286437157923, 27.01574641007098, 26.681160912995484]","[0.0822083699686036, 0.08218233753378974, 0.08167184477069726]","[0.3222568102769261, 0.3221547631324558, 0.32015363150113324]","[0.9867237108017345, 0.2569347961717527, 0.14637012063704605]","[0.8255953056632712, 0.09585741460552477, -0.013706695113520545]","[1.1478521159401978, 0.4180121777379806, 0.30644693638761267]",0.06726284216132106,649.0409460099683,"[631.4436157976414, 688.9874082713742, 661.9299461204288, 613.8028138504288]",22.937066390348363,True,False,False,True,True,False
G2,S1_additive0.1_n4000,220000,701010000,220000,801010000,6122aeb,dhai.bme.e.uh.edu,17.6,ok,sieve2_sieve2,0.005950674578553229,0.013851682016131272,0.05307866997309682,0.04357667485485734,0.07008711474313195,0.07010723832786712,0.5529344850533255,0.1440672438108624,"[0.848, 0.68, 0.986, 0.782]","[0.002, 0.002, 0.002, 0.002]","[0.848, 0.68, 0.986, 0.782]","[{""bootstrap_seed"": 701050000, ""n_boot"": 499, ""n_effective_moments"": 48, ""p_value"": 0.848, ""statistic"": 1.5692163169933562, ""warning"": null}, {""bootstrap_seed"": 701050002, ""n_boot"": 499, ""n_effective_moments"": 48, ""p_value"": 0.68, ""statistic"": 1.7767561337708226, ""warning"": null}, {""bootstrap_seed"": 701050004, ""n_boot"": 499, ""n_effective_moments"": 48, ""p_value"": 0.986, ""statistic"": 1.139033091493616, ""warning"": null}, {""bootstrap_seed"": 701050006, ""n_boot"": 499, ""n_effective_moments"": 48, ""p_value"": 0.782, ""statistic"": 1.6600405422657882, ""warning"": null}]","[{""bootstrap_seed"": 701050001, ""n_boot"": 499, ""n_effective_moments"": 48, ""p_value"": 0.002, ""statistic"": 5.266927930589747, ""warning"": null}, {""bootstrap_seed"": 701050003, ""n_boot"": 499, ""n_effective_moments"": 48, ""p_value"": 0.002, ""statistic"": 4.924260055809121, ""warning"": null}, {""bootstrap_seed"": 701050005, ""n_boot"": 499, ""n_effective_moments"": 48, ""p_value"": 0.002, ""statistic"": 5.702617223885294, ""warning"": null}, {""bootstrap_seed"": 701050007, ""n_boot"": 499, ""n_effective_moments"": 48, ""p_value"": 0.002, ""statistic"": 5.287079169525131, ""warning"": null}]",True,0.0125,[],74.46868917145481,74.46868917145481,81.40075838977347,"[71.07222760916252, 81.40075838977347, 70.93308151542844]","[0.13329687506573676, 0.14265409071401833, 0.13316632599443867]","[0.522523750257688, 0.5592040355989518, 0.5220119978981996]","[0.893817417401711, 0.33202270084595453, 0.1181582127911465]","[0.632555542272867, 0.05242068304647879, -0.1428477861579532]","[1.1550792925305549, 0.6116247186454302, 0.37916421174024617]",0.30944343299304417,426.3671776334956,"[433.1327602018183, 453.1838199045498, 427.91019540855444, 391.2419350190599]",50.0,False,False,False,False,False,False
G2,S1_additive0.1_n4000,220000,701010000,220000,801010000,6122aeb,dhai.bme.e.uh.edu,17.6,ok,sieve3_sieve3,0.014740980452161696,0.029640941290950535,0.04320189693641248,0.08313313288339198,0.13653476520564337,0.11029042470820663,5.648862834840624,3.25698195923046,"[0.04, 0.028, 0.184, 0.036]","[0.002, 0.002, 0.002, 0.002]","[0.04, 0.028, 0.184, 0.036]","[{""bootstrap_seed"": 701060000, ""n_boot"": 499, ""n_effective_moments"": 48, ""p_value"": 0.04, ""statistic"": 3.205409673077531, ""warning"": null}, {""bootstrap_seed"": 701060002, ""n_boot"": 499, ""n_effective_moments"": 48, ""p_value"": 0.028, ""statistic"": 3.179320777309956, ""warning"": null}, {""bootstrap_seed"": 701060004, ""n_boot"": 499, ""n_effective_moments"": 48, ""p_value"": 0.184, ""statistic"": 2.614687879166836, ""warning"": null}, {""bootstrap_seed"": 701060006, ""n_boot"": 499, ""n_effective_moments"": 48, ""p_value"": 0.036, ""statistic"": 3.3220732893332894, ""warning"": null}]","[{""bootstrap_seed"": 701060001, ""n_boot"": 499, ""n_effective_moments"": 48, ""p_value"": 0.002, ""statistic"": 8.79606550237803, ""warning"": null}, {""bootstrap_seed"": 701060003, ""n_boot"": 499, ""n_effective_moments"": 48, ""p_value"": 0.002, ""statistic"": 12.475477260457039, ""warning"": null}, {""bootstrap_seed"": 701060005, ""n_boot"": 499, ""n_effective_moments"": 48, ""p_value"": 0.002, ""statistic"": 9.801175051062208, ""warning"": null}, {""bootstrap_seed"": 701060007, ""n_boot"": 499, ""n_effective_moments"": 48, ""p_value"": 0.002, ""statistic"": 8.946440814441234, ""warning"": null}]",True,0.0125,[],72620.64991491071,72620.64991491071,118735.28986891096,"[49579.77239571534, 49546.88748010582, 118735.28986891096]","[3.5206452674089217, 3.519477499576671, 5.448286195422166]","[13.800929448242973, 13.796351798340549, 21.35728188605489]","[7.027325073329225, -1.3749074307299, -2.244551608829453]","[0.12686034920773182, -8.273083329900171, -12.923192551856904]","[13.927789797450718, 5.52326846844037, 8.434089334198]",0.9188724394048962,384.0010098879786,"[377.04852277239286, 450.5108276618819, 364.61078802418194, 343.8339010934579]",50.0,False,False,False,False,False,False
G2,S1_additive0.2_n4000,220000,701020000,220000,801020000,6122aeb,dhai.bme.e.uh.edu,17.7,ok,kernel_kernel,0.05009217380053649,0.1123927927155812,0.05959402175883287,0.31879106330292284,0.5153600877029356,0.46664863895128206,0.7114541760735361,0.27242009611437445,"[0.002, 0.002, 0.002, 0.002]","[0.002, 0.002, 0.002, 0.002]","[0.002, 0.002, 0.002, 0.002]","[{""bootstrap_seed"": 701020000, ""n_boot"": 499, ""n_effective_moments"": 48, ""p_value"": 0.002, ""statistic"": 11.298113131871718, ""warning"": null}, {""bootstrap_seed"": 701020002, ""n_boot"": 499, ""n_effective_moments"": 48, ""p_value"": 0.002, ""statistic"": 11.410861080766855, ""warning"": null}, {""bootstrap_seed"": 701020004, ""n_boot"": 499, ""n_effective_moments"": 48, ""p_value"": 0.002, ""statistic"": 11.564913461931328, ""warning"": null}, {""bootstrap_seed"": 701020006, ""n_boot"": 499, ""n_effective_moments"": 48, ""p_value"": 0.002, ""statistic"": 11.462812778509706, ""warning"": null}]","[{""bootstrap_seed"": 701020001, ""n_boot"": 499, ""n_effective_moments"": 48, ""p_value"": 0.002, ""statistic"": 42.1209123205272, ""warning"": null}, {""bootstrap_seed"": 701020003, ""n_boot"": 499, ""n_effective_moments"": 48, ""p_value"": 0.002, ""statistic"": 30.337524873335013, ""warning"": null}, {""bootstrap_seed"": 701020005, ""n_boot"": 499, ""n_effective_moments"": 48, ""p_value"": 0.002, ""statistic"": 34.790978660774435, ""warning"": null}, {""bootstrap_seed"": 701020007, ""n_boot"": 499, ""n_effective_moments"": 48, ""p_value"": 0.002, ""statistic"": 41.201422927506876, ""warning"": null}]",False,0.0125,"[0, 1, 2, 3]",9.652299493305902,9.652299493305902,11.31804053418758,"[11.31804053418758, 9.347355442996001, 8.291502502734126]","[0.053193139910583345, 0.0483408611916358, 0.04552884388696392]","[0.2085171084494867, 0.18949617587121234, 0.17847306803689855]","[0.3824634585456095, 0.11766792995054687, 0.16950754585150282]","[0.2782049043208662, 0.022919842014940725, 0.08027101183305353]","[0.48672201277035276, 0.212416017886153, 0.2587440798699521]",0.4979446906596422,997.7717379241452,"[878.908158493683, 1134.0612000724798, 1027.6060128376082, 950.5115802928098]",2.4027013778686523,False,False,False,False,False,True
G2,S1_additive0.2_n4000,220000,701020000,220000,801020000,6122aeb,dhai.bme.e.uh.edu,17.7,ok,kernel_sieve1,0.05009217380053649,0.1123927927155812,0.05959402175883287,0.019344332586948863,0.03696802966454135,0.07289857325465716,0.8381902883781327,0.13115316066626478,"[0.002, 0.002, 0.002, 0.002]","[0.316, 0.01, 0.022, 0.012]","[0.316, 0.01, 0.022, 0.012]","[{""bootstrap_seed"": 701030000, ""n_boot"": 499, ""n_effective_moments"": 48, ""p_value"": 0.002, ""statistic"": 11.298113131871718, ""warning"": null}, {""bootstrap_seed"": 701030002, ""n_boot"": 499, ""n_effective_moments"": 48, ""p_value"": 0.002, ""statistic"": 11.410861080766855, ""warning"": null}, {""bootstrap_seed"": 701030004, ""n_boot"": 499, ""n_effective_moments"": 48, ""p_value"": 0.002, ""statistic"": 11.564913461931328, ""warning"": null}, {""bootstrap_seed"": 701030006, ""n_boot"": 499, ""n_effective_moments"": 48, ""p_value"": 0.002, ""statistic"": 11.462812778509706, ""warning"": null}]","[{""bootstrap_seed"": 701030001, ""n_boot"": 499, ""n_effective_moments"": 48, ""p_value"": 0.316, ""statistic"": 2.3223715114944183, ""warning"": null}, {""bootstrap_seed"": 701030003, ""n_boot"": 499, ""n_effective_moments"": 48, ""p_value"": 0.01, ""statistic"": 3.509741571023711, ""warning"": null}, {""bootstrap_seed"": 701030005, ""n_boot"": 499, ""n_effective_moments"": 48, ""p_value"": 0.022, ""statistic"": 3.288167642734342, ""warning"": null}, {""bootstrap_seed"": 701030007, ""n_boot"": 499, ""n_effective_moments"": 48, ""p_value"": 0.012, ""statistic"": 3.5988236002231333, ""warning"": null}]",False,0.0125,"[1, 3]",70.85800167445394,70.85800167445394,80.59448317497491,"[80.59448317497491, 64.49127874882302, 67.48824309956395]","[0.1419458375358141, 0.12697566572853933, 0.12989249699228583]","[0.5564276831403913, 0.49774460965587414, 0.5091785882097605]","[0.9438749009587968, 0.26344733468187587, 0.19804881307851813]","[0.6656610593886012, 0.014575029853938687, -0.05654048102636261]","[1.2220887425289924, 0.5123196395098131, 0.45263810718339886]",0.06903368829449325,646.5814476743528,"[630.7143627229483, 678.8354165571862, 661.5025839198637, 615.273427497413]",23.16519740927858,False,False,False,False,False,False
G2,S1_additive0.2_n4000,220000,701020000,220000,801020000,6122aeb,dhai.bme.e.uh.edu,17.7,ok,sieve1_kernel,0.007117999427184047,0.02546632630550348,0.01243482304225011,0.31879106330292284,0.5153600877029356,0.46664863895128206,0.5206507655729257,0.11929102276220316,"[0.85, 0.734, 0.036, 0.366]","[0.002, 0.002, 0.002, 0.002]","[0.85, 0.734, 0.036, 0.366]","[{""bootstrap_seed"": 701040000, ""n_boot"": 499, ""n_effective_moments"": 48, ""p_value"": 0.85, ""statistic"": 1.6620780512773876, ""warning"": null}, {""bootstrap_seed"": 701040002, ""n_boot"": 499, ""n_effective_moments"": 48, ""p_value"": 0.734, ""statistic"": 1.7583506680539436, ""warning"": null}, {""bootstrap_seed"": 701040004, ""n_boot"": 499, ""n_effective_moments"": 48, ""p_value"": 0.036, ""statistic"": 3.1376250122232996, ""warning"": null}, {""bootstrap_seed"": 701040006, ""n_boot"": 499, ""n_effective_moments"": 48, ""p_value"": 0.366, ""statistic"": 2.2689601991975463, ""warning"": null}]","[{""bootstrap_seed"": 701040001, ""n_boot"": 499, ""n_effective_moments"": 48, ""p_value"": 0.002, ""statistic"": 42.1209123205272, ""warning"": null}, {""bootstrap_seed"": 701040003, ""n_boot"": 499, ""n_effective_moments"": 48, ""p_value"": 0.002, ""statistic"": 30.337524873335013, ""warning"": null}, {""bootstrap_seed"": 701040005, ""n_boot"": 499, ""n_effective_moments"": 48, ""p_value"": 0.002, ""statistic"": 34.790978660774435, ""warning"": null}, {""bootstrap_seed"": 701040007, ""n_boot"": 499, ""n_effective_moments"": 48, ""p_value"": 0.002, ""statistic"": 41.201422927506876, ""warning"": null}]",True,0.0125,[],3.8856440502284624,3.8856440502284624,4.25461549147901,"[4.25461549147901, 3.9890047911235227, 3.413311868082855]","[0.03261370682504141, 0.031579284313943544, 0.029211777881887193]","[0.12784573075416233, 0.12379079451065869, 0.1145101692969978]","[0.9588113921179711, 0.2533103649100747, 0.18753586029730876]","[0.8948885267408899, 0.19141496765474533, 0.1302807756488098]","[1.0227342574950522, 0.3152057621654041, 0.24479094494580772]",0.4979446906596422,997.7717379241452,"[878.908158493683, 1134.0612000724798, 1027.6060128376082, 950.5115802928098]",2.4027013778686523,False,True,True,False,False,False
G2,S1_additive0.2_n4000,220000,701020000,220000,801020000,6122aeb,dhai.bme.e.uh.edu,17.7,ok,sieve1_sieve1,0.007117999427184047,0.02546632630550348,0.01243482304225011,0.019344332586948863,0.03696802966454135,0.07289857325465716,0.5875165996701902,0.10212351938790909,"[0.812, 0.746, 0.06, 0.352]","[0.292, 0.012, 0.03, 0.01]","[0.812, 0.746, 0.06, 0.352]","[{""bootstrap_seed"": 701050000, ""n_boot"": 499, ""n_effective_moments"": 48, ""p_value"": 0.812, ""statistic"": 1.6620780512773876, ""warning"": null}, {""bootstrap_seed"": 701050002, ""n_boot"": 499, ""n_effective_moments"": 48, ""p_value"": 0.746, ""statistic"": 1.7583506680539436, ""warning"": null}, {""bootstrap_seed"": 701050004, ""n_boot"": 499, ""n_effective_moments"": 48, ""p_value"": 0.06, ""statistic"": 3.1376250122232996, ""warning"": null}, {""bootstrap_seed"": 701050006, ""n_boot"": 499, ""n_effective_moments"": 48, ""p_value"": 0.352, ""statistic"": 2.2689601991975463, ""warning"": null}]","[{""bootstrap_seed"": 701050001, ""n_boot"": 499, ""n_effective_moments"": 48, ""p_value"": 0.292, ""statistic"": 2.3223715114944183, ""warning"": null}, {""bootstrap_seed"": 701050003, ""n_boot"": 499, ""n_effective_moments"": 48, ""p_value"": 0.012, ""statistic"": 3.509741571023711, ""warning"": null}, {""bootstrap_seed"": 701050005, ""n_boot"": 499, ""n_effective_moments"": 48, ""p_value"": 0.03, ""statistic"": 3.288167642734342, ""warning"": null}, {""bootstrap_seed"": 701050007, ""n_boot"": 499, ""n_effective_moments"": 48, ""p_value"": 0.01, ""statistic"": 3.5988236002231333, ""warning"": null}]",True,0.0125,[],27.81327648602517,27.81327648602517,28.199589670517817,"[28.080099333899405, 28.199589670517817, 27.160140453658286]","[0.08378558845932188, 0.08396366724738417, 0.08240166936060563]","[0.3284395067605418, 0.32913757560974594, 0.32301454389357404]","[0.9822446458324383, 0.2603475722811254, 0.15242939651784315]","[0.8180248924521675, 0.09577878447625238, -0.009077875428944004]","[1.146464399212709, 0.42491636008599837, 0.3139366684646303]",0.06903368829449325,646.5814476743528,"[630.7143627229483, 678.8354165571862, 661.5025839198637, 615.273427497413]",23.16519740927858,True,False,False,True,True,False
G2,S1_additive0.2_n4000,220000,701020000,220000,801020000,6122aeb,dhai.bme.e.uh.edu,17.7,ok,sieve2_sieve2,0.006273925409668252,0.013963427386654681,0.05279025834638792,0.04299310734644029,0.07303547044970199,0.06825060101574706,0.6545908523456396,0.13704636796385117,"[0.886, 0.97, 1.0, 0.864]","[0.002, 0.002, 0.002, 0.002]","[0.886, 0.97, 1.0, 0.864]","[{""bootstrap_seed"": 701060000, ""n_boot"": 499, ""n_effective_moments"": 48, ""p_value"": 0.886, ""statistic"": 1.589552125225395, ""warning"": null}, {""bootstrap_seed"": 701060002, ""n_boot"": 499, ""n_effective_moments"": 48, ""p_value"": 0.97, ""statistic"": 1.2709857295925144, ""warning"": null}, {""bootstrap_seed"": 701060004, ""n_boot"": 499, ""n_effective_moments"": 48, ""p_value"": 1.0, ""statistic"": 0.9383847577219865, ""warning"": null}, {""bootstrap_seed"": 701060006, ""n_boot"": 499, ""n_effective_moments"": 48, ""p_value"": 0.864, ""statistic"": 1.5933917034167013, ""warning"": null}]","[{""bootstrap_seed"": 701060001, ""n_boot"": 499, ""n_effective_moments"": 48, ""p_value"": 0.002, ""statistic"": 5.328384803372063, ""warning"": null}, {""bootstrap_seed"": 701060003, ""n_boot"": 499, ""n_effective_moments"": 48, ""p_value"": 0.002, ""statistic"": 5.243250487972547, ""warning"": null}, {""bootstrap_seed"": 701060005, ""n_boot"": 499, ""n_effective_moments"": 48, ""p_value"": 0.002, ""statistic"": 5.480686228398769, ""warning"": null}, {""bootstrap_seed"": 701060007, ""n_boot"": 499, ""n_effective_moments"": 48, ""p_value"": 0.002, ""statistic"": 5.615517355781539, ""warning"": null}]",True,0.0125,[],79.9360293540647,79.9360293540647,88.80551991736243,"[74.18120564537756, 88.80551991736243, 76.82136249945411]","[0.13618113456475675, 0.1490012750930025, 0.13858333458559702]","[0.5338300474938464, 0.5840849983645698, 0.5432466715755403]","[0.8521718172749732, 0.2874756752493671, 0.09999701071996246]","[0.5852567935280499, -0.00456682393291763, -0.17162632506780762]","[1.1190868410218964, 0.5795181744316519, 0.37162034650773257]",0.3188180967469773,423.3036480450344,"[432.6121282867288, 453.1170035861207, 418.2751021664306, 389.2103581408573]",50.0,False,False,False,False,False,False
G2,S1_additive0.2_n4000,220000,701020000,220000,801020000,6122aeb,dhai.bme.e.uh.edu,17.7,ok,sieve3_sieve3,0.012324513738577333,0.028740919703656945,0.022500611969174085,0.07961803289168504,0.13387350509017354,0.10614143157655473,17.281673787784893,2.6741911544318513,"[0.16, 0.07, 0.412, 0.006]","[0.002, 0.002, 0.002, 0.002]","[0.16, 0.07, 0.412, 0.006]","[{""bootstrap_seed"": 701070000, ""n_boot"": 499, ""n_effective_moments"": 48, ""p_value"": 0.16, ""statistic"": 2.693552584967114, ""warning"": null}, {""bootstrap_seed"": 701070002, ""n_boot"": 499, ""n_effective_moments"": 48, ""p_value"": 0.07, ""statistic"": 2.9568729402840845, ""warning"": null}, {""bootstrap_seed"": 701070004, ""n_boot"": 499, ""n_effective_moments"": 48, ""p_value"": 0.412, ""statistic"": 2.2555063839924996, ""warning"": null}, {""bootstrap_seed"": 701070006, ""n_boot"": 499, ""n_effective_moments"": 48, ""p_value"": 0.006, ""statistic"": 3.6875048223849785, ""warning"": null}]","[{""bootstrap_seed"": 701070001, ""n_boot"": 499, ""n_effective_moments"": 48, ""p_value"": 0.002, ""statistic"": 9.15058186016313, ""warning"": null}, {""bootstrap_seed"": 701070003, ""n_boot"": 499, ""n_effective_moments"": 48, ""p_value"": 0.002, ""statistic"": 12.038101772558415, ""warning"": null}, {""bootstrap_seed"": 701070005, ""n_boot"": 499, ""n_effective_moments"": 48, ""p_value"": 0.002, ""statistic"": 9.119406330781253, ""warning"": null}, {""bootstrap_seed"": 701070007, ""n_boot"": 499, ""n_effective_moments"": 48, ""p_value"": 0.002, ""statistic"": 9.290320313322908, ""warning"": null}]",False,0.0125,[3],102296.33968838131,102296.33968838131,179881.20317636,"[35067.10159675816, 179881.20317636, 91940.71429202576]","[2.9608740937752724, 6.7059899190268695, 4.7942860337078805]","[11.606626447599067, 26.287480482585327, 18.79360125213489]","[4.671141455181763, 1.9291115523442421, -2.5702045867573258]","[-1.1321717686177735, -11.214628688948407, -11.967005212824779]","[10.4744546789813, 15.072851793636891, 6.826596039310127]",0.9058997709604277,382.7282202609105,"[379.2529258728113, 444.699585693389, 365.0901970217119, 341.8701724557297]",50.0,False,False,False,False,False,False
G2,S1_additive0.3_n4000,220000,701030000,220000,801030000,6122aeb,dhai.bme.e.uh.edu,16.4,ok,kernel_kernel,0.053786516642645416,0.11665928129486886,0.05932196291114666,0.3386490121513589,0.48880617040594976,0.468216538004395,0.7080930972620013,0.27231610877965173,"[0.002, 0.002, 0.002, 0.002]","[0.002, 0.002, 0.002, 0.002]","[0.002, 0.002, 0.002, 0.002]","[{""bootstrap_seed"": 701030000, ""n_boot"": 499, ""n_effective_moments"": 48, ""p_value"": 0.002, ""statistic"": 10.717679765206107, ""warning"": null}, {""bootstrap_seed"": 701030002, ""n_boot"": 499, ""n_effective_moments"": 48, ""p_value"": 0.002, ""statistic"": 13.671076190852537, ""warning"": null}, {""bootstrap_seed"": 701030004, ""n_boot"": 499, ""n_effective_moments"": 48, ""p_value"": 0.002, ""statistic"": 11.258295062831229, ""warning"": null}, {""bootstrap_seed"": 701030006, ""n_boot"": 499, ""n_effective_moments"": 48, ""p_value"": 0.002, ""statistic"": 11.53367726806534, ""warning"": null}]","[{""bootstrap_seed"": 701030001, ""n_boot"": 499, ""n_effective_moments"": 48, ""p_value"": 0.002, ""statistic"": 41.68077379952621, ""warning"": null}, {""bootstrap_seed"": 701030003, ""n_boot"": 499, ""n_effective_moments"": 48, ""p_value"": 0.002, ""statistic"": 32.835997097445684, ""warning"": null}, {""bootstrap_seed"": 701030005, ""n_boot"": 499, ""n_effective_moments"": 48, ""p_value"": 0.002, ""statistic"": 34.84113507965033, ""warning"": null}, {""bootstrap_seed"": 701030007, ""n_boot"": 499, ""n_effective_moments"": 48, ""p_value"": 0.002, ""statistic"": 40.14356366078705, ""warning"": null}]",False,0.0125,"[0, 1, 2, 3]",9.650090103641231,9.650090103641231,11.315020020283859,"[11.315020020283859, 9.344764362923149, 8.290485927716686]","[0.05318604144952851, 0.04833416070162786, 0.0455260527822166]","[0.20848928248215176, 0.1894699099503812, 0.17846212690628907]","[0.382686001277686, 0.11785341015068644, 0.16960360677955083]","[0.2784413600366101, 0.023118455175495878, 0.08037254332640638]","[0.4869306425187619, 0.212588365125877, 0.2588346702326953]",0.4979854903966189,997.7776712216771,"[878.9134447394629, 1134.0679686797407, 1027.6096183605018, 950.5196531070031]",2.39754581451416,False,False,False,False,False,True
G2,S1_additive0.3_n4000,220000,701030000,220000,801030000,6122aeb,dhai.bme.e.uh.edu,16.4,ok,kernel_sieve1,0.053786516642645416,0.11665928129486886,0.05932196291114666,0.020970063464383425,0.03912705274915107,0.0733562298779131,0.8295388448483122,0.13692300403663146,"[0.002, 0.002, 0.002, 0.002]","[0.282, 0.012, 0.018, 0.006]","[0.282, 0.012, 0.018, 0.006]","[{""bootstrap_seed"": 701040000, ""n_boot"": 499, ""n_effective_moments"": 48, ""p_value"": 0.002, ""statistic"": 10.717679765206107, ""warning"": null}, {""bootstrap_seed"": 701040002, ""n_boot"": 499, ""n_effective_moments"": 48, ""p_value"": 0.002, ""statistic"": 13.671076190852537, ""warning"": null}, {""bootstrap_seed"": 701040004, ""n_boot"": 499, ""n_effective_moments"": 48, ""p_value"": 0.002, ""statistic"": 11.258295062831229, ""warning"": null}, {""bootstrap_seed"": 701040006, ""n_boot"": 499, ""n_effective_moments"": 48, ""p_value"": 0.002, ""statistic"": 11.53367726806534, ""warning"": null}]","[{""bootstrap_seed"": 701040001, ""n_boot"": 499, ""n_effective_moments"": 48, ""p_value"": 0.282, ""statistic"": 2.287899893532193, ""warning"": null}, {""bootstrap_seed"": 701040003, ""n_boot"": 499, ""n_effective_moments"": 48, ""p_value"": 0.012, ""statistic"": 3.554425580398327, ""warning"": null}, {""bootstrap_seed"": 701040005, ""n_boot"": 499, ""n_effective_moments"": 48, ""p_value"": 0.018, ""statistic"": 3.497389360198712, ""warning"": null}, {""bootstrap_seed"": 701040007, ""n_boot"": 499, ""n_effective_moments"": 48, ""p_value"": 0.006, ""statistic"": 3.691595320380993, ""warning"": null}]",False,0.0125,"[1, 3]",71.61295980909914,71.61295980909914,82.57168908809457,"[82.57168908809457, 64.89102115344394, 67.37616918575893]","[0.14367644995622506, 0.12736858045986454, 0.12978459961197142]","[0.5632116838284023, 0.499284835402669, 0.5087556304789279]","[0.9440854406648213, 0.2681440362412285, 0.21087218133629]","[0.6624795987506205, 0.018501618539894016, -0.04350563390317397]","[1.225691282579022, 0.517786453942563, 0.46524999657575394]",0.07198671087110942,642.7334134033068,"[628.7689683273204, 665.9478689571295, 660.5981664174145, 615.6186499113628]",23.661878533972633,False,False,False,False,False,False
G2,S1_additive0.3_n4000,220000,701030000,220000,801030000,6122aeb,dhai.bme.e.uh.edu,16.4,ok,sieve1_kernel,0.008946880345568974,0.03235513308378322,0.012953881266865256,0.3386490121513589,0.48880617040594976,0.468216538004395,0.5163455370692814,0.1212847547577951,"[0.014, 0.038, 0.316, 0.176]","[0.002, 0.002, 0.002, 0.002]","[0.014, 0.038, 0.316, 0.176]","[{""bootstrap_seed"": 701050000, ""n_boot"": 499, ""n_effective_moments"": 48, ""p_value"": 0.014, ""statistic"": 3.4438049113557003, ""warning"": null}, {""bootstrap_seed"": 701050002, ""n_boot"": 499, ""n_effective_moments"": 48, ""p_value"": 0.038, ""statistic"": 3.088967130714649, ""warning"": null}, {""bootstrap_seed"": 701050004, ""n_boot"": 499, ""n_effective_moments"": 48, ""p_value"": 0.316, ""statistic"": 2.2878782329744056, ""warning"": null}, {""bootstrap_seed"": 701050006, ""n_boot"": 499, ""n_effective_moments"": 48, ""p_value"": 0.176, ""statistic"": 2.5527461018112687, ""warning"": null}]","[{""bootstrap_seed"": 701050001, ""n_boot"": 499, ""n_effective_moments"": 48, ""p_value"": 0.002, ""statistic"": 41.68077379952621, ""warning"": null}, {""bootstrap_seed"": 701050003, ""n_boot"": 499, ""n_effective_moments"": 48, ""p_value"": 0.002, ""statistic"": 32.835997097445684, ""warning"": null}, {""bootstrap_seed"": 701050005, ""n_boot"": 499, ""n_effective_moments"": 48, ""p_value"": 0.002, ""statistic"": 34.84113507965033, ""warning"": null}, {""bootstrap_seed"": 701050007, ""n_boot"": 499, ""n_effective_moments"": 48, ""p_value"": 0.002, ""statistic"": 40.14356366078705, ""warning"": null}]",True,0.0125,[],4.0496011073736495,4.0496011073736495,4.41730127031378,"[4.41730127031378, 4.168523113434565, 3.562978938372602]","[0.03323139054536305, 0.03228205040511896, 0.029845346950456958]","[0.13026705093782318, 0.1265456375880663, 0.11699376004579128]","[0.9629019237877383, 0.2555105155802726, 0.1954074372836539]","[0.8977683983188267, 0.19223769678623936, 0.1369105572607583]","[1.02803544925665, 0.31878333437430584, 0.2539043173065495]",0.4979854903966189,997.7776712216771,"[878.9134447394629, 1134.0679686797407, 1027.6096183605018, 950.5196531070031]",2.39754581451416,False,True,True,False,False,False
G2,S1_additive0.3_n4000,220000,701030000,220000,801030000,6122aeb,dhai.bme.e.uh.edu,16.4,ok,sieve1_sieve1,0.008946880345568974,0.03235513308378322,0.012953881266865256,0.020970063464383425,0.03912705274915107,0.0733562298779131,0.5950598819161182,0.1069467873816959,"[0.02, 0.05, 0.324, 0.208]","[0.308, 0.006, 0.004, 0.008]","[0.308, 0.05, 0.324, 0.208]","[{""bootstrap_seed"": 701060000, ""n_boot"": 499, ""n_effective_moments"": 48, ""p_value"": 0.02, ""statistic"": 3.4438049113557003, ""warning"": null}, {""bootstrap_seed"": 701060002, ""n_boot"": 499, ""n_effective_moments"": 48, ""p_value"": 0.05, ""statistic"": 3.088967130714649, ""warning"": null}, {""bootstrap_seed"": 701060004, ""n_boot"": 499, ""n_effective_moments"": 48, ""p_value"": 0.324, ""statistic"": 2.2878782329744056, ""warning"": null}, {""bootstrap_seed"": 701060006, ""n_boot"": 499, ""n_effective_moments"": 48, ""p_value"": 0.208, ""statistic"": 2.5527461018112687, ""warning"": null}]","[{""bootstrap_seed"": 701060001, ""n_boot"": 499, ""n_effective_moments"": 48, ""p_value"": 0.308, ""statistic"": 2.287899893532193, ""warning"": null}, {""bootstrap_seed"": 701060003, ""n_boot"": 499, ""n_effective_moments"": 48, ""p_value"": 0.006, ""statistic"": 3.554425580398327, ""warning"": null}, {""bootstrap_seed"": 701060005, ""n_boot"": 499, ""n_effective_moments"": 48, ""p_value"": 0.004, ""statistic"": 3.497389360198712, ""warning"": null}, {""bootstrap_seed"": 701060007, ""n_boot"": 499, ""n_effective_moments"": 48, ""p_value"": 0.008, ""statistic"": 3.691595320380993, ""warning"": null}]",True,0.0125,[],29.28075982400922,29.28075982400922,29.942060511544142,"[29.78657973029439, 29.942060511544142, 28.11363923018912]","[0.0862939449357462, 0.08651887151301753, 0.08383561180994195]","[0.3382722641481251, 0.33915397633102873, 0.32863559829497246]","[0.9789102051792874, 0.26481256083282523, 0.15909977129435277]","[0.8097740731052248, 0.09523557266731092, -0.005218027853133689]","[1.14804633725335, 0.43438954899833954, 0.3234175704418392]",0.07198671087110942,642.7334134033068,"[628.7689683273204, 665.9478689571295, 660.5981664174145, 615.6186499113628]",23.661878533972633,True,False,False,True,True,False
G2,S1_additive0.3_n4000,220000,701030000,220000,801030000,6122aeb,dhai.bme.e.uh.edu,16.4,ok,sieve2_sieve2,0.00780773667323483,0.017976679195568022,0.05168938607828149,0.047442521068610355,0.07034441721882781,0.06563680004832964,0.5949550157895406,0.12131368883262846,"[0.67, 0.18, 1.0, 0.672]","[0.002, 0.002, 0.002, 0.002]","[0.67, 0.18, 1.0, 0.672]","[{""bootstrap_seed"": 701070000, ""n_boot"": 499, ""n_effective_moments"": 48, ""p_value"": 0.67, ""statistic"": 1.8292909647473639, ""warning"": null}, {""bootstrap_seed"": 701070002, ""n_boot"": 499, ""n_effective_moments"": 48, ""p_value"": 0.18, ""statistic"": 2.6238072222063322, ""warning"": null}, {""bootstrap_seed"": 701070004, ""n_boot"": 499, ""n_effective_moments"": 48, ""p_value"": 1.0, ""statistic"": 0.7561011981392998, ""warning"": null}, {""bootstrap_seed"": 701070006, ""n_boot"": 499, ""n_effective_moments"": 48, ""p_value"": 0.672, ""statistic"": 1.8666563514015035, ""warning"": null}]","[{""bootstrap_seed"": 701070001, ""n_boot"": 499, ""n_effective_moments"": 48, ""p_value"": 0.002, ""statistic"": 5.342583660760003, ""warning"": null}, {""bootstrap_seed"": 701070003, ""n_boot"": 499, ""n_effective_moments"": 48, ""p_value"": 0.002, ""statistic"": 5.18555438978524, ""warning"": null}, {""bootstrap_seed"": 701070005, ""n_boot"": 499, ""n_effective_moments"": 48, ""p_value"": 0.002, ""statistic"": 5.515424409374404, ""warning"": null}, {""bootstrap_seed"": 701070007, ""n_boot"": 499, ""n_effective_moments"": 48, ""p_value"": 0.002, ""statistic"": 5.728666142408178, ""warning"": null}]",True,0.0125,[],90.32323592041654,90.32323592041654,101.16884182077136,"[83.1624918551913, 101.16884182077136, 86.63837408528693]","[0.14418953832992817, 0.1590352490965221, 0.14717198619751562]","[0.5652229902533185, 0.6234181764583667, 0.5769141858942612]","[0.8083186292182384, 0.23685613707193143, 0.05956532344699526]","[0.5257071340915793, -0.07485295115725171, -0.22889176950013565]","[1.0909301243448974, 0.5485652253011146, 0.3480224163941262]",0.33071888634911545,419.89873614171904,"[430.91413899089275, 454.9476144475263, 406.97708070439376, 386.7561104240634]",50.0,False,False,False,False,False,False
G2,S1_additive0.3_n4000,220000,701030000,220000,801030000,6122aeb,dhai.bme.e.uh.edu,16.4,ok,sieve3_sieve3,0.012618046381876002,0.026192910937851085,0.04770241358968987,0.08309485673481251,0.12492244506305185,0.10208677562136007,0.7347358879896129,10.101738043981117,"[0.538, 0.03, 0.392, 0.338]","[0.002, 0.002, 0.002, 0.002]","[0.538, 0.03, 0.392, 0.338]","[{""bootstrap_seed"": 701080000, ""n_boot"": 499, ""n_effective_moments"": 48, ""p_value"": 0.538, ""statistic"": 2.0171884046620696, ""warning"": null}, {""bootstrap_seed"": 701080002, ""n_boot"": 499, ""n_effective_moments"": 48, ""p_value"": 0.03, ""statistic"": 3.4040813817068316, ""warning"": null}, {""bootstrap_seed"": 701080004, ""n_boot"": 499, ""n_effective_moments"": 48, ""p_value"": 0.392, ""statistic"": 2.223357272190294, ""warning"": null}, {""bootstrap_seed"": 701080006, ""n_boot"": 499, ""n_effective_moments"": 48, ""p_value"": 0.338, ""statistic"": 2.334884886097983, ""warning"": null}]","[{""bootstrap_seed"": 701080001, ""n_boot"": 499, ""n_effective_moments"": 48, ""p_value"": 0.002, ""statistic"": 8.750043949122743, ""warning"": null}, {""bootstrap_seed"": 701080003, ""n_boot"": 499, ""n_effective_moments"": 48, ""p_value"": 0.002, ""statistic"": 12.113963625100203, ""warning"": null}, {""bootstrap_seed"": 701080005, ""n_boot"": 499, ""n_effective_moments"": 48, ""p_value"": 0.002, ""statistic"": 9.32282720392735, ""warning"": null}, {""bootstrap_seed"": 701080007, ""n_boot"": 499, ""n_effective_moments"": 48, ""p_value"": 0.002, ""statistic"": 9.240888853119824, ""warning"": null}]",True,0.0125,[],225343.12080710256,225343.12080710256,342061.58095663047,"[342061.58095663047, 106925.07980482152, 227042.70165985575]","[9.24745344617412, 5.170229197163834, 7.533968105518097]","[36.25001750900255, 20.267298452882226, 29.53315497363094]","[17.63622343067566, 11.175088657098224, 2.6329777155244614]","[-0.48878532382563833, 1.0414394306571175, -12.133599771291012]","[35.76123218517696, 21.30873788353933, 17.399555202339933]",0.8840494759229316,380.02613226335535,"[374.05444915915075, 444.41225400415306, 365.78588932847714, 335.85193656164046]",50.0,False,False,False,False,False,False
G2,S1_missing0.0_n4000,220000,701040000,220000,801040000,6122aeb,dhai.bme.e.uh.edu,17.2,ok,kernel_kernel,0.04388300858514967,0.10867564311959113,0.05997848066204117,0.33951080610564965,0.5108787219271858,0.4668921334958105,0.7087825532671254,0.27226842903839993,"[0.002, 0.002, 0.002, 0.002]","[0.002, 0.002, 0.002, 0.002]","[0.002, 0.002, 0.002, 0.002]","[{""bootstrap_seed"": 701040000, ""n_boot"": 499, ""n_effective_moments"": 48, ""p_value"": 0.002, ""statistic"": 10.60692775333027, ""warning"": null}, {""bootstrap_seed"": 701040002, ""n_boot"": 499, ""n_effective_moments"": 48, ""p_value"": 0.002, ""statistic"": 11.14960503067448, ""warning"": null}, {""bootstrap_seed"": 701040004, ""n_boot"": 499, ""n_effective_moments"": 48, ""p_value"": 0.002, ""statistic"": 11.061541341341087, ""warning"": null}, {""bootstrap_seed"": 701040006, ""n_boot"": 499, ""n_effective_moments"": 48, ""p_value"": 0.002, ""statistic"": 8.54151623664654, ""warning"": null}]","[{""bootstrap_seed"": 701040001, ""n_boot"": 499, ""n_effective_moments"": 48, ""p_value"": 0.002, ""statistic"": 42.00667057807061, ""warning"": null}, {""bootstrap_seed"": 701040003, ""n_boot"": 499, ""n_effective_moments"": 48, ""p_value"": 0.002, ""statistic"": 31.176436288749603, ""warning"": null}, {""bootstrap_seed"": 701040005, ""n_boot"": 499, ""n_effective_moments"": 48, ""p_value"": 0.002, ""statistic"": 35.29601099427113, ""warning"": null}, {""bootstrap_seed"": 701040007, ""n_boot"": 499, ""n_effective_moments"": 48, ""p_value"": 0.002, ""statistic"": 42.291111952925675, ""warning"": null}]",False,0.0125,"[0, 1, 2, 3]",9.649989141694446,9.649989141694446,11.315796094555257,"[11.315796094555257, 9.344534974333262, 8.28963635619482]","[0.053187865379603405, 0.04833356746178908, 0.045523720070406205]","[0.20849643228804535, 0.1894675844502132, 0.17845298267599233]","[0.3824994515190874, 0.11805410607757619, 0.16947471372408648]","[0.2782512353750646, 0.02332031385246966, 0.08024822238609035]","[0.4867476676631102, 0.21278789830268272, 0.2587012050620826]",0.4980163565501571,997.7893469457887,"[878.9169216244164, 1134.0923703955423, 1027.6353931435058, 950.51270261969]",2.4054713249206543,False,False,False,False,False,True
G2,S1_missing0.0_n4000,220000,701040000,220000,801040000,6122aeb,dhai.bme.e.uh.edu,17.2,ok,kernel_sieve1,0.04388300858514967,0.10867564311959113,0.05997848066204117,0.02096644307267756,0.0406904440943544,0.07264646190462044,0.8504530684560602,0.12228281620310122,"[0.002, 0.002, 0.002, 0.002]","[0.232, 0.008, 0.002, 0.078]","[0.232, 0.008, 0.002, 0.078]","[{""bootstrap_seed"": 701050000, ""n_boot"": 499, ""n_effective_moments"": 48, ""p_value"": 0.002, ""statistic"": 10.60692775333027, ""warning"": null}, {""bootstrap_seed"": 701050002, ""n_boot"": 499, ""n_effective_moments"": 48, ""p_value"": 0.002, ""statistic"": 11.14960503067448, ""warning"": null}, {""bootstrap_seed"": 701050004, ""n_boot"": 499, ""n_effective_moments"": 48, ""p_value"": 0.002, ""statistic"": 11.061541341341087, ""warning"": null}, {""bootstrap_seed"": 701050006, ""n_boot"": 499, ""n_effective_moments"": 48, ""p_value"": 0.002, ""statistic"": 8.54151623664654, ""warning"": null}]","[{""bootstrap_seed"": 701050001, ""n_boot"": 499, ""n_effective_moments"": 48, ""p_value"": 0.232, ""statistic"": 2.4158161839654597, ""warning"": null}, {""bootstrap_seed"": 701050003, ""n_boot"": 499, ""n_effective_moments"": 48, ""p_value"": 0.008, ""statistic"": 3.5195775580951714, ""warning"": null}, {""bootstrap_seed"": 701050005, ""n_boot"": 499, ""n_effective_moments"": 48, ""p_value"": 0.002, ""statistic"": 3.9205324913003414, ""warning"": null}, {""bootstrap_seed"": 701050007, ""n_boot"": 499, ""n_effective_moments"": 48, ""p_value"": 0.078, ""statistic"": 2.914309682136891, ""warning"": null}]",False,0.0125,"[1, 2]",70.31864802216614,70.31864802216614,78.59878061386583,"[78.59878061386583, 64.06041734256418, 68.29674611006843]","[0.14017737033296943, 0.12655079745162037, 0.1306682307506959]","[0.5494952917052401, 0.49607912601035187, 0.5122194645427279]","[0.939347167059211, 0.2569928227889717, 0.17336455768234582]","[0.6645995212065909, 0.00895325978379563, -0.08274517458901798]","[1.214094812911831, 0.5050323857941477, 0.4294742899537096]",0.06635415127385086,649.6951163906726,"[630.8647435594971, 694.507123269142, 661.7963628588543, 611.612235875197]",23.01049405572528,False,False,False,False,False,False
G2,S1_missing0.0_n4000,220000,701040000,220000,801040000,6122aeb,dhai.bme.e.uh.edu,17.2,ok,sieve1_kernel,0.006379798537555578,0.017876957434530334,0.00644056738038827,0.33951080610564965,0.5108787219271858,0.4668921334958105,0.5277014143518245,0.11495910678591566,"[0.986, 0.392, 0.97, 0.758]","[0.002, 0.002, 0.002, 0.002]","[0.986, 0.392, 0.97, 0.758]","[{""bootstrap_seed"": 701060000, ""n_boot"": 499, ""n_effective_moments"": 48, ""p_value"": 0.986, ""statistic"": 1.0226979363612572, ""warning"": null}, {""bootstrap_seed"": 701060002, ""n_boot"": 499, ""n_effective_moments"": 48, ""p_value"": 0.392, ""statistic"": 2.1980802508083426, ""warning"": null}, {""bootstrap_seed"": 701060004, ""n_boot"": 499, ""n_effective_moments"": 48, ""p_value"": 0.97, ""statistic"": 1.1940562921903737, ""warning"": null}, {""bootstrap_seed"": 701060006, ""n_boot"": 499, ""n_effective_moments"": 48, ""p_value"": 0.758, ""statistic"": 1.6577146844726705, ""warning"": null}]","[{""bootstrap_seed"": 701060001, ""n_boot"": 499, ""n_effective_moments"": 48, ""p_value"": 0.002, ""statistic"": 42.00667057807061, ""warning"": null}, {""bootstrap_seed"": 701060003, ""n_boot"": 499, ""n_effective_moments"": 48, ""p_value"": 0.002, ""statistic"": 31.176436288749603, ""warning"": null}, {""bootstrap_seed"": 701060005, ""n_boot"": 499, ""n_effective_moments"": 48, ""p_value"": 0.002, ""statistic"": 35.29601099427113, ""warning"": null}, {""bootstrap_seed"": 701060007, ""n_boot"": 499, ""n_effective_moments"": 48, ""p_value"": 0.002, ""statistic"": 42.291111952925675, ""warning"": null}]",True,0.0125,[],3.7454704632729343,3.7454704632729343,4.12276901143777,"[4.12276901143777, 3.8331810146866188, 3.2804613636944144]","[0.032104396160953445, 0.030956344320214147, 0.028637655995622333]","[0.1258492329509375, 0.12134886973523945, 0.11225961150283954]","[0.9554588243916238, 0.25150839807994874, 0.17298951147222494]","[0.8925342079161549, 0.19083396321232896, 0.11685970572080523]","[1.0183834408670926, 0.3121828329475685, 0.22911931722364465]",0.4980163565501571,997.7893469457887,"[878.9169216244164, 1134.0923703955423, 1027.6353931435058, 950.51270261969]",2.4054713249206543,False,True,True,False,False,False
G2,S1_missing0.0_n4000,220000,701040000,220000,801040000,6122aeb,dhai.bme.e.uh.edu,17.2,ok,sieve1_sieve1,0.006379798537555578,0.017876957434530334,0.00644056738038827,0.02096644307267756,0.0406904440943544,0.07264646190462044,0.5998767314861027,0.09329736499127378,"[0.992, 0.41, 0.982, 0.758]","[0.224, 0.012, 0.01, 0.078]","[0.992, 0.41, 0.982, 0.758]","[{""bootstrap_seed"": 701070000, ""n_boot"": 499, ""n_effective_moments"": 48, ""p_value"": 0.992, ""statistic"": 1.0226979363612572, ""warning"": null}, {""bootstrap_seed"": 701070002, ""n_boot"": 499, ""n_effective_moments"": 48, ""p_value"": 0.41, ""statistic"": 2.1980802508083426, ""warning"": null}, {""bootstrap_seed"": 701070004, ""n_boot"": 499, ""n_effective_moments"": 48, ""p_value"": 0.982, ""statistic"": 1.1940562921903737, ""warning"": null}, {""bootstrap_seed"": 701070006, ""n_boot"": 499, ""n_effective_moments"": 48, ""p_value"": 0.758, ""statistic"": 1.6577146844726705, ""warning"": null}]","[{""bootstrap_seed"": 701070001, ""n_boot"": 499, ""n_effective_moments"": 48, ""p_value"": 0.224, ""statistic"": 2.4158161839654597, ""warning"": null}, {""bootstrap_seed"": 701070003, ""n_boot"": 499, ""n_effective_moments"": 48, ""p_value"": 0.012, ""statistic"": 3.5195775580951714, ""warning"": null}, {""bootstrap_seed"": 701070005, ""n_boot"": 499, ""n_effective_moments"": 48, ""p_value"": 0.01, ""statistic"": 3.9205324913003414, ""warning"": null}, {""bootstrap_seed"": 701070007, ""n_boot"": 499, ""n_effective_moments"": 48, ""p_value"": 0.078, ""statistic"": 2.914309682136891, ""warning"": null}]",True,0.0125,[],26.536571874993935,26.536571874993935,26.665111531518424,"[26.58351177662373, 26.361092316839645, 26.665111531518424]","[0.08152225428774607, 0.08118049691403663, 0.0816472772533145]","[0.31956723680796456, 0.3182275479030236, 0.3200573268329928]","[0.991542481942502, 0.2547271741410955, 0.14086916757803078]","[0.8317588635385197, 0.09561340018958364, -0.019159495838465684]","[1.1513261003464845, 0.4138409480926074, 0.30089783099452727]",0.06635415127385086,649.6951163906726,"[630.8647435594971, 694.507123269142, 661.7963628588543, 611.612235875197]",23.01049405572528,True,False,False,True,True,False
G2,S1_missing0.0_n4000,220000,701040000,220000,801040000,6122aeb,dhai.bme.e.uh.edu,17.2,ok,sieve2_sieve2,0.0061127481034456135,0.014938231926073763,0.05111299499369153,0.044392061297595,0.06991906286484437,0.07772060128808918,0.5762994763309066,0.14082579959611213,"[0.702, 0.922, 0.73, 0.936]","[0.002, 0.002, 0.002, 0.002]","[0.702, 0.922, 0.73, 0.936]","[{""bootstrap_seed"": 701080000, ""n_boot"": 499, ""n_effective_moments"": 48, ""p_value"": 0.702, ""statistic"": 1.7520440710115892, ""warning"": null}, {""bootstrap_seed"": 701080002, ""n_boot"": 499, ""n_effective_moments"": 48, ""p_value"": 0.922, ""statistic"": 1.3646375080123234, ""warning"": null}, {""bootstrap_seed"": 701080004, ""n_boot"": 499, ""n_effective_moments"": 48, ""p_value"": 0.73, ""statistic"": 1.6494626033859672, ""warning"": null}, {""bootstrap_seed"": 701080006, ""n_boot"": 499, ""n_effective_moments"": 48, ""p_value"": 0.936, ""statistic"": 1.341883193547843, ""warning"": null}]","[{""bootstrap_seed"": 701080001, ""n_boot"": 499, ""n_effective_moments"": 48, ""p_value"": 0.002, ""statistic"": 4.935576471299083, ""warning"": null}, {""bootstrap_seed"": 701080003, ""n_boot"": 499, ""n_effective_moments"": 48, ""p_value"": 0.002, ""statistic"": 5.037364246971986, ""warning"": null}, {""bootstrap_seed"": 701080005, ""n_boot"": 499, ""n_effective_moments"": 48, ""p_value"": 0.002, ""statistic"": 5.234723195261779, ""warning"": null}, {""bootstrap_seed"": 701080007, ""n_boot"": 499, ""n_effective_moments"": 48, ""p_value"": 0.002, ""statistic"": 5.293251304433392, ""warning"": null}]",True,0.0125,[],72.92576708914862,72.92576708914862,77.83790265512857,"[72.05446612279734, 77.83790265512857, 68.88493248951994]","[0.13421481487041337, 0.1394972245737604, 0.13122969603858717]","[0.5261220742920204, 0.5468291203291408, 0.5144204084712617]","[0.9367511444868639, 0.3674613388792973, 0.11592896919870593]","[0.6736901073408534, 0.09404677871472672, -0.14128123503692475]","[1.1998121816328744, 0.6408758990438679, 0.3731391734343366]",0.30404124708214303,428.82826437880954,"[433.35594559275336, 454.57884137331126, 436.95895836729215, 390.41931218188137]",50.0,False,False,False,False,False,False
G2,S1_missing0.0_n4000,220000,701040000,220000,801040000,6122aeb,dhai.bme.e.uh.edu,17.2,ok,sieve3_sieve3,0.015620954561577872,0.030469003020257047,0.08293423241577486,0.08564382285887047,0.13334853794636115,0.10986454213485937,7.436049409443122,3.3309407086761453,"[0.064, 0.1, 0.212, 0.228]","[0.002, 0.002, 0.002, 0.002]","[0.064, 0.1, 0.212, 0.228]","[{""bootstrap_seed"": 701090000, ""n_boot"": 499, ""n_effective_moments"": 48, ""p_value"": 0.064, ""statistic"": 2.9862551881923878, ""warning"": null}, {""bootstrap_seed"": 701090002, ""n_boot"": 499, ""n_effective_moments"": 48, ""p_value"": 0.1, ""statistic"": 2.822353639630985, ""warning"": null}, {""bootstrap_seed"": 701090004, ""n_boot"": 499, ""n_effective_moments"": 48, ""p_value"": 0.212, ""statistic"": 2.52740910221802, ""warning"": null}, {""bootstrap_seed"": 701090006, ""n_boot"": 499, ""n_effective_moments"": 48, ""p_value"": 0.228, ""statistic"": 2.465545374934091, ""warning"": null}]","[{""bootstrap_seed"": 701090001, ""n_boot"": 499, ""n_effective_moments"": 48, ""p_value"": 0.002, ""statistic"": 8.535798202455918, ""warning"": null}, {""bootstrap_seed"": 701090003, ""n_boot"": 499, ""n_effective_moments"": 48, ""p_value"": 0.002, ""statistic"": 12.649250654745277, ""warning"": null}, {""bootstrap_seed"": 701090005, ""n_boot"": 499, ""n_effective_moments"": 48, ""p_value"": 0.002, ""statistic"": 9.454760245599358, ""warning"": null}, {""bootstrap_seed"": 701090007, ""n_boot"": 499, ""n_effective_moments"": 48, ""p_value"": 0.002, ""statistic"": 8.609111021916913, ""warning"": null}]",True,0.0125,[],112531.3231467334,112531.3231467334,116451.12036804484,"[105240.91441021324, 115901.93466194214, 116451.12036804484]","[5.129349725116558, 5.382888041329258, 5.395626014839354]","[20.107050922456907, 21.10092112201069, 21.150853978170268]","[1.805084368566177, -1.0467828002312662, -8.01679319242819]","[-8.248441092662288, -11.597243361236604, -18.59222018151332]","[11.858609829794643, 9.503677760774071, 2.558633796656938]",0.9193645348504762,383.8611269630949,"[369.7957717459039, 454.1936206517499, 368.7856372462877, 342.6694782084381]",50.0,False,False,False,False,False,False
G2,S1_missing0.1_n4000,220000,701050000,220000,801050000,6122aeb,dhai.bme.e.uh.edu,16.9,ok,kernel_kernel,0.04687565764491698,0.11829764482646739,0.0595504643234563,0.33429308708356564,0.5232630596497185,0.46791230435871656,0.7185196172852072,0.2721904571406453,"[0.002, 0.002, 0.002, 0.002]","[0.002, 0.002, 0.002, 0.002]","[0.002, 0.002, 0.002, 0.002]","[{""bootstrap_seed"": 701050000, ""n_boot"": 499, ""n_effective_moments"": 48, ""p_value"": 0.002, ""statistic"": 12.911462802645683, ""warning"": null}, {""bootstrap_seed"": 701050002, ""n_boot"": 499, ""n_effective_moments"": 48, ""p_value"": 0.002, ""statistic"": 13.706039299993314, ""warning"": null}, {""bootstrap_seed"": 701050004, ""n_boot"": 499, ""n_effective_moments"": 48, ""p_value"": 0.002, ""statistic"": 12.354662536055798, ""warning"": null}, {""bootstrap_seed"": 701050006, ""n_boot"": 499, ""n_effective_moments"": 48, ""p_value"": 0.002, ""statistic"": 13.718696260240236, ""warning"": null}]","[{""bootstrap_seed"": 701050001, ""n_boot"": 499, ""n_effective_moments"": 48, ""p_value"": 0.002, ""statistic"": 42.65972532852342, ""warning"": null}, {""bootstrap_seed"": 701050003, ""n_boot"": 499, ""n_effective_moments"": 48, ""p_value"": 0.002, ""statistic"": 30.1455080540855, ""warning"": null}, {""bootstrap_seed"": 701050005, ""n_boot"": 499, ""n_effective_moments"": 48, ""p_value"": 0.002, ""statistic"": 36.28063248760045, ""warning"": null}, {""bootstrap_seed"": 701050007, ""n_boot"": 499, ""n_effective_moments"": 48, ""p_value"": 0.002, ""statistic"": 41.175163922845684, ""warning"": null}]",False,0.0125,"[0, 1, 2, 3]",9.644663719588914,9.644663719588914,11.312670650802918,"[11.312670650802918, 9.334065919277352, 8.287254588686475]","[0.053180519579078295, 0.04830648486300093, 0.04551717969263494]","[0.20846763674998692, 0.18936142066296366, 0.17842734439512897]","[0.38225387566771624, 0.11778390449010388, 0.16872502059197922]","[0.2780200572927228, 0.023103194158621998, 0.07951134839441484]","[0.4864876940427097, 0.21246461482158577, 0.2579386927895436]",0.4980665126666427,997.7833432707079,"[878.9304695439802, 1134.067991466023, 1027.6281844240746, 950.5067276487538]",2.37813663482666,False,False,False,False,False,True
G2,S1_missing0.1_n4000,220000,701050000,220000,801050000,6122aeb,dhai.bme.e.uh.edu,16.9,ok,kernel_sieve1,0.04687565764491698,0.11829764482646739,0.0595504643234563,0.0208595240322697,0.038923122924449965,0.07057848679306043,0.8442529316243226,0.13382845249210254,"[0.002, 0.002, 0.002, 0.002]","[0.692, 0.002, 0.008, 0.012]","[0.692, 0.002, 0.008, 0.012]","[{""bootstrap_seed"": 701060000, ""n_boot"": 499, ""n_effective_moments"": 48, ""p_value"": 0.002, ""statistic"": 12.911462802645683, ""warning"": null}, {""bootstrap_seed"": 701060002, ""n_boot"": 499, ""n_effective_moments"": 48, ""p_value"": 0.002, ""statistic"": 13.706039299993314, ""warning"": null}, {""bootstrap_seed"": 701060004, ""n_boot"": 499, ""n_effective_moments"": 48, ""p_value"": 0.002, ""statistic"": 12.354662536055798, ""warning"": null}, {""bootstrap_seed"": 701060006, ""n_boot"": 499, ""n_effective_moments"": 48, ""p_value"": 0.002, ""statistic"": 13.718696260240236, ""warning"": null}]","[{""bootstrap_seed"": 701060001, ""n_boot"": 499, ""n_effective_moments"": 48, ""p_value"": 0.692, ""statistic"": 1.787417282027164, ""warning"": null}, {""bootstrap_seed"": 701060003, ""n_boot"": 499, ""n_effective_moments"": 48, ""p_value"": 0.002, ""statistic"": 4.858055509075525, ""warning"": null}, {""bootstrap_seed"": 701060005, ""n_boot"": 499, ""n_effective_moments"": 48, ""p_value"": 0.008, ""statistic"": 3.7683891957348585, ""warning"": null}, {""bootstrap_seed"": 701060007, ""n_boot"": 499, ""n_effective_moments"": 48, ""p_value"": 0.012, ""statistic"": 3.556367295752407, ""warning"": null}]",False,0.0125,"[1, 2, 3]",70.86046902042573,70.86046902042573,80.38054713432153,"[80.38054713432153, 63.29000673180027, 68.91085319515538]","[0.1417573165081097, 0.12578752594335443, 0.1312543839221717]","[0.55568868071179, 0.4930871016979494, 0.514517184974913]","[0.875028016046741, 0.277487218303908, 0.1231879200219435]","[0.5971836756908456, 0.030943667454933238, -0.13407067246551307]","[1.1528723564026362, 0.5240307691528827, 0.3804465125094001]",0.07272249746340081,646.3191476025636,"[626.2725164403386, 694.5663595227355, 660.9786407873546, 603.4590736598257]",24.15853024739166,False,False,False,False,False,False
G2,S1_missing0.1_n4000,220000,701050000,220000,801050000,6122aeb,dhai.bme.e.uh.edu,16.9,ok,sieve1_kernel,0.009114439659621098,0.04538326308377455,0.0,0.33429308708356564,0.5232630596497185,0.46791230435871656,0.5471326599897567,0.13054592371779192,"[0.004, 0.002, 0.024, 0.014]","[0.002, 0.002, 0.002, 0.002]","[0.004, 0.002, 0.024, 0.014]","[{""bootstrap_seed"": 701070000, ""n_boot"": 499, ""n_effective_moments"": 48, ""p_value"": 0.004, ""statistic"": 3.8808211891319653, ""warning"": null}, {""bootstrap_seed"": 701070002, ""n_boot"": 499, ""n_effective_moments"": 48, ""p_value"": 0.002, ""statistic"": 4.771017828518333, ""warning"": null}, {""bootstrap_seed"": 701070004, ""n_boot"": 499, ""n_effective_moments"": 48, ""p_value"": 0.024, ""statistic"": 3.355975958944969, ""warning"": null}, {""bootstrap_seed"": 701070006, ""n_boot"": 499, ""n_effective_moments"": 48, ""p_value"": 0.014, ""statistic"": 3.684642097267858, ""warning"": null}]","[{""bootstrap_seed"": 701070001, ""n_boot"": 499, ""n_effective_moments"": 48, ""p_value"": 0.002, ""statistic"": 42.65972532852342, ""warning"": null}, {""bootstrap_seed"": 701070003, ""n_boot"": 499, ""n_effective_moments"": 48, ""p_value"": 0.002, ""statistic"": 30.1455080540855, ""warning"": null}, {""bootstrap_seed"": 701070005, ""n_boot"": 499, ""n_effective_moments"": 48, ""p_value"": 0.002, ""statistic"": 36.28063248760045, ""warning"": null}, {""bootstrap_seed"": 701070007, ""n_boot"": 499, ""n_effective_moments"": 48, ""p_value"": 0.002, ""statistic"": 41.175163922845684, ""warning"": null}]",False,0.0125,"[0, 1]",4.205431345701171,4.205431345701171,4.572818589144011,"[4.572818589144011, 4.314969945806476, 3.7285055021530225]","[0.033811309458315904, 0.03284421541842063, 0.030530744758984436]","[0.13254033307659835, 0.12874932444020887, 0.11968051945521899]","[0.930525224479024, 0.29574125136318563, 0.150583509072017]","[0.8642550579407249, 0.23136658914308128, 0.09074324934440745]","[0.9967953910173231, 0.36011591358329, 0.21042376879962657]",0.4980665126666427,997.7833432707079,"[878.9304695439802, 1134.067991466023, 1027.6281844240746, 950.5067276487538]",2.37813663482666,False,True,False,False,False,False
G2,S1_missing0.1_n4000,220000,701050000,220000,801050000,6122aeb,dhai.bme.e.uh.edu,16.9,ok,sieve1_sieve1,0.009114439659621098,0.04538326308377455,0.0,0.0208595240322697,0.038923122924449965,0.07057848679306043,0.5729390673958309,0.11240211045716408,"[0.004, 0.002, 0.03, 0.006]","[0.686, 0.002, 0.012, 0.02]","[0.686, 0.002, 0.03, 0.02]","[{""bootstrap_seed"": 701080000, ""n_boot"": 499, ""n_effective_moments"": 48, ""p_value"": 0.004, ""statistic"": 3.8808211891319653, ""warning"": null}, {""bootstrap_seed"": 701080002, ""n_boot"": 499, ""n_effective_moments"": 48, ""p_value"": 0.002, ""statistic"": 4.771017828518333, ""warning"": null}, {""bootstrap_seed"": 701080004, ""n_boot"": 499, ""n_effective_moments"": 48, ""p_value"": 0.03, ""statistic"": 3.355975958944969, ""warning"": null}, {""bootstrap_seed"": 701080006, ""n_boot"": 499, ""n_effective_moments"": 48, ""p_value"": 0.006, ""statistic"": 3.684642097267858, ""warning"": null}]","[{""bootstrap_seed"": 701080001, ""n_boot"": 499, ""n_effective_moments"": 48, ""p_value"": 0.686, ""statistic"": 1.787417282027164, ""warning"": null}, {""bootstrap_seed"": 701080003, ""n_boot"": 499, ""n_effective_moments"": 48, ""p_value"": 0.002, ""statistic"": 4.858055509075525, ""warning"": null}, {""bootstrap_seed"": 701080005, ""n_boot"": 499, ""n_effective_moments"": 48, ""p_value"": 0.012, ""statistic"": 3.7683891957348585, ""warning"": null}, {""bootstrap_seed"": 701080007, ""n_boot"": 499, ""n_effective_moments"": 48, ""p_value"": 0.02, ""statistic"": 3.556367295752407, ""warning"": null}]",False,0.0125,[1],29.920224055363757,29.920224055363757,30.959060259545623,"[30.372207295959832, 28.429404610585806, 30.959060259545623]","[0.08713811923601494, 0.08430510751221691, 0.08797593457807883]","[0.34158142740517855, 0.3304760214478903, 0.344865663546069]","[0.9505768308865667, 0.297689752257595, 0.11425517480326695]","[0.7797861171839776, 0.13245174153364975, -0.05817765696976766]","[1.1213675445891558, 0.4629277629815402, 0.28668800657630156]",0.07272249746340081,646.3191476025636,"[626.2725164403386, 694.5663595227355, 660.9786407873546, 603.4590736598257]",24.15853024739166,True,False,False,True,True,False
G2,S1_missing0.1_n4000,220000,701050000,220000,801050000,6122aeb,dhai.bme.e.uh.edu,16.9,ok,sieve2_sieve2,0.009049057002509388,0.021394610009536814,0.030953886077353436,0.048112761208287724,0.07739056512688434,0.06265342643771352,0.6147696345458651,0.2581997536259641,"[0.226, 0.11, 0.942, 0.648]","[0.002, 0.002, 0.002, 0.002]","[0.226, 0.11, 0.942, 0.648]","[{""bootstrap_seed"": 701090000, ""n_boot"": 499, ""n_effective_moments"": 48, ""p_value"": 0.226, ""statistic"": 2.5364732599295605, ""warning"": null}, {""bootstrap_seed"": 701090002, ""n_boot"": 499, ""n_effective_moments"": 48, ""p_value"": 0.11, ""statistic"": 2.8130559736906533, ""warning"": null}, {""bootstrap_seed"": 701090004, ""n_boot"": 499, ""n_effective_moments"": 48, ""p_value"": 0.942, ""statistic"": 1.3155185892245556, ""warning"": null}, {""bootstrap_seed"": 701090006, ""n_boot"": 499, ""n_effective_moments"": 48, ""p_value"": 0.648, ""statistic"": 1.850015273227037, ""warning"": null}]","[{""bootstrap_seed"": 701090001, ""n_boot"": 499, ""n_effective_moments"": 48, ""p_value"": 0.002, ""statistic"": 5.448473234058696, ""warning"": null}, {""bootstrap_seed"": 701090003, ""n_boot"": 499, ""n_effective_moments"": 48, ""p_value"": 0.002, ""statistic"": 5.5939524663557005, ""warning"": null}, {""bootstrap_seed"": 701090005, ""n_boot"": 499, ""n_effective_moments"": 48, ""p_value"": 0.002, ""statistic"": 5.8495087792397875, ""warning"": null}, {""bootstrap_seed"": 701090007, ""n_boot"": 499, ""n_effective_moments"": 48, ""p_value"": 0.002, ""statistic"": 5.780302121171738, ""warning"": null}]",True,0.0125,[],128.99819031762613,128.99819031762613,134.51242195818276,"[125.27637189836399, 127.20577709633162, 134.51242195818276]","[0.17697201183970024, 0.17832959449873403, 0.18337967578100275]","[0.6937302864116249, 0.6990520104350374, 0.7188483290615307]","[1.1172232573460752, 0.5023552801981788, 0.29409639468863097]","[0.7703581141402627, 0.1528292749806604, -0.06532776984213445]","[1.4640884005518877, 0.8518812854156972, 0.6535205592193964]",0.34550947046342445,422.7049278858982,"[428.0620815214062, 473.68896603956773, 429.06526920891775, 360.003394773701]",50.0,False,False,True,False,False,False
G2,S1_missing0.1_n4000,220000,701050000,220000,801050000,6122aeb,dhai.bme.e.uh.edu,16.9,ok,sieve3_sieve3,0.012795773296576494,0.027112164362615713,0.0850955605117864,0.08185287500816826,0.1355660960650645,0.09763478154977653,32.54369513845018,10.873942399887051,"[0.248, 0.044, 0.286, 0.492]","[0.002, 0.002, 0.002, 0.002]","[0.248, 0.044, 0.286, 0.492]","[{""bootstrap_seed"": 701100000, ""n_boot"": 499, ""n_effective_moments"": 48, ""p_value"": 0.248, ""statistic"": 2.461292408853962, ""warning"": null}, {""bootstrap_seed"": 701100002, ""n_boot"": 499, ""n_effective_moments"": 48, ""p_value"": 0.044, ""statistic"": 3.253488483408112, ""warning"": null}, {""bootstrap_seed"": 701100004, ""n_boot"": 499, ""n_effective_moments"": 48, ""p_value"": 0.286, ""statistic"": 2.4105062891469817, ""warning"": null}, {""bootstrap_seed"": 701100006, ""n_boot"": 499, ""n_effective_moments"": 48, ""p_value"": 0.492, ""statistic"": 2.1087704132618734, ""warning"": null}]","[{""bootstrap_seed"": 701100001, ""n_boot"": 499, ""n_effective_moments"": 48, ""p_value"": 0.002, ""statistic"": 8.691395520018101, ""warning"": null}, {""bootstrap_seed"": 701100003, ""n_boot"": 499, ""n_effective_moments"": 48, ""p_value"": 0.002, ""statistic"": 12.5999878984814, ""warning"": null}, {""bootstrap_seed"": 701100005, ""n_boot"": 499, ""n_effective_moments"": 48, ""p_value"": 0.002, ""statistic"": 9.175366199346328, ""warning"": null}, {""bootstrap_seed"": 701100007, ""n_boot"": 499, ""n_effective_moments"": 48, ""p_value"": 0.002, ""statistic"": 8.192052024767436, ""warning"": null}]",True,0.0125,[],144241.02336374356,144241.02336374356,221816.84733190294,"[221816.84733190294, 77806.59785971539, 133099.62489961236]","[7.446758478222302, 4.410402415305076, 5.7684405366531335]","[29.191293234631424, 17.2887774679959, 22.612286903680282]","[-13.120364822708307, -10.249338538015028, -8.113048167582834]","[-27.716011440024033, -18.893727272012967, -19.41919161942296]","[1.475281794607417, -1.6049498040170889, 3.1930952842572946]",0.9219910160753737,366.7317032694862,"[359.826831949062, 434.5496566255478, 347.5576997721967, 324.99262473113845]",50.0,False,False,False,False,False,False
G2,S1_missing0.2_n4000,220000,701060000,220000,801060000,6122aeb,dhai.bme.e.uh.edu,17.7,ok,kernel_kernel,0.03911471478720928,0.10356733228292603,0.059546855073719776,0.3258272166028033,0.5087874999801532,0.4686473327499354,0.7145848470424588,0.2719897499758533,"[0.002, 0.002, 0.002, 0.002]","[0.002, 0.002, 0.002, 0.002]","[0.002, 0.002, 0.002, 0.002]","[{""bootstrap_seed"": 701060000, ""n_boot"": 499, ""n_effective_moments"": 48, ""p_value"": 0.002, ""statistic"": 8.672508907096805, ""warning"": null}, {""bootstrap_seed"": 701060002, ""n_boot"": 499, ""n_effective_moments"": 48, ""p_value"": 0.002, ""statistic"": 13.050860509895443, ""warning"": null}, {""bootstrap_seed"": 701060004, ""n_boot"": 499, ""n_effective_moments"": 48, ""p_value"": 0.002, ""statistic"": 8.802202708034994, ""warning"": null}, {""bootstrap_seed"": 701060006, ""n_boot"": 499, ""n_effective_moments"": 48, ""p_value"": 0.002, ""statistic"": 9.234435199571575, ""warning"": null}]","[{""bootstrap_seed"": 701060001, ""n_boot"": 499, ""n_effective_moments"": 48, ""p_value"": 0.002, ""statistic"": 42.41853019318335, ""warning"": null}, {""bootstrap_seed"": 701060003, ""n_boot"": 499, ""n_effective_moments"": 48, ""p_value"": 0.002, ""statistic"": 30.964015433195918, ""warning"": null}, {""bootstrap_seed"": 701060005, ""n_boot"": 499, ""n_effective_moments"": 48, ""p_value"": 0.002, ""statistic"": 33.372203334890045, ""warning"": null}, {""bootstrap_seed"": 701060007, ""n_boot"": 499, ""n_effective_moments"": 48, ""p_value"": 0.002, ""statistic"": 44.328314032805835, ""warning"": null}]",False,0.0125,"[0, 1, 2, 3]",9.6494908445092,9.6494908445092,11.322045479340618,"[11.322045479340618, 9.334736070804082, 8.291690983382898]","[0.05320255040724227, 0.04830821894565169, 0.04552936135995897]","[0.20855399759638968, 0.18936821826695463, 0.17847509653103916]","[0.38290336616175064, 0.1179379441901988, 0.16892642929173252]","[0.27862636736355584, 0.023253835056721503, 0.07968888102621302]","[0.48718036495994543, 0.21262205332367612, 0.258163977557252]",0.49799507313966745,997.7640978388773,"[878.9119407892566, 1134.0061968167677, 1027.6367658872225, 950.5014878622627]",2.3804101943969727,False,False,False,False,False,True
G2,S1_missing0.2_n4000,220000,701060000,220000,801060000,6122aeb,dhai.bme.e.uh.edu,17.7,ok,kernel_sieve1,0.03911471478720928,0.10356733228292603,0.059546855073719776,0.020528590342414332,0.03778924694559618,0.06886805428783285,0.8444212168946108,0.14667012196766757,"[0.002, 0.002, 0.002, 0.002]","[0.686, 0.002, 0.058, 0.032]","[0.686, 0.002, 0.058, 0.032]","[{""bootstrap_seed"": 701070000, ""n_boot"": 499, ""n_effective_moments"": 48, ""p_value"": 0.002, ""statistic"": 8.672508907096805, ""warning"": null}, {""bootstrap_seed"": 701070002, ""n_boot"": 499, ""n_effective_moments"": 48, ""p_value"": 0.002, ""statistic"": 13.050860509895443, ""warning"": null}, {""bootstrap_seed"": 701070004, ""n_boot"": 499, ""n_effective_moments"": 48, ""p_value"": 0.002, ""statistic"": 8.802202708034994, ""warning"": null}, {""bootstrap_seed"": 701070006, ""n_boot"": 499, ""n_effective_moments"": 48, ""p_value"": 0.002, ""statistic"": 9.234435199571575, ""warning"": null}]","[{""bootstrap_seed"": 701070001, ""n_boot"": 499, ""n_effective_moments"": 48, ""p_value"": 0.686, ""statistic"": 1.8008527335239537, ""warning"": null}, {""bootstrap_seed"": 701070003, ""n_boot"": 499, ""n_effective_moments"": 48, ""p_value"": 0.002, ""statistic"": 4.81553123794687, ""warning"": null}, {""bootstrap_seed"": 701070005, ""n_boot"": 499, ""n_effective_moments"": 48, ""p_value"": 0.058, ""statistic"": 3.025813673997937, ""warning"": null}, {""bootstrap_seed"": 701070007, ""n_boot"": 499, ""n_effective_moments"": 48, ""p_value"": 0.032, ""statistic"": 3.1620286752416544, ""warning"": null}]",False,0.0125,[1],69.96858635933589,69.96858635933589,78.39656934576409,"[78.39656934576409, 62.87031868705979, 68.63887104518378]","[0.1399969368823512, 0.1253697717624346, 0.13099510586772295]","[0.5487879925788167, 0.49144950530874365, 0.5135008150014739]","[0.8073495225979996, 0.2538652299896477, 0.11765642331415746]","[0.532955526308591, 0.008140477335276175, -0.13909398418657967]","[1.0817435188874083, 0.49958998264401927, 0.37440683081489456]",0.07531544277318653,651.9178324662248,"[635.0716864911942, 711.3665209790822, 660.012518650832, 601.220603743791]",24.326525740812315,False,False,False,False,False,False
G2,S1_missing0.2_n4000,220000,701060000,220000,801060000,6122aeb,dhai.bme.e.uh.edu,17.7,ok,sieve1_kernel,0.008541296378811616,0.030701531084676634,0.0,0.3258272166028033,0.5087874999801532,0.4686473327499354,0.5864498678320024,0.13087503760387223,"[0.032, 0.002, 0.894, 0.91]","[0.002, 0.002, 0.002, 0.002]","[0.032, 0.002, 0.894, 0.91]","[{""bootstrap_seed"": 701080000, ""n_boot"": 499, ""n_effective_moments"": 48, ""p_value"": 0.032, ""statistic"": 3.2722729586499124, ""warning"": null}, {""bootstrap_seed"": 701080002, ""n_boot"": 499, ""n_effective_moments"": 48, ""p_value"": 0.002, ""statistic"": 4.084688196047133, ""warning"": null}, {""bootstrap_seed"": 701080004, ""n_boot"": 499, ""n_effective_moments"": 48, ""p_value"": 0.894, ""statistic"": 1.4848184448436166, ""warning"": null}, {""bootstrap_seed"": 701080006, ""n_boot"": 499, ""n_effective_moments"": 48, ""p_value"": 0.91, ""statistic"": 1.4530278827440264, ""warning"": null}]","[{""bootstrap_seed"": 701080001, ""n_boot"": 499, ""n_effective_moments"": 48, ""p_value"": 0.002, ""statistic"": 42.41853019318335, ""warning"": null}, {""bootstrap_seed"": 701080003, ""n_boot"": 499, ""n_effective_moments"": 48, ""p_value"": 0.002, ""statistic"": 30.964015433195918, ""warning"": null}, {""bootstrap_seed"": 701080005, ""n_boot"": 499, ""n_effective_moments"": 48, ""p_value"": 0.002, ""statistic"": 33.372203334890045, ""warning"": null}, {""bootstrap_seed"": 701080007, ""n_boot"": 499, ""n_effective_moments"": 48, ""p_value"": 0.002, ""statistic"": 44.328314032805835, ""warning"": null}]",False,0.0125,[1],4.66687130211448,4.66687130211448,4.947737868213736,"[4.947737868213736, 4.795123246192072, 4.257752791937629]","[0.03517007914482755, 0.03462341420986697, 0.03262572907973717]","[0.137866710247724, 0.1357237837026785, 0.1278928579925697]","[0.8715154777692043, 0.2665035261942842, 0.12179882918933975]","[0.8025821226453422, 0.19864163434294504, 0.05785240019305486]","[0.9404488328930665, 0.33436541804562336, 0.18574525818562465]",0.49799507313966745,997.7640978388773,"[878.9119407892566, 1134.0061968167677, 1027.6367658872225, 950.5014878622627]",2.3804101943969727,False,True,False,False,False,False
G2,S1_missing0.2_n4000,220000,701060000,220000,801060000,6122aeb,dhai.bme.e.uh.edu,17.7,ok,sieve1_sieve1,0.008541296378811616,0.030701531084676634,0.0,0.020528590342414332,0.03778924694559618,0.06886805428783285,0.6719334442516667,0.12221375018637792,"[0.038, 0.004, 0.884, 0.942]","[0.698, 0.002, 0.06, 0.028]","[0.698, 0.004, 0.884, 0.942]","[{""bootstrap_seed"": 701090000, ""n_boot"": 499, ""n_effective_moments"": 48, ""p_value"": 0.038, ""statistic"": 3.2722729586499124, ""warning"": null}, {""bootstrap_seed"": 701090002, ""n_boot"": 499, ""n_effective_moments"": 48, ""p_value"": 0.004, ""statistic"": 4.084688196047133, ""warning"": null}, {""bootstrap_seed"": 701090004, ""n_boot"": 499, ""n_effective_moments"": 48, ""p_value"": 0.884, ""statistic"": 1.4848184448436166, ""warning"": null}, {""bootstrap_seed"": 701090006, ""n_boot"": 499, ""n_effective_moments"": 48, ""p_value"": 0.942, ""statistic"": 1.4530278827440264, ""warning"": null}]","[{""bootstrap_seed"": 701090001, ""n_boot"": 499, ""n_effective_moments"": 48, ""p_value"": 0.698, ""statistic"": 1.8008527335239537, ""warning"": null}, {""bootstrap_seed"": 701090003, ""n_boot"": 499, ""n_effective_moments"": 48, ""p_value"": 0.002, ""statistic"": 4.81553123794687, ""warning"": null}, {""bootstrap_seed"": 701090005, ""n_boot"": 499, ""n_effective_moments"": 48, ""p_value"": 0.06, ""statistic"": 3.025813673997937, ""warning"": null}, {""bootstrap_seed"": 701090007, ""n_boot"": 499, ""n_effective_moments"": 48, ""p_value"": 0.028, ""statistic"": 3.1620286752416544, ""warning"": null}]",False,0.0125,[1],32.941709668111514,32.941709668111514,34.97029686506493,"[32.168935251502866, 31.685896887766734, 34.97029686506493]","[0.0896785025124512, 0.08900266412833766, 0.0935017337607503]","[0.3515397298488087, 0.3488904433830836, 0.3665267963421412]","[0.8709290340790091, 0.2682617304254952, 0.09347031901545051]","[0.6951591691546045, 0.09381650873395353, -0.0897930791556202]","[1.0466988990034138, 0.4427069521170369, 0.27673371718652123]",0.07531544277318653,651.9178324662248,"[635.0716864911942, 711.3665209790822, 660.012518650832, 601.220603743791]",24.326525740812315,True,False,False,True,True,False
G2,S1_missing0.2_n4000,220000,701060000,220000,801060000,6122aeb,dhai.bme.e.uh.edu,17.7,ok,sieve2_sieve2,0.012212342147706438,0.028312398453988415,0.012437045784308062,0.050216953991223175,0.07911506165967402,0.08046147152999017,2.8338681220317095,0.735876104918026,"[0.18, 0.016, 0.47, 0.01]","[0.002, 0.002, 0.002, 0.002]","[0.18, 0.016, 0.47, 0.01]","[{""bootstrap_seed"": 701100000, ""n_boot"": 499, ""n_effective_moments"": 48, ""p_value"": 0.18, ""statistic"": 2.647557831051034, ""warning"": null}, {""bootstrap_seed"": 701100002, ""n_boot"": 499, ""n_effective_moments"": 48, ""p_value"": 0.016, ""statistic"": 3.542209262505749, ""warning"": null}, {""bootstrap_seed"": 701100004, ""n_boot"": 499, ""n_effective_moments"": 48, ""p_value"": 0.47, ""statistic"": 2.1378737670641943, ""warning"": null}, {""bootstrap_seed"": 701100006, ""n_boot"": 499, ""n_effective_moments"": 48, ""p_value"": 0.01, ""statistic"": 3.5714837178011947, ""warning"": null}]","[{""bootstrap_seed"": 701100001, ""n_boot"": 499, ""n_effective_moments"": 48, ""p_value"": 0.002, ""statistic"": 5.6103318853089785, ""warning"": null}, {""bootstrap_seed"": 701100003, ""n_boot"": 499, ""n_effective_moments"": 48, ""p_value"": 0.002, ""statistic"": 6.468059096455909, ""warning"": null}, {""bootstrap_seed"": 701100005, ""n_boot"": 499, ""n_effective_moments"": 48, ""p_value"": 0.002, ""statistic"": 6.926286731744003, ""warning"": null}, {""bootstrap_seed"": 701100007, ""n_boot"": 499, ""n_effective_moments"": 48, ""p_value"": 0.002, ""statistic"": 5.948643591810957, ""warning"": null}]",False,0.0125,[3],584.4210255710997,584.4210255710997,1133.6612840624043,"[253.50553300816043, 366.09625964273414, 1133.6612840624043]","[0.2517466648280372, 0.3025294447003193, 0.5323676558691381]","[0.9868469261259059, 1.1859154232252516, 2.0868812110070216]","[1.3948486834040712, 0.5271529666383399, 1.4247023360666595]","[0.9014252203411184, -0.06580474497428623, 0.3812617305631485]","[1.888272146467024, 1.120110678250966, 2.4681429415701706]",0.360080155952991,435.17464020521174,"[430.35532728229134, 500.92506150892433, 440.69726226490354, 368.72090976472776]",50.0,False,False,False,False,False,False
G2,S1_missing0.2_n4000,220000,701060000,220000,801060000,6122aeb,dhai.bme.e.uh.edu,17.7,ok,sieve3_sieve3,0.017402683754418946,0.03858803369186091,0.021257623263266984,0.0795871878365781,0.13159038816900226,0.0583754161149996,1.292165628484281,7.880013783093372,"[0.006, 0.478, 0.01, 0.012]","[0.002, 0.002, 0.002, 0.002]","[0.006, 0.478, 0.01, 0.012]","[{""bootstrap_seed"": 701110000, ""n_boot"": 499, ""n_effective_moments"": 48, ""p_value"": 0.006, ""statistic"": 4.195973918712094, ""warning"": null}, {""bootstrap_seed"": 701110002, ""n_boot"": 499, ""n_effective_moments"": 48, ""p_value"": 0.478, ""statistic"": 2.218714882477567, ""warning"": null}, {""bootstrap_seed"": 701110004, ""n_boot"": 499, ""n_effective_moments"": 48, ""p_value"": 0.01, ""statistic"": 3.802105754573256, ""warning"": null}, {""bootstrap_seed"": 701110006, ""n_boot"": 499, ""n_effective_moments"": 48, ""p_value"": 0.012, ""statistic"": 3.6102760591965612, ""warning"": null}]","[{""bootstrap_seed"": 701110001, ""n_boot"": 499, ""n_effective_moments"": 48, ""p_value"": 0.002, ""statistic"": 8.623764402269416, ""warning"": null}, {""bootstrap_seed"": 701110003, ""n_boot"": 499, ""n_effective_moments"": 48, ""p_value"": 0.002, ""statistic"": 12.357083238683249, ""warning"": null}, {""bootstrap_seed"": 701110005, ""n_boot"": 499, ""n_effective_moments"": 48, ""p_value"": 0.002, ""statistic"": 9.041940368222136, ""warning"": null}, {""bootstrap_seed"": 701110007, ""n_boot"": 499, ""n_effective_moments"": 48, ""p_value"": 0.002, ""statistic"": 8.659639183193876, ""warning"": null}]",False,0.0125,"[0, 2, 3]",73920.56696332626,73920.56696332626,85833.53451672207,"[51895.63112897027, 85833.53451672207, 84032.53524428644]","[3.6019311184755556, 4.632319465362953, 4.583463080583459]","[14.119569984424178, 18.158692304222775, 17.967175275887158]","[-3.279046369875836, -7.620994846111895, 11.592116002304609]","[-10.33883136208793, -16.700340998223282, 2.6085283643610335]","[3.7807386223362576, 1.4583513059994946, 20.575703640248186]",0.8918072870253607,373.85685952968817,"[353.118730930531, 447.1557053517155, 355.77035620900784, 339.38264562749833]",50.0,False,False,False,False,False,False
G2,S1_missing0.3_n4000,220000,701070000,220000,801070000,6122aeb,dhai.bme.e.uh.edu,18.3,ok,kernel_kernel,0.04672120225105761,0.11281104458324381,0.05944623097357109,0.34818378894352603,0.5319861844892817,0.46551778737086075,0.7148658129900262,0.271882412113636,"[0.002, 0.002, 0.002, 0.002]","[0.002, 0.002, 0.002, 0.002]","[0.002, 0.002, 0.002, 0.002]","[{""bootstrap_seed"": 701070000, ""n_boot"": 499, ""n_effective_moments"": 48, ""p_value"": 0.002, ""statistic"": 9.684116716426024, ""warning"": null}, {""bootstrap_seed"": 701070002, ""n_boot"": 499, ""n_effective_moments"": 48, ""p_value"": 0.002, ""statistic"": 12.39622631267942, ""warning"": null}, {""bootstrap_seed"": 701070004, ""n_boot"": 499, ""n_effective_moments"": 48, ""p_value"": 0.002, ""statistic"": 10.633229339699144, ""warning"": null}, {""bootstrap_seed"": 701070006, ""n_boot"": 499, ""n_effective_moments"": 48, ""p_value"": 0.002, ""statistic"": 10.347264043842134, ""warning"": null}]","[{""bootstrap_seed"": 701070001, ""n_boot"": 499, ""n_effective_moments"": 48, ""p_value"": 0.002, ""statistic"": 42.35827156504763, ""warning"": null}, {""bootstrap_seed"": 701070003, ""n_boot"": 499, ""n_effective_moments"": 48, ""p_value"": 0.002, ""statistic"": 29.746886963327256, ""warning"": null}, {""bootstrap_seed"": 701070005, ""n_boot"": 499, ""n_effective_moments"": 48, ""p_value"": 0.002, ""statistic"": 37.62580555316514, ""warning"": null}, {""bootstrap_seed"": 701070007, ""n_boot"": 499, ""n_effective_moments"": 48, ""p_value"": 0.002, ""statistic"": 42.6742666867844, ""warning"": null}]",False,0.0125,"[0, 1, 2, 3]",9.648376253930188,9.648376253930188,11.325614838210582,"[11.325614838210582, 9.329631660660425, 8.289882262919555]","[0.05321093599583309, 0.04829500921591284, 0.0455243952813202]","[0.20858686910366572, 0.18931643612637833, 0.1784556295027752]","[0.3834192520764626, 0.11775645621328476, 0.1689388136428784]","[0.2791258175246297, 0.02309823815009575, 0.07971099889149075]","[0.4877126866282955, 0.21241467427647376, 0.2581666283942661]",0.49792330748587843,997.7260781758246,"[878.8705188402544, 1133.9375696781005, 1027.6118867022824, 950.4843374826609]",2.385544776916504,False,False,False,False,False,True
G2,S1_missing0.3_n4000,220000,701070000,220000,801070000,6122aeb,dhai.bme.e.uh.edu,18.3,ok,kernel_sieve1,0.04672120225105761,0.11281104458324381,0.05944623097357109,0.02493481274996727,0.042752472541604816,0.06942691684851587,0.806278473116057,0.13212481940618864,"[0.002, 0.002, 0.002, 0.002]","[0.676, 0.002, 0.038, 0.004]","[0.676, 0.002, 0.038, 0.004]","[{""bootstrap_seed"": 701080000, ""n_boot"": 499, ""n_effective_moments"": 48, ""p_value"": 0.002, ""statistic"": 9.684116716426024, ""warning"": null}, {""bootstrap_seed"": 701080002, ""n_boot"": 499, ""n_effective_moments"": 48, ""p_value"": 0.002, ""statistic"": 12.39622631267942, ""warning"": null}, {""bootstrap_seed"": 701080004, ""n_boot"": 499, ""n_effective_moments"": 48, ""p_value"": 0.002, ""statistic"": 10.633229339699144, ""warning"": null}, {""bootstrap_seed"": 701080006, ""n_boot"": 499, ""n_effective_moments"": 48, ""p_value"": 0.002, ""statistic"": 10.347264043842134, ""warning"": null}]","[{""bootstrap_seed"": 701080001, ""n_boot"": 499, ""n_effective_moments"": 48, ""p_value"": 0.676, ""statistic"": 1.8054392657822913, ""warning"": null}, {""bootstrap_seed"": 701080003, ""n_boot"": 499, ""n_effective_moments"": 48, ""p_value"": 0.002, ""statistic"": 4.909947946725891, ""warning"": null}, {""bootstrap_seed"": 701080005, ""n_boot"": 499, ""n_effective_moments"": 48, ""p_value"": 0.038, ""statistic"": 3.0560520425842252, ""warning"": null}, {""bootstrap_seed"": 701080007, ""n_boot"": 499, ""n_effective_moments"": 48, ""p_value"": 0.004, ""statistic"": 3.932360272346245, ""warning"": null}]",False,0.0125,"[1, 3]",73.06827247836692,73.06827247836692,83.521155916252,"[83.521155916252, 65.56176113005395, 70.12190038879481]","[0.14450013487558758, 0.128025154881818, 0.13240270049058178]","[0.5664405287123033, 0.5018586071367266, 0.5190185859230806]","[0.7749833622245258, 0.19918905461600106, 0.09633053062989355]","[0.49176309786837397, -0.05174024895236168, -0.1631787623316469]","[1.0582036265806776, 0.4501183581843638, 0.355839823591434]",0.09286373738898063,643.3727069877015,"[625.082393341973, 705.2209476848566, 649.6586339694073, 593.5288529545692]",26.39985736075507,False,False,False,False,False,False
G2,S1_missing0.3_n4000,220000,701070000,220000,801070000,6122aeb,dhai.bme.e.uh.edu,18.3,ok,sieve1_kernel,0.008347568481634305,0.03704385467250286,0.0,0.34818378894352603,0.5319861844892817,0.46551778737086075,0.6021141133001229,0.09775465764602169,"[0.34, 0.002, 0.254, 0.004]","[0.002, 0.002, 0.002, 0.002]","[0.34, 0.002, 0.254, 0.004]","[{""bootstrap_seed"": 701090000, ""n_boot"": 499, ""n_effective_moments"": 48, ""p_value"": 0.34, ""statistic"": 2.3221121915615424, ""warning"": null}, {""bootstrap_seed"": 701090002, ""n_boot"": 499, ""n_effective_moments"": 48, ""p_value"": 0.002, ""statistic"": 4.558749298601309, ""warning"": null}, {""bootstrap_seed"": 701090004, ""n_boot"": 499, ""n_effective_moments"": 48, ""p_value"": 0.254, ""statistic"": 2.457822550405376, ""warning"": null}, {""bootstrap_seed"": 701090006, ""n_boot"": 499, ""n_effective_moments"": 48, ""p_value"": 0.004, ""statistic"": 3.821547468302529, ""warning"": null}]","[{""bootstrap_seed"": 701090001, ""n_boot"": 499, ""n_effective_moments"": 48, ""p_value"": 0.002, ""statistic"": 42.35827156504763, ""warning"": null}, {""bootstrap_seed"": 701090003, ""n_boot"": 499, ""n_effective_moments"": 48, ""p_value"": 0.002, ""statistic"": 29.746886963327256, ""warning"": null}, {""bootstrap_seed"": 701090005, ""n_boot"": 499, ""n_effective_moments"": 48, ""p_value"": 0.002, ""statistic"": 37.62580555316514, ""warning"": null}, {""bootstrap_seed"": 701090007, ""n_boot"": 499, ""n_effective_moments"": 48, ""p_value"": 0.002, ""statistic"": 42.6742666867844, ""warning"": null}]",False,0.0125,"[1, 3]",5.237424372319705,5.237424372319705,5.674830185830624,"[5.436633010174524, 5.674830185830624, 4.600809920953968]","[0.03686676352141087, 0.037665734380968284, 0.03391463519247247]","[0.1445177130039306, 0.14764967877339566, 0.13294536995449208]","[0.889583559266529, 0.23225405833577087, 0.07475523867162605]","[0.8173247027645637, 0.158429218949073, 0.008282553694380038]","[0.9618424157684943, 0.30607889772246877, 0.14122792364887204]",0.49792330748587843,997.7260781758246,"[878.8705188402544, 1133.9375696781005, 1027.6118867022824, 950.4843374826609]",2.385544776916504,False,True,False,False,False,False
G2,S1_missing0.3_n4000,220000,701070000,220000,801070000,6122aeb,dhai.bme.e.uh.edu,18.3,ok,sieve1_sieve1,0.008347568481634305,0.03704385467250286,0.0,0.02493481274996727,0.042752472541604816,0.06942691684851587,0.670561118504376,0.08925011765261016,"[0.36, 0.002, 0.252, 0.01]","[0.68, 0.002, 0.042, 0.004]","[0.68, 0.002, 0.252, 0.01]","[{""bootstrap_seed"": 701100000, ""n_boot"": 499, ""n_effective_moments"": 48, ""p_value"": 0.36, ""statistic"": 2.3221121915615424, ""warning"": null}, {""bootstrap_seed"": 701100002, ""n_boot"": 499, ""n_effective_moments"": 48, ""p_value"": 0.002, ""statistic"": 4.558749298601309, ""warning"": null}, {""bootstrap_seed"": 701100004, ""n_boot"": 499, ""n_effective_moments"": 48, ""p_value"": 0.252, ""statistic"": 2.457822550405376, ""warning"": null}, {""bootstrap_seed"": 701100006, ""n_boot"": 499, ""n_effective_moments"": 48, ""p_value"": 0.01, ""statistic"": 3.821547468302529, ""warning"": null}]","[{""bootstrap_seed"": 701100001, ""n_boot"": 499, ""n_effective_moments"": 48, ""p_value"": 0.68, ""statistic"": 1.8054392657822913, ""warning"": null}, {""bootstrap_seed"": 701100003, ""n_boot"": 499, ""n_effective_moments"": 48, ""p_value"": 0.002, ""statistic"": 4.909947946725891, ""warning"": null}, {""bootstrap_seed"": 701100005, ""n_boot"": 499, ""n_effective_moments"": 48, ""p_value"": 0.042, ""statistic"": 3.0560520425842252, ""warning"": null}, {""bootstrap_seed"": 701100007, ""n_boot"": 499, ""n_effective_moments"": 48, ""p_value"": 0.004, ""statistic"": 3.932360272346245, ""warning"": null}]",False,0.0125,"[1, 3]",37.89881793677103,37.89881793677103,38.51408625023179,"[38.04821239562353, 37.13415516445779, 38.51408625023179]","[0.09752975494127873, 0.09635112241751233, 0.09812503025506768]","[0.38231663936981264, 0.3776963998766483, 0.3846501185998653]","[0.8807434723951102, 0.21326234114026107, 0.05939324901548253]","[0.6895851527102042, 0.024414141201936967, -0.13293181028445034]","[1.0719017920800162, 0.4021105410785852, 0.25171830831541536]",0.09286373738898063,643.3727069877015,"[625.082393341973, 705.2209476848566, 649.6586339694073, 593.5288529545692]",26.39985736075507,True,False,False,True,True,False
G2,S1_missing0.3_n4000,220000,701070000,220000,801070000,6122aeb,dhai.bme.e.uh.edu,18.3,ok,sieve2_sieve2,0.016578911849725587,0.036059462297724214,0.019514893672357054,0.05464507198389609,0.0861215220674605,0.08432076082556679,0.9967847585707891,1.5910675079120882,"[0.074, 0.01, 0.018, 0.012]","[0.002, 0.002, 0.002, 0.002]","[0.074, 0.01, 0.018, 0.012]","[{""bootstrap_seed"": 701110000, ""n_boot"": 499, ""n_effective_moments"": 48, ""p_value"": 0.074, ""statistic"": 2.9542693854160693, ""warning"": null}, {""bootstrap_seed"": 701110002, ""n_boot"": 499, ""n_effective_moments"": 48, ""p_value"": 0.01, ""statistic"": 3.7964443273141577, ""warning"": null}, {""bootstrap_seed"": 701110004, ""n_boot"": 499, ""n_effective_moments"": 48, ""p_value"": 0.018, ""statistic"": 3.3689406378950353, ""warning"": null}, {""bootstrap_seed"": 701110006, ""n_boot"": 499, ""n_effective_moments"": 48, ""p_value"": 0.012, ""statistic"": 3.5907960114649726, ""warning"": null}]","[{""bootstrap_seed"": 701110001, ""n_boot"": 499, ""n_effective_moments"": 48, ""p_value"": 0.002, ""statistic"": 4.955679090139308, ""warning"": null}, {""bootstrap_seed"": 701110003, ""n_boot"": 499, ""n_effective_moments"": 48, ""p_value"": 0.002, ""statistic"": 7.5405061000834905, ""warning"": null}, {""bootstrap_seed"": 701110005, ""n_boot"": 499, ""n_effective_moments"": 48, ""p_value"": 0.002, ""statistic"": 6.11471777754635, ""warning"": null}, {""bootstrap_seed"": 701110007, ""n_boot"": 499, ""n_effective_moments"": 48, ""p_value"": 0.002, ""statistic"": 6.413780926549752, ""warning"": null}]",False,0.0125,"[1, 3]",9689.176593339085,9689.176593339085,12437.557974829971,"[12437.557974829971, 10816.695930087386, 5813.275875099899]","[1.7633461071801795, 1.644437284459899, 1.2055367969394277]","[6.912316740146303, 6.446194155082804, 4.725704244002556]","[1.4913928410723856, -2.94989565654481, -1.207752261316266]","[-1.9647655290007682, -6.172992734086215, -3.5706043833175443]","[4.947551211145539, 0.27320142099659517, 1.1550998606850122]",0.37553907882998483,425.4032083467007,"[414.2082952699325, 482.99830618770613, 419.7755900211095, 384.63064190805466]",50.0,False,False,False,False,False,False
G2,S1_missing0.3_n4000,220000,701070000,220000,801070000,6122aeb,dhai.bme.e.uh.edu,18.3,ok,sieve3_sieve3,0.01306468966489428,0.03451525522357217,0.042288497702811706,0.08579048703604969,0.13450918186904118,0.05010479980426273,31.909465018866264,4.03336261212504,"[0.004, 0.024, 0.118, 0.236]","[0.002, 0.002, 0.002, 0.002]","[0.004, 0.024, 0.118, 0.236]","[{""bootstrap_seed"": 701120000, ""n_boot"": 499, ""n_effective_moments"": 48, ""p_value"": 0.004, ""statistic"": 4.265403231330974, ""warning"": null}, {""bootstrap_seed"": 701120002, ""n_boot"": 499, ""n_effective_moments"": 48, ""p_value"": 0.024, ""statistic"": 3.291564736507942, ""warning"": null}, {""bootstrap_seed"": 701120004, ""n_boot"": 499, ""n_effective_moments"": 48, ""p_value"": 0.118, ""statistic"": 2.829298511285848, ""warning"": null}, {""bootstrap_seed"": 701120006, ""n_boot"": 499, ""n_effective_moments"": 48, ""p_value"": 0.236, ""statistic"": 2.5307752082963377, ""warning"": null}]","[{""bootstrap_seed"": 701120001, ""n_boot"": 499, ""n_effective_moments"": 48, ""p_value"": 0.002, ""statistic"": 8.565659091455535, ""warning"": null}, {""bootstrap_seed"": 701120003, ""n_boot"": 499, ""n_effective_moments"": 48, ""p_value"": 0.002, ""statistic"": 12.462394690043318, ""warning"": null}, {""bootstrap_seed"": 701120005, ""n_boot"": 499, ""n_effective_moments"": 48, ""p_value"": 0.002, ""statistic"": 8.851758043914526, ""warning"": null}, {""bootstrap_seed"": 701120007, ""n_boot"": 499, ""n_effective_moments"": 48, ""p_value"": 0.002, ""statistic"": 8.545831648314252, ""warning"": null}]",False,0.0125,[0],207926.57759214754,207926.57759214754,356076.2071020371,"[104039.05473518437, 356076.2071020371, 163664.47093922124]","[5.09997683169209, 9.434990820107313, 6.39657077931647]","[19.991909180232994, 36.98516401482067, 25.074557454920562]","[-1.6583115775149582, 8.886040093744976, 0.6798979299179885]","[-11.654266167631459, -9.606541913665337, -11.8573807975423]","[8.337643012601543, 27.378622101155287, 13.217176657378277]",0.8664827770979555,375.1166170855775,"[351.7901134557345, 448.71666405062007, 359.3412048238548, 340.6184860121004]",50.0,False,False,False,False,False,False
G2,S1_shift0.0_n4000,220000,701080000,220000,801080000,6122aeb,dhai.bme.e.uh.edu,21.4,ok,kernel_kernel,0.050561427679171246,0.12574639566475185,0.06000071313808446,0.31818895419712934,0.49060563382911015,0.4665163336183902,0.7087825532671254,0.27226842903839993,"[0.002, 0.002, 0.002, 0.002]","[0.002, 0.002, 0.002, 0.002]","[0.002, 0.002, 0.002, 0.002]","[{""bootstrap_seed"": 701080000, ""n_boot"": 499, ""n_effective_moments"": 48, ""p_value"": 0.002, ""statistic"": 11.130513329496265, ""warning"": null}, {""bootstrap_seed"": 701080002, ""n_boot"": 499, ""n_effective_moments"": 48, ""p_value"": 0.002, ""statistic"": 13.55890225630721, ""warning"": null}, {""bootstrap_seed"": 701080004, ""n_boot"": 499, ""n_effective_moments"": 48, ""p_value"": 0.002, ""statistic"": 11.514146230488796, ""warning"": null}, {""bootstrap_seed"": 701080006, ""n_boot"": 499, ""n_effective_moments"": 48, ""p_value"": 0.002, ""statistic"": 10.575702358630974, ""warning"": null}]","[{""bootstrap_seed"": 701080001, ""n_boot"": 499, ""n_effective_moments"": 48, ""p_value"": 0.002, ""statistic"": 43.092286896239976, ""warning"": null}, {""bootstrap_seed"": 701080003, ""n_boot"": 499, ""n_effective_moments"": 48, ""p_value"": 0.002, ""statistic"": 28.93316310286089, ""warning"": null}, {""bootstrap_seed"": 701080005, ""n_boot"": 499, ""n_effective_moments"": 48, ""p_value"": 0.002, ""statistic"": 40.9194628574502, ""warning"": null}, {""bootstrap_seed"": 701080007, ""n_boot"": 499, ""n_effective_moments"": 48, ""p_value"": 0.002, ""statistic"": 39.53144214209483, ""warning"": null}]",False,0.0125,"[0, 1, 2, 3]",9.649989141694446,9.649989141694446,11.315796094555257,"[11.315796094555257, 9.344534974333262, 8.28963635619482]","[0.053187865379603405, 0.04833356746178908, 0.045523720070406205]","[0.20849643228804535, 0.1894675844502132, 0.17845298267599233]","[0.3824994515190874, 0.11805410607757619, 0.16947471372408648]","[0.2782512353750646, 0.02332031385246966, 0.08024822238609035]","[0.4867476676631102, 0.21278789830268272, 0.2587012050620826]",0.4980163565501571,997.7893469457887,"[878.9169216244164, 1134.0923703955423, 1027.6353931435058, 950.51270261969]",2.4054713249206543,False,False,False,False,False,True
G2,S1_shift0.0_n4000,220000,701080000,220000,801080000,6122aeb,dhai.bme.e.uh.edu,21.4,ok,kernel_sieve1,0.050561427679171246,0.12574639566475185,0.06000071313808446,0.018802061742902346,0.03578071334719575,0.07256839924100973,0.8504530684560602,0.12228281620310122,"[0.002, 0.002, 0.002, 0.002]","[0.434, 0.03, 0.04, 0.004]","[0.434, 0.03, 0.04, 0.004]","[{""bootstrap_seed"": 701090000, ""n_boot"": 499, ""n_effective_moments"": 48, ""p_value"": 0.002, ""statistic"": 11.130513329496265, ""warning"": null}, {""bootstrap_seed"": 701090002, ""n_boot"": 499, ""n_effective_moments"": 48, ""p_value"": 0.002, ""statistic"": 13.55890225630721, ""warning"": null}, {""bootstrap_seed"": 701090004, ""n_boot"": 499, ""n_effective_moments"": 48, ""p_value"": 0.002, ""statistic"": 11.514146230488796, ""warning"": null}, {""bootstrap_seed"": 701090006, ""n_boot"": 499, ""n_effective_moments"": 48, ""p_value"": 0.002, ""statistic"": 10.575702358630974, ""warning"": null}]","[{""bootstrap_seed"": 701090001, ""n_boot"": 499, ""n_effective_moments"": 48, ""p_value"": 0.434, ""statistic"": 2.1683504319294142, ""warning"": null}, {""bootstrap_seed"": 701090003, ""n_boot"": 499, ""n_effective_moments"": 48, ""p_value"": 0.03, ""statistic"": 3.3492763521810507, ""warning"": null}, {""bootstrap_seed"": 701090005, ""n_boot"": 499, ""n_effective_moments"": 48, ""p_value"": 0.04, ""statistic"": 3.0957299452568945, ""warning"": null}, {""bootstrap_seed"": 701090007, ""n_boot"": 499, ""n_effective_moments"": 48, ""p_value"": 0.004, ""statistic"": 4.1238700662940415, ""warning"": null}]",False,0.0125,[3],70.31864802216614,70.31864802216614,78.59878061386583,"[78.59878061386583, 64.06041734256418, 68.29674611006843]","[0.14017737033296943, 0.12655079745162037, 0.1306682307506959]","[0.5494952917052401, 0.49607912601035187, 0.5122194645427279]","[0.939347167059211, 0.2569928227889717, 0.17336455768234582]","[0.6645995212065909, 0.00895325978379563, -0.08274517458901798]","[1.214094812911831, 0.5050323857941477, 0.4294742899537096]",0.06635415127385086,649.6951163906726,"[630.8647435594971, 694.507123269142, 661.7963628588543, 611.612235875197]",23.01049405572528,False,False,False,False,False,False
G2,S1_shift0.0_n4000,220000,701080000,220000,801080000,6122aeb,dhai.bme.e.uh.edu,21.4,ok,sieve1_kernel,0.00990128242220666,0.02976541707800554,0.006392143243454393,0.31818895419712934,0.49060563382911015,0.4665163336183902,0.5277014143518245,0.11495910678591566,"[0.366, 0.112, 0.58, 0.042]","[0.002, 0.002, 0.002, 0.002]","[0.366, 0.112, 0.58, 0.042]","[{""bootstrap_seed"": 701100000, ""n_boot"": 499, ""n_effective_moments"": 48, ""p_value"": 0.366, ""statistic"": 2.236719263504448, ""warning"": null}, {""bootstrap_seed"": 701100002, ""n_boot"": 499, ""n_effective_moments"": 48, ""p_value"": 0.112, ""statistic"": 2.829811582051419, ""warning"": null}, {""bootstrap_seed"": 701100004, ""n_boot"": 499, ""n_effective_moments"": 48, ""p_value"": 0.58, ""statistic"": 1.9574902101798628, ""warning"": null}, {""bootstrap_seed"": 701100006, ""n_boot"": 499, ""n_effective_moments"": 48, ""p_value"": 0.042, ""statistic"": 3.0749047716807083, ""warning"": null}]","[{""bootstrap_seed"": 701100001, ""n_boot"": 499, ""n_effective_moments"": 48, ""p_value"": 0.002, ""statistic"": 43.092286896239976, ""warning"": null}, {""bootstrap_seed"": 701100003, ""n_boot"": 499, ""n_effective_moments"": 48, ""p_value"": 0.002, ""statistic"": 28.93316310286089, ""warning"": null}, {""bootstrap_seed"": 701100005, ""n_boot"": 499, ""n_effective_moments"": 48, ""p_value"": 0.002, ""statistic"": 40.9194628574502, ""warning"": null}, {""bootstrap_seed"": 701100007, ""n_boot"": 499, ""n_effective_moments"": 48, ""p_value"": 0.002, ""statistic"": 39.53144214209483, ""warning"": null}]",True,0.0125,[],3.7454704632729343,3.7454704632729343,4.12276901143777,"[4.12276901143777, 3.8331810146866188, 3.2804613636944144]","[0.032104396160953445, 0.030956344320214147, 0.028637655995622333]","[0.1258492329509375, 0.12134886973523945, 0.11225961150283954]","[0.9554588243916238, 0.25150839807994874, 0.17298951147222494]","[0.8925342079161549, 0.19083396321232896, 0.11685970572080523]","[1.0183834408670926, 0.3121828329475685, 0.22911931722364465]",0.4980163565501571,997.7893469457887,"[878.9169216244164, 1134.0923703955423, 1027.6353931435058, 950.51270261969]",2.4054713249206543,False,True,True,False,False,False
G2,S1_shift0.0_n4000,220000,701080000,220000,801080000,6122aeb,dhai.bme.e.uh.edu,21.4,ok,sieve1_sieve1,0.00990128242220666,0.02976541707800554,0.006392143243454393,0.018802061742902346,0.03578071334719575,0.07256839924100973,0.5998767314861027,0.09329736499127378,"[0.39, 0.122, 0.598, 0.052]","[0.432, 0.026, 0.054, 0.002]","[0.432, 0.122, 0.598, 0.052]","[{""bootstrap_seed"": 701110000, ""n_boot"": 499, ""n_effective_moments"": 48, ""p_value"": 0.39, ""statistic"": 2.236719263504448, ""warning"": null}, {""bootstrap_seed"": 701110002, ""n_boot"": 499, ""n_effective_moments"": 48, ""p_value"": 0.122, ""statistic"": 2.829811582051419, ""warning"": null}, {""bootstrap_seed"": 701110004, ""n_boot"": 499, ""n_effective_moments"": 48, ""p_value"": 0.598, ""statistic"": 1.9574902101798628, ""warning"": null}, {""bootstrap_seed"": 701110006, ""n_boot"": 499, ""n_effective_moments"": 48, ""p_value"": 0.052, ""statistic"": 3.0749047716807083, ""warning"": null}]","[{""bootstrap_seed"": 701110001, ""n_boot"": 499, ""n_effective_moments"": 48, ""p_value"": 0.432, ""statistic"": 2.1683504319294142, ""warning"": null}, {""bootstrap_seed"": 701110003, ""n_boot"": 499, ""n_effective_moments"": 48, ""p_value"": 0.026, ""statistic"": 3.3492763521810507, ""warning"": null}, {""bootstrap_seed"": 701110005, ""n_boot"": 499, ""n_effective_moments"": 48, ""p_value"": 0.054, ""statistic"": 3.0957299452568945, ""warning"": null}, {""bootstrap_seed"": 701110007, ""n_boot"": 499, ""n_effective_moments"": 48, ""p_value"": 0.002, ""statistic"": 4.1238700662940415, ""warning"": null}]",True,0.0125,[],26.536571874993935,26.536571874993935,26.665111531518424,"[26.58351177662373, 26.361092316839645, 26.665111531518424]","[0.08152225428774607, 0.08118049691403663, 0.0816472772533145]","[0.31956723680796456, 0.3182275479030236, 0.3200573268329928]","[0.991542481942502, 0.2547271741410955, 0.14086916757803078]","[0.8317588635385197, 0.09561340018958364, -0.019159495838465684]","[1.1513261003464845, 0.4138409480926074, 0.30089783099452727]",0.06635415127385086,649.6951163906726,"[630.8647435594971, 694.507123269142, 661.7963628588543, 611.612235875197]",23.01049405572528,True,False,False,True,True,False
G2,S1_shift0.0_n4000,220000,701080000,220000,801080000,6122aeb,dhai.bme.e.uh.edu,21.4,ok,sieve2_sieve2,0.005754995351169244,0.014883672187378526,0.05114127757287874,0.042411150798582896,0.06655271747633501,0.07765663097495995,0.5762994763309066,0.14082579959611213,"[0.946, 0.638, 0.938, 0.892]","[0.002, 0.002, 0.002, 0.002]","[0.946, 0.638, 0.938, 0.892]","[{""bootstrap_seed"": 701120000, ""n_boot"": 499, ""n_effective_moments"": 48, ""p_value"": 0.946, ""statistic"": 1.3817616178420555, ""warning"": null}, {""bootstrap_seed"": 701120002, ""n_boot"": 499, ""n_effective_moments"": 48, ""p_value"": 0.638, ""statistic"": 1.8679486002387442, ""warning"": null}, {""bootstrap_seed"": 701120004, ""n_boot"": 499, ""n_effective_moments"": 48, ""p_value"": 0.938, ""statistic"": 1.3566053950180013, ""warning"": null}, {""bootstrap_seed"": 701120006, ""n_boot"": 499, ""n_effective_moments"": 48, ""p_value"": 0.892, ""statistic"": 1.4725535902989886, ""warning"": null}]","[{""bootstrap_seed"": 701120001, ""n_boot"": 499, ""n_effective_moments"": 48, ""p_value"": 0.002, ""statistic"": 4.964860703678275, ""warning"": null}, {""bootstrap_seed"": 701120003, ""n_boot"": 499, ""n_effective_moments"": 48, ""p_value"": 0.002, ""statistic"": 4.711110682383153, ""warning"": null}, {""bootstrap_seed"": 701120005, ""n_boot"": 499, ""n_effective_moments"": 48, ""p_value"": 0.002, ""statistic"": 5.7987252974866506, ""warning"": null}, {""bootstrap_seed"": 701120007, ""n_boot"": 499, ""n_effective_moments"": 48, ""p_value"": 0.002, ""statistic"": 6.110481296388613, ""warning"": null}]",True,0.0125,[],72.92576708914862,72.92576708914862,77.83790265512857,"[72.05446612279734, 77.83790265512857, 68.88493248951994]","[0.13421481487041337, 0.1394972245737604, 0.13122969603858717]","[0.5261220742920204, 0.5468291203291408, 0.5144204084712617]","[0.9367511444868639, 0.3674613388792973, 0.11592896919870593]","[0.6736901073408534, 0.09404677871472672, -0.14128123503692475]","[1.1998121816328744, 0.6408758990438679, 0.3731391734343366]",0.30404124708214303,428.82826437880954,"[433.35594559275336, 454.57884137331126, 436.95895836729215, 390.41931218188137]",50.0,False,False,False,False,False,False
G2,S1_shift0.0_n4000,220000,701080000,220000,801080000,6122aeb,dhai.bme.e.uh.edu,21.4,ok,sieve3_sieve3,0.015198174340339743,0.03071110545459602,0.0830000004739927,0.08164696464966206,0.12761527464270436,0.10976170343401512,7.436049409443122,3.3309407086761453,"[0.146, 0.028, 0.434, 0.344]","[0.002, 0.002, 0.002, 0.002]","[0.146, 0.028, 0.434, 0.344]","[{""bootstrap_seed"": 701130000, ""n_boot"": 499, ""n_effective_moments"": 48, ""p_value"": 0.146, ""statistic"": 2.6498543617888757, ""warning"": null}, {""bootstrap_seed"": 701130002, ""n_boot"": 499, ""n_effective_moments"": 48, ""p_value"": 0.028, ""statistic"": 3.2256179009543, ""warning"": null}, {""bootstrap_seed"": 701130004, ""n_boot"": 499, ""n_effective_moments"": 48, ""p_value"": 0.434, ""statistic"": 2.2042076679316462, ""warning"": null}, {""bootstrap_seed"": 701130006, ""n_boot"": 499, ""n_effective_moments"": 48, ""p_value"": 0.344, ""statistic"": 2.3580969667330063, ""warning"": null}]","[{""bootstrap_seed"": 701130001, ""n_boot"": 499, ""n_effective_moments"": 48, ""p_value"": 0.002, ""statistic"": 8.587783423020817, ""warning"": null}, {""bootstrap_seed"": 701130003, ""n_boot"": 499, ""n_effective_moments"": 48, ""p_value"": 0.002, ""statistic"": 12.301491891043069, ""warning"": null}, {""bootstrap_seed"": 701130005, ""n_boot"": 499, ""n_effective_moments"": 48, ""p_value"": 0.002, ""statistic"": 9.3066894612641, ""warning"": null}, {""bootstrap_seed"": 701130007, ""n_boot"": 499, ""n_effective_moments"": 48, ""p_value"": 0.002, ""statistic"": 9.701989640415302, ""warning"": null}]",True,0.0125,[],112531.3231467334,112531.3231467334,116451.12036804484,"[105240.91441021324, 115901.93466194214, 116451.12036804484]","[5.129349725116558, 5.382888041329258, 5.395626014839354]","[20.107050922456907, 21.10092112201069, 21.150853978170268]","[1.805084368566177, -1.0467828002312662, -8.01679319242819]","[-8.248441092662288, -11.597243361236604, -18.59222018151332]","[11.858609829794643, 9.503677760774071, 2.558633796656938]",0.9193645348504762,383.8611269630949,"[369.7957717459039, 454.1936206517499, 368.7856372462877, 342.6694782084381]",50.0,False,False,False,False,False,False
G2,S1_shift0.1_n4000,220000,701090000,220000,801090000,6122aeb,dhai.bme.e.uh.edu,20.3,ok,kernel_kernel,0.05329925080612169,0.11381575015798648,0.06002746512744911,0.3157644129689558,0.5258356953541814,0.4671173900780836,0.7127985673116062,0.27226816270866344,"[0.002, 0.002, 0.002, 0.002]","[0.002, 0.002, 0.002, 0.002]","[0.002, 0.002, 0.002, 0.002]","[{""bootstrap_seed"": 701090000, ""n_boot"": 499, ""n_effective_moments"": 48, ""p_value"": 0.002, ""statistic"": 10.979520063654991, ""warning"": null}, {""bootstrap_seed"": 701090002, ""n_boot"": 499, ""n_effective_moments"": 48, ""p_value"": 0.002, ""statistic"": 12.353203579762571, ""warning"": null}, {""bootstrap_seed"": 701090004, ""n_boot"": 499, ""n_effective_moments"": 48, ""p_value"": 0.002, ""statistic"": 12.039038993707907, ""warning"": null}, {""bootstrap_seed"": 701090006, ""n_boot"": 499, ""n_effective_moments"": 48, ""p_value"": 0.002, ""statistic"": 10.595351436806215, ""warning"": null}]","[{""bootstrap_seed"": 701090001, ""n_boot"": 499, ""n_effective_moments"": 48, ""p_value"": 0.002, ""statistic"": 42.96780559016902, ""warning"": null}, {""bootstrap_seed"": 701090003, ""n_boot"": 499, ""n_effective_moments"": 48, ""p_value"": 0.002, ""statistic"": 29.417780476152743, ""warning"": null}, {""bootstrap_seed"": 701090005, ""n_boot"": 499, ""n_effective_moments"": 48, ""p_value"": 0.002, ""statistic"": 36.366276666847455, ""warning"": null}, {""bootstrap_seed"": 701090007, ""n_boot"": 499, ""n_effective_moments"": 48, ""p_value"": 0.002, ""statistic"": 39.718075794892265, ""warning"": null}]",False,0.0125,"[0, 1, 2, 3]",9.649989113050625,9.649989113050625,11.315795551474125,"[11.315795551474125, 9.344533375417614, 8.289638412260139]","[0.05318786410327577, 0.048333563326682254, 0.04552372571599379]","[0.20849642728484102, 0.18946756824059444, 0.17845300480669565]","[0.3824994455499699, 0.11805327853010843, 0.16947308121829197]","[0.27825123190754936, 0.023319494409811237, 0.08024657881494413]","[0.48674765919239044, 0.21278706265040562, 0.2586995836216398]",0.49801635669916866,997.789347008237,"[878.9169216445815, 1134.092370443582, 1027.635393344648, 950.5127026001363]",2.4054713249206543,False,False,False,False,False,True
G2,S1_shift0.1_n4000,220000,701090000,220000,801090000,6122aeb,dhai.bme.e.uh.edu,20.3,ok,kernel_sieve1,0.05329925080612169,0.11381575015798648,0.06002746512744911,0.019630823704038028,0.041909208839356345,0.0726932717450078,0.8513261320511828,0.1222827521947607,"[0.002, 0.002, 0.002, 0.002]","[0.26, 0.002, 0.038, 0.016]","[0.26, 0.002, 0.038, 0.016]","[{""bootstrap_seed"": 701100000, ""n_boot"": 499, ""n_effective_moments"": 48, ""p_value"": 0.002, ""statistic"": 10.979520063654991, ""warning"": null}, {""bootstrap_seed"": 701100002, ""n_boot"": 499, ""n_effective_moments"": 48, ""p_value"": 0.002, ""statistic"": 12.353203579762571, ""warning"": null}, {""bootstrap_seed"": 701100004, ""n_boot"": 499, ""n_effective_moments"": 48, ""p_value"": 0.002, ""statistic"": 12.039038993707907, ""warning"": null}, {""bootstrap_seed"": 701100006, ""n_boot"": 499, ""n_effective_moments"": 48, ""p_value"": 0.002, ""statistic"": 10.595351436806215, ""warning"": null}]","[{""bootstrap_seed"": 701100001, ""n_boot"": 499, ""n_effective_moments"": 48, ""p_value"": 0.26, ""statistic"": 2.421105444112551, ""warning"": null}, {""bootstrap_seed"": 701100003, ""n_boot"": 499, ""n_effective_moments"": 48, ""p_value"": 0.002, ""statistic"": 4.695245474013834, ""warning"": null}, {""bootstrap_seed"": 701100005, ""n_boot"": 499, ""n_effective_moments"": 48, ""p_value"": 0.038, ""statistic"": 3.1051804706676376, ""warning"": null}, {""bootstrap_seed"": 701100007, ""n_boot"": 499, ""n_effective_moments"": 48, ""p_value"": 0.016, ""statistic"": 3.511508210728862, ""warning"": null}]",False,0.0125,[1],70.31864953554107,70.31864953554107,78.59877516967958,"[78.59877516967958, 64.06041637502761, 68.296757061916]","[0.14017736547823936, 0.12655079649594034, 0.13066824122746507]","[0.5494952726746983, 0.4960791222640861, 0.5122195056116631]","[0.9393475803123279, 0.2569926684989698, 0.17336493320044316]","[0.6645999439749783, 0.008953107366926782, -0.08274481960538876]","[1.2140952166496775, 0.5050322296310128, 0.4294746860062751]",0.06635415127385114,649.6951163906726,"[630.8647435594974, 694.5071232691419, 661.7963628588545, 611.6122358751968]",23.01049405572529,False,False,False,False,False,False
G2,S1_shift0.1_n4000,220000,701090000,220000,801090000,6122aeb,dhai.bme.e.uh.edu,20.3,ok,sieve1_kernel,0.0063044616830122205,0.024519269856712437,0.0063332596016822465,0.3157644129689558,0.5258356953541814,0.4671173900780836,0.527701414430292,0.11495910636088465,"[0.736, 0.168, 0.976, 0.84]","[0.002, 0.002, 0.002, 0.002]","[0.736, 0.168, 0.976, 0.84]","[{""bootstrap_seed"": 701110000, ""n_boot"": 499, ""n_effective_moments"": 48, ""p_value"": 0.736, ""statistic"": 1.8721807926369485, ""warning"": null}, {""bootstrap_seed"": 701110002, ""n_boot"": 499, ""n_effective_moments"": 48, ""p_value"": 0.168, ""statistic"": 2.7154641958918386, ""warning"": null}, {""bootstrap_seed"": 701110004, ""n_boot"": 499, ""n_effective_moments"": 48, ""p_value"": 0.976, ""statistic"": 1.297416020679939, ""warning"": null}, {""bootstrap_seed"": 701110006, ""n_boot"": 499, ""n_effective_moments"": 48, ""p_value"": 0.84, ""statistic"": 1.7288213316000405, ""warning"": null}]","[{""bootstrap_seed"": 701110001, ""n_boot"": 499, ""n_effective_moments"": 48, ""p_value"": 0.002, ""statistic"": 42.96780559016902, ""warning"": null}, {""bootstrap_seed"": 701110003, ""n_boot"": 499, ""n_effective_moments"": 48, ""p_value"": 0.002, ""statistic"": 29.417780476152743, ""warning"": null}, {""bootstrap_seed"": 701110005, ""n_boot"": 499, ""n_effective_moments"": 48, ""p_value"": 0.002, ""statistic"": 36.366276666847455, ""warning"": null}, {""bootstrap_seed"": 701110007, ""n_boot"": 499, ""n_effective_moments"": 48, ""p_value"": 0.002, ""statistic"": 39.718075794892265, ""warning"": null}]",True,0.0125,[],3.7454704582968983,3.7454704582968983,4.122769004806019,"[4.122769004806019, 3.8331810109450375, 3.2804613591396383]","[0.032104396135132406, 0.03095634430510585, 0.028637655975741267]","[0.12584923284971902, 0.12134886967601494, 0.11225961142490576]","[0.9554588241831502, 0.25150839659579094, 0.17298951147281616]","[0.8925342077582906, 0.1908339617577835, 0.11685970576036325]","[1.0183834406080097, 0.3121828314337984, 0.22911931718526907]",0.49801635669916866,997.789347008237,"[878.9169216445815, 1134.092370443582, 1027.635393344648, 950.5127026001363]",2.4054713249206543,False,True,True,False,False,False
G2,S1_shift0.1_n4000,220000,701090000,220000,801090000,6122aeb,dhai.bme.e.uh.edu,20.3,ok,sieve1_sieve1,0.0063044616830122205,0.024519269856712437,0.0063332596016822465,0.019630823704038028,0.041909208839356345,0.0726932717450078,0.5998767314861027,0.09329736499127382,"[0.7, 0.158, 0.984, 0.82]","[0.254, 0.002, 0.052, 0.018]","[0.7, 0.158, 0.984, 0.82]","[{""bootstrap_seed"": 701120000, ""n_boot"": 499, ""n_effective_moments"": 48, ""p_value"": 0.7, ""statistic"": 1.8721807926369485, ""warning"": null}, {""bootstrap_seed"": 701120002, ""n_boot"": 499, ""n_effective_moments"": 48, ""p_value"": 0.158, ""statistic"": 2.7154641958918386, ""warning"": null}, {""bootstrap_seed"": 701120004, ""n_boot"": 499, ""n_effective_moments"": 48, ""p_value"": 0.984, ""statistic"": 1.297416020679939, ""warning"": null}, {""bootstrap_seed"": 701120006, ""n_boot"": 499, ""n_effective_moments"": 48, ""p_value"": 0.82, ""statistic"": 1.7288213316000405, ""warning"": null}]","[{""bootstrap_seed"": 701120001, ""n_boot"": 499, ""n_effective_moments"": 48, ""p_value"": 0.254, ""statistic"": 2.421105444112551, ""warning"": null}, {""bootstrap_seed"": 701120003, ""n_boot"": 499, ""n_effective_moments"": 48, ""p_value"": 0.002, ""statistic"": 4.695245474013834, ""warning"": null}, {""bootstrap_seed"": 701120005, ""n_boot"": 499, ""n_effective_moments"": 48, ""p_value"": 0.052, ""statistic"": 3.1051804706676376, ""warning"": null}, {""bootstrap_seed"": 701120007, ""n_boot"": 499, ""n_effective_moments"": 48, ""p_value"": 0.018, ""statistic"": 3.511508210728862, ""warning"": null}]",True,0.0125,[],26.536571874993943,26.536571874993943,26.665111531518424,"[26.583511776623766, 26.36109231683965, 26.665111531518424]","[0.08152225428774612, 0.08118049691403664, 0.0816472772533145]","[0.3195672368079648, 0.31822754790302366, 0.3200573268329928]","[0.991542481942502, 0.25472717414109564, 0.14086916757803078]","[0.8317588635385196, 0.09561340018958372, -0.019159495838465712]","[1.1513261003464845, 0.4138409480926075, 0.30089783099452727]",0.06635415127385114,649.6951163906726,"[630.8647435594974, 694.5071232691419, 661.7963628588545, 611.6122358751968]",23.01049405572529,True,False,False,True,True,False
G2,S1_shift0.1_n4000,220000,701090000,220000,801090000,6122aeb,dhai.bme.e.uh.edu,20.3,ok,sieve2_sieve2,0.006399706672970204,0.016643900754634896,0.05117527590343624,0.04123124059279061,0.07237112078669146,0.07775891947807201,0.5762994763309066,0.14082579959611105,"[0.726, 0.704, 0.98, 0.92]","[0.002, 0.002, 0.002, 0.002]","[0.726, 0.704, 0.98, 0.92]","[{""bootstrap_seed"": 701130000, ""n_boot"": 499, ""n_effective_moments"": 48, ""p_value"": 0.726, ""statistic"": 1.8710069461777201, ""warning"": null}, {""bootstrap_seed"": 701130002, ""n_boot"": 499, ""n_effective_moments"": 48, ""p_value"": 0.704, ""statistic"": 1.8508409265121535, ""warning"": null}, {""bootstrap_seed"": 701130004, ""n_boot"": 499, ""n_effective_moments"": 48, ""p_value"": 0.98, ""statistic"": 1.2919402360937742, ""warning"": null}, {""bootstrap_seed"": 701130006, ""n_boot"": 499, ""n_effective_moments"": 48, ""p_value"": 0.92, ""statistic"": 1.478430914317263, ""warning"": null}]","[{""bootstrap_seed"": 701130001, ""n_boot"": 499, ""n_effective_moments"": 48, ""p_value"": 0.002, ""statistic"": 4.933767559184428, ""warning"": null}, {""bootstrap_seed"": 701130003, ""n_boot"": 499, ""n_effective_moments"": 48, ""p_value"": 0.002, ""statistic"": 4.996822577328191, ""warning"": null}, {""bootstrap_seed"": 701130005, ""n_boot"": 499, ""n_effective_moments"": 48, ""p_value"": 0.002, ""statistic"": 5.289459533989059, ""warning"": null}, {""bootstrap_seed"": 701130007, ""n_boot"": 499, ""n_effective_moments"": 48, ""p_value"": 0.002, ""statistic"": 5.30129691075917, ""warning"": null}]",True,0.0125,[],72.92576708914926,72.92576708914926,77.83790265512918,"[72.05446612279806, 77.83790265512918, 68.88493248952057]","[0.13421481487041403, 0.13949722457376096, 0.13122969603858778]","[0.526122074292023, 0.546829120329143, 0.5144204084712641]","[0.9367511444868576, 0.3674613388792908, 0.1159289691987029]","[0.673690107340846, 0.09404677871471911, -0.1412812350369292]","[1.1998121816328693, 0.6408758990438624, 0.37313917343433495]",0.3040412470821433,428.82826437881016,"[433.3559455927524, 454.5788413733149, 436.9589583672931, 390.41931218188006]",50.0,False,False,False,False,False,False
G2,S1_shift0.1_n4000,220000,701090000,220000,801090000,6122aeb,dhai.bme.e.uh.edu,20.3,ok,sieve3_sieve3,0.01485241811105101,0.029757394662898572,0.08307912399341283,0.07931702990583675,0.13831927756547113,0.10992620625401525,7.436049450988357,3.3309407092095733,"[0.484, 0.064, 0.264, 0.06]","[0.002, 0.002, 0.002, 0.002]","[0.484, 0.064, 0.264, 0.06]","[{""bootstrap_seed"": 701140000, ""n_boot"": 499, ""n_effective_moments"": 48, ""p_value"": 0.484, ""statistic"": 2.1949755101472284, ""warning"": null}, {""bootstrap_seed"": 701140002, ""n_boot"": 499, ""n_effective_moments"": 48, ""p_value"": 0.064, ""statistic"": 3.0947492481075707, ""warning"": null}, {""bootstrap_seed"": 701140004, ""n_boot"": 499, ""n_effective_moments"": 48, ""p_value"": 0.264, ""statistic"": 2.5174344335593877, ""warning"": null}, {""bootstrap_seed"": 701140006, ""n_boot"": 499, ""n_effective_moments"": 48, ""p_value"": 0.06, ""statistic"": 3.0336923956069377, ""warning"": null}]","[{""bootstrap_seed"": 701140001, ""n_boot"": 499, ""n_effective_moments"": 48, ""p_value"": 0.002, ""statistic"": 8.77305161523735, ""warning"": null}, {""bootstrap_seed"": 701140003, ""n_boot"": 499, ""n_effective_moments"": 48, ""p_value"": 0.002, ""statistic"": 12.594245465605464, ""warning"": null}, {""bootstrap_seed"": 701140005, ""n_boot"": 499, ""n_effective_moments"": 48, ""p_value"": 0.002, ""statistic"": 9.277797286918934, ""warning"": null}, {""bootstrap_seed"": 701140007, ""n_boot"": 499, ""n_effective_moments"": 48, ""p_value"": 0.002, ""statistic"": 8.763400886360344, ""warning"": null}]",True,0.0125,[],112531.32319177127,112531.32319177127,116451.12045397541,"[105240.91443510864, 115901.93468622975, 116451.12045397541]","[5.129349725723248, 5.382888041893258, 5.3956260168301]","[20.107050924835132, 21.10092112422157, 21.150853985973992]","[1.8050843680532433, -1.0467828018230056, -8.016793192949669]","[-8.248441094364319, -11.597243363933774, -18.59222018593666]","[11.858609830470806, 9.503677760287765, 2.5586338000373257]",0.9193645348503857,383.86112696309607,"[369.79577174588934, 454.1936206517672, 368.78563724629777, 342.66947820843]",50.0,False,False,False,False,False,False
G2,S1_shift0.2_n4000,220000,701100000,220000,801100000,6122aeb,dhai.bme.e.uh.edu,21.0,ok,kernel_kernel,0.05273478681382509,0.11012851791513759,0.060012572665544994,0.3077138852085968,0.45495887142217123,0.4680271793678259,0.7087931608667466,0.2722684279229342,"[0.002, 0.002, 0.002, 0.002]","[0.002, 0.002, 0.002, 0.002]","[0.002, 0.002, 0.002, 0.002]","[{""bootstrap_seed"": 701100000, ""n_boot"": 499, ""n_effective_moments"": 48, ""p_value"": 0.002, ""statistic"": 11.703012126195727, ""warning"": null}, {""bootstrap_seed"": 701100002, ""n_boot"": 499, ""n_effective_moments"": 48, ""p_value"": 0.002, ""statistic"": 13.111038222603133, ""warning"": null}, {""bootstrap_seed"": 701100004, ""n_boot"": 499, ""n_effective_moments"": 48, ""p_value"": 0.002, ""statistic"": 13.001764940118234, ""warning"": null}, {""bootstrap_seed"": 701100006, ""n_boot"": 499, ""n_effective_moments"": 48, ""p_value"": 0.002, ""statistic"": 10.256432705457401, ""warning"": null}]","[{""bootstrap_seed"": 701100001, ""n_boot"": 499, ""n_effective_moments"": 48, ""p_value"": 0.002, ""statistic"": 42.6657227756286, ""warning"": null}, {""bootstrap_seed"": 701100003, ""n_boot"": 499, ""n_effective_moments"": 48, ""p_value"": 0.002, ""statistic"": 31.49084632781854, ""warning"": null}, {""bootstrap_seed"": 701100005, ""n_boot"": 499, ""n_effective_moments"": 48, ""p_value"": 0.002, ""statistic"": 34.084398818085454, ""warning"": null}, {""bootstrap_seed"": 701100007, ""n_boot"": 499, ""n_effective_moments"": 48, ""p_value"": 0.002, ""statistic"": 41.30022779179529, ""warning"": null}]",False,0.0125,"[0, 1, 2, 3]",9.649989109714246,9.649989109714246,11.315796048190744,"[11.315796048190744, 9.344534954804203, 8.289636326147791]","[0.05318786527063937, 0.04833356741128313, 0.04552371998790244]","[0.20849643186090633, 0.18946758425222987, 0.17845298235257756]","[0.38249945230827426, 0.11805410806678299, 0.169474713156083]","[0.2782512363778209, 0.023320315940667996, 0.08024822197979421]","[0.4867476682387276, 0.21278790019289798, 0.2587012043323718]",0.49801635701954367,997.7893470885449,"[878.916921784108, 1134.0923707741133, 1027.6353930686482, 950.5127027273103]",2.4054713249206543,False,False,False,False,False,True
G2,S1_shift0.2_n4000,220000,701100000,220000,801100000,6122aeb,dhai.bme.e.uh.edu,21.0,ok,kernel_sieve1,0.05273478681382509,0.11012851791513759,0.060012572665544994,0.01814311771324751,0.03582100581890567,0.0728824748080114,0.8504535539879796,0.12228281616306887,"[0.002, 0.002, 0.002, 0.002]","[0.346, 0.002, 0.168, 0.028]","[0.346, 0.002, 0.168, 0.028]","[{""bootstrap_seed"": 701110000, ""n_boot"": 499, ""n_effective_moments"": 48, ""p_value"": 0.002, ""statistic"": 11.703012126195727, ""warning"": null}, {""bootstrap_seed"": 701110002, ""n_boot"": 499, ""n_effective_moments"": 48, ""p_value"": 0.002, ""statistic"": 13.111038222603133, ""warning"": null}, {""bootstrap_seed"": 701110004, ""n_boot"": 499, ""n_effective_moments"": 48, ""p_value"": 0.002, ""statistic"": 13.001764940118234, ""warning"": null}, {""bootstrap_seed"": 701110006, ""n_boot"": 499, ""n_effective_moments"": 48, ""p_value"": 0.002, ""statistic"": 10.256432705457401, ""warning"": null}]","[{""bootstrap_seed"": 701110001, ""n_boot"": 499, ""n_effective_moments"": 48, ""p_value"": 0.346, ""statistic"": 2.2945394951145777, ""warning"": null}, {""bootstrap_seed"": 701110003, ""n_boot"": 499, ""n_effective_moments"": 48, ""p_value"": 0.002, ""statistic"": 4.3988299488209215, ""warning"": null}, {""bootstrap_seed"": 701110005, ""n_boot"": 499, ""n_effective_moments"": 48, ""p_value"": 0.168, ""statistic"": 2.6106482181998643, ""warning"": null}, {""bootstrap_seed"": 701110007, ""n_boot"": 499, ""n_effective_moments"": 48, ""p_value"": 0.028, ""statistic"": 3.1820320382033573, ""warning"": null}]",False,0.0125,[1],70.31864812229723,70.31864812229723,78.59878072333002,"[78.59878072333002, 64.06041744840918, 68.29674619515247]","[0.14017737043058165, 0.1265507975561683, 0.1306682308320891]","[0.5494952920878801, 0.4960791264201797, 0.5122194648617893]","[0.9393471674040423, 0.25699282258115513, 0.17336455811489676]","[0.6645995213601026, 0.008953259371065336, -0.08274517431599782]","[1.214094813447982, 0.5050323857912449, 0.42947429054579134]",0.06635415127385103,649.6951163906728,"[630.8647435594975, 694.5071232691417, 661.7963628588544, 611.6122358751971]",23.010494055725275,False,False,False,False,False,False
G2,S1_shift0.2_n4000,220000,701100000,220000,801100000,6122aeb,dhai.bme.e.uh.edu,21.0,ok,sieve1_kernel,0.008255514351514249,0.027911140427924218,0.006366107628314325,0.3077138852085968,0.45495887142217123,0.4680271793678259,0.5234571305173511,0.11495910612004052,"[0.558, 0.038, 0.148, 0.882]","[0.002, 0.002, 0.002, 0.002]","[0.558, 0.038, 0.148, 0.882]","[{""bootstrap_seed"": 701120000, ""n_boot"": 499, ""n_effective_moments"": 48, ""p_value"": 0.558, ""statistic"": 2.0684766248152826, ""warning"": null}, {""bootstrap_seed"": 701120002, ""n_boot"": 499, ""n_effective_moments"": 48, ""p_value"": 0.038, ""statistic"": 3.208074641825202, ""warning"": null}, {""bootstrap_seed"": 701120004, ""n_boot"": 499, ""n_effective_moments"": 48, ""p_value"": 0.148, ""statistic"": 2.7402256400241636, ""warning"": null}, {""bootstrap_seed"": 701120006, ""n_boot"": 499, ""n_effective_moments"": 48, ""p_value"": 0.882, ""statistic"": 1.5906112378515767, ""warning"": null}]","[{""bootstrap_seed"": 701120001, ""n_boot"": 499, ""n_effective_moments"": 48, ""p_value"": 0.002, ""statistic"": 42.6657227756286, ""warning"": null}, {""bootstrap_seed"": 701120003, ""n_boot"": 499, ""n_effective_moments"": 48, ""p_value"": 0.002, ""statistic"": 31.49084632781854, ""warning"": null}, {""bootstrap_seed"": 701120005, ""n_boot"": 499, ""n_effective_moments"": 48, ""p_value"": 0.002, ""statistic"": 34.084398818085454, ""warning"": null}, {""bootstrap_seed"": 701120007, ""n_boot"": 499, ""n_effective_moments"": 48, ""p_value"": 0.002, ""statistic"": 41.30022779179529, ""warning"": null}]",True,0.0125,[],3.7454704577912135,3.7454704577912135,4.122769001959894,"[4.122769001959894, 3.833181020126304, 3.280461351287442]","[0.03210439612405089, 0.030956344342179296, 0.028637655941467353]","[0.12584923280627947, 0.12134886982134284, 0.11225961129055202]","[0.955458825332732, 0.25150839708199585, 0.17298951141366065]","[0.8925342089295922, 0.1908339621713245, 0.11685970576838463]","[1.0183834417358717, 0.31218283199266716, 0.22911931705893668]",0.49801635701954367,997.7893470885449,"[878.916921784108, 1134.0923707741133, 1027.6353930686482, 950.5127027273103]",2.4054713249206543,False,True,True,False,False,False
G2,S1_shift0.2_n4000,220000,701100000,220000,801100000,6122aeb,dhai.bme.e.uh.edu,21.0,ok,sieve1_sieve1,0.008255514351514249,0.027911140427924218,0.006366107628314325,0.01814311771324751,0.03582100581890567,0.0728824748080114,0.5998767314861027,0.09329736499127385,"[0.552, 0.046, 0.152, 0.86]","[0.352, 0.002, 0.174, 0.05]","[0.552, 0.046, 0.174, 0.86]","[{""bootstrap_seed"": 701130000, ""n_boot"": 499, ""n_effective_moments"": 48, ""p_value"": 0.552, ""statistic"": 2.0684766248152826, ""warning"": null}, {""bootstrap_seed"": 701130002, ""n_boot"": 499, ""n_effective_moments"": 48, ""p_value"": 0.046, ""statistic"": 3.208074641825202, ""warning"": null}, {""bootstrap_seed"": 701130004, ""n_boot"": 499, ""n_effective_moments"": 48, ""p_value"": 0.152, ""statistic"": 2.7402256400241636, ""warning"": null}, {""bootstrap_seed"": 701130006, ""n_boot"": 499, ""n_effective_moments"": 48, ""p_value"": 0.86, ""statistic"": 1.5906112378515767, ""warning"": null}]","[{""bootstrap_seed"": 701130001, ""n_boot"": 499, ""n_effective_moments"": 48, ""p_value"": 0.352, ""statistic"": 2.2945394951145777, ""warning"": null}, {""bootstrap_seed"": 701130003, ""n_boot"": 499, ""n_effective_moments"": 48, ""p_value"": 0.002, ""statistic"": 4.3988299488209215, ""warning"": null}, {""bootstrap_seed"": 701130005, ""n_boot"": 499, ""n_effective_moments"": 48, ""p_value"": 0.174, ""statistic"": 2.6106482181998643, ""warning"": null}, {""bootstrap_seed"": 701130007, ""n_boot"": 499, ""n_effective_moments"": 48, ""p_value"": 0.05, ""statistic"": 3.1820320382033573, ""warning"": null}]",True,0.0125,[],26.53657187499393,26.53657187499393,26.66511153151841,"[26.58351177662373, 26.36109231683965, 26.66511153151841]","[0.08152225428774607, 0.08118049691403664, 0.08164727725331447]","[0.31956723680796456, 0.31822754790302366, 0.3200573268329927]","[0.9915424819425019, 0.2547271741410955, 0.1408691675780309]","[0.8317588635385196, 0.09561340018958361, -0.019159495838465573]","[1.1513261003464843, 0.4138409480926074, 0.3008978309945274]",0.06635415127385103,649.6951163906728,"[630.8647435594975, 694.5071232691417, 661.7963628588544, 611.6122358751971]",23.010494055725275,True,False,False,True,True,False
G2,S1_shift0.2_n4000,220000,701100000,220000,801100000,6122aeb,dhai.bme.e.uh.edu,21.0,ok,sieve2_sieve2,0.006351353438592731,0.015114700089765436,0.051156363068090946,0.04055760325944659,0.06395241015482009,0.07791348341038906,0.5762994763309066,0.140825799596116,"[0.546, 0.876, 0.998, 0.862]","[0.002, 0.002, 0.002, 0.002]","[0.546, 0.876, 0.998, 0.862]","[{""bootstrap_seed"": 701140000, ""n_boot"": 499, ""n_effective_moments"": 48, ""p_value"": 0.546, ""statistic"": 2.013171741109838, ""warning"": null}, {""bootstrap_seed"": 701140002, ""n_boot"": 499, ""n_effective_moments"": 48, ""p_value"": 0.876, ""statistic"": 1.6026997730630657, ""warning"": null}, {""bootstrap_seed"": 701140004, ""n_boot"": 499, ""n_effective_moments"": 48, ""p_value"": 0.998, ""statistic"": 1.016243623534513, ""warning"": null}, {""bootstrap_seed"": 701140006, ""n_boot"": 499, ""n_effective_moments"": 48, ""p_value"": 0.862, ""statistic"": 1.570384793433736, ""warning"": null}]","[{""bootstrap_seed"": 701140001, ""n_boot"": 499, ""n_effective_moments"": 48, ""p_value"": 0.002, ""statistic"": 4.72004993445017, ""warning"": null}, {""bootstrap_seed"": 701140003, ""n_boot"": 499, ""n_effective_moments"": 48, ""p_value"": 0.002, ""statistic"": 5.023077315759024, ""warning"": null}, {""bootstrap_seed"": 701140005, ""n_boot"": 499, ""n_effective_moments"": 48, ""p_value"": 0.002, ""statistic"": 5.465829336655494, ""warning"": null}, {""bootstrap_seed"": 701140007, ""n_boot"": 499, ""n_effective_moments"": 48, ""p_value"": 0.002, ""statistic"": 5.103318629538446, ""warning"": null}]",True,0.0125,[],72.9257670891494,72.9257670891494,77.83790265512826,"[72.05446612279978, 77.83790265512826, 68.88493248952017]","[0.13421481487041564, 0.13949722457376013, 0.13122969603858742]","[0.5261220742920293, 0.5468291203291397, 0.5144204084712627]","[0.9367511444868503, 0.3674613388792932, 0.11592896919870795]","[0.6736901073408355, 0.09404677871472311, -0.14128123503692325]","[1.199812181632865, 0.6408758990438633, 0.3731391734343391]",0.3040412470821482,428.8282643788068,"[433.3559455927542, 454.57884137329995, 436.95895836729306, 390.4193121818801]",50.0,False,False,False,False,False,False
G2,S1_shift0.2_n4000,220000,701100000,220000,801100000,6122aeb,dhai.bme.e.uh.edu,21.0,ok,sieve3_sieve3,0.01458953930239383,0.02935131490852254,0.08303509994986721,0.07709505067013245,0.11870640195021198,0.11017543008751528,7.436049412900836,3.3309407086673857,"[0.292, 0.026, 0.114, 0.528]","[0.002, 0.002, 0.002, 0.002]","[0.292, 0.026, 0.114, 0.528]","[{""bootstrap_seed"": 701150000, ""n_boot"": 499, ""n_effective_moments"": 48, ""p_value"": 0.292, ""statistic"": 2.445234156656975, ""warning"": null}, {""bootstrap_seed"": 701150002, ""n_boot"": 499, ""n_effective_moments"": 48, ""p_value"": 0.026, ""statistic"": 3.38247647212309, ""warning"": null}, {""bootstrap_seed"": 701150004, ""n_boot"": 499, ""n_effective_moments"": 48, ""p_value"": 0.114, ""statistic"": 2.911270710382088, ""warning"": null}, {""bootstrap_seed"": 701150006, ""n_boot"": 499, ""n_effective_moments"": 48, ""p_value"": 0.528, ""statistic"": 2.0918338496658566, ""warning"": null}]","[{""bootstrap_seed"": 701150001, ""n_boot"": 499, ""n_effective_moments"": 48, ""p_value"": 0.002, ""statistic"": 7.994590317430269, ""warning"": null}, {""bootstrap_seed"": 701150003, ""n_boot"": 499, ""n_effective_moments"": 48, ""p_value"": 0.002, ""statistic"": 12.034841869440067, ""warning"": null}, {""bootstrap_seed"": 701150005, ""n_boot"": 499, ""n_effective_moments"": 48, ""p_value"": 0.002, ""statistic"": 9.14279040469303, ""warning"": null}, {""bootstrap_seed"": 701150007, ""n_boot"": 499, ""n_effective_moments"": 48, ""p_value"": 0.002, ""statistic"": 8.489835250358569, ""warning"": null}]",True,0.0125,[],112531.32317131241,112531.32317131241,116451.12042767042,"[105240.91441121614, 115901.93467505065, 116451.12042767042]","[5.129349725140998, 5.38288804163366, 5.395626016220695]","[20.107050922552713, 21.10092112320395, 21.150853983585126]","[1.805084368449091, -1.046782799594962, -8.016793193155301]","[-8.248441092827264, -11.597243361196954, -18.59222018494787]","[11.858609829725445, 9.503677762007031, 2.558633798637267]",0.9193645348505486,383.86112696309516,"[369.7957717459004, 454.19362065176387, 368.7856372462672, 342.66947820844916]",50.0,False,False,False,False,False,False
G2,S1_shift0.3_n4000,220000,701110000,220000,801110000,6122aeb,dhai.bme.e.uh.edu,26.1,ok,kernel_kernel,0.04752543085383071,0.11910013095392084,0.05995202941831318,0.32815119756808087,0.5193662251346932,0.4667412223669356,0.7115693121739483,0.27226842840609655,"[0.002, 0.002, 0.002, 0.002]","[0.002, 0.002, 0.002, 0.002]","[0.002, 0.002, 0.002, 0.002]","[{""bootstrap_seed"": 701110000, ""n_boot"": 499, ""n_effective_moments"": 48, ""p_value"": 0.002, ""statistic"": 10.16396717515406, ""warning"": null}, {""bootstrap_seed"": 701110002, ""n_boot"": 499, ""n_effective_moments"": 48, ""p_value"": 0.002, ""statistic"": 15.158667640877443, ""warning"": null}, {""bootstrap_seed"": 701110004, ""n_boot"": 499, ""n_effective_moments"": 48, ""p_value"": 0.002, ""statistic"": 11.16903001126417, ""warning"": null}, {""bootstrap_seed"": 701110006, ""n_boot"": 499, ""n_effective_moments"": 48, ""p_value"": 0.002, ""statistic"": 9.050817929177951, ""warning"": null}]","[{""bootstrap_seed"": 701110001, ""n_boot"": 499, ""n_effective_moments"": 48, ""p_value"": 0.002, ""statistic"": 42.37960466721377, ""warning"": null}, {""bootstrap_seed"": 701110003, ""n_boot"": 499, ""n_effective_moments"": 48, ""p_value"": 0.002, ""statistic"": 30.619934203158394, ""warning"": null}, {""bootstrap_seed"": 701110005, ""n_boot"": 499, ""n_effective_moments"": 48, ""p_value"": 0.002, ""statistic"": 38.14124778040408, ""warning"": null}, {""bootstrap_seed"": 701110007, ""n_boot"": 499, ""n_effective_moments"": 48, ""p_value"": 0.002, ""statistic"": 41.23878854700716, ""warning"": null}]",False,0.0125,"[0, 1, 2, 3]",9.64998910047097,9.64998910047097,11.315796038869898,"[11.315796038869898, 9.344534954933417, 8.289636307609596]","[0.053187865248733895, 0.048333567411617304, 0.04552371993699987]","[0.20849643177503688, 0.18946758425353982, 0.17845298215303948]","[0.3824994522727901, 0.1180541069078551, 0.16947471341115788]","[0.2782512363852717, 0.023320314781085122, 0.0802482223346382]","[0.48674766816030846, 0.21278789903462508, 0.2587012044876776]",0.49801635735481975,997.789347067418,"[878.9169217565633, 1134.092370895949, 1027.6353929629315, 950.5127026542287]",2.4054713249206543,False,False,False,False,False,True
G2,S1_shift0.3_n4000,220000,701110000,220000,801110000,6122aeb,dhai.bme.e.uh.edu,26.1,ok,kernel_sieve1,0.04752543085383071,0.11910013095392084,0.05995202941831318,0.020257410851175,0.03994959042441912,0.07261510908579881,0.8526547069831677,0.12228281603828679,"[0.002, 0.002, 0.002, 0.002]","[0.126, 0.004, 0.042, 0.002]","[0.126, 0.004, 0.042, 0.002]","[{""bootstrap_seed"": 701120000, ""n_boot"": 499, ""n_effective_moments"": 48, ""p_value"": 0.002, ""statistic"": 10.16396717515406, ""warning"": null}, {""bootstrap_seed"": 701120002, ""n_boot"": 499, ""n_effective_moments"": 48, ""p_value"": 0.002, ""statistic"": 15.158667640877443, ""warning"": null}, {""bootstrap_seed"": 701120004, ""n_boot"": 499, ""n_effective_moments"": 48, ""p_value"": 0.002, ""statistic"": 11.16903001126417, ""warning"": null}, {""bootstrap_seed"": 701120006, ""n_boot"": 499, ""n_effective_moments"": 48, ""p_value"": 0.002, ""statistic"": 9.050817929177951, ""warning"": null}]","[{""bootstrap_seed"": 701120001, ""n_boot"": 499, ""n_effective_moments"": 48, ""p_value"": 0.126, ""statistic"": 2.781503200638685, ""warning"": null}, {""bootstrap_seed"": 701120003, ""n_boot"": 499, ""n_effective_moments"": 48, ""p_value"": 0.004, ""statistic"": 3.97757527073485, ""warning"": null}, {""bootstrap_seed"": 701120005, ""n_boot"": 499, ""n_effective_moments"": 48, ""p_value"": 0.042, ""statistic"": 3.1625787704045836, ""warning"": null}, {""bootstrap_seed"": 701120007, ""n_boot"": 499, ""n_effective_moments"": 48, ""p_value"": 0.002, ""statistic"": 4.439758661328815, ""warning"": null}]",False,0.0125,"[1, 3]",70.318648168196,70.318648168196,78.5987807355119,"[78.5987807355119, 64.06041753195045, 68.29674623712569]","[0.14017737044144454, 0.12655079763868585, 0.13066823087224155]","[0.5494952921304626, 0.4960791267436485, 0.5122194650191869]","[0.9393471670827239, 0.25699282253210004, 0.17336455746828722]","[0.6645995210174925, 0.008953259160276061, -0.08274517504130635]","[1.2140948131479554, 0.5050323859039241, 0.4294742899778808]",0.06635415127385086,649.6951163906726,"[630.8647435594972, 694.5071232691416, 661.7963628588544, 611.612235875197]",23.01049405572528,False,False,False,False,False,False
G2,S1_shift0.3_n4000,220000,701110000,220000,801110000,6122aeb,dhai.bme.e.uh.edu,26.1,ok,sieve1_kernel,0.0061270680115237414,0.02186216822708409,0.006497542165826996,0.32815119756808087,0.5193662251346932,0.4667412223669356,0.5277014170824835,0.1149591060623301,"[0.712, 0.564, 0.684, 0.778]","[0.002, 0.002, 0.002, 0.002]","[0.712, 0.564, 0.684, 0.778]","[{""bootstrap_seed"": 701130000, ""n_boot"": 499, ""n_effective_moments"": 48, ""p_value"": 0.712, ""statistic"": 1.789134989485382, ""warning"": null}, {""bootstrap_seed"": 701130002, ""n_boot"": 499, ""n_effective_moments"": 48, ""p_value"": 0.564, ""statistic"": 2.049413557548446, ""warning"": null}, {""bootstrap_seed"": 701130004, ""n_boot"": 499, ""n_effective_moments"": 48, ""p_value"": 0.684, ""statistic"": 1.8464533537285759, ""warning"": null}, {""bootstrap_seed"": 701130006, ""n_boot"": 499, ""n_effective_moments"": 48, ""p_value"": 0.778, ""statistic"": 1.6802128848853692, ""warning"": null}]","[{""bootstrap_seed"": 701130001, ""n_boot"": 499, ""n_effective_moments"": 48, ""p_value"": 0.002, ""statistic"": 42.37960466721377, ""warning"": null}, {""bootstrap_seed"": 701130003, ""n_boot"": 499, ""n_effective_moments"": 48, ""p_value"": 0.002, ""statistic"": 30.619934203158394, ""warning"": null}, {""bootstrap_seed"": 701130005, ""n_boot"": 499, ""n_effective_moments"": 48, ""p_value"": 0.002, ""statistic"": 38.14124778040408, ""warning"": null}, {""bootstrap_seed"": 701130007, ""n_boot"": 499, ""n_effective_moments"": 48, ""p_value"": 0.002, ""statistic"": 41.23878854700716, ""warning"": null}]",True,0.0125,[],3.745470451745341,3.745470451745341,4.122768992115422,"[4.122768992115422, 3.833181018776151, 3.280461344344451]","[0.03210439608572096, 0.03095634433672745, 0.028637655911162015]","[0.12584923265602616, 0.12134886979997161, 0.11225961117175509]","[0.9554588257568355, 0.25150839673417924, 0.1729895120124495]","[0.8925342094288224, 0.19083396183419335, 0.1168597064265719]","[1.0183834420848485, 0.31218283163416516, 0.2291193175983271]",0.49801635735481975,997.789347067418,"[878.9169217565633, 1134.092370895949, 1027.6353929629315, 950.5127026542287]",2.4054713249206543,False,True,True,False,False,False
G2,S1_shift0.3_n4000,220000,701110000,220000,801110000,6122aeb,dhai.bme.e.uh.edu,26.1,ok,sieve1_sieve1,0.0061270680115237414,0.02186216822708409,0.006497542165826996,0.020257410851175,0.03994959042441912,0.07261510908579881,0.5998767314861027,0.09329736499127388,"[0.726, 0.536, 0.718, 0.83]","[0.122, 0.006, 0.036, 0.002]","[0.726, 0.536, 0.718, 0.83]","[{""bootstrap_seed"": 701140000, ""n_boot"": 499, ""n_effective_moments"": 48, ""p_value"": 0.726, ""statistic"": 1.789134989485382, ""warning"": null}, {""bootstrap_seed"": 701140002, ""n_boot"": 499, ""n_effective_moments"": 48, ""p_value"": 0.536, ""statistic"": 2.049413557548446, ""warning"": null}, {""bootstrap_seed"": 701140004, ""n_boot"": 499, ""n_effective_moments"": 48, ""p_value"": 0.718, ""statistic"": 1.8464533537285759, ""warning"": null}, {""bootstrap_seed"": 701140006, ""n_boot"": 499, ""n_effective_moments"": 48, ""p_value"": 0.83, ""statistic"": 1.6802128848853692, ""warning"": null}]","[{""bootstrap_seed"": 701140001, ""n_boot"": 499, ""n_effective_moments"": 48, ""p_value"": 0.122, ""statistic"": 2.781503200638685, ""warning"": null}, {""bootstrap_seed"": 701140003, ""n_boot"": 499, ""n_effective_moments"": 48, ""p_value"": 0.006, ""statistic"": 3.97757527073485, ""warning"": null}, {""bootstrap_seed"": 701140005, ""n_boot"": 499, ""n_effective_moments"": 48, ""p_value"": 0.036, ""statistic"": 3.1625787704045836, ""warning"": null}, {""bootstrap_seed"": 701140007, ""n_boot"": 499, ""n_effective_moments"": 48, ""p_value"": 0.002, ""statistic"": 4.439758661328815, ""warning"": null}]",True,0.0125,[],26.53657187499393,26.53657187499393,26.66511153151841,"[26.58351177662374, 26.361092316839642, 26.66511153151841]","[0.0815222542877461, 0.08118049691403663, 0.08164727725331447]","[0.31956723680796467, 0.3182275479030236, 0.3200573268329927]","[0.9915424819425018, 0.2547271741410956, 0.14086916757803075]","[0.8317588635385195, 0.09561340018958372, -0.019159495838465684]","[1.1513261003464843, 0.4138409480926074, 0.30089783099452716]",0.06635415127385086,649.6951163906726,"[630.8647435594972, 694.5071232691416, 661.7963628588544, 611.612235875197]",23.01049405572528,True,False,False,True,True,False
G2,S1_shift0.3_n4000,220000,701110000,220000,801110000,6122aeb,dhai.bme.e.uh.edu,26.1,ok,sieve2_sieve2,0.005436196024562637,0.013815167182752594,0.05107934130598743,0.04381504692286449,0.07219998478473903,0.07769491879801028,0.5762994763309066,0.14082579959611485,"[0.728, 0.87, 0.998, 0.962]","[0.002, 0.002, 0.002, 0.002]","[0.728, 0.87, 0.998, 0.962]","[{""bootstrap_seed"": 701150000, ""n_boot"": 499, ""n_effective_moments"": 48, ""p_value"": 0.728, ""statistic"": 1.8477195863630165, ""warning"": null}, {""bootstrap_seed"": 701150002, ""n_boot"": 499, ""n_effective_moments"": 48, ""p_value"": 0.87, ""statistic"": 1.569268294587607, ""warning"": null}, {""bootstrap_seed"": 701150004, ""n_boot"": 499, ""n_effective_moments"": 48, ""p_value"": 0.998, ""statistic"": 0.8560461145992464, ""warning"": null}, {""bootstrap_seed"": 701150006, ""n_boot"": 499, ""n_effective_moments"": 48, ""p_value"": 0.962, ""statistic"": 1.318820699084712, ""warning"": null}]","[{""bootstrap_seed"": 701150001, ""n_boot"": 499, ""n_effective_moments"": 48, ""p_value"": 0.002, ""statistic"": 4.911743546678908, ""warning"": null}, {""bootstrap_seed"": 701150003, ""n_boot"": 499, ""n_effective_moments"": 48, ""p_value"": 0.002, ""statistic"": 5.159969303298757, ""warning"": null}, {""bootstrap_seed"": 701150005, ""n_boot"": 499, ""n_effective_moments"": 48, ""p_value"": 0.002, ""statistic"": 5.864524402342506, ""warning"": null}, {""bootstrap_seed"": 701150007, ""n_boot"": 499, ""n_effective_moments"": 48, ""p_value"": 0.002, ""statistic"": 5.615272269979138, ""warning"": null}]",True,0.0125,[],72.92576708914807,72.92576708914807,77.83790265512859,"[72.05446612279654, 77.83790265512859, 68.8849324895191]","[0.13421481487041262, 0.13949722457376043, 0.1312296960385864]","[0.5261220742920174, 0.5468291203291409, 0.5144204084712587]","[0.9367511444868651, 0.36746133887929955, 0.11592896919871307]","[0.6736901073408563, 0.09404677871472894, -0.14128123503691623]","[1.199812181632874, 0.6408758990438701, 0.37313917343434233]",0.30404124708214114,428.82826437881073,"[433.3559455927524, 454.57884137331496, 436.958958367292, 390.41931218188364]",50.0,False,False,False,False,False,False
G2,S1_shift0.3_n4000,220000,701110000,220000,801110000,6122aeb,dhai.bme.e.uh.edu,26.1,ok,sieve3_sieve3,0.015138504666291033,0.030063339927614723,0.08285603737388073,0.08413088148899901,0.13668311237961825,0.1098232389876461,7.436049409710572,3.330940709140489,"[0.326, 0.032, 0.42, 0.144]","[0.002, 0.002, 0.002, 0.002]","[0.326, 0.032, 0.42, 0.144]","[{""bootstrap_seed"": 701160000, ""n_boot"": 499, ""n_effective_moments"": 48, ""p_value"": 0.326, ""statistic"": 2.3737207934847775, ""warning"": null}, {""bootstrap_seed"": 701160002, ""n_boot"": 499, ""n_effective_moments"": 48, ""p_value"": 0.032, ""statistic"": 3.354475908062995, ""warning"": null}, {""bootstrap_seed"": 701160004, ""n_boot"": 499, ""n_effective_moments"": 48, ""p_value"": 0.42, ""statistic"": 2.2282750944439855, ""warning"": null}, {""bootstrap_seed"": 701160006, ""n_boot"": 499, ""n_effective_moments"": 48, ""p_value"": 0.144, ""statistic"": 2.710208359265432, ""warning"": null}]","[{""bootstrap_seed"": 701160001, ""n_boot"": 499, ""n_effective_moments"": 48, ""p_value"": 0.002, ""statistic"": 8.53377991059297, ""warning"": null}, {""bootstrap_seed"": 701160003, ""n_boot"": 499, ""n_effective_moments"": 48, ""p_value"": 0.002, ""statistic"": 12.579759714999822, ""warning"": null}, {""bootstrap_seed"": 701160005, ""n_boot"": 499, ""n_effective_moments"": 48, ""p_value"": 0.002, ""statistic"": 9.898962220932129, ""warning"": null}, {""bootstrap_seed"": 701160007, ""n_boot"": 499, ""n_effective_moments"": 48, ""p_value"": 0.002, ""statistic"": 8.926286067877244, ""warning"": null}]",True,0.0125,[],112531.32315449415,112531.32315449415,116451.12037289538,"[105240.91441429834, 115901.93467628871, 116451.12037289538]","[5.129349725216111, 5.382888041662411, 5.395626014951726]","[20.107050922847154, 21.10092112331665, 21.150853978610765]","[1.8050843684751043, -1.0467828015760074, -8.016793192567553]","[-8.248441092948472, -11.597243363234329, -18.592220181872925]","[11.858609829898679, 9.503677760082313, 2.558633796737819]",0.9193645348504894,383.8611269630955,"[369.79577174596693, 454.19362065171686, 368.785637246266, 342.66947820843217]",50.0,False,False,False,False,False,False
G2,S1_heavy_tail0.0_n4000,220000,701120000,220000,801120000,6122aeb,dhai.bme.e.uh.edu,24.7,ok,kernel_kernel,0.04373008823567484,0.10148137438710868,0.06007817459977147,0.3261990081035986,0.5141992746573412,0.4668060349849387,0.7087825532671254,0.27226842903839993,"[0.002, 0.002, 0.002, 0.002]","[0.002, 0.002, 0.002, 0.002]","[0.002, 0.002, 0.002, 0.002]","[{""bootstrap_seed"": 701120000, ""n_boot"": 499, ""n_effective_moments"": 48, ""p_value"": 0.002, ""statistic"": 9.271745835724786, ""warning"": null}, {""bootstrap_seed"": 701120002, ""n_boot"": 499, ""n_effective_moments"": 48, ""p_value"": 0.002, ""statistic"": 12.675466969329467, ""warning"": null}, {""bootstrap_seed"": 701120004, ""n_boot"": 499, ""n_effective_moments"": 48, ""p_value"": 0.002, ""statistic"": 12.277963185758662, ""warning"": null}, {""bootstrap_seed"": 701120006, ""n_boot"": 499, ""n_effective_moments"": 48, ""p_value"": 0.002, ""statistic"": 9.437439646837877, ""warning"": null}]","[{""bootstrap_seed"": 701120001, ""n_boot"": 499, ""n_effective_moments"": 48, ""p_value"": 0.002, ""statistic"": 43.6134094340431, ""warning"": null}, {""bootstrap_seed"": 701120003, ""n_boot"": 499, ""n_effective_moments"": 48, ""p_value"": 0.002, ""statistic"": 29.421253675535265, ""warning"": null}, {""bootstrap_seed"": 701120005, ""n_boot"": 499, ""n_effective_moments"": 48, ""p_value"": 0.002, ""statistic"": 34.792304700390595, ""warning"": null}, {""bootstrap_seed"": 701120007, ""n_boot"": 499, ""n_effective_moments"": 48, ""p_value"": 0.002, ""statistic"": 40.91595917257489, ""warning"": null}]",False,0.0125,"[0, 1, 2, 3]",9.649989141694446,9.649989141694446,11.315796094555257,"[11.315796094555257, 9.344534974333262, 8.28963635619482]","[0.053187865379603405, 0.04833356746178908, 0.045523720070406205]","[0.20849643228804535, 0.1894675844502132, 0.17845298267599233]","[0.3824994515190874, 0.11805410607757619, 0.16947471372408648]","[0.2782512353750646, 0.02332031385246966, 0.08024822238609035]","[0.4867476676631102, 0.21278789830268272, 0.2587012050620826]",0.4980163565501571,997.7893469457887,"[878.9169216244164, 1134.0923703955423, 1027.6353931435058, 950.51270261969]",2.4054713249206543,False,False,False,False,False,True
G2,S1_heavy_tail0.0_n4000,220000,701120000,220000,801120000,6122aeb,dhai.bme.e.uh.edu,24.7,ok,kernel_sieve1,0.04373008823567484,0.10148137438710868,0.06007817459977147,0.019978267432475817,0.042400961553967616,0.07262857373548338,0.8504530684560602,0.12228281620310122,"[0.002, 0.002, 0.002, 0.002]","[0.288, 0.002, 0.028, 0.026]","[0.288, 0.002, 0.028, 0.026]","[{""bootstrap_seed"": 701130000, ""n_boot"": 499, ""n_effective_moments"": 48, ""p_value"": 0.002, ""statistic"": 9.271745835724786, ""warning"": null}, {""bootstrap_seed"": 701130002, ""n_boot"": 499, ""n_effective_moments"": 48, ""p_value"": 0.002, ""statistic"": 12.675466969329467, ""warning"": null}, {""bootstrap_seed"": 701130004, ""n_boot"": 499, ""n_effective_moments"": 48, ""p_value"": 0.002, ""statistic"": 12.277963185758662, ""warning"": null}, {""bootstrap_seed"": 701130006, ""n_boot"": 499, ""n_effective_moments"": 48, ""p_value"": 0.002, ""statistic"": 9.437439646837877, ""warning"": null}]","[{""bootstrap_seed"": 701130001, ""n_boot"": 499, ""n_effective_moments"": 48, ""p_value"": 0.288, ""statistic"": 2.4069703224123087, ""warning"": null}, {""bootstrap_seed"": 701130003, ""n_boot"": 499, ""n_effective_moments"": 48, ""p_value"": 0.002, ""statistic"": 5.14699549451767, ""warning"": null}, {""bootstrap_seed"": 701130005, ""n_boot"": 499, ""n_effective_moments"": 48, ""p_value"": 0.028, ""statistic"": 3.1543846107575004, ""warning"": null}, {""bootstrap_seed"": 701130007, ""n_boot"": 499, ""n_effective_moments"": 48, ""p_value"": 0.026, ""statistic"": 3.299154746665148, ""warning"": null}]",False,0.0125,[1],70.31864802216614,70.31864802216614,78.59878061386583,"[78.59878061386583, 64.06041734256418, 68.29674611006843]","[0.14017737033296943, 0.12655079745162037, 0.1306682307506959]","[0.5494952917052401, 0.49607912601035187, 0.5122194645427279]","[0.939347167059211, 0.2569928227889717, 0.17336455768234582]","[0.6645995212065909, 0.00895325978379563, -0.08274517458901798]","[1.214094812911831, 0.5050323857941477, 0.4294742899537096]",0.06635415127385086,649.6951163906726,"[630.8647435594971, 694.507123269142, 661.7963628588543, 611.612235875197]",23.01049405572528,False,False,False,False,False,False
G2,S1_heavy_tail0.0_n4000,220000,701120000,220000,801120000,6122aeb,dhai.bme.e.uh.edu,24.7,ok,sieve1_kernel,0.0077648071566617845,0.023764040249624967,0.0062194217351486695,0.3261990081035986,0.5141992746573412,0.4668060349849387,0.5277014143518245,0.11495910678591566,"[0.874, 0.094, 0.678, 0.608]","[0.002, 0.002, 0.002, 0.002]","[0.874, 0.094, 0.678, 0.608]","[{""bootstrap_seed"": 701140000, ""n_boot"": 499, ""n_effective_moments"": 48, ""p_value"": 0.874, ""statistic"": 1.4692926602619165, ""warning"": null}, {""bootstrap_seed"": 701140002, ""n_boot"": 499, ""n_effective_moments"": 48, ""p_value"": 0.094, ""statistic"": 2.811596615664317, ""warning"": null}, {""bootstrap_seed"": 701140004, ""n_boot"": 499, ""n_effective_moments"": 48, ""p_value"": 0.678, ""statistic"": 1.88497255635323, ""warning"": null}, {""bootstrap_seed"": 701140006, ""n_boot"": 499, ""n_effective_moments"": 48, ""p_value"": 0.608, ""statistic"": 1.947525485495717, ""warning"": null}]","[{""bootstrap_seed"": 701140001, ""n_boot"": 499, ""n_effective_moments"": 48, ""p_value"": 0.002, ""statistic"": 43.6134094340431, ""warning"": null}, {""bootstrap_seed"": 701140003, ""n_boot"": 499, ""n_effective_moments"": 48, ""p_value"": 0.002, ""statistic"": 29.421253675535265, ""warning"": null}, {""bootstrap_seed"": 701140005, ""n_boot"": 499, ""n_effective_moments"": 48, ""p_value"": 0.002, ""statistic"": 34.792304700390595, ""warning"": null}, {""bootstrap_seed"": 701140007, ""n_boot"": 499, ""n_effective_moments"": 48, ""p_value"": 0.002, ""statistic"": 40.91595917257489, ""warning"": null}]",True,0.0125,[],3.7454704632729343,3.7454704632729343,4.12276901143777,"[4.12276901143777, 3.8331810146866188, 3.2804613636944144]","[0.032104396160953445, 0.030956344320214147, 0.028637655995622333]","[0.1258492329509375, 0.12134886973523945, 0.11225961150283954]","[0.9554588243916238, 0.25150839807994874, 0.17298951147222494]","[0.8925342079161549, 0.19083396321232896, 0.11685970572080523]","[1.0183834408670926, 0.3121828329475685, 0.22911931722364465]",0.4980163565501571,997.7893469457887,"[878.9169216244164, 1134.0923703955423, 1027.6353931435058, 950.51270261969]",2.4054713249206543,False,True,True,False,False,False
G2,S1_heavy_tail0.0_n4000,220000,701120000,220000,801120000,6122aeb,dhai.bme.e.uh.edu,24.7,ok,sieve1_sieve1,0.0077648071566617845,0.023764040249624967,0.0062194217351486695,0.019978267432475817,0.042400961553967616,0.07262857373548338,0.5998767314861027,0.09329736499127378,"[0.928, 0.108, 0.658, 0.658]","[0.29, 0.002, 0.042, 0.032]","[0.928, 0.108, 0.658, 0.658]","[{""bootstrap_seed"": 701150000, ""n_boot"": 499, ""n_effective_moments"": 48, ""p_value"": 0.928, ""statistic"": 1.4692926602619165, ""warning"": null}, {""bootstrap_seed"": 701150002, ""n_boot"": 499, ""n_effective_moments"": 48, ""p_value"": 0.108, ""statistic"": 2.811596615664317, ""warning"": null}, {""bootstrap_seed"": 701150004, ""n_boot"": 499, ""n_effective_moments"": 48, ""p_value"": 0.658, ""statistic"": 1.88497255635323, ""warning"": null}, {""bootstrap_seed"": 701150006, ""n_boot"": 499, ""n_effective_moments"": 48, ""p_value"": 0.658, ""statistic"": 1.947525485495717, ""warning"": null}]","[{""bootstrap_seed"": 701150001, ""n_boot"": 499, ""n_effective_moments"": 48, ""p_value"": 0.29, ""statistic"": 2.4069703224123087, ""warning"": null}, {""bootstrap_seed"": 701150003, ""n_boot"": 499, ""n_effective_moments"": 48, ""p_value"": 0.002, ""statistic"": 5.14699549451767, ""warning"": null}, {""bootstrap_seed"": 701150005, ""n_boot"": 499, ""n_effective_moments"": 48, ""p_value"": 0.042, ""statistic"": 3.1543846107575004, ""warning"": null}, {""bootstrap_seed"": 701150007, ""n_boot"": 499, ""n_effective_moments"": 48, ""p_value"": 0.032, ""statistic"": 3.299154746665148, ""warning"": null}]",True,0.0125,[],26.536571874993935,26.536571874993935,26.665111531518424,"[26.58351177662373, 26.361092316839645, 26.665111531518424]","[0.08152225428774607, 0.08118049691403663, 0.0816472772533145]","[0.31956723680796456, 0.3182275479030236, 0.3200573268329928]","[0.991542481942502, 0.2547271741410955, 0.14086916757803078]","[0.8317588635385197, 0.09561340018958364, -0.019159495838465684]","[1.1513261003464845, 0.4138409480926074, 0.30089783099452727]",0.06635415127385086,649.6951163906726,"[630.8647435594971, 694.507123269142, 661.7963628588543, 611.612235875197]",23.01049405572528,True,False,False,True,True,False
G2,S1_heavy_tail0.0_n4000,220000,701120000,220000,801120000,6122aeb,dhai.bme.e.uh.edu,24.7,ok,sieve2_sieve2,0.0059803363842460475,0.016990355463626733,0.05123979441736383,0.043182050997661314,0.07081671576016071,0.07770594999158531,0.5762994763309066,0.14082579959611213,"[0.746, 0.466, 0.996, 0.918]","[0.002, 0.002, 0.002, 0.002]","[0.746, 0.466, 0.996, 0.918]","[{""bootstrap_seed"": 701160000, ""n_boot"": 499, ""n_effective_moments"": 48, ""p_value"": 0.746, ""statistic"": 1.75694909198419, ""warning"": null}, {""bootstrap_seed"": 701160002, ""n_boot"": 499, ""n_effective_moments"": 48, ""p_value"": 0.466, ""statistic"": 2.085041309661341, ""warning"": null}, {""bootstrap_seed"": 701160004, ""n_boot"": 499, ""n_effective_moments"": 48, ""p_value"": 0.996, ""statistic"": 1.0928939626080851, ""warning"": null}, {""bootstrap_seed"": 701160006, ""n_boot"": 499, ""n_effective_moments"": 48, ""p_value"": 0.918, ""statistic"": 1.4972778533321511, ""warning"": null}]","[{""bootstrap_seed"": 701160001, ""n_boot"": 499, ""n_effective_moments"": 48, ""p_value"": 0.002, ""statistic"": 5.218139386642881, ""warning"": null}, {""bootstrap_seed"": 701160003, ""n_boot"": 499, ""n_effective_moments"": 48, ""p_value"": 0.002, ""statistic"": 5.535289673193937, ""warning"": null}, {""bootstrap_seed"": 701160005, ""n_boot"": 499, ""n_effective_moments"": 48, ""p_value"": 0.002, ""statistic"": 5.349599668229793, ""warning"": null}, {""bootstrap_seed"": 701160007, ""n_boot"": 499, ""n_effective_moments"": 48, ""p_value"": 0.002, ""statistic"": 5.288882622320666, ""warning"": null}]",True,0.0125,[],72.92576708914862,72.92576708914862,77.83790265512857,"[72.05446612279734, 77.83790265512857, 68.88493248951994]","[0.13421481487041337, 0.1394972245737604, 0.13122969603858717]","[0.5261220742920204, 0.5468291203291408, 0.5144204084712617]","[0.9367511444868639, 0.3674613388792973, 0.11592896919870593]","[0.6736901073408534, 0.09404677871472672, -0.14128123503692475]","[1.1998121816328744, 0.6408758990438679, 0.3731391734343366]",0.30404124708214303,428.82826437880954,"[433.35594559275336, 454.57884137331126, 436.95895836729215, 390.41931218188137]",50.0,False,False,False,False,False,False
G2,S1_heavy_tail0.0_n4000,220000,701120000,220000,801120000,6122aeb,dhai.bme.e.uh.edu,24.7,ok,sieve3_sieve3,0.016135009274517678,0.03567059999116117,0.08322946943134149,0.08322829898727557,0.13741965140218296,0.10984097696783976,7.436049409443122,3.3309407086761453,"[0.116, 0.002, 0.12, 0.038]","[0.002, 0.002, 0.002, 0.002]","[0.116, 0.002, 0.12, 0.038]","[{""bootstrap_seed"": 701170000, ""n_boot"": 499, ""n_effective_moments"": 48, ""p_value"": 0.116, ""statistic"": 2.7411512942178855, ""warning"": null}, {""bootstrap_seed"": 701170002, ""n_boot"": 499, ""n_effective_moments"": 48, ""p_value"": 0.002, ""statistic"": 4.253495135762737, ""warning"": null}, {""bootstrap_seed"": 701170004, ""n_boot"": 499, ""n_effective_moments"": 48, ""p_value"": 0.12, ""statistic"": 2.767258631274767, ""warning"": null}, {""bootstrap_seed"": 701170006, ""n_boot"": 499, ""n_effective_moments"": 48, ""p_value"": 0.038, ""statistic"": 3.2576477860968236, ""warning"": null}]","[{""bootstrap_seed"": 701170001, ""n_boot"": 499, ""n_effective_moments"": 48, ""p_value"": 0.002, ""statistic"": 8.860809926341313, ""warning"": null}, {""bootstrap_seed"": 701170003, ""n_boot"": 499, ""n_effective_moments"": 48, ""p_value"": 0.002, ""statistic"": 12.952940934505595, ""warning"": null}, {""bootstrap_seed"": 701170005, ""n_boot"": 499, ""n_effective_moments"": 48, ""p_value"": 0.002, ""statistic"": 9.34947441124845, ""warning"": null}, {""bootstrap_seed"": 701170007, ""n_boot"": 499, ""n_effective_moments"": 48, ""p_value"": 0.002, ""statistic"": 8.903890248434537, ""warning"": null}]",False,0.0125,[1],112531.3231467334,112531.3231467334,116451.12036804484,"[105240.91441021324, 115901.93466194214, 116451.12036804484]","[5.129349725116558, 5.382888041329258, 5.395626014839354]","[20.107050922456907, 21.10092112201069, 21.150853978170268]","[1.805084368566177, -1.0467828002312662, -8.01679319242819]","[-8.248441092662288, -11.597243361236604, -18.59222018151332]","[11.858609829794643, 9.503677760774071, 2.558633796656938]",0.9193645348504762,383.8611269630949,"[369.7957717459039, 454.1936206517499, 368.7856372462877, 342.6694782084381]",50.0,False,False,False,False,False,False
G2,S1_heavy_tail0.1_n4000,220000,701130000,220000,801130000,6122aeb,dhai.bme.e.uh.edu,25.1,ok,kernel_kernel,0.04635650447801361,0.11499052741593604,0.06001426883649225,0.3126475703959314,0.5118617465706394,0.46778232632872924,0.7100004002780183,0.27236651312833166,"[0.002, 0.002, 0.002, 0.002]","[0.002, 0.002, 0.002, 0.002]","[0.002, 0.002, 0.002, 0.002]","[{""bootstrap_seed"": 701130000, ""n_boot"": 499, ""n_effective_moments"": 48, ""p_value"": 0.002, ""statistic"": 10.357539527392655, ""warning"": null}, {""bootstrap_seed"": 701130002, ""n_boot"": 499, ""n_effective_moments"": 48, ""p_value"": 0.002, ""statistic"": 12.242504730588918, ""warning"": null}, {""bootstrap_seed"": 701130004, ""n_boot"": 499, ""n_effective_moments"": 48, ""p_value"": 0.002, ""statistic"": 11.371498093427169, ""warning"": null}, {""bootstrap_seed"": 701130006, ""n_boot"": 499, ""n_effective_moments"": 48, ""p_value"": 0.002, ""statistic"": 10.692662979401039, ""warning"": null}]","[{""bootstrap_seed"": 701130001, ""n_boot"": 499, ""n_effective_moments"": 48, ""p_value"": 0.002, ""statistic"": 42.32109716245718, ""warning"": null}, {""bootstrap_seed"": 701130003, ""n_boot"": 499, ""n_effective_moments"": 48, ""p_value"": 0.002, ""statistic"": 34.46368200160065, ""warning"": null}, {""bootstrap_seed"": 701130005, ""n_boot"": 499, ""n_effective_moments"": 48, ""p_value"": 0.002, ""statistic"": 35.74711286529167, ""warning"": null}, {""bootstrap_seed"": 701130007, ""n_boot"": 499, ""n_effective_moments"": 48, ""p_value"": 0.002, ""statistic"": 39.540225684971304, ""warning"": null}]",False,0.0125,"[0, 1, 2, 3]",9.649546795219779,9.649546795219779,11.315699688042459,"[11.315699688042459, 9.342311285150277, 8.290629412466602]","[0.05318763880837929, 0.04832781622717469, 0.04552644674380651]","[0.2084955441288468, 0.18944503961052478, 0.17846367123572152]","[0.38254359668595, 0.11791678885634027, 0.1696757939395085]","[0.27829582462152647, 0.02319426905107798, 0.08044395832164775]","[0.48679136875037354, 0.21263930866160258, 0.25890762955736923]",0.4979374460503459,997.7782591676652,"[878.924094388378, 1134.0721529143357, 1027.623579541326, 950.4932098266212]",2.4039998054504395,False,False,False,False,False,True
G2,S1_heavy_tail0.1_n4000,220000,701130000,220000,801130000,6122aeb,dhai.bme.e.uh.edu,25.1,ok,kernel_sieve1,0.04635650447801361,0.11499052741593604,0.06001426883649225,0.019621331580132198,0.03870444876361989,0.07809680138266988,0.8517461791721805,0.12539824225544408,"[0.002, 0.002, 0.002, 0.002]","[0.14, 0.002, 0.012, 0.014]","[0.14, 0.002, 0.012, 0.014]","[{""bootstrap_seed"": 701140000, ""n_boot"": 499, ""n_effective_moments"": 48, ""p_value"": 0.002, ""statistic"": 10.357539527392655, ""warning"": null}, {""bootstrap_seed"": 701140002, ""n_boot"": 499, ""n_effective_moments"": 48, ""p_value"": 0.002, ""statistic"": 12.242504730588918, ""warning"": null}, {""bootstrap_seed"": 701140004, ""n_boot"": 499, ""n_effective_moments"": 48, ""p_value"": 0.002, ""statistic"": 11.371498093427169, ""warning"": null}, {""bootstrap_seed"": 701140006, ""n_boot"": 499, ""n_effective_moments"": 48, ""p_value"": 0.002, ""statistic"": 10.692662979401039, ""warning"": null}]","[{""bootstrap_seed"": 701140001, ""n_boot"": 499, ""n_effective_moments"": 48, ""p_value"": 0.14, ""statistic"": 2.6851997161404597, ""warning"": null}, {""bootstrap_seed"": 701140003, ""n_boot"": 499, ""n_effective_moments"": 48, ""p_value"": 0.002, ""statistic"": 4.03641861897222, ""warning"": null}, {""bootstrap_seed"": 701140005, ""n_boot"": 499, ""n_effective_moments"": 48, ""p_value"": 0.012, ""statistic"": 3.624300084746671, ""warning"": null}, {""bootstrap_seed"": 701140007, ""n_boot"": 499, ""n_effective_moments"": 48, ""p_value"": 0.014, ""statistic"": 3.4089194919622496, ""warning"": null}]",False,0.0125,"[1, 2]",70.0978371616767,70.0978371616767,79.03170333779258,"[79.03170333779258, 63.533172909839614, 67.72863523739788]","[0.14056288925049934, 0.12602893805574933, 0.1301236289432072]","[0.5510065258619574, 0.49403343717853737, 0.5100846254573722]","[0.9321533496294216, 0.2553383684105806, 0.1771714727879762]","[0.6566500866984427, 0.008321649821312033, -0.0778708399407099]","[1.2076566125604007, 0.5023550869998492, 0.43221378551666234]",0.069029100357055,647.6559240433108,"[629.8971416564534, 686.8231665348814, 659.7599938870798, 614.1433940948287]",23.911306584472793,False,False,False,False,False,False
G2,S1_heavy_tail0.1_n4000,220000,701130000,220000,801130000,6122aeb,dhai.bme.e.uh.edu,25.1,ok,sieve1_kernel,0.006080824609432112,0.01744050503285785,0.0,0.3126475703959314,0.5118617465706394,0.46778232632872924,0.5339696923923676,0.11206521473654966,"[0.988, 0.67, 0.948, 0.826]","[0.002, 0.002, 0.002, 0.002]","[0.988, 0.67, 0.948, 0.826]","[{""bootstrap_seed"": 701150000, ""n_boot"": 499, ""n_effective_moments"": 48, ""p_value"": 0.988, ""statistic"": 1.1919471927381116, ""warning"": null}, {""bootstrap_seed"": 701150002, ""n_boot"": 499, ""n_effective_moments"": 48, ""p_value"": 0.67, ""statistic"": 1.7991395657793428, ""warning"": null}, {""bootstrap_seed"": 701150004, ""n_boot"": 499, ""n_effective_moments"": 48, ""p_value"": 0.948, ""statistic"": 1.3212474322587717, ""warning"": null}, {""bootstrap_seed"": 701150006, ""n_boot"": 499, ""n_effective_moments"": 48, ""p_value"": 0.826, ""statistic"": 1.6214943205070202, ""warning"": null}]","[{""bootstrap_seed"": 701150001, ""n_boot"": 499, ""n_effective_moments"": 48, ""p_value"": 0.002, ""statistic"": 42.32109716245718, ""warning"": null}, {""bootstrap_seed"": 701150003, ""n_boot"": 499, ""n_effective_moments"": 48, ""p_value"": 0.002, ""statistic"": 34.46368200160065, ""warning"": null}, {""bootstrap_seed"": 701150005, ""n_boot"": 499, ""n_effective_moments"": 48, ""p_value"": 0.002, ""statistic"": 35.74711286529167, ""warning"": null}, {""bootstrap_seed"": 701150007, ""n_boot"": 499, ""n_effective_moments"": 48, ""p_value"": 0.002, ""statistic"": 39.540225684971304, ""warning"": null}]",True,0.0125,[],3.8654596826434022,3.8654596826434022,4.2563118501299,"[4.2563118501299, 3.9791744472850845, 3.3608927505152204]","[0.03262020788610145, 0.031540348948945876, 0.02898660358905136]","[0.12787121491351766, 0.12363816787986784, 0.11362748606908132]","[0.9642524218929869, 0.24519231405885117, 0.1794175168465876]","[0.9003168144362281, 0.18337323011891724, 0.1226037738120469]","[1.0281880293497456, 0.30701139799878513, 0.2362312598811283]",0.4979374460503459,997.7782591676652,"[878.924094388378, 1134.0721529143357, 1027.623579541326, 950.4932098266212]",2.4039998054504395,False,True,True,False,False,False
G2,S1_heavy_tail0.1_n4000,220000,701130000,220000,801130000,6122aeb,dhai.bme.e.uh.edu,25.1,ok,sieve1_sieve1,0.006080824609432112,0.01744050503285785,0.0,0.019621331580132198,0.03870444876361989,0.07809680138266988,0.548700593690321,0.09531381940645373,"[0.986, 0.71, 0.948, 0.812]","[0.128, 0.004, 0.012, 0.02]","[0.986, 0.71, 0.948, 0.812]","[{""bootstrap_seed"": 701160000, ""n_boot"": 499, ""n_effective_moments"": 48, ""p_value"": 0.986, ""statistic"": 1.1919471927381116, ""warning"": null}, {""bootstrap_seed"": 701160002, ""n_boot"": 499, ""n_effective_moments"": 48, ""p_value"": 0.71, ""statistic"": 1.7991395657793428, ""warning"": null}, {""bootstrap_seed"": 701160004, ""n_boot"": 499, ""n_effective_moments"": 48, ""p_value"": 0.948, ""statistic"": 1.3212474322587717, ""warning"": null}, {""bootstrap_seed"": 701160006, ""n_boot"": 499, ""n_effective_moments"": 48, ""p_value"": 0.812, ""statistic"": 1.6214943205070202, ""warning"": null}]","[{""bootstrap_seed"": 701160001, ""n_boot"": 499, ""n_effective_moments"": 48, ""p_value"": 0.128, ""statistic"": 2.6851997161404597, ""warning"": null}, {""bootstrap_seed"": 701160003, ""n_boot"": 499, ""n_effective_moments"": 48, ""p_value"": 0.004, ""statistic"": 4.03641861897222, ""warning"": null}, {""bootstrap_seed"": 701160005, ""n_boot"": 499, ""n_effective_moments"": 48, ""p_value"": 0.012, ""statistic"": 3.624300084746671, ""warning"": null}, {""bootstrap_seed"": 701160007, ""n_boot"": 499, ""n_effective_moments"": 48, ""p_value"": 0.02, ""statistic"": 3.4089194919622496, ""warning"": null}]",True,0.0125,[],27.291848186287904,27.291848186287904,27.905268178841286,"[27.905268178841286, 27.062920460839585, 26.907355919182837]","[0.0835243500107024, 0.08225405835100112, 0.08201730902556917]","[0.3274154520419534, 0.32243590873592437, 0.32150785138023114]","[0.9818397401346779, 0.24779121701742, 0.144151746139422]","[0.8181320141137012, 0.08657326264945808, -0.016602179550693597]","[1.1455474661556546, 0.4090091713853819, 0.3049056718295376]",0.069029100357055,647.6559240433108,"[629.8971416564534, 686.8231665348814, 659.7599938870798, 614.1433940948287]",23.911306584472793,True,False,False,True,True,False
G2,S1_heavy_tail0.1_n4000,220000,701130000,220000,801130000,6122aeb,dhai.bme.e.uh.edu,25.1,ok,sieve2_sieve2,0.006462882942578289,0.016295638571932107,0.038947325205007516,0.040919549384116655,0.07063838013305968,0.07239465823986282,0.5843288751712801,0.12868307328511075,"[0.644, 0.484, 0.934, 0.99]","[0.002, 0.002, 0.002, 0.002]","[0.644, 0.484, 0.934, 0.99]","[{""bootstrap_seed"": 701170000, ""n_boot"": 499, ""n_effective_moments"": 48, ""p_value"": 0.644, ""statistic"": 1.8987135441193244, ""warning"": null}, {""bootstrap_seed"": 701170002, ""n_boot"": 499, ""n_effective_moments"": 48, ""p_value"": 0.484, ""statistic"": 2.050467726688795, ""warning"": null}, {""bootstrap_seed"": 701170004, ""n_boot"": 499, ""n_effective_moments"": 48, ""p_value"": 0.934, ""statistic"": 1.409166533138359, ""warning"": null}, {""bootstrap_seed"": 701170006, ""n_boot"": 499, ""n_effective_moments"": 48, ""p_value"": 0.99, ""statistic"": 1.0711154937424021, ""warning"": null}]","[{""bootstrap_seed"": 701170001, ""n_boot"": 499, ""n_effective_moments"": 48, ""p_value"": 0.002, ""statistic"": 4.743525175267423, ""warning"": null}, {""bootstrap_seed"": 701170003, ""n_boot"": 499, ""n_effective_moments"": 48, ""p_value"": 0.002, ""statistic"": 4.597725575685165, ""warning"": null}, {""bootstrap_seed"": 701170005, ""n_boot"": 499, ""n_effective_moments"": 48, ""p_value"": 0.002, ""statistic"": 5.464737431127497, ""warning"": null}, {""bootstrap_seed"": 701170007, ""n_boot"": 499, ""n_effective_moments"": 48, ""p_value"": 0.002, ""statistic"": 5.469715465123026, ""warning"": null}]",True,0.0125,[],74.55448762568892,74.55448762568892,78.86617827547778,"[73.31952305388084, 78.86617827547778, 71.47776154770814]","[0.13538789001779372, 0.14041561369331204, 0.13367662618022283]","[0.5307205288697514, 0.5504292056777832, 0.5240123746264734]","[0.953439437292625, 0.37160443824896167, 0.09204598370179848]","[0.6880791728577493, 0.0963898354100699, -0.16996020361143846]","[1.2187997017275007, 0.6468190410878534, 0.3540521710150354]",0.30580925184952756,425.69706812708273,"[428.0084836331498, 455.51936658084827, 432.2068131549752, 387.0536091393577]",50.0,False,False,False,False,False,False
G2,S1_heavy_tail0.1_n4000,220000,701130000,220000,801130000,6122aeb,dhai.bme.e.uh.edu,25.1,ok,sieve3_sieve3,0.013552029772781726,0.027111968812275778,0.04612184758738269,0.0788820107599574,0.13082562451088073,0.11835743861201178,20.398154076690886,3.6347597996957326,"[0.012, 0.87, 0.578, 0.34]","[0.002, 0.002, 0.002, 0.002]","[0.012, 0.87, 0.578, 0.34]","[{""bootstrap_seed"": 701180000, ""n_boot"": 499, ""n_effective_moments"": 48, ""p_value"": 0.012, ""statistic"": 3.6865039913317954, ""warning"": null}, {""bootstrap_seed"": 701180002, ""n_boot"": 499, ""n_effective_moments"": 48, ""p_value"": 0.87, ""statistic"": 1.5342187875281275, ""warning"": null}, {""bootstrap_seed"": 701180004, ""n_boot"": 499, ""n_effective_moments"": 48, ""p_value"": 0.578, ""statistic"": 2.0555630432655, ""warning"": null}, {""bootstrap_seed"": 701180006, ""n_boot"": 499, ""n_effective_moments"": 48, ""p_value"": 0.34, ""statistic"": 2.3187057456030162, ""warning"": null}]","[{""bootstrap_seed"": 701180001, ""n_boot"": 499, ""n_effective_moments"": 48, ""p_value"": 0.002, ""statistic"": 8.486678447978012, ""warning"": null}, {""bootstrap_seed"": 701180003, ""n_boot"": 499, ""n_effective_moments"": 48, ""p_value"": 0.002, ""statistic"": 12.003304431441668, ""warning"": null}, {""bootstrap_seed"": 701180005, ""n_boot"": 499, ""n_effective_moments"": 48, ""p_value"": 0.002, ""statistic"": 9.63724131270456, ""warning"": null}, {""bootstrap_seed"": 701180007, ""n_boot"": 499, ""n_effective_moments"": 48, ""p_value"": 0.002, ""statistic"": 8.771589042095037, ""warning"": null}]",False,0.0125,[0],87109.07622687421,87109.07622687421,127507.85644843044,"[30449.14042452757, 127507.85644843044, 103370.23180766462]","[2.759036988902449, 5.645968837330543, 5.083557607809333]","[10.8154249964976, 22.13219784233573, 19.927545822612586]","[3.2149781302680793, 2.642870155368689, 6.185506784805422]","[-2.1927343679807194, -8.42322876579919, -3.7782661265008537]","[8.622690628516878, 13.708969076536567, 16.149279696111698]",0.9074603373037794,383.5901845364295,"[370.8122169743337, 439.5327707595881, 376.8279963281807, 347.18775408361563]",50.0,False,False,False,False,False,False
G2,S1_heavy_tail0.2_n4000,220000,701140000,220000,801140000,6122aeb,dhai.bme.e.uh.edu,25.4,ok,kernel_kernel,0.045631582338281074,0.10662996871489168,0.05981844558239344,0.2911366950615937,0.5063646976911428,0.468831185990228,0.7086074380496554,0.27218353206860807,"[0.002, 0.002, 0.002, 0.002]","[0.002, 0.002, 0.002, 0.002]","[0.002, 0.002, 0.002, 0.002]","[{""bootstrap_seed"": 701140000, ""n_boot"": 499, ""n_effective_moments"": 48, ""p_value"": 0.002, ""statistic"": 9.641000097108792, ""warning"": null}, {""bootstrap_seed"": 701140002, ""n_boot"": 499, ""n_effective_moments"": 48, ""p_value"": 0.002, ""statistic"": 11.742929538934888, ""warning"": null}, {""bootstrap_seed"": 701140004, ""n_boot"": 499, ""n_effective_moments"": 48, ""p_value"": 0.002, ""statistic"": 10.13610976705676, ""warning"": null}, {""bootstrap_seed"": 701140006, ""n_boot"": 499, ""n_effective_moments"": 48, ""p_value"": 0.002, ""statistic"": 8.143260253786716, ""warning"": null}]","[{""bootstrap_seed"": 701140001, ""n_boot"": 499, ""n_effective_moments"": 48, ""p_value"": 0.002, ""statistic"": 42.96559656567739, ""warning"": null}, {""bootstrap_seed"": 701140003, ""n_boot"": 499, ""n_effective_moments"": 48, ""p_value"": 0.002, ""statistic"": 29.797349254629633, ""warning"": null}, {""bootstrap_seed"": 701140005, ""n_boot"": 499, ""n_effective_moments"": 48, ""p_value"": 0.002, ""statistic"": 33.266398960101256, ""warning"": null}, {""bootstrap_seed"": 701140007, ""n_boot"": 499, ""n_effective_moments"": 48, ""p_value"": 0.002, ""statistic"": 40.18191218737473, ""warning"": null}]",False,0.0125,"[0, 1, 2, 3]",9.645627277266072,9.645627277266072,11.311757246464172,"[11.311757246464172, 9.336818798584588, 8.288305786749458]","[0.05317837259277537, 0.048313607810286194, 0.04552006641787075]","[0.20845922056367946, 0.18938934261632187, 0.17843866035805334]","[0.3830803032571007, 0.118229179406375, 0.16997594788152293]","[0.2788506929752608, 0.023534508098214016, 0.08075661770249624]","[0.48730991353894054, 0.212923850714536, 0.2591952780605496]",0.49790292492508886,997.7602780873617,"[878.9333325638856, 1134.0400996226858, 1027.611397373464, 950.4562827894114]",2.39707612991333,False,False,False,False,False,True
G2,S1_heavy_tail0.2_n4000,220000,701140000,220000,801140000,6122aeb,dhai.bme.e.uh.edu,25.4,ok,kernel_sieve1,0.045631582338281074,0.10662996871489168,0.05981844558239344,0.018829722005181376,0.03722714243910718,0.08394484557623695,0.8633021230158014,0.12909531268121363,"[0.002, 0.002, 0.002, 0.002]","[0.252, 0.016, 0.028, 0.02]","[0.252, 0.016, 0.028, 0.02]","[{""bootstrap_seed"": 701150000, ""n_boot"": 499, ""n_effective_moments"": 48, ""p_value"": 0.002, ""statistic"": 9.641000097108792, ""warning"": null}, {""bootstrap_seed"": 701150002, ""n_boot"": 499, ""n_effective_moments"": 48, ""p_value"": 0.002, ""statistic"": 11.742929538934888, ""warning"": null}, {""bootstrap_seed"": 701150004, ""n_boot"": 499, ""n_effective_moments"": 48, ""p_value"": 0.002, ""statistic"": 10.13610976705676, ""warning"": null}, {""bootstrap_seed"": 701150006, ""n_boot"": 499, ""n_effective_moments"": 48, ""p_value"": 0.002, ""statistic"": 8.143260253786716, ""warning"": null}]","[{""bootstrap_seed"": 701150001, ""n_boot"": 499, ""n_effective_moments"": 48, ""p_value"": 0.252, ""statistic"": 2.467678759915012, ""warning"": null}, {""bootstrap_seed"": 701150003, ""n_boot"": 499, ""n_effective_moments"": 48, ""p_value"": 0.016, ""statistic"": 3.6183390958108834, ""warning"": null}, {""bootstrap_seed"": 701150005, ""n_boot"": 499, ""n_effective_moments"": 48, ""p_value"": 0.028, ""statistic"": 3.243493129854798, ""warning"": null}, {""bootstrap_seed"": 701150007, ""n_boot"": 499, ""n_effective_moments"": 48, ""p_value"": 0.02, ""statistic"": 3.4153975443970928, ""warning"": null}]",True,0.0125,[],70.72479459703594,70.72479459703594,81.18756628267124,"[81.18756628267124, 63.35376937166832, 67.63304813676828]","[0.14246715962167494, 0.1258508734292976, 0.1300317731717601]","[0.5584712657169658, 0.49333542384284657, 0.5097245508332996]","[0.9254185685391583, 0.2538370146621557, 0.18302925672344633]","[0.6461829356806754, 0.007169302740732186, -0.0718330186932038]","[1.2046542013976411, 0.5005047265835791, 0.43789153214009646]",0.0753888840118494,640.7805910168158,"[625.3839866974454, 665.8616436158939, 656.905532518233, 614.9712012356911]",25.688829728019698,False,False,False,False,False,False
G2,S1_heavy_tail0.2_n4000,220000,701140000,220000,801140000,6122aeb,dhai.bme.e.uh.edu,25.4,ok,sieve1_kernel,0.006755773443508012,0.0218810100148596,0.0,0.2911366950615937,0.5063646976911428,0.468831185990228,0.5352719762473022,0.10768021457785211,"[0.932, 0.67, 0.286, 0.76]","[0.002, 0.002, 0.002, 0.002]","[0.932, 0.67, 0.286, 0.76]","[{""bootstrap_seed"": 701160000, ""n_boot"": 499, ""n_effective_moments"": 48, ""p_value"": 0.932, ""statistic"": 1.3618116360017707, ""warning"": null}, {""bootstrap_seed"": 701160002, ""n_boot"": 499, ""n_effective_moments"": 48, ""p_value"": 0.67, ""statistic"": 1.8499654951971296, ""warning"": null}, {""bootstrap_seed"": 701160004, ""n_boot"": 499, ""n_effective_moments"": 48, ""p_value"": 0.286, ""statistic"": 2.424887978298313, ""warning"": null}, {""bootstrap_seed"": 701160006, ""n_boot"": 499, ""n_effective_moments"": 48, ""p_value"": 0.76, ""statistic"": 1.7085078683155734, ""warning"": null}]","[{""bootstrap_seed"": 701160001, ""n_boot"": 499, ""n_effective_moments"": 48, ""p_value"": 0.002, ""statistic"": 42.96559656567739, ""warning"": null}, {""bootstrap_seed"": 701160003, ""n_boot"": 499, ""n_effective_moments"": 48, ""p_value"": 0.002, ""statistic"": 29.797349254629633, ""warning"": null}, {""bootstrap_seed"": 701160005, ""n_boot"": 499, ""n_effective_moments"": 48, ""p_value"": 0.002, ""statistic"": 33.266398960101256, ""warning"": null}, {""bootstrap_seed"": 701160007, ""n_boot"": 499, ""n_effective_moments"": 48, ""p_value"": 0.002, ""statistic"": 40.18191218737473, ""warning"": null}]",True,0.0125,[],4.158633978352953,4.158633978352953,4.594789870032042,"[4.594789870032042, 4.305289383985645, 3.575822681041173]","[0.03389243968067231, 0.03280735201134665, 0.029899091462121274]","[0.13285836354823544, 0.12860481988447886, 0.1172044385315154]","[0.9787229518745668, 0.2388003584333153, 0.18712500197761078]","[0.9122937701004491, 0.17449794849107586, 0.12852278271185308]","[1.0451521336486844, 0.3031027683755547, 0.2457272212433685]",0.49790292492508886,997.7602780873617,"[878.9333325638856, 1134.0400996226858, 1027.611397373464, 950.4562827894114]",2.39707612991333,False,True,True,False,False,False
G2,S1_heavy_tail0.2_n4000,220000,701140000,220000,801140000,6122aeb,dhai.bme.e.uh.edu,25.4,ok,sieve1_sieve1,0.006755773443508012,0.0218810100148596,0.0,0.018829722005181376,0.03722714243910718,0.08394484557623695,0.5549068953978802,0.09772497219989423,"[0.944, 0.664, 0.244, 0.708]","[0.276, 0.014, 0.048, 0.01]","[0.944, 0.664, 0.244, 0.708]","[{""bootstrap_seed"": 701170000, ""n_boot"": 499, ""n_effective_moments"": 48, ""p_value"": 0.944, ""statistic"": 1.3618116360017707, ""warning"": null}, {""bootstrap_seed"": 701170002, ""n_boot"": 499, ""n_effective_moments"": 48, ""p_value"": 0.664, ""statistic"": 1.8499654951971296, ""warning"": null}, {""bootstrap_seed"": 701170004, ""n_boot"": 499, ""n_effective_moments"": 48, ""p_value"": 0.244, ""statistic"": 2.424887978298313, ""warning"": null}, {""bootstrap_seed"": 701170006, ""n_boot"": 499, ""n_effective_moments"": 48, ""p_value"": 0.708, ""statistic"": 1.7085078683155734, ""warning"": null}]","[{""bootstrap_seed"": 701170001, ""n_boot"": 499, ""n_effective_moments"": 48, ""p_value"": 0.276, ""statistic"": 2.467678759915012, ""warning"": null}, {""bootstrap_seed"": 701170003, ""n_boot"": 499, ""n_effective_moments"": 48, ""p_value"": 0.014, ""statistic"": 3.6183390958108834, ""warning"": null}, {""bootstrap_seed"": 701170005, ""n_boot"": 499, ""n_effective_moments"": 48, ""p_value"": 0.048, ""statistic"": 3.243493129854798, ""warning"": null}, {""bootstrap_seed"": 701170007, ""n_boot"": 499, ""n_effective_moments"": 48, ""p_value"": 0.01, ""statistic"": 3.4153975443970928, ""warning"": null}]",True,0.0125,[],29.75690455890471,29.75690455890471,31.688433913600917,"[31.688433913600917, 29.130502334684106, 28.45177742842911]","[0.08900622718888959, 0.08533830080140468, 0.08433827338229825]","[0.3489044105804472, 0.33452613914150636, 0.33060603165860913]","[0.9724866410111881, 0.24140099401044163, 0.14842232840323208]","[0.7980344357209642, 0.07413792443968811, -0.016880687426072405]","[1.146938846301412, 0.4086640635811951, 0.31372534423253656]",0.0753888840118494,640.7805910168158,"[625.3839866974454, 665.8616436158939, 656.905532518233, 614.9712012356911]",25.688829728019698,True,False,False,True,True,False
G2,S1_heavy_tail0.2_n4000,220000,701140000,220000,801140000,6122aeb,dhai.bme.e.uh.edu,25.4,ok,sieve2_sieve2,0.0073527952455600025,0.017056363114592105,0.03962878978686563,0.03771210277276756,0.06864752111282299,0.07098778763437726,0.5854974233594918,0.10185684823184403,"[0.738, 0.892, 0.364, 0.954]","[0.002, 0.002, 0.002, 0.002]","[0.738, 0.892, 0.364, 0.954]","[{""bootstrap_seed"": 701180000, ""n_boot"": 499, ""n_effective_moments"": 48, ""p_value"": 0.738, ""statistic"": 1.7633032618984479, ""warning"": null}, {""bootstrap_seed"": 701180002, ""n_boot"": 499, ""n_effective_moments"": 48, ""p_value"": 0.892, ""statistic"": 1.51065348126138, ""warning"": null}, {""bootstrap_seed"": 701180004, ""n_boot"": 499, ""n_effective_moments"": 48, ""p_value"": 0.364, ""statistic"": 2.2703677268930753, ""warning"": null}, {""bootstrap_seed"": 701180006, ""n_boot"": 499, ""n_effective_moments"": 48, ""p_value"": 0.954, ""statistic"": 1.3094718583058622, ""warning"": null}]","[{""bootstrap_seed"": 701180001, ""n_boot"": 499, ""n_effective_moments"": 48, ""p_value"": 0.002, ""statistic"": 4.508666362799285, ""warning"": null}, {""bootstrap_seed"": 701180003, ""n_boot"": 499, ""n_effective_moments"": 48, ""p_value"": 0.002, ""statistic"": 4.8440240505805905, ""warning"": null}, {""bootstrap_seed"": 701180005, ""n_boot"": 499, ""n_effective_moments"": 48, ""p_value"": 0.002, ""statistic"": 5.507494591911737, ""warning"": null}, {""bootstrap_seed"": 701180007, ""n_boot"": 499, ""n_effective_moments"": 48, ""p_value"": 0.002, ""statistic"": 5.219059339690364, ""warning"": null}]",True,0.0125,[],97.91550796811352,97.91550796811352,109.28817614487872,"[92.08540497821696, 109.28817614487872, 92.3729427812449]","[0.1517278855206064, 0.165293811245974, 0.15196458697772725]","[0.594773311240777, 0.6479517400842181, 0.5957011809526908]","[0.9812592457731407, 0.4118778792581376, -0.0008863239866619353]","[0.683872590152752, 0.08790200921602831, -0.29873691446300743]","[1.2786459013935294, 0.7358537493002469, 0.29696426648968355]",0.30964423729389773,414.9473845227302,"[421.1870585257412, 447.81062092354614, 420.5814970700211, 370.21036157161234]",50.0,False,False,False,False,False,False
G2,S1_heavy_tail0.2_n4000,220000,701140000,220000,801140000,6122aeb,dhai.bme.e.uh.edu,25.4,ok,sieve3_sieve3,0.02072771780423028,0.04268366255394253,0.04172720558462363,0.07162191952857905,0.1280522567271693,0.10322771116503252,30.967982993553896,4.752422429332493,"[0.002, 0.002, 0.002, 0.342]","[0.002, 0.002, 0.002, 0.002]","[0.002, 0.002, 0.002, 0.342]","[{""bootstrap_seed"": 701190000, ""n_boot"": 499, ""n_effective_moments"": 48, ""p_value"": 0.002, ""statistic"": 4.721162818782857, ""warning"": null}, {""bootstrap_seed"": 701190002, ""n_boot"": 499, ""n_effective_moments"": 48, ""p_value"": 0.002, ""statistic"": 4.239267975714527, ""warning"": null}, {""bootstrap_seed"": 701190004, ""n_boot"": 499, ""n_effective_moments"": 48, ""p_value"": 0.002, ""statistic"": 4.405531471275426, ""warning"": null}, {""bootstrap_seed"": 701190006, ""n_boot"": 499, ""n_effective_moments"": 48, ""p_value"": 0.342, ""statistic"": 2.35691968498125, ""warning"": null}]","[{""bootstrap_seed"": 701190001, ""n_boot"": 499, ""n_effective_moments"": 48, ""p_value"": 0.002, ""statistic"": 8.009582204119432, ""warning"": null}, {""bootstrap_seed"": 701190003, ""n_boot"": 499, ""n_effective_moments"": 48, ""p_value"": 0.002, ""statistic"": 11.668935248655771, ""warning"": null}, {""bootstrap_seed"": 701190005, ""n_boot"": 499, ""n_effective_moments"": 48, ""p_value"": 0.002, ""statistic"": 9.224421817969182, ""warning"": null}, {""bootstrap_seed"": 701190007, ""n_boot"": 499, ""n_effective_moments"": 48, ""p_value"": 0.002, ""statistic"": 8.634695762643407, ""warning"": null}]",False,0.0125,"[0, 1, 2]",125052.15832029008,125052.15832029008,156429.3582848076,"[68388.25579817525, 150338.8608778874, 156429.3582848076]","[4.134859604574721, 6.130637423585891, 6.253586136865942]","[16.208649649932905, 24.032098700456693, 24.514057656514492]","[1.9035780158932198, 8.80049884971489, 4.692266093744363]","[-6.200746809073224, -3.2155505005134497, -7.5647627345128985]","[10.007902840859664, 20.816548199943227, 16.949294922001627]",0.8667156881027587,379.98058755610236,"[362.79643709631785, 433.4616613336693, 378.5499512712381, 345.1143005231844]",50.0,False,False,False,False,False,False
G2,S1_heavy_tail0.3_n4000,220000,701150000,220000,801150000,6122aeb,dhai.bme.e.uh.edu,25.6,ok,kernel_kernel,0.04498466580980808,0.11448054753779424,0.05948637658974694,0.3118344624454226,0.49708833917069345,0.4668682261255077,0.7114538754404878,0.2719856376990956,"[0.002, 0.002, 0.002, 0.002]","[0.002, 0.002, 0.002, 0.002]","[0.002, 0.002, 0.002, 0.002]","[{""bootstrap_seed"": 701150000, ""n_boot"": 499, ""n_effective_moments"": 48, ""p_value"": 0.002, ""statistic"": 8.99993256620167, ""warning"": null}, {""bootstrap_seed"": 701150002, ""n_boot"": 499, ""n_effective_moments"": 48, ""p_value"": 0.002, ""statistic"": 14.236064584073041, ""warning"": null}, {""bootstrap_seed"": 701150004, ""n_boot"": 499, ""n_effective_moments"": 48, ""p_value"": 0.002, ""statistic"": 10.272516585002176, ""warning"": null}, {""bootstrap_seed"": 701150006, ""n_boot"": 499, ""n_effective_moments"": 48, ""p_value"": 0.002, ""statistic"": 10.72014871762021, ""warning"": null}]","[{""bootstrap_seed"": 701150001, ""n_boot"": 499, ""n_effective_moments"": 48, ""p_value"": 0.002, ""statistic"": 45.26671392589196, ""warning"": null}, {""bootstrap_seed"": 701150003, ""n_boot"": 499, ""n_effective_moments"": 48, ""p_value"": 0.002, ""statistic"": 33.412869066772615, ""warning"": null}, {""bootstrap_seed"": 701150005, ""n_boot"": 499, ""n_effective_moments"": 48, ""p_value"": 0.002, ""statistic"": 38.023319989622955, ""warning"": null}, {""bootstrap_seed"": 701150007, ""n_boot"": 499, ""n_effective_moments"": 48, ""p_value"": 0.002, ""statistic"": 46.14851353769317, ""warning"": null}]",False,0.0125,"[0, 1, 2, 3]",9.640015539585407,9.640015539585407,11.305454005261483,"[11.305454005261483, 9.329551406686445, 8.285041206808293]","[0.053163554257737236, 0.048294801497382835, 0.04551110086233987]","[0.20840113269032995, 0.1893156218697407, 0.1784035153803723]","[0.38343884351698965, 0.11845084594345093, 0.16996247156995054]","[0.2792382771718247, 0.0237930350085805, 0.08076071387976434]","[0.4876394098621546, 0.21310865687832137, 0.2591642292601367]",0.49792069842666387,997.7342420862954,"[878.9423714100509, 1134.0018945723748, 1027.5940404994435, 950.398661863312]",2.4464406967163086,False,False,False,False,False,True
G2,S1_heavy_tail0.3_n4000,220000,701150000,220000,801150000,6122aeb,dhai.bme.e.uh.edu,25.6,ok,kernel_sieve1,0.04498466580980808,0.11448054753779424,0.05948637658974694,0.02158515021865227,0.04161131660396962,0.08864685308142528,0.8812541552201372,0.13231788035440276,"[0.002, 0.002, 0.002, 0.002]","[0.156, 0.002, 0.008, 0.02]","[0.156, 0.002, 0.008, 0.02]","[{""bootstrap_seed"": 701160000, ""n_boot"": 499, ""n_effective_moments"": 48, ""p_value"": 0.002, ""statistic"": 8.99993256620167, ""warning"": null}, {""bootstrap_seed"": 701160002, ""n_boot"": 499, ""n_effective_moments"": 48, ""p_value"": 0.002, ""statistic"": 14.236064584073041, ""warning"": null}, {""bootstrap_seed"": 701160004, ""n_boot"": 499, ""n_effective_moments"": 48, ""p_value"": 0.002, ""statistic"": 10.272516585002176, ""warning"": null}, {""bootstrap_seed"": 701160006, ""n_boot"": 499, ""n_effective_moments"": 48, ""p_value"": 0.002, ""statistic"": 10.72014871762021, ""warning"": null}]","[{""bootstrap_seed"": 701160001, ""n_boot"": 499, ""n_effective_moments"": 48, ""p_value"": 0.156, ""statistic"": 2.6025133085658765, ""warning"": null}, {""bootstrap_seed"": 701160003, ""n_boot"": 499, ""n_effective_moments"": 48, ""p_value"": 0.002, ""statistic"": 4.468697416206663, ""warning"": null}, {""bootstrap_seed"": 701160005, ""n_boot"": 499, ""n_effective_moments"": 48, ""p_value"": 0.008, ""statistic"": 3.9616299960073658, ""warning"": null}, {""bootstrap_seed"": 701160007, ""n_boot"": 499, ""n_effective_moments"": 48, ""p_value"": 0.02, ""statistic"": 3.4157654630935177, ""warning"": null}]",False,0.0125,"[1, 2]",72.2697186466072,72.2697186466072,85.26767405122663,"[85.26767405122663, 63.54852280946439, 67.99295907913059]","[0.14600314555791824, 0.12604416171471844, 0.13037729775456555]","[0.5723323305870395, 0.49409311392169625, 0.511079007197897]","[0.9240030750684305, 0.2521418812193175, 0.19297659971512415]","[0.637836909774911, 0.005095324258469647, -0.0625629038838244]","[1.21016924036195, 0.4991884381801654, 0.4485161033140727]",0.08474399294357066,628.9403920035256,"[617.5161507126609, 631.7196676615008, 652.1189742639967, 614.4067753759443]",32.47342945761081,False,False,False,False,False,False
G2,S1_heavy_tail0.3_n4000,220000,701150000,220000,801150000,6122aeb,dhai.bme.e.uh.edu,25.6,ok,sieve1_kernel,0.008429225207591522,0.028034138430865555,0.0,0.3118344624454226,0.49708833917069345,0.4668682261255077,0.5461487644700259,0.10157985548361052,"[0.338, 0.102, 0.702, 0.138]","[0.002, 0.002, 0.002, 0.002]","[0.338, 0.102, 0.702, 0.138]","[{""bootstrap_seed"": 701170000, ""n_boot"": 499, ""n_effective_moments"": 48, ""p_value"": 0.338, ""statistic"": 2.237604545352515, ""warning"": null}, {""bootstrap_seed"": 701170002, ""n_boot"": 499, ""n_effective_moments"": 48, ""p_value"": 0.102, ""statistic"": 2.7812056222505324, ""warning"": null}, {""bootstrap_seed"": 701170004, ""n_boot"": 499, ""n_effective_moments"": 48, ""p_value"": 0.702, ""statistic"": 1.7298266437695453, ""warning"": null}, {""bootstrap_seed"": 701170006, ""n_boot"": 499, ""n_effective_moments"": 48, ""p_value"": 0.138, ""statistic"": 2.592163994195461, ""warning"": null}]","[{""bootstrap_seed"": 701170001, ""n_boot"": 499, ""n_effective_moments"": 48, ""p_value"": 0.002, ""statistic"": 45.26671392589196, ""warning"": null}, {""bootstrap_seed"": 701170003, ""n_boot"": 499, ""n_effective_moments"": 48, ""p_value"": 0.002, ""statistic"": 33.412869066772615, ""warning"": null}, {""bootstrap_seed"": 701170005, ""n_boot"": 499, ""n_effective_moments"": 48, ""p_value"": 0.002, ""statistic"": 38.023319989622955, ""warning"": null}, {""bootstrap_seed"": 701170007, ""n_boot"": 499, ""n_effective_moments"": 48, ""p_value"": 0.002, ""statistic"": 46.14851353769317, ""warning"": null}]",True,0.0125,[],4.6266792758138235,4.6266792758138235,5.165388009082172,"[5.165388009082172, 4.8076443671233795, 3.9070054512359187]","[0.0359353169218047, 0.034668589411466465, 0.03125302165885692]","[0.14086644233347442, 0.13590087049294855, 0.12251184490271912]","[0.9992900099458211, 0.23227533595538044, 0.1959160052440751]","[0.9288567887790838, 0.16432490070890615, 0.1346600827927155]","[1.0697232311125584, 0.30022577120185473, 0.25717192769543473]",0.49792069842666387,997.7342420862954,"[878.9423714100509, 1134.0018945723748, 1027.5940404994435, 950.398661863312]",2.4464406967163086,False,True,True,False,False,False
G2,S1_heavy_tail0.3_n4000,220000,701150000,220000,801150000,6122aeb,dhai.bme.e.uh.edu,25.6,ok,sieve1_sieve1,0.008429225207591522,0.028034138430865555,0.0,0.02158515021865227,0.04161131660396962,0.08864685308142528,0.5489132010884051,0.09879304767387553,"[0.31, 0.116, 0.776, 0.136]","[0.178, 0.002, 0.012, 0.022]","[0.31, 0.116, 0.776, 0.136]","[{""bootstrap_seed"": 701180000, ""n_boot"": 499, ""n_effective_moments"": 48, ""p_value"": 0.31, ""statistic"": 2.237604545352515, ""warning"": null}, {""bootstrap_seed"": 701180002, ""n_boot"": 499, ""n_effective_moments"": 48, ""p_value"": 0.116, ""statistic"": 2.7812056222505324, ""warning"": null}, {""bootstrap_seed"": 701180004, ""n_boot"": 499, ""n_effective_moments"": 48, ""p_value"": 0.776, ""statistic"": 1.7298266437695453, ""warning"": null}, {""bootstrap_seed"": 701180006, ""n_boot"": 499, ""n_effective_moments"": 48, ""p_value"": 0.136, ""statistic"": 2.592163994195461, ""warning"": null}]","[{""bootstrap_seed"": 701180001, ""n_boot"": 499, ""n_effective_moments"": 48, ""p_value"": 0.178, ""statistic"": 2.6025133085658765, ""warning"": null}, {""bootstrap_seed"": 701180003, ""n_boot"": 499, ""n_effective_moments"": 48, ""p_value"": 0.002, ""statistic"": 4.468697416206663, ""warning"": null}, {""bootstrap_seed"": 701180005, ""n_boot"": 499, ""n_effective_moments"": 48, ""p_value"": 0.012, ""statistic"": 3.9616299960073658, ""warning"": null}, {""bootstrap_seed"": 701180007, ""n_boot"": 499, ""n_effective_moments"": 48, ""p_value"": 0.022, ""statistic"": 3.4157654630935177, ""warning"": null}]",True,0.0125,[],34.17776537507455,34.17776537507455,38.79027137698839,"[38.79027137698839, 32.54887605742245, 31.194148690812813]","[0.09847622984379072, 0.09020653531954108, 0.08830932664618842]","[0.3860268209876596, 0.353609618452601, 0.3461725604530586]","[0.9698621356449815, 0.2362123173266169, 0.15419072614279405]","[0.7768487251511518, 0.05940750810031625, -0.018895554083734972]","[1.1628755461388112, 0.41301712655291756, 0.3272770063693231]",0.08474399294357066,628.9403920035256,"[617.5161507126609, 631.7196676615008, 652.1189742639967, 614.4067753759443]",32.47342945761081,True,False,False,True,True,False
G2,S1_heavy_tail0.3_n4000,220000,701150000,220000,801150000,6122aeb,dhai.bme.e.uh.edu,25.6,ok,sieve2_sieve2,0.011754843605429374,0.025178989639882337,0.03491399559165637,0.04378961026913609,0.07135240406753976,0.0669982460357638,0.688585974452382,0.2770290878870507,"[0.67, 0.48, 0.132, 0.044]","[0.002, 0.002, 0.002, 0.002]","[0.67, 0.48, 0.132, 0.044]","[{""bootstrap_seed"": 701190000, ""n_boot"": 499, ""n_effective_moments"": 48, ""p_value"": 0.67, ""statistic"": 1.7669599158853564, ""warning"": null}, {""bootstrap_seed"": 701190002, ""n_boot"": 499, ""n_effective_moments"": 48, ""p_value"": 0.48, ""statistic"": 2.063732316706734, ""warning"": null}, {""bootstrap_seed"": 701190004, ""n_boot"": 499, ""n_effective_moments"": 48, ""p_value"": 0.132, ""statistic"": 2.7327449500163867, ""warning"": null}, {""bootstrap_seed"": 701190006, ""n_boot"": 499, ""n_effective_moments"": 48, ""p_value"": 0.044, ""statistic"": 3.036032544417686, ""warning"": null}]","[{""bootstrap_seed"": 701190001, ""n_boot"": 499, ""n_effective_moments"": 48, ""p_value"": 0.002, ""statistic"": 4.741278724021072, ""warning"": null}, {""bootstrap_seed"": 701190003, ""n_boot"": 499, ""n_effective_moments"": 48, ""p_value"": 0.002, ""statistic"": 6.991138698906467, ""warning"": null}, {""bootstrap_seed"": 701190005, ""n_boot"": 499, ""n_effective_moments"": 48, ""p_value"": 0.002, ""statistic"": 5.754360158709761, ""warning"": null}, {""bootstrap_seed"": 701190007, ""n_boot"": 499, ""n_effective_moments"": 48, ""p_value"": 0.002, ""statistic"": 5.194681079554395, ""warning"": null}]",True,0.0125,[],193.80851745112264,193.80851745112264,224.23495505079296,"[156.6060324191378, 224.23495505079296, 200.58456488343728]","[0.19786740030834904, 0.23676726708457452, 0.2239333410210711]","[0.7756402092087282, 0.9281276869715321, 0.8778186968025987]","[1.1660403176692529, 0.530514603280904, -0.28241647369877204]","[0.7782202130648894, 0.0664507597951377, -0.7213258221000713]","[1.5538604222736163, 0.9945784467666704, 0.15649287470252732]",0.3253503279553435,419.10756755956805,"[425.36191889176905, 474.976913218761, 415.4767526095106, 360.6146855182315]",50.0,False,False,False,False,False,False
G2,S1_heavy_tail0.3_n4000,220000,701150000,220000,801150000,6122aeb,dhai.bme.e.uh.edu,25.6,ok,sieve3_sieve3,0.01897369519426729,0.03384373576489389,0.04679378362111853,0.07627740696665423,0.12249488961759021,0.08581327384288215,1.091702540114326,5.756736228555785,"[0.004, 0.378, 0.252, 0.128]","[0.002, 0.002, 0.002, 0.002]","[0.004, 0.378, 0.252, 0.128]","[{""bootstrap_seed"": 701200000, ""n_boot"": 499, ""n_effective_moments"": 48, ""p_value"": 0.004, ""statistic"": 3.893404991884596, ""warning"": null}, {""bootstrap_seed"": 701200002, ""n_boot"": 499, ""n_effective_moments"": 48, ""p_value"": 0.378, ""statistic"": 2.2376707129394307, ""warning"": null}, {""bootstrap_seed"": 701200004, ""n_boot"": 499, ""n_effective_moments"": 48, ""p_value"": 0.252, ""statistic"": 2.466812871794372, ""warning"": null}, {""bootstrap_seed"": 701200006, ""n_boot"": 499, ""n_effective_moments"": 48, ""p_value"": 0.128, ""statistic"": 2.738934507919404, ""warning"": null}]","[{""bootstrap_seed"": 701200001, ""n_boot"": 499, ""n_effective_moments"": 48, ""p_value"": 0.002, ""statistic"": 8.010612683547938, ""warning"": null}, {""bootstrap_seed"": 701200003, ""n_boot"": 499, ""n_effective_moments"": 48, ""p_value"": 0.002, ""statistic"": 11.807149255770659, ""warning"": null}, {""bootstrap_seed"": 701200005, ""n_boot"": 499, ""n_effective_moments"": 48, ""p_value"": 0.002, ""statistic"": 9.951095695313208, ""warning"": null}, {""bootstrap_seed"": 701200007, ""n_boot"": 499, ""n_effective_moments"": 48, ""p_value"": 0.002, ""statistic"": 8.713201821837316, ""warning"": null}]",False,0.0125,[0],233353.24740685266,233353.24740685266,422297.21126307163,"[422297.21126307163, 154074.92452428947, 123687.60643319687]","[10.274935659933249, 6.206346037006989, 5.56074649739576]","[40.277747786938335, 24.3288764650674, 21.79812626979138]","[-8.689985891746357, 2.6433168360565413, -5.069876182300046]","[-28.828859785215528, -9.52112139647716, -15.968939317195728]","[11.448888001722814, 14.807755068590243, 5.829186952595636]",0.8553883768242383,380.13620881503687,"[364.10345399066694, 428.24572313366787, 386.950856806812, 341.2448013290008]",50.0,False,False,False,False,False,False
H2,L_n1000_low,220000,701160000,220000,801160000,6122aeb,dhai.bme.e.uh.edu,7.6,ok,kernel_kernel,0.15599064455428463,0.27266868570215436,0.16089255106464828,0.10449227499152608,0.16314089334511406,0.13564414046154907,0.4334899365564028,0.030466071113262827,"[0.002, 0.002]","[0.002, 0.002]","[0.002, 0.002]","[{""bootstrap_seed"": 701160000, ""n_boot"": 499, ""n_effective_moments"": 48, ""p_value"": 0.002, ""statistic"": 8.952463194367358, ""warning"": null}, {""bootstrap_seed"": 701160002, ""n_boot"": 499, ""n_effective_moments"": 48, ""p_value"": 0.002, ""statistic"": 14.105143050369753, ""warning"": null}]","[{""bootstrap_seed"": 701160001, ""n_boot"": 499, ""n_effective_moments"": 48, ""p_value"": 0.002, ""statistic"": 6.260230844264536, ""warning"": null}, {""bootstrap_seed"": 701160003, ""n_boot"": 499, ""n_effective_moments"": 48, ""p_value"": 0.002, ""statistic"": 5.692807444286671, ""warning"": null}]",False,0.025,"[0, 1]",8.649495783026987,8.649495783026987,8.649495783026987,[8.649495783026987],[0.09300266546194785],[0.3645704486108356],[1.0205423034037358],[0.8382570790983179],[1.2028275277091536],0.14659884023666386,499.5095465998493,"[491.49052200056803, 507.52857119913057]",1.8117492198944092,False,True,False,True,False,True
H2,L_n1000_low,220000,701160000,220000,801160000,6122aeb,dhai.bme.e.uh.edu,7.6,ok,kernel_sieve1,0.15599064455428463,0.27266868570215436,0.16089255106464828,0.026970011911531776,0.04693403411608605,0.02913406158223799,0.44142010166821627,0.1252569839938532,"[0.002, 0.002]","[0.564, 0.646]","[0.564, 0.646]","[{""bootstrap_seed"": 701170000, ""n_boot"": 499, ""n_effective_moments"": 48, ""p_value"": 0.002, ""statistic"": 8.952463194367358, ""warning"": null}, {""bootstrap_seed"": 701170002, ""n_boot"": 499, ""n_effective_moments"": 48, ""p_value"": 0.002, ""statistic"": 14.105143050369753, ""warning"": null}]","[{""bootstrap_seed"": 701170001, ""n_boot"": 499, ""n_effective_moments"": 48, ""p_value"": 0.564, ""statistic"": 1.9529948777252295, ""warning"": null}, {""bootstrap_seed"": 701170003, ""n_boot"": 499, ""n_effective_moments"": 48, ""p_value"": 0.646, ""statistic"": 1.840226613922661, ""warning"": null}]",True,0.025,[],15.575558962580473,15.575558962580473,15.575558962580473,[15.575558962580473],[0.12480207915968577],[0.4892241503059682],[1.1153332162843261],[0.870721141131342],[1.3599452914373102],0.049298738506932116,424.98320416440697,"[409.5923116531298, 440.3740966756842]",7.18602149237521,False,False,True,False,False,False
H2,L_n1000_low,220000,701160000,220000,801160000,6122aeb,dhai.bme.e.uh.edu,7.6,ok,sieve1_kernel,0.03473333866770782,0.067590945202222,0.08864096706976468,0.10449227499152608,0.16314089334511406,0.13564414046154907,0.5008444522350259,0.2715874070613754,"[0.068, 0.05]","[0.002, 0.002]","[0.068, 0.05]","[{""bootstrap_seed"": 701180000, ""n_boot"": 499, ""n_effective_moments"": 48, ""p_value"": 0.068, ""statistic"": 2.96585337684753, ""warning"": null}, {""bootstrap_seed"": 701180002, ""n_boot"": 499, ""n_effective_moments"": 48, ""p_value"": 0.05, ""statistic"": 3.167289247716128, ""warning"": null}]","[{""bootstrap_seed"": 701180001, ""n_boot"": 499, ""n_effective_moments"": 48, ""p_value"": 0.002, ""statistic"": 6.260230844264536, ""warning"": null}, {""bootstrap_seed"": 701180003, ""n_boot"": 499, ""n_effective_moments"": 48, ""p_value"": 0.002, ""statistic"": 5.692807444286671, ""warning"": null}]",True,0.025,[],28.92103647198365,28.92103647198365,28.92103647198365,[28.92103647198365],[0.17006186072127885],[0.666642494027413],[0.7184888252290975],[0.385167578215391],[1.051810072242804],0.14659884023666386,499.5095465998493,"[491.49052200056803, 507.52857119913057]",1.8117492198944092,False,False,False,False,False,False
H2,L_n1000_low,220000,701160000,220000,801160000,6122aeb,dhai.bme.e.uh.edu,7.6,ok,sieve1_sieve1,0.03473333866770782,0.067590945202222,0.08864096706976468,0.026970011911531776,0.04693403411608605,0.02913406158223799,0.6486968938105014,0.4974187366476444,"[0.054, 0.034]","[0.512, 0.642]","[0.512, 0.642]","[{""bootstrap_seed"": 701190000, ""n_boot"": 499, ""n_effective_moments"": 48, ""p_value"": 0.054, ""statistic"": 2.96585337684753, ""warning"": null}, {""bootstrap_seed"": 701190002, ""n_boot"": 499, ""n_effective_moments"": 48, ""p_value"": 0.034, ""statistic"": 3.167289247716128, ""warning"": null}]","[{""bootstrap_seed"": 701190001, ""n_boot"": 499, ""n_effective_moments"": 48, ""p_value"": 0.512, ""statistic"": 1.9529948777252295, ""warning"": null}, {""bootstrap_seed"": 701190003, ""n_boot"": 499, ""n_effective_moments"": 48, ""p_value"": 0.642, ""statistic"": 1.840226613922661, ""warning"": null}]",True,0.025,[],47.21448404422478,47.21448404422478,47.21448404422478,[47.21448404422478],[0.21728894137582055],[0.8517726501932166],[0.4926574956428285],[0.06677117054622017],[0.9185438207394369],0.049298738506932116,424.98320416440697,"[409.5923116531298, 440.3740966756842]",7.18602149237521,True,False,False,False,True,False
H2,L_n1000_low,220000,701160000,220000,801160000,6122aeb,dhai.bme.e.uh.edu,7.6,ok,sieve2_sieve2,0.02776357982311225,0.05584336434864009,0.047716119165817195,0.11988738619227907,0.20313588498573176,0.1342241943377431,27.444062823456893,7.491027190312264,"[0.102, 0.344]","[0.002, 0.002]","[0.102, 0.344]","[{""bootstrap_seed"": 701200000, ""n_boot"": 499, ""n_effective_moments"": 48, ""p_value"": 0.102, ""statistic"": 2.827089625003046, ""warning"": null}, {""bootstrap_seed"": 701200002, ""n_boot"": 499, ""n_effective_moments"": 48, ""p_value"": 0.344, ""statistic"": 2.2912200150017044, ""warning"": null}]","[{""bootstrap_seed"": 701200001, ""n_boot"": 499, ""n_effective_moments"": 48, ""p_value"": 0.002, ""statistic"": 7.250084132285778, ""warning"": null}, {""bootstrap_seed"": 701200003, ""n_boot"": 499, ""n_effective_moments"": 48, ""p_value"": 0.002, ""statistic"": 6.544167587547624, ""warning"": null}]",True,0.025,[],9459.152630002498,9459.152630002498,9459.152630002498,[9459.152630002498],[3.0755735448859776],[12.056248295953031],[-6.50095095802179],[-12.529075105998306],[-0.4728268100452748],0.626222825064887,243.45502577479434,"[256.4866085305378, 230.42344301905086]",29.392141603572924,False,False,False,False,False,False
H2,L_n1000_low,220000,701160000,220000,801160000,6122aeb,dhai.bme.e.uh.edu,7.6,ok,sieve3_sieve3,0.04116405711680193,0.07864598139499562,0.07410381891173642,0.04310876245883058,0.07541024904742669,0.0,0.38675246962968485,0.16005410299581346,"[0.398, 0.002]","[0.256, 0.02]","[0.398, 0.02]","[{""bootstrap_seed"": 701210000, ""n_boot"": 499, ""n_effective_moments"": 48, ""p_value"": 0.398, ""statistic"": 2.247908465831898, ""warning"": null}, {""bootstrap_seed"": 701210002, ""n_boot"": 499, ""n_effective_moments"": 48, ""p_value"": 0.002, ""statistic"": 4.2336074782263164, ""warning"": null}]","[{""bootstrap_seed"": 701210001, ""n_boot"": 499, ""n_effective_moments"": 48, ""p_value"": 0.256, ""statistic"": 2.474415355176437, ""warning"": null}, {""bootstrap_seed"": 701210003, ""n_boot"": 499, ""n_effective_moments"": 48, ""p_value"": 0.02, ""statistic"": 3.268088210848413, ""warning"": null}]",False,0.025,[1],98.33112516085842,98.33112516085842,98.33112516085842,[98.33112516085842],[0.31357794112605947],[1.2292255292141532],[1.1501303352862864],[0.5355175706792098],[1.764743099893363],0.20337488409787052,185.3798066313374,"[198.35987209486288, 172.39974116781192]",26.371930715691953,False,False,False,False,False,False
H2,L_n2000_low,220000,701170000,220000,801170000,6122aeb,dhai.bme.e.uh.edu,13.9,ok,kernel_kernel,0.14260652865784657,0.2734860568394879,0.1574958837853526,0.08605533535521931,0.14455671317658328,0.14382147959002212,0.3999353519323279,0.01288166840171956,"[0.002, 0.002]","[0.002, 0.002]","[0.002, 0.002]","[{""bootstrap_seed"": 701170000, ""n_boot"": 499, ""n_effective_moments"": 48, ""p_value"": 0.002, ""statistic"": 15.201756304271633, ""warning"": null}, {""bootstrap_seed"": 701170002, ""n_boot"": 499, ""n_effective_moments"": 48, ""p_value"": 0.002, ""statistic"": 19.453811991212795, ""warning"": null}]","[{""bootstrap_seed"": 701170001, ""n_boot"": 499, ""n_effective_moments"": 48, ""p_value"": 0.002, ""statistic"": 9.008321577429816, ""warning"": null}, {""bootstrap_seed"": 701170003, ""n_boot"": 499, ""n_effective_moments"": 48, ""p_value"": 0.002, ""statistic"": 7.909461228352424, ""warning"": null}]",False,0.025,"[0, 1]",9.426111445935923,9.426111445935923,9.426111445935923,[9.426111445935923],[0.06865169861677103],[0.26911465857774247],[0.9814800073867338],[0.8469226780978626],[1.1160373366756051],0.13265049031376835,999.1631874909046,"[993.208284933763, 1005.1180900480462]",1.8693311214447021,False,True,False,False,False,True
H2,L_n2000_low,220000,701170000,220000,801170000,6122aeb,dhai.bme.e.uh.edu,13.9,ok,kernel_sieve1,0.14260652865784657,0.2734860568394879,0.1574958837853526,0.01109305694844608,0.029547725469955995,0.0472617657267157,0.5665436729472053,0.11187823940152364,"[0.002, 0.002]","[0.196, 0.998]","[0.196, 0.998]","[{""bootstrap_seed"": 701180000, ""n_boot"": 499, ""n_effective_moments"": 48, ""p_value"": 0.002, ""statistic"": 15.201756304271633, ""warning"": null}, {""bootstrap_seed"": 701180002, ""n_boot"": 499, ""n_effective_moments"": 48, ""p_value"": 0.002, ""statistic"": 19.453811991212795, ""warning"": null}]","[{""bootstrap_seed"": 701180001, ""n_boot"": 499, ""n_effective_moments"": 48, ""p_value"": 0.196, ""statistic"": 2.4459090203450713, ""warning"": null}, {""bootstrap_seed"": 701180003, ""n_boot"": 499, ""n_effective_moments"": 48, ""p_value"": 0.998, ""statistic"": 1.033570257104379, ""warning"": null}]",True,0.025,[],13.786118912362342,13.786118912362342,13.786118912362342,[13.786118912362342],[0.08302445095380741],[0.32545584773892505],[0.8824834363869297],[0.7197555125174673],[1.0452113602563922],0.01140539469215096,909.734134238588,"[902.5332161445598, 916.9350523326164]",4.997383190185998,False,False,False,False,False,False
H2,L_n2000_low,220000,701170000,220000,801170000,6122aeb,dhai.bme.e.uh.edu,13.9,ok,sieve1_kernel,0.009039063806354176,0.021567515874119068,0.0,0.08605533535521931,0.14455671317658328,0.14382147959002212,0.4989468013839846,0.004190564608657299,"[0.91, 0.984]","[0.002, 0.002]","[0.91, 0.984]","[{""bootstrap_seed"": 701190000, ""n_boot"": 499, ""n_effective_moments"": 48, ""p_value"": 0.91, ""statistic"": 1.45638715984135, ""warning"": null}, {""bootstrap_seed"": 701190002, ""n_boot"": 499, ""n_effective_moments"": 48, ""p_value"": 0.984, ""statistic"": 1.1769293517046122, ""warning"": null}]","[{""bootstrap_seed"": 701190001, ""n_boot"": 499, ""n_effective_moments"": 48, ""p_value"": 0.002, ""statistic"": 9.008321577429816, ""warning"": null}, {""bootstrap_seed"": 701190003, ""n_boot"": 499, ""n_effective_moments"": 48, ""p_value"": 0.002, ""statistic"": 7.909461228352424, ""warning"": null}]",True,0.025,[],11.41648947777922,11.41648947777922,11.41648947777922,[11.41648947777922],[0.07555292673940309],[0.2961674728184601],[0.9985522403971107],[0.8504685039878805],[1.1466359768063408],0.13265049031376835,999.1631874909046,"[993.208284933763, 1005.1180900480462]",1.8693311214447021,False,False,True,True,False,False
H2,L_n2000_low,220000,701170000,220000,801170000,6122aeb,dhai.bme.e.uh.edu,13.9,ok,sieve1_sieve1,0.009039063806354176,0.021567515874119068,0.0,0.01109305694844608,0.029547725469955995,0.0472617657267157,0.4113437443811614,0.05229230723512324,"[0.898, 0.982]","[0.26, 0.998]","[0.898, 0.998]","[{""bootstrap_seed"": 701200000, ""n_boot"": 499, ""n_effective_moments"": 48, ""p_value"": 0.898, ""statistic"": 1.45638715984135, ""warning"": null}, {""bootstrap_seed"": 701200002, ""n_boot"": 499, ""n_effective_moments"": 48, ""p_value"": 0.982, ""statistic"": 1.1769293517046122, ""warning"": null}]","[{""bootstrap_seed"": 701200001, ""n_boot"": 499, ""n_effective_moments"": 48, ""p_value"": 0.26, ""statistic"": 2.4459090203450713, ""warning"": null}, {""bootstrap_seed"": 701200003, ""n_boot"": 499, ""n_effective_moments"": 48, ""p_value"": 0.998, ""statistic"": 1.033570257104379, ""warning"": null}]",True,0.025,[],19.58421734611231,19.58421734611231,19.58421734611231,[19.58421734611231],[0.09895508411929199],[0.3879039297476246],[1.0466539830235766],[0.8527020181497643],[1.240605947897389],0.01140539469215096,909.734134238588,"[902.5332161445598, 916.9350523326164]",4.997383190185998,True,False,False,False,True,False
H2,L_n2000_low,220000,701170000,220000,801170000,6122aeb,dhai.bme.e.uh.edu,13.9,ok,sieve2_sieve2,0.01625358177378235,0.04244850323054743,0.05455465687633214,0.04053854742635776,0.07111376672627229,0.0761480060461708,1.4532758049805723,1.0079720246420976,"[0.006, 0.364]","[0.018, 0.002]","[0.018, 0.364]","[{""bootstrap_seed"": 701210000, ""n_boot"": 499, ""n_effective_moments"": 48, ""p_value"": 0.006, ""statistic"": 3.9075520768872325, ""warning"": null}, {""bootstrap_seed"": 701210002, ""n_boot"": 499, ""n_effective_moments"": 48, ""p_value"": 0.364, ""statistic"": 2.292391406095953, ""warning"": null}]","[{""bootstrap_seed"": 701210001, ""n_boot"": 499, ""n_effective_moments"": 48, ""p_value"": 0.018, ""statistic"": 3.469659517690379, ""warning"": null}, {""bootstrap_seed"": 701210003, ""n_boot"": 499, ""n_effective_moments"": 48, ""p_value"": 0.002, ""statistic"": 4.50489527350002, ""warning"": null}]",False,0.025,[0],1206.3843706531318,1206.3843706531318,1206.3843706531318,[1206.3843706531318],[0.77665448258963],[3.0444855717513497],[-0.013610348853644155],[-1.535853134729319],[1.5086324370220308],0.13163513860481224,645.4883284195674,"[632.3199242200615, 658.6567326190734]",17.83185383608546,False,False,False,False,False,False
H2,L_n2000_low,220000,701170000,220000,801170000,6122aeb,dhai.bme.e.uh.edu,13.9,ok,sieve3_sieve3,0.031541469951705745,0.059188848576912624,0.042178397323554884,0.16464066159486596,0.2720456691360615,0.26567009302878475,16.329800007444632,3.883198645300896,"[0.002, 0.602]","[0.002, 0.002]","[0.002, 0.602]","[{""bootstrap_seed"": 701220000, ""n_boot"": 499, ""n_effective_moments"": 48, ""p_value"": 0.002, ""statistic"": 4.741471972541168, ""warning"": null}, {""bootstrap_seed"": 701220002, ""n_boot"": 499, ""n_effective_moments"": 48, ""p_value"": 0.602, ""statistic"": 1.9832768313695777, ""warning"": null}]","[{""bootstrap_seed"": 701220001, ""n_boot"": 499, ""n_effective_moments"": 48, ""p_value"": 0.002, ""statistic"": 14.306253886362125, ""warning"": null}, {""bootstrap_seed"": 701220003, ""n_boot"": 499, ""n_effective_moments"": 48, ""p_value"": 0.002, ""statistic"": 14.191380232775757, ""warning"": null}]",False,0.025,[0],10468.546941564136,10468.546941564136,10468.546941564136,[10468.546941564136],[2.2878534635728025],[8.968385577205385],[-2.8888369695124427],[-7.373029758115134],[1.595355819090249],2.0830486308551595,372.77172918501276,"[368.69586723897334, 376.8475911310522]",50.0,False,False,False,False,False,False
H2,L_n4000_low,220000,701180000,220000,801180000,6122aeb,dhai.bme.e.uh.edu,22.2,ok,kernel_kernel,0.12677472916877922,0.20870831572058254,0.1654422921663793,0.06596026562969888,0.10724410751177393,0.05554829702746836,0.2830306541133523,0.009252753483653953,"[0.002, 0.002]","[0.002, 0.002]","[0.002, 0.002]","[{""bootstrap_seed"": 701180000, ""n_boot"": 499, ""n_effective_moments"": 48, ""p_value"": 0.002, ""statistic"": 12.39955930663083, ""warning"": null}, {""bootstrap_seed"": 701180002, ""n_boot"": 499, ""n_effective_moments"": 48, ""p_value"": 0.002, ""statistic"": 24.05805252084976, ""warning"": null}]","[{""bootstrap_seed"": 701180001, ""n_boot"": 499, ""n_effective_moments"": 48, ""p_value"": 0.002, ""statistic"": 8.886779002355876, ""warning"": null}, {""bootstrap_seed"": 701180003, ""n_boot"": 499, ""n_effective_moments"": 48, ""p_value"": 0.002, ""statistic"": 9.57448796391693, ""warning"": null}]",False,0.025,"[0, 1]",9.83768127245565,9.83768127245565,9.83768127245565,[9.83768127245565],[0.049592542968816516],[0.19440276843776075],[1.0111979303934793],[0.9139965461745989],[1.1083993146123596],0.1079586320221424,1998.7011327095765,"[2013.4194423608712, 1983.9828230582816]",1.9329757690429688,False,False,False,True,False,True
H2,L_n4000_low,220000,701180000,220000,801180000,6122aeb,dhai.bme.e.uh.edu,22.2,ok,kernel_sieve1,0.12677472916877922,0.20870831572058254,0.1654422921663793,0.0048228990177998105,0.013345366186405746,0.0,0.34584332258006306,0.02209158071034778,"[0.002, 0.002]","[0.848, 1.0]","[0.848, 1.0]","[{""bootstrap_seed"": 701190000, ""n_boot"": 499, ""n_effective_moments"": 48, ""p_value"": 0.002, ""statistic"": 12.39955930663083, ""warning"": null}, {""bootstrap_seed"": 701190002, ""n_boot"": 499, ""n_effective_moments"": 48, ""p_value"": 0.002, ""statistic"": 24.05805252084976, ""warning"": null}]","[{""bootstrap_seed"": 701190001, ""n_boot"": 499, ""n_effective_moments"": 48, ""p_value"": 0.848, ""statistic"": 1.6395918939028475, ""warning"": null}, {""bootstrap_seed"": 701190003, ""n_boot"": 499, ""n_effective_moments"": 48, ""p_value"": 1.0, ""statistic"": 0.803474713313653, ""warning"": null}]",True,0.025,[],13.404801441823809,13.404801441823809,13.404801441823809,[13.404801441823809],[0.057889553120195635],[0.22692704823116688],[0.9798535961994775],[0.8663900720838941],[1.093317120315061],0.002862966835670777,1838.2798153379806,"[1843.9268391748683, 1832.632791501093]",4.741359526361137,False,False,False,False,False,False
H2,L_n4000_low,220000,701180000,220000,801180000,6122aeb,dhai.bme.e.uh.edu,22.2,ok,sieve1_kernel,0.008658134987855143,0.023053786681255566,0.08276479492973919,0.06596026562969888,0.10724410751177393,0.05554829702746836,0.24649195743828284,0.03316921164019082,"[0.95, 0.084]","[0.002, 0.002]","[0.95, 0.084]","[{""bootstrap_seed"": 701200000, ""n_boot"": 499, ""n_effective_moments"": 48, ""p_value"": 0.95, ""statistic"": 1.2951774928434523, ""warning"": null}, {""bootstrap_seed"": 701200002, ""n_boot"": 499, ""n_effective_moments"": 48, ""p_value"": 0.084, ""statistic"": 2.8723321619795494, ""warning"": null}]","[{""bootstrap_seed"": 701200001, ""n_boot"": 499, ""n_effective_moments"": 48, ""p_value"": 0.002, ""statistic"": 8.886779002355876, ""warning"": null}, {""bootstrap_seed"": 701200003, ""n_boot"": 499, ""n_effective_moments"": 48, ""p_value"": 0.002, ""statistic"": 9.57448796391693, ""warning"": null}]",True,0.025,[],4.570168373838924,4.570168373838924,4.570168373838924,[4.570168373838924],[0.03380151022454072],[0.13250192008019962],[0.9687759652696345],[0.9025250052295347],[1.0350269253097344],0.1079586320221424,1998.7011327095765,"[2013.4194423608712, 1983.9828230582816]",1.9329757690429688,False,True,True,False,False,False
H2,L_n4000_low,220000,701180000,220000,801180000,6122aeb,dhai.bme.e.uh.edu,22.2,ok,sieve1_sieve1,0.008658134987855143,0.023053786681255566,0.08276479492973919,0.0048228990177998105,0.013345366186405746,0.0,0.2786496821019351,0.029215786544095734,"[0.952, 0.092]","[0.81, 1.0]","[0.952, 1.0]","[{""bootstrap_seed"": 701210000, ""n_boot"": 499, ""n_effective_moments"": 48, ""p_value"": 0.952, ""statistic"": 1.2951774928434523, ""warning"": null}, {""bootstrap_seed"": 701210002, ""n_boot"": 499, ""n_effective_moments"": 48, ""p_value"": 0.092, ""statistic"": 2.8723321619795494, ""warning"": null}]","[{""bootstrap_seed"": 701210001, ""n_boot"": 499, ""n_effective_moments"": 48, ""p_value"": 0.81, ""statistic"": 1.6395918939028475, ""warning"": null}, {""bootstrap_seed"": 701210003, ""n_boot"": 499, ""n_effective_moments"": 48, ""p_value"": 1.0, ""statistic"": 0.803474713313653, ""warning"": null}]",True,0.025,[],6.483929650367894,6.483929650367894,6.483929650367894,[6.483929650367894],[0.04026142586387091],[0.15782478938637395],[0.9727293903657296],[0.8938169956725426],[1.0516417850589166],0.002862966835670777,1838.2798153379806,"[1843.9268391748683, 1832.632791501093]",4.741359526361137,True,False,False,False,True,False
H2,L_n4000_low,220000,701180000,220000,801180000,6122aeb,dhai.bme.e.uh.edu,22.2,ok,sieve2_sieve2,0.017526126332139347,0.033298578928220225,0.0,0.01893397722604592,0.03568760428015023,0.0,1.4680693952805743,0.09452099814159665,"[0.008, 0.034]","[0.014, 0.692]","[0.014, 0.692]","[{""bootstrap_seed"": 701220000, ""n_boot"": 499, ""n_effective_moments"": 48, ""p_value"": 0.008, ""statistic"": 3.436210815182283, ""warning"": null}, {""bootstrap_seed"": 701220002, ""n_boot"": 499, ""n_effective_moments"": 48, ""p_value"": 0.034, ""statistic"": 3.1105294860495474, ""warning"": null}]","[{""bootstrap_seed"": 701220001, ""n_boot"": 499, ""n_effective_moments"": 48, ""p_value"": 0.014, ""statistic"": 3.6107138671156656, ""warning"": null}, {""bootstrap_seed"": 701220003, ""n_boot"": 499, ""n_effective_moments"": 48, ""p_value"": 0.692, ""statistic"": 1.8454848710790968, ""warning"": null}]",False,0.025,[0],132.07080807215203,132.07080807215203,132.07080807215203,[132.07080807215203],[0.18170773791459188],[0.7122943326252001],[0.9074241787682287],[0.5512770124556285],[1.2635713450808288],0.04949847742798308,1641.0142869432707,"[1633.6076460663921, 1648.4209278201492]",9.08185173925399,False,False,False,False,False,False
H2,L_n4000_low,220000,701180000,220000,801180000,6122aeb,dhai.bme.e.uh.edu,22.2,ok,sieve3_sieve3,0.014738669239364025,0.0346375291402891,0.10302477750482437,0.10452903266093366,0.1807456435843414,0.178736569856292,11.02448736007604,2.4673370826304035,"[0.088, 0.002]","[0.002, 0.002]","[0.088, 0.002]","[{""bootstrap_seed"": 701230000, ""n_boot"": 499, ""n_effective_moments"": 48, ""p_value"": 0.088, ""statistic"": 2.9644143510343794, ""warning"": null}, {""bootstrap_seed"": 701230002, ""n_boot"": 499, ""n_effective_moments"": 48, ""p_value"": 0.002, ""statistic"": 4.210011209699094, ""warning"": null}]","[{""bootstrap_seed"": 701230001, ""n_boot"": 499, ""n_effective_moments"": 48, ""p_value"": 0.002, ""statistic"": 14.491649264440952, ""warning"": null}, {""bootstrap_seed"": 701230003, ""n_boot"": 499, ""n_effective_moments"": 48, ""p_value"": 0.002, ""statistic"": 12.474809363768262, ""warning"": null}]",False,0.025,[1],18977.005783989054,18977.005783989054,18977.005783989054,[18977.005783989054],[2.1781302637806728],[8.538270634020238],[-1.465391905720578],[-5.734527222730698],[2.803743411289542],0.7689897630922854,817.5473692574488,"[807.0181305706246, 828.0766079442731]",50.0,False,False,False,False,False,False
H2,L_n8000_low,220000,701190000,220000,801190000,6122aeb,dhai.bme.e.uh.edu,33.9,ok,kernel_kernel,0.11491315512595579,0.21181355993517187,0.1759676912297745,0.04715481392148012,0.09426802626067521,0.09833688620617151,0.21702457670387318,0.02191198162424679,"[0.002, 0.002]","[0.002, 0.002]","[0.002, 0.002]","[{""bootstrap_seed"": 701190000, ""n_boot"": 499, ""n_effective_moments"": 48, ""p_value"": 0.002, ""statistic"": 26.506434878990223, ""warning"": null}, {""bootstrap_seed"": 701190002, ""n_boot"": 499, ""n_effective_moments"": 48, ""p_value"": 0.002, ""statistic"": 29.129292883217925, ""warning"": null}]","[{""bootstrap_seed"": 701190001, ""n_boot"": 499, ""n_effective_moments"": 48, ""p_value"": 0.002, ""statistic"": 12.596676789906354, ""warning"": null}, {""bootstrap_seed"": 701190003, ""n_boot"": 499, ""n_effective_moments"": 48, ""p_value"": 0.002, ""statistic"": 13.94225769955603, ""warning"": null}]",False,0.025,"[0, 1]",9.487920998964531,9.487920998964531,9.487920998964531,[9.487920998964531],[0.03443820734112864],[0.13499777277722425],[1.023877953978063],[0.9563790675894508],[1.091376840366675],0.07680278773605825,3998.165904956677,"[3978.5288371010615, 4017.802972812293]",2.0495200157165527,False,True,False,False,False,True
H2,L_n8000_low,220000,701190000,220000,801190000,6122aeb,dhai.bme.e.uh.edu,33.9,ok,kernel_sieve1,0.11491315512595579,0.21181355993517187,0.1759676912297745,0.003161749573067363,0.00752613341972939,0.0,0.22821357653678515,0.0014993795099109697,"[0.002, 0.002]","[1.0, 0.996]","[1.0, 0.996]","[{""bootstrap_seed"": 701200000, ""n_boot"": 499, ""n_effective_moments"": 48, ""p_value"": 0.002, ""statistic"": 26.506434878990223, ""warning"": null}, {""bootstrap_seed"": 701200002, ""n_boot"": 499, ""n_effective_moments"": 48, ""p_value"": 0.002, ""statistic"": 29.129292883217925, ""warning"": null}]","[{""bootstrap_seed"": 701200001, ""n_boot"": 499, ""n_effective_moments"": 48, ""p_value"": 1.0, ""statistic"": 0.6953238584788289, ""warning"": null}, {""bootstrap_seed"": 701200003, ""n_boot"": 499, ""n_effective_moments"": 48, ""p_value"": 0.996, ""statistic"": 1.106894718055204, ""warning"": null}]",True,0.025,[],11.921228699729486,11.921228699729486,11.921228699729486,[11.921228699729486],[0.038602507528218755],[0.1513218295106175],[1.0004665928439052],[0.9248056780885964],[1.0761275075992138],0.0017261205820296999,3719.4159100368497,"[3696.2341855076943, 3742.5976345660047]",4.449647103347682,False,False,True,True,False,False
H2,L_n8000_low,220000,701190000,220000,801190000,6122aeb,dhai.bme.e.uh.edu,33.9,ok,sieve1_kernel,0.01091383256557198,0.020856615218145254,0.12899823011745293,0.04715481392148012,0.09426802626067521,0.09833688620617151,0.5429137699808692,0.0159293560483329,"[0.246, 0.23]","[0.002, 0.002]","[0.246, 0.23]","[{""bootstrap_seed"": 701210000, ""n_boot"": 499, ""n_effective_moments"": 48, ""p_value"": 0.246, ""statistic"": 2.4428128080146756, ""warning"": null}, {""bootstrap_seed"": 701210002, ""n_boot"": 499, ""n_effective_moments"": 48, ""p_value"": 0.23, ""statistic"": 2.5623009560493424, ""warning"": null}]","[{""bootstrap_seed"": 701210001, ""n_boot"": 499, ""n_effective_moments"": 48, ""p_value"": 0.002, ""statistic"": 12.596676789906354, ""warning"": null}, {""bootstrap_seed"": 701210003, ""n_boot"": 499, ""n_effective_moments"": 48, ""p_value"": 0.002, ""statistic"": 13.94225769955603, ""warning"": null}]",True,0.025,[],44.31303724725058,44.31303724725058,44.31303724725058,[44.31303724725058],[0.07442532939736526],[0.29174729123767185],[0.9860366163054832],[0.8401629706866474],[1.131910261924319],0.07680278773605825,3998.165904956677,"[3978.5288371010615, 4017.802972812293]",2.0495200157165527,False,False,False,False,False,False
H2,L_n8000_low,220000,701190000,220000,801190000,6122aeb,dhai.bme.e.uh.edu,33.9,ok,sieve1_sieve1,0.01091383256557198,0.020856615218145254,0.12899823011745293,0.003161749573067363,0.00752613341972939,0.0,1.0528108570372179,0.0630998282472901,"[0.262, 0.224]","[1.0, 0.998]","[1.0, 0.998]","[{""bootstrap_seed"": 701220000, ""n_boot"": 499, ""n_effective_moments"": 48, ""p_value"": 0.262, ""statistic"": 2.4428128080146756, ""warning"": null}, {""bootstrap_seed"": 701220002, ""n_boot"": 499, ""n_effective_moments"": 48, ""p_value"": 0.224, ""statistic"": 2.5623009560493424, ""warning"": null}]","[{""bootstrap_seed"": 701220001, ""n_boot"": 499, ""n_effective_moments"": 48, ""p_value"": 1.0, ""statistic"": 0.6953238584788289, ""warning"": null}, {""bootstrap_seed"": 701220003, ""n_boot"": 499, ""n_effective_moments"": 48, ""p_value"": 0.998, ""statistic"": 1.106894718055204, ""warning"": null}]",True,0.025,[],59.39868140893449,59.39868140893449,59.39868140893449,[59.39868140893449],[0.08616748328758832],[0.3377765344873462],[1.0650658006011062],[0.8961775333574331],[1.2339540678447793],0.0017261205820296999,3719.4159100368497,"[3696.2341855076943, 3742.5976345660047]",4.449647103347682,True,False,False,False,True,False
H2,L_n8000_low,220000,701190000,220000,801190000,6122aeb,dhai.bme.e.uh.edu,33.9,ok,sieve2_sieve2,0.013446010472573506,0.02489337626302945,0.05581105154341398,0.009877367321904858,0.017818607249738213,0.09209151019173517,0.4551753391484659,0.0713397423078368,"[0.006, 0.492]","[0.594, 0.532]","[0.594, 0.532]","[{""bootstrap_seed"": 701230000, ""n_boot"": 499, ""n_effective_moments"": 48, ""p_value"": 0.006, ""statistic"": 3.7649166189301098, ""warning"": null}, {""bootstrap_seed"": 701230002, ""n_boot"": 499, ""n_effective_moments"": 48, ""p_value"": 0.492, ""statistic"": 2.1687568599591276, ""warning"": null}]","[{""bootstrap_seed"": 701230001, ""n_boot"": 499, ""n_effective_moments"": 48, ""p_value"": 0.594, ""statistic"": 2.0403575388241744, ""warning"": null}, {""bootstrap_seed"": 701230003, ""n_boot"": 499, ""n_effective_moments"": 48, ""p_value"": 0.532, ""statistic"": 2.137004688232601, ""warning"": null}]",True,0.025,[],184.75629441540895,184.75629441540895,184.75629441540895,[184.75629441540895],[0.15196886787077846],[0.5957179620534515],[1.073305714661653],[0.7754467336349272],[1.3711646956883787],0.02462356838489599,3440.2608883835055,"[3376.6120496730928, 3503.9097270939183]",9.029531789787441,False,False,False,False,False,False
H2,L_n8000_low,220000,701190000,220000,801190000,6122aeb,dhai.bme.e.uh.edu,33.9,ok,sieve3_sieve3,0.006436361013083572,0.015079428878543367,0.10615611892277617,0.054886957614913585,0.10315854969384758,0.06612232545963175,0.996527860540569,0.7795864665756611,"[0.898, 0.302]","[0.002, 0.002]","[0.898, 0.302]","[{""bootstrap_seed"": 701240000, ""n_boot"": 499, ""n_effective_moments"": 48, ""p_value"": 0.898, ""statistic"": 1.6161760095966664, ""warning"": null}, {""bootstrap_seed"": 701240002, ""n_boot"": 499, ""n_effective_moments"": 48, ""p_value"": 0.302, ""statistic"": 2.416230392245943, ""warning"": null}]","[{""bootstrap_seed"": 701240001, ""n_boot"": 499, ""n_effective_moments"": 48, ""p_value"": 0.002, ""statistic"": 11.134120720969099, ""warning"": null}, {""bootstrap_seed"": 701240003, ""n_boot"": 499, ""n_effective_moments"": 48, ""p_value"": 0.002, ""statistic"": 10.396610448971844, ""warning"": null}]",True,0.025,[],3610.389818904006,3610.389818904006,3610.389818904006,[3610.389818904006],[0.6717877100416476],[2.6334078233632585],[0.22237950577815496],[-1.094324405903474],[1.539083417459784],0.24554912309911814,2327.0500108796687,"[2192.5487514223764, 2461.551270336961]",30.99525704336227,False,False,False,False,False,False
H2,N_n1000_low,220000,701200000,220000,801200000,6122aeb,dhai.bme.e.uh.edu,11.4,ok,kernel_kernel,0.16101372273248138,0.28249957937256875,0.17275954749826028,0.09181273169391534,0.15434378777208058,0.12813523684412903,0.42646164370679945,0.009428429643765668,"[0.002, 0.002]","[0.002, 0.002]","[0.002, 0.002]","[{""bootstrap_seed"": 701200000, ""n_boot"": 499, ""n_effective_moments"": 48, ""p_value"": 0.002, ""statistic"": 8.408048021386996, ""warning"": null}, {""bootstrap_seed"": 701200002, ""n_boot"": 499, ""n_effective_moments"": 48, ""p_value"": 0.002, ""statistic"": 14.703367352166227, ""warning"": null}]","[{""bootstrap_seed"": 701200001, ""n_boot"": 499, ""n_effective_moments"": 48, ""p_value"": 0.002, ""statistic"": 6.550107693631148, ""warning"": null}, {""bootstrap_seed"": 701200003, ""n_boot"": 499, ""n_effective_moments"": 48, ""p_value"": 0.002, ""statistic"": 5.942644123537103, ""warning"": null}]",False,0.025,"[0, 1]",6.718108989257929,6.718108989257929,6.718108989257929,[6.718108989257929],[0.08196407133163852],[0.321299159620023],[0.9995046619342386],[0.8388550821242271],[1.16015424174425],0.14640329438447958,499.52074905656013,"[489.49991673162845, 509.54158138149177]",1.80918550491333,False,False,False,True,False,True
H2,N_n1000_low,220000,701200000,220000,801200000,6122aeb,dhai.bme.e.uh.edu,11.4,ok,kernel_sieve1,0.16101372273248138,0.28249957937256875,0.17275954749826028,0.016565460790604697,0.03704428699902372,0.04805054739624916,0.42578214210047644,0.09533954503107045,"[0.002, 0.002]","[0.984, 0.714]","[0.984, 0.714]","[{""bootstrap_seed"": 701210000, ""n_boot"": 499, ""n_effective_moments"": 48, ""p_value"": 0.002, ""statistic"": 8.408048021386996, ""warning"": null}, {""bootstrap_seed"": 701210002, ""n_boot"": 499, ""n_effective_moments"": 48, ""p_value"": 0.002, ""statistic"": 14.703367352166227, ""warning"": null}]","[{""bootstrap_seed"": 701210001, ""n_boot"": 499, ""n_effective_moments"": 48, ""p_value"": 0.984, ""statistic"": 1.2864917545501082, ""warning"": null}, {""bootstrap_seed"": 701210003, ""n_boot"": 499, ""n_effective_moments"": 48, ""p_value"": 0.714, ""statistic"": 1.832378067444787, ""warning"": null}]",True,0.025,[],10.93939505519883,10.93939505519883,10.93939505519883,[10.93939505519883],[0.10459156302111002],[0.40999892704275126],[1.0854157773215434],[0.8804163138001677],[1.290415240842919],0.03002786643478461,446.574183990679,"[434.36425789540067, 458.78411008595725]",5.552651078875955,False,False,False,False,False,False
H2,N_n1000_low,220000,701200000,220000,801200000,6122aeb,dhai.bme.e.uh.edu,11.4,ok,sieve1_kernel,0.010832129258826904,0.03226502218598748,0.03759631992046602,0.09181273169391534,0.15434378777208058,0.12813523684412903,0.5093276468890896,0.10027900778161525,"[0.962, 0.772]","[0.002, 0.002]","[0.962, 0.772]","[{""bootstrap_seed"": 701220000, ""n_boot"": 499, ""n_effective_moments"": 48, ""p_value"": 0.962, ""statistic"": 1.283729516639729, ""warning"": null}, {""bootstrap_seed"": 701220002, ""n_boot"": 499, ""n_effective_moments"": 48, ""p_value"": 0.772, ""statistic"": 1.677554315150348, ""warning"": null}]","[{""bootstrap_seed"": 701220001, ""n_boot"": 499, ""n_effective_moments"": 48, ""p_value"": 0.002, ""statistic"": 6.550107693631148, ""warning"": null}, {""bootstrap_seed"": 701220003, ""n_boot"": 499, ""n_effective_moments"": 48, ""p_value"": 0.002, ""statistic"": 5.942644123537103, ""warning"": null}]",True,0.025,[],3.7142053988541943,3.7142053988541943,3.7142053988541943,[3.7142053988541943],[0.06094428110047894],[0.23890158191387745],[1.0903552400720882],[0.9709044491151495],[1.2098060310290268],0.14640329438447958,499.52074905656013,"[489.49991673162845, 509.54158138149177]",1.80918550491333,False,True,True,False,False,False
H2,N_n1000_low,220000,701200000,220000,801200000,6122aeb,dhai.bme.e.uh.edu,11.4,ok,sieve1_sieve1,0.010832129258826904,0.03226502218598748,0.03759631992046602,0.016565460790604697,0.03704428699902372,0.04805054739624916,0.523844933202213,0.10912001511222258,"[0.962, 0.784]","[0.976, 0.692]","[0.976, 0.784]","[{""bootstrap_seed"": 701230000, ""n_boot"": 499, ""n_effective_moments"": 48, ""p_value"": 0.962, ""statistic"": 1.283729516639729, ""warning"": null}, {""bootstrap_seed"": 701230002, ""n_boot"": 499, ""n_effective_moments"": 48, ""p_value"": 0.784, ""statistic"": 1.677554315150348, ""warning"": null}]","[{""bootstrap_seed"": 701230001, ""n_boot"": 499, ""n_effective_moments"": 48, ""p_value"": 0.976, ""statistic"": 1.2864917545501082, ""warning"": null}, {""bootstrap_seed"": 701230003, ""n_boot"": 499, ""n_effective_moments"": 48, ""p_value"": 0.692, ""statistic"": 1.832378067444787, ""warning"": null}]",True,0.025,[],6.226665867818622,6.226665867818622,6.226665867818622,[6.226665867818622],[0.07890922549245191],[0.3093241639304115],[1.0991962474026955],[0.9445341654374897],[1.2538583293679013],0.03002786643478461,446.574183990679,"[434.36425789540067, 458.78411008595725]",5.552651078875955,True,False,False,False,True,False
H2,N_n1000_low,220000,701200000,220000,801200000,6122aeb,dhai.bme.e.uh.edu,11.4,ok,sieve2_sieve2,0.036800937635768596,0.07869209140497338,0.036019612826355685,0.1119322337836055,0.18772424175363306,0.14776218669673064,0.6228951223969843,2.6251444545938107,"[0.006, 0.042]","[0.002, 0.002]","[0.006, 0.042]","[{""bootstrap_seed"": 701240000, ""n_boot"": 499, ""n_effective_moments"": 48, ""p_value"": 0.006, ""statistic"": 3.5284668761508073, ""warning"": null}, {""bootstrap_seed"": 701240002, ""n_boot"": 499, ""n_effective_moments"": 48, ""p_value"": 0.042, ""statistic"": 3.178698122610285, ""warning"": null}]","[{""bootstrap_seed"": 701240001, ""n_boot"": 499, ""n_effective_moments"": 48, ""p_value"": 0.002, ""statistic"": 7.606936747303697, ""warning"": null}, {""bootstrap_seed"": 701240003, ""n_boot"": 499, ""n_effective_moments"": 48, ""p_value"": 0.002, ""statistic"": 6.435119896910425, ""warning"": null}]",False,0.025,[0],5634.643976656015,5634.643976656015,5634.643976656015,[5634.643976656015],[2.3737405032260823],[9.305062772646243],[3.6152206868842836],[-1.0373106994388381],[8.267752073207404],0.710699886078448,231.35851556333057,"[235.04770445324317, 227.66932667341797]",29.93791278160464,False,False,False,False,False,False
H2,N_n1000_low,220000,701200000,220000,801200000,6122aeb,dhai.bme.e.uh.edu,11.4,ok,sieve3_sieve3,0.038756988166666166,0.06711421024089281,0.034707982526212336,0.035221096977089326,0.0656955004674998,0.0,1.1663097285964266,0.5265167545921005,"[0.696, 0.024]","[0.652, 0.016]","[0.696, 0.024]","[{""bootstrap_seed"": 701250000, ""n_boot"": 499, ""n_effective_moments"": 48, ""p_value"": 0.696, ""statistic"": 1.8482821615594018, ""warning"": null}, {""bootstrap_seed"": 701250002, ""n_boot"": 499, ""n_effective_moments"": 48, ""p_value"": 0.024, ""statistic"": 3.492617966507402, ""warning"": null}]","[{""bootstrap_seed"": 701250001, ""n_boot"": 499, ""n_effective_moments"": 48, ""p_value"": 0.652, ""statistic"": 1.8853557216892134, ""warning"": null}, {""bootstrap_seed"": 701250003, ""n_boot"": 499, ""n_effective_moments"": 48, ""p_value"": 0.016, ""statistic"": 3.55547054290577, ""warning"": null}]",False,0.025,[1],80.55479194783499,80.55479194783499,80.55479194783499,[80.55479194783499],[0.28382176087790556],[1.1125813026413898],[1.5165929868825734],[0.9603023355618786],[2.072883638203268],0.161139640039479,208.46780096393852,"[200.79643916181485, 216.13916276606219]",23.956835844332005,False,False,False,False,False,False
H2,N_n2000_low,220000,701210000,220000,801210000,6122aeb,dhai.bme.e.uh.edu,13.7,ok,kernel_kernel,0.13929244360979948,0.2381614844706711,0.16971209872657297,0.0888793924091302,0.1377096597333562,0.15073901226175007,0.4115073485100287,0.07017664510713328,"[0.002, 0.002]","[0.002, 0.002]","[0.002, 0.002]","[{""bootstrap_seed"": 701210000, ""n_boot"": 499, ""n_effective_moments"": 48, ""p_value"": 0.002, ""statistic"": 8.71692269593291, ""warning"": null}, {""bootstrap_seed"": 701210002, ""n_boot"": 499, ""n_effective_moments"": 48, ""p_value"": 0.002, ""statistic"": 19.13846163278224, ""warning"": null}]","[{""bootstrap_seed"": 701210001, ""n_boot"": 499, ""n_effective_moments"": 48, ""p_value"": 0.002, ""statistic"": 8.380209043348868, ""warning"": null}, {""bootstrap_seed"": 701210003, ""n_boot"": 499, ""n_effective_moments"": 48, ""p_value"": 0.002, ""statistic"": 7.129016595685776, ""warning"": null}]",False,0.025,"[0, 1]",7.149203215435274,7.149203215435274,7.149203215435274,[7.149203215435274],[0.05978797209905716],[0.23436885062830407],[0.9241850306813201],[0.8070006053671681],[1.041369455995472],0.13261791455745697,999.1850062177408,"[994.2526621559674, 1004.1173502795142]",1.8717223405838013,False,False,False,True,False,True
H2,N_n2000_low,220000,701210000,220000,801210000,6122aeb,dhai.bme.e.uh.edu,13.7,ok,kernel_sieve1,0.13929244360979948,0.2381614844706711,0.16971209872657297,0.0095261770655281,0.01725450848802481,0.06889155065469729,0.7083615031549212,0.080322248729224,"[0.002, 0.002]","[0.994, 0.998]","[0.994, 0.998]","[{""bootstrap_seed"": 701220000, ""n_boot"": 499, ""n_effective_moments"": 48, ""p_value"": 0.002, ""statistic"": 8.71692269593291, ""warning"": null}, {""bootstrap_seed"": 701220002, ""n_boot"": 499, ""n_effective_moments"": 48, ""p_value"": 0.002, ""statistic"": 19.13846163278224, ""warning"": null}]","[{""bootstrap_seed"": 701220001, ""n_boot"": 499, ""n_effective_moments"": 48, ""p_value"": 0.994, ""statistic"": 0.9409967993521203, ""warning"": null}, {""bootstrap_seed"": 701220003, ""n_boot"": 499, ""n_effective_moments"": 48, ""p_value"": 0.998, ""statistic"": 1.026813327719542, ""warning"": null}]",True,0.025,[],10.417510792423952,10.417510792423952,10.417510792423952,[10.417510792423952],[0.07217170772686467],[0.2829130942893095],[0.9140394270592294],[0.7725828799145746],[1.055495974203884],0.014355419431390293,901.2422711277857,"[900.6872583914788, 901.7972838640924]",4.61954248839355,False,False,False,False,False,False
H2,N_n2000_low,220000,701210000,220000,801210000,6122aeb,dhai.bme.e.uh.edu,13.7,ok,sieve1_kernel,0.006472444560744484,0.01983623555291627,0.026079748771847846,0.0888793924091302,0.1377096597333562,0.15073901226175007,0.4329287866011303,0.07084069829846285,"[0.992, 0.96]","[0.002, 0.002]","[0.992, 0.96]","[{""bootstrap_seed"": 701230000, ""n_boot"": 499, ""n_effective_moments"": 48, ""p_value"": 0.992, ""statistic"": 1.10386339421617, ""warning"": null}, {""bootstrap_seed"": 701230002, ""n_boot"": 499, ""n_effective_moments"": 48, ""p_value"": 0.96, ""statistic"": 1.3301302296978534, ""warning"": null}]","[{""bootstrap_seed"": 701230001, ""n_boot"": 499, ""n_effective_moments"": 48, ""p_value"": 0.002, ""statistic"": 8.380209043348868, ""warning"": null}, {""bootstrap_seed"": 701230003, ""n_boot"": 499, ""n_effective_moments"": 48, ""p_value"": 0.002, ""statistic"": 7.129016595685776, ""warning"": null}]",True,0.025,[],3.9045714613221567,3.9045714613221567,3.9045714613221567,[3.9045714613221567],[0.04418467755524621],[0.17320393601656514],[0.9235209774899905],[0.8369190094817079],[1.010122945498273],0.13261791455745697,999.1850062177408,"[994.2526621559674, 1004.1173502795142]",1.8717223405838013,False,True,True,False,False,False
H2,N_n2000_low,220000,701210000,220000,801210000,6122aeb,dhai.bme.e.uh.edu,13.7,ok,sieve1_sieve1,0.006472444560744484,0.01983623555291627,0.026079748771847846,0.0095261770655281,0.01725450848802481,0.06889155065469729,0.26945286069219304,0.08177872228621597,"[0.988, 0.962]","[1.0, 0.99]","[1.0, 0.99]","[{""bootstrap_seed"": 701240000, ""n_boot"": 499, ""n_effective_moments"": 48, ""p_value"": 0.988, ""statistic"": 1.10386339421617, ""warning"": null}, {""bootstrap_seed"": 701240002, ""n_boot"": 499, ""n_effective_moments"": 48, ""p_value"": 0.962, ""statistic"": 1.3301302296978534, ""warning"": null}]","[{""bootstrap_seed"": 701240001, ""n_boot"": 499, ""n_effective_moments"": 48, ""p_value"": 1.0, ""statistic"": 0.9409967993521203, ""warning"": null}, {""bootstrap_seed"": 701240003, ""n_boot"": 499, ""n_effective_moments"": 48, ""p_value"": 0.99, ""statistic"": 1.026813327719542, ""warning"": null}]",True,0.025,[],5.723162363872178,5.723162363872178,5.723162363872178,[5.723162363872178],[0.05349374899870161],[0.2096954960749103],[0.9125829535022374],[0.8077352054647823],[1.0174307015396926],0.014355419431390293,901.2422711277857,"[900.6872583914788, 901.7972838640924]",4.61954248839355,True,False,False,False,True,False
H2,N_n2000_low,220000,701210000,220000,801210000,6122aeb,dhai.bme.e.uh.edu,13.7,ok,sieve2_sieve2,0.01998816661371698,0.04555284398793098,0.0,0.05113991580704497,0.0846324584137452,0.08633881687554645,0.8890811080487058,0.6910263772827611,"[0.042, 0.19]","[0.002, 0.002]","[0.042, 0.19]","[{""bootstrap_seed"": 701250000, ""n_boot"": 499, ""n_effective_moments"": 48, ""p_value"": 0.042, ""statistic"": 3.133963570269189, ""warning"": null}, {""bootstrap_seed"": 701250002, ""n_boot"": 499, ""n_effective_moments"": 48, ""p_value"": 0.19, ""statistic"": 2.6085288880663406, ""warning"": null}]","[{""bootstrap_seed"": 701250001, ""n_boot"": 499, ""n_effective_moments"": 48, ""p_value"": 0.002, ""statistic"": 4.84434640870352, ""warning"": null}, {""bootstrap_seed"": 701250003, ""n_boot"": 499, ""n_effective_moments"": 48, ""p_value"": 0.002, ""statistic"": 4.004597228057593, ""warning"": null}]",True,0.025,[],206.00936510559313,206.00936510559313,206.00936510559313,[206.00936510559313],[0.32094342578217205],[1.2580982290661145],[1.6853880530712144],[1.0563389385381572],[2.3144371676042717],0.15057457883028613,682.6155991669069,"[671.1707387237835, 694.0604596100303]",11.683041516213859,False,False,False,False,False,False
H2,N_n2000_low,220000,701210000,220000,801210000,6122aeb,dhai.bme.e.uh.edu,13.7,ok,sieve3_sieve3,0.021853642253510636,0.04923703432601354,0.05138873939285795,0.16065837271794642,0.2668335931464235,0.2500910118056638,4.969269351194367,1.587573948829409,"[0.064, 0.048]","[0.002, 0.002]","[0.064, 0.048]","[{""bootstrap_seed"": 701260000, ""n_boot"": 499, ""n_effective_moments"": 48, ""p_value"": 0.064, ""statistic"": 3.038649397468375, ""warning"": null}, {""bootstrap_seed"": 701260002, ""n_boot"": 499, ""n_effective_moments"": 48, ""p_value"": 0.048, ""statistic"": 3.0862398622063356, ""warning"": null}]","[{""bootstrap_seed"": 701260001, ""n_boot"": 499, ""n_effective_moments"": 48, ""p_value"": 0.002, ""statistic"": 13.587196700067683, ""warning"": null}, {""bootstrap_seed"": 701260003, ""n_boot"": 499, ""n_effective_moments"": 48, ""p_value"": 0.002, ""statistic"": 13.204745541656912, ""warning"": null}]",True,0.025,[],6830.12300596369,6830.12300596369,6830.12300596369,[6830.12300596369],[1.847988501853257],[7.244114927264767],[-0.5932122730409556],[-4.215269736673339],[3.028845190591428],1.8496175311329042,355.9568508868632,"[362.40254055316973, 349.51116122055674]",50.0,False,False,False,False,False,False
H2,N_n4000_low,220000,701220000,220000,801220000,6122aeb,dhai.bme.e.uh.edu,19.2,ok,kernel_kernel,0.13329303257867822,0.2317846076266983,0.17578736992756652,0.07000652305495768,0.10896939913112488,0.047736420811214195,0.2600888341545407,0.002246158544628507,"[0.002, 0.002]","[0.002, 0.002]","[0.002, 0.002]","[{""bootstrap_seed"": 701220000, ""n_boot"": 499, ""n_effective_moments"": 48, ""p_value"": 0.002, ""statistic"": 15.083076414444681, ""warning"": null}, {""bootstrap_seed"": 701220002, ""n_boot"": 499, ""n_effective_moments"": 48, ""p_value"": 0.002, ""statistic"": 25.772880880628296, ""warning"": null}]","[{""bootstrap_seed"": 701220001, ""n_boot"": 499, ""n_effective_moments"": 48, ""p_value"": 0.002, ""statistic"": 9.039988806670321, ""warning"": null}, {""bootstrap_seed"": 701220003, ""n_boot"": 499, ""n_effective_moments"": 48, ""p_value"": 0.002, ""statistic"": 9.369851399890637, ""warning"": null}]",False,0.025,"[0, 1]",7.257190832283465,7.257190832283465,7.257190832283465,[7.257190832283465],[0.04259457369279409],[0.16697072887575282],[1.0041913354544538],[0.9207059710165775],[1.0876766998923302],0.10708740632236002,1998.6962692365792,"[1994.217077930429, 2003.175460542729]",1.9356580972671509,False,False,False,True,False,True
H2,N_n4000_low,220000,701220000,220000,801220000,6122aeb,dhai.bme.e.uh.edu,19.2,ok,kernel_sieve1,0.13329303257867822,0.2317846076266983,0.17578736992756652,0.0038508761524079045,0.009939919620975138,0.0,0.34685524921472094,0.01876052109423776,"[0.002, 0.002]","[1.0, 0.998]","[1.0, 0.998]","[{""bootstrap_seed"": 701230000, ""n_boot"": 499, ""n_effective_moments"": 48, ""p_value"": 0.002, ""statistic"": 15.083076414444681, ""warning"": null}, {""bootstrap_seed"": 701230002, ""n_boot"": 499, ""n_effective_moments"": 48, ""p_value"": 0.002, ""statistic"": 25.772880880628296, ""warning"": null}]","[{""bootstrap_seed"": 701230001, ""n_boot"": 499, ""n_effective_moments"": 48, ""p_value"": 1.0, ""statistic"": 0.663717747030216, ""warning"": null}, {""bootstrap_seed"": 701230003, ""n_boot"": 499, ""n_effective_moments"": 48, ""p_value"": 0.998, ""statistic"": 0.8117196544150893, ""warning"": null}]",True,0.025,[],9.469201104953271,9.469201104953271,9.469201104953271,[9.469201104953271],[0.048654910093826276],[0.190727247567799],[0.9831846558155876],[0.887821032031688],[1.078548279599487],0.002996278672527386,1912.519411597082,"[1911.0860016541205, 1913.9528215400433]",3.9345837329731843,False,False,False,False,False,False
H2,N_n4000_low,220000,701220000,220000,801220000,6122aeb,dhai.bme.e.uh.edu,19.2,ok,sieve1_kernel,0.004668183579380142,0.01562669279259355,0.07171507194811516,0.07000652305495768,0.10896939913112488,0.047736420811214195,0.25464362569749954,0.0159142975651978,"[0.988, 0.858]","[0.002, 0.002]","[0.988, 0.858]","[{""bootstrap_seed"": 701240000, ""n_boot"": 499, ""n_effective_moments"": 48, ""p_value"": 0.988, ""statistic"": 1.1061122524072864, ""warning"": null}, {""bootstrap_seed"": 701240002, ""n_boot"": 499, ""n_effective_moments"": 48, ""p_value"": 0.858, ""statistic"": 1.58284408567158, ""warning"": null}]","[{""bootstrap_seed"": 701240001, ""n_boot"": 499, ""n_effective_moments"": 48, ""p_value"": 0.002, ""statistic"": 9.039988806670321, ""warning"": null}, {""bootstrap_seed"": 701240003, ""n_boot"": 499, ""n_effective_moments"": 48, ""p_value"": 0.002, ""statistic"": 9.369851399890637, ""warning"": null}]",True,0.025,[],3.930855234312427,3.930855234312427,3.930855234312427,[3.930855234312427],[0.03134826643656881],[0.12288520443134973],[0.9860308793446275],[0.9245882771289526],[1.0474734815603024],0.10708740632236002,1998.6962692365792,"[1994.217077930429, 2003.175460542729]",1.9356580972671509,False,True,True,False,False,False
H2,N_n4000_low,220000,701220000,220000,801220000,6122aeb,dhai.bme.e.uh.edu,19.2,ok,sieve1_sieve1,0.004668183579380142,0.01562669279259355,0.07171507194811516,0.0038508761524079045,0.009939919620975138,0.0,0.26575207272132634,0.015421141140022465,"[0.994, 0.854]","[1.0, 1.0]","[1.0, 1.0]","[{""bootstrap_seed"": 701250000, ""n_boot"": 499, ""n_effective_moments"": 48, ""p_value"": 0.994, ""statistic"": 1.1061122524072864, ""warning"": null}, {""bootstrap_seed"": 701250002, ""n_boot"": 499, ""n_effective_moments"": 48, ""p_value"": 0.854, ""statistic"": 1.58284408567158, ""warning"": null}]","[{""bootstrap_seed"": 701250001, ""n_boot"": 499, ""n_effective_moments"": 48, ""p_value"": 1.0, ""statistic"": 0.663717747030216, ""warning"": null}, {""bootstrap_seed"": 701250003, ""n_boot"": 499, ""n_effective_moments"": 48, ""p_value"": 1.0, ""statistic"": 0.8117196544150893, ""warning"": null}]",True,0.025,[],5.052823593591702,5.052823593591702,5.052823593591702,[5.052823593591702],[0.03554160798835536],[0.139323103314353],[0.9865240357698029],[0.9168624841126264],[1.0561855874269794],0.002996278672527386,1912.519411597082,"[1911.0860016541205, 1913.9528215400433]",3.9345837329731843,True,False,False,False,True,False
H2,N_n4000_low,220000,701220000,220000,801220000,6122aeb,dhai.bme.e.uh.edu,19.2,ok,sieve2_sieve2,0.00847363666655524,0.01974273089309006,0.04225303258089184,0.02012379713162235,0.03381125221127954,0.0,0.3119738445326793,0.06726421117040426,"[0.176, 0.966]","[0.052, 0.272]","[0.176, 0.966]","[{""bootstrap_seed"": 701260000, ""n_boot"": 499, ""n_effective_moments"": 48, ""p_value"": 0.176, ""statistic"": 2.566737124131395, ""warning"": null}, {""bootstrap_seed"": 701260002, ""n_boot"": 499, ""n_effective_moments"": 48, ""p_value"": 0.966, ""statistic"": 1.3011618672066372, ""warning"": null}]","[{""bootstrap_seed"": 701260001, ""n_boot"": 499, ""n_effective_moments"": 48, ""p_value"": 0.052, ""statistic"": 3.1453527525113896, ""warning"": null}, {""bootstrap_seed"": 701260003, ""n_boot"": 499, ""n_effective_moments"": 48, ""p_value"": 0.272, ""statistic"": 2.3947999369060398, ""warning"": null}]",True,0.025,[],32.553337125904555,32.553337125904555,32.553337125904555,[32.553337125904555],[0.09021271685009902],[0.3536338500523881],[1.0692093880802296],[0.8923924630540355],[1.2460263131064235],0.050332625497109484,1629.450108429626,"[1591.6816794734739, 1667.218537385778]",10.769940622711218,False,False,False,False,False,False
H2,N_n4000_low,220000,701220000,220000,801220000,6122aeb,dhai.bme.e.uh.edu,19.2,ok,sieve3_sieve3,0.016749659203064617,0.032274049572445146,0.06894997321595134,0.11337753143540474,0.18518323939509113,0.11058220984562722,0.8448908183245565,0.49457305250858563,"[0.08, 0.092]","[0.002, 0.002]","[0.08, 0.092]","[{""bootstrap_seed"": 701270000, ""n_boot"": 499, ""n_effective_moments"": 48, ""p_value"": 0.08, ""statistic"": 2.940885338404894, ""warning"": null}, {""bootstrap_seed"": 701270002, ""n_boot"": 499, ""n_effective_moments"": 48, ""p_value"": 0.092, ""statistic"": 2.9730455715691164, ""warning"": null}]","[{""bootstrap_seed"": 701270001, ""n_boot"": 499, ""n_effective_moments"": 48, ""p_value"": 0.002, ""statistic"": 14.172953880593848, ""warning"": null}, {""bootstrap_seed"": 701270003, ""n_boot"": 499, ""n_effective_moments"": 48, ""p_value"": 0.002, ""statistic"": 12.728007170955596, ""warning"": null}]",True,0.025,[],16306.578739687708,16306.578739687708,16306.578739687708,[16306.578739687708],[2.0190702525969537],[7.9147553901800585],[0.5073721244012397],[-3.4500055706887904],[4.46474981949127],0.7328734209194627,845.5879904543085,"[795.8021617090632, 895.3738191995539]",50.0,False,False,False,False,False,False
H2,N_n8000_low,220000,701230000,220000,801230000,6122aeb,dhai.bme.e.uh.edu,27.5,ok,kernel_kernel,0.1039169371846932,0.18321718926122174,0.1820062491002356,0.052736690590140446,0.08542525745759283,0.11545428490165155,0.2071516065512769,0.0037714982292543775,"[0.002, 0.002]","[0.002, 0.002]","[0.002, 0.002]","[{""bootstrap_seed"": 701230000, ""n_boot"": 499, ""n_effective_moments"": 48, ""p_value"": 0.002, ""statistic"": 21.092365477285746, ""warning"": null}, {""bootstrap_seed"": 701230002, ""n_boot"": 499, ""n_effective_moments"": 48, ""p_value"": 0.002, ""statistic"": 25.29077829700454, ""warning"": null}]","[{""bootstrap_seed"": 701230001, ""n_boot"": 499, ""n_effective_moments"": 48, ""p_value"": 0.002, ""statistic"": 11.017176852186282, ""warning"": null}, {""bootstrap_seed"": 701230003, ""n_boot"": 499, ""n_effective_moments"": 48, ""p_value"": 0.002, ""statistic"": 11.507696561538085, ""warning"": null}]",False,0.025,"[0, 1]",7.400017446519755,7.400017446519755,7.400017446519755,[7.400017446519755],[0.03041384850384721],[0.11922228613508107],[0.9981944741245617],[0.9385833310570212],[1.0578056171921022],0.0769115480333567,3998.12740215908,"[4019.75790072801, 3976.496903590149]",2.0401206016540527,False,False,False,True,False,True
H2,N_n8000_low,220000,701230000,220000,801230000,6122aeb,dhai.bme.e.uh.edu,27.5,ok,kernel_sieve1,0.1039169371846932,0.18321718926122174,0.1820062491002356,0.002831340697203831,0.00697073918262958,0.06641425108188156,0.22566407191534155,0.020287256624269667,"[0.002, 0.002]","[1.0, 0.998]","[1.0, 0.998]","[{""bootstrap_seed"": 701240000, ""n_boot"": 499, ""n_effective_moments"": 48, ""p_value"": 0.002, ""statistic"": 21.092365477285746, ""warning"": null}, {""bootstrap_seed"": 701240002, ""n_boot"": 499, ""n_effective_moments"": 48, ""p_value"": 0.002, ""statistic"": 25.29077829700454, ""warning"": null}]","[{""bootstrap_seed"": 701240001, ""n_boot"": 499, ""n_effective_moments"": 48, ""p_value"": 1.0, ""statistic"": 0.6961404890417625, ""warning"": null}, {""bootstrap_seed"": 701240003, ""n_boot"": 499, ""n_effective_moments"": 48, ""p_value"": 0.998, ""statistic"": 0.9476168700847144, ""warning"": null}]",True,0.025,[],9.070630398054846,9.070630398054846,9.070630398054846,[9.070630398054846],[0.033672374430040654],[0.13199570776575936],[0.9816787157295465],[0.9156808618466667],[1.0476765696124262],0.0024822745468428,3839.8299541014467,"[3857.6089141488233, 3822.0509940540705]",3.5690510183029485,False,False,False,False,False,False
H2,N_n8000_low,220000,701230000,220000,801230000,6122aeb,dhai.bme.e.uh.edu,27.5,ok,sieve1_kernel,0.004796973923455833,0.011498317074838615,0.09944012756616188,0.052736690590140446,0.08542525745759283,0.11545428490165155,0.2154784835048896,0.028374782008105726,"[0.984, 0.92]","[0.002, 0.002]","[0.984, 0.92]","[{""bootstrap_seed"": 701250000, ""n_boot"": 499, ""n_effective_moments"": 48, ""p_value"": 0.984, ""statistic"": 1.1443418579840365, ""warning"": null}, {""bootstrap_seed"": 701250002, ""n_boot"": 499, ""n_effective_moments"": 48, ""p_value"": 0.92, ""statistic"": 1.3983089969726343, ""warning"": null}]","[{""bootstrap_seed"": 701250001, ""n_boot"": 499, ""n_effective_moments"": 48, ""p_value"": 0.002, ""statistic"": 11.017176852186282, ""warning"": null}, {""bootstrap_seed"": 701250003, ""n_boot"": 499, ""n_effective_moments"": 48, ""p_value"": 0.002, ""statistic"": 11.507696561538085, ""warning"": null}]",True,0.025,[],5.231386030655806,5.231386030655806,5.231386030655806,[5.231386030655806],[0.02557192315474094],[0.10024193876658448],[0.9735911903457104],[0.9234702209624182],[1.0237121597290026],0.0769115480333567,3998.12740215908,"[4019.75790072801, 3976.496903590149]",2.0401206016540527,False,True,True,False,False,False
H2,N_n8000_low,220000,701230000,220000,801230000,6122aeb,dhai.bme.e.uh.edu,27.5,ok,sieve1_sieve1,0.004796973923455833,0.011498317074838615,0.09944012756616188,0.002831340697203831,0.00697073918262958,0.06641425108188156,0.20660706458255795,0.0313856308950794,"[0.988, 0.908]","[1.0, 1.0]","[1.0, 1.0]","[{""bootstrap_seed"": 701260000, ""n_boot"": 499, ""n_effective_moments"": 48, ""p_value"": 0.988, ""statistic"": 1.1443418579840365, ""warning"": null}, {""bootstrap_seed"": 701260002, ""n_boot"": 499, ""n_effective_moments"": 48, ""p_value"": 0.908, ""statistic"": 1.3983089969726343, ""warning"": null}]","[{""bootstrap_seed"": 701260001, ""n_boot"": 499, ""n_effective_moments"": 48, ""p_value"": 1.0, ""statistic"": 0.6961404890417625, ""warning"": null}, {""bootstrap_seed"": 701260003, ""n_boot"": 499, ""n_effective_moments"": 48, ""p_value"": 1.0, ""statistic"": 0.9476168700847144, ""warning"": null}]",True,0.025,[],6.35843637931734,6.35843637931734,6.35843637931734,[6.35843637931734],[0.028192278152264806],[0.11051373035687803],[0.9705803414587367],[0.9153234762802978],[1.0258372066371757],0.0024822745468428,3839.8299541014467,"[3857.6089141488233, 3822.0509940540705]",3.5690510183029485,True,False,False,False,True,False
H2,N_n8000_low,220000,701230000,220000,801230000,6122aeb,dhai.bme.e.uh.edu,27.5,ok,sieve2_sieve2,0.009718045561088792,0.02140017512843164,0.0,0.012205572629947087,0.020141421728107574,0.07518032640404798,1.28171161565832,0.13966403422402274,"[0.028, 0.106]","[0.902, 0.12]","[0.902, 0.12]","[{""bootstrap_seed"": 701270000, ""n_boot"": 499, ""n_effective_moments"": 48, ""p_value"": 0.028, ""statistic"": 3.2391350292705683, ""warning"": null}, {""bootstrap_seed"": 701270002, ""n_boot"": 499, ""n_effective_moments"": 48, ""p_value"": 0.106, ""statistic"": 2.774287673886321, ""warning"": null}]","[{""bootstrap_seed"": 701270001, ""n_boot"": 499, ""n_effective_moments"": 48, ""p_value"": 0.902, ""statistic"": 1.481339766074921, ""warning"": null}, {""bootstrap_seed"": 701270003, ""n_boot"": 499, ""n_effective_moments"": 48, ""p_value"": 0.12, ""statistic"": 2.7675315501593634, ""warning"": null}]",True,0.025,[],95.76839360137697,95.76839360137697,95.76839360137697,[95.76839360137697],[0.10941228998687542],[0.4288961767485517],[0.8623019381297934],[0.6478538497555175],[1.0767500265040693],0.026648976128288315,3558.8832672901144,"[3560.341429099935, 3557.425105480294]",7.70308892450661,False,False,False,False,False,False
H2,N_n8000_low,220000,701230000,220000,801230000,6122aeb,dhai.bme.e.uh.edu,27.5,ok,sieve3_sieve3,0.00681340957103564,0.015286199803255619,0.056635357760196556,0.06682037796473236,0.11018367895310627,0.1271680044419388,0.8961321012661759,0.0569446963567517,"[0.282, 0.902]","[0.002, 0.002]","[0.282, 0.902]","[{""bootstrap_seed"": 701280000, ""n_boot"": 499, ""n_effective_moments"": 48, ""p_value"": 0.282, ""statistic"": 2.389665367803201, ""warning"": null}, {""bootstrap_seed"": 701280002, ""n_boot"": 499, ""n_effective_moments"": 48, ""p_value"": 0.902, ""statistic"": 1.511852344751198, ""warning"": null}]","[{""bootstrap_seed"": 701280001, ""n_boot"": 499, ""n_effective_moments"": 48, ""p_value"": 0.002, ""statistic"": 11.428290738019474, ""warning"": null}, {""bootstrap_seed"": 701280003, ""n_boot"": 499, ""n_effective_moments"": 48, ""p_value"": 0.002, ""statistic"": 10.818268916123197, ""warning"": null}]",True,0.025,[],4048.636740064487,4048.636740064487,4048.636740064487,[4048.636740064487],[0.711392713280127],[2.7886594360580976],[1.0589106687105678],[-0.33541904931848077],[2.4532403867396164],0.25364534659499627,2317.3071816398024,"[2346.1185025984155, 2288.495860681189]",20.34358250657941,False,False,False,False,False,False
I2,easy_L_full,220000,701240000,220000,801240000,6122aeb,dhai.bme.e.uh.edu,17.3,ok,kernel_kernel,0.12719636219295385,0.2070899819143861,0.1652342135618291,0.07143869067913616,0.1086023235130648,0.05549615361848535,0.2830306541133523,0.009252753483653953,"[0.002, 0.002]","[0.002, 0.002]","[0.002, 0.002]","[{""bootstrap_seed"": 701240000, ""n_boot"": 499, ""n_effective_moments"": 48, ""p_value"": 0.002, ""statistic"": 15.581225068391214, ""warning"": null}, {""bootstrap_seed"": 701240002, ""n_boot"": 499, ""n_effective_moments"": 48, ""p_value"": 0.002, ""statistic"": 25.054318315247023, ""warning"": null}]","[{""bootstrap_seed"": 701240001, ""n_boot"": 499, ""n_effective_moments"": 48, ""p_value"": 0.002, ""statistic"": 9.117650717217538, ""warning"": null}, {""bootstrap_seed"": 701240003, ""n_boot"": 499, ""n_effective_moments"": 48, ""p_value"": 0.002, ""statistic"": 10.681086643644363, ""warning"": null}]",False,0.025,"[0, 1]",9.83768127245565,9.83768127245565,9.83768127245565,[9.83768127245565],[0.049592542968816516],[0.19440276843776075],[1.0111979303934793],[0.9139965461745989],[1.1083993146123596],0.1079586320221424,1998.7011327095765,"[2013.4194423608712, 1983.9828230582816]",1.9329757690429688,False,False,False,True,False,True
I2,easy_L_full,220000,701240000,220000,801240000,6122aeb,dhai.bme.e.uh.edu,17.3,ok,kernel_sieve1,0.12719636219295385,0.2070899819143861,0.1652342135618291,0.004272406339908129,0.017294649780815206,0.0,0.34584332258006306,0.02209158071034778,"[0.002, 0.002]","[0.978, 0.862]","[0.978, 0.862]","[{""bootstrap_seed"": 701250000, ""n_boot"": 499, ""n_effective_moments"": 48, ""p_value"": 0.002, ""statistic"": 15.581225068391214, ""warning"": null}, {""bootstrap_seed"": 701250002, ""n_boot"": 499, ""n_effective_moments"": 48, ""p_value"": 0.002, ""statistic"": 25.054318315247023, ""warning"": null}]","[{""bootstrap_seed"": 701250001, ""n_boot"": 499, ""n_effective_moments"": 48, ""p_value"": 0.978, ""statistic"": 1.2799674457024526, ""warning"": null}, {""bootstrap_seed"": 701250003, ""n_boot"": 499, ""n_effective_moments"": 48, ""p_value"": 0.862, ""statistic"": 1.5739937607346721, ""warning"": null}]",True,0.025,[],13.404801441823809,13.404801441823809,13.404801441823809,[13.404801441823809],[0.057889553120195635],[0.22692704823116688],[0.9798535961994775],[0.8663900720838941],[1.093317120315061],0.002862966835670777,1838.2798153379806,"[1843.9268391748683, 1832.632791501093]",4.741359526361137,False,False,False,False,False,False
I2,easy_L_full,220000,701240000,220000,801240000,6122aeb,dhai.bme.e.uh.edu,17.3,ok,sieve1_kernel,0.008289738497944777,0.02130954282461657,0.08270841740816756,0.07143869067913616,0.1086023235130648,0.05549615361848535,0.24649195743828284,0.03316921164019082,"[0.982, 0.152]","[0.002, 0.002]","[0.982, 0.152]","[{""bootstrap_seed"": 701260000, ""n_boot"": 499, ""n_effective_moments"": 48, ""p_value"": 0.982, ""statistic"": 1.159456238892346, ""warning"": null}, {""bootstrap_seed"": 701260002, ""n_boot"": 499, ""n_effective_moments"": 48, ""p_value"": 0.152, ""statistic"": 2.62010213421012, ""warning"": null}]","[{""bootstrap_seed"": 701260001, ""n_boot"": 499, ""n_effective_moments"": 48, ""p_value"": 0.002, ""statistic"": 9.117650717217538, ""warning"": null}, {""bootstrap_seed"": 701260003, ""n_boot"": 499, ""n_effective_moments"": 48, ""p_value"": 0.002, ""statistic"": 10.681086643644363, ""warning"": null}]",True,0.025,[],4.570168373838924,4.570168373838924,4.570168373838924,[4.570168373838924],[0.03380151022454072],[0.13250192008019962],[0.9687759652696345],[0.9025250052295347],[1.0350269253097344],0.1079586320221424,1998.7011327095765,"[2013.4194423608712, 1983.9828230582816]",1.9329757690429688,False,True,True,False,False,False
I2,easy_L_full,220000,701240000,220000,801240000,6122aeb,dhai.bme.e.uh.edu,17.3,ok,sieve1_sieve1,0.008289738497944777,0.02130954282461657,0.08270841740816756,0.004272406339908129,0.017294649780815206,0.0,0.2786496821019351,0.029215786544095734,"[0.984, 0.158]","[0.978, 0.868]","[0.984, 0.868]","[{""bootstrap_seed"": 701270000, ""n_boot"": 499, ""n_effective_moments"": 48, ""p_value"": 0.984, ""statistic"": 1.159456238892346, ""warning"": null}, {""bootstrap_seed"": 701270002, ""n_boot"": 499, ""n_effective_moments"": 48, ""p_value"": 0.158, ""statistic"": 2.62010213421012, ""warning"": null}]","[{""bootstrap_seed"": 701270001, ""n_boot"": 499, ""n_effective_moments"": 48, ""p_value"": 0.978, ""statistic"": 1.2799674457024526, ""warning"": null}, {""bootstrap_seed"": 701270003, ""n_boot"": 499, ""n_effective_moments"": 48, ""p_value"": 0.868, ""statistic"": 1.5739937607346721, ""warning"": null}]",True,0.025,[],6.483929650367894,6.483929650367894,6.483929650367894,[6.483929650367894],[0.04026142586387091],[0.15782478938637395],[0.9727293903657296],[0.8938169956725426],[1.0516417850589166],0.002862966835670777,1838.2798153379806,"[1843.9268391748683, 1832.632791501093]",4.741359526361137,True,False,False,False,True,False
I2,easy_L_full,220000,701240000,220000,801240000,6122aeb,dhai.bme.e.uh.edu,17.3,ok,sieve2_sieve2,0.01754079235856757,0.03848106503745568,0.0,0.018813431967227047,0.03084690312619614,0.0,1.4680693952805743,0.09452099814159665,"[0.006, 0.088]","[0.012, 0.868]","[0.012, 0.868]","[{""bootstrap_seed"": 701280000, ""n_boot"": 499, ""n_effective_moments"": 48, ""p_value"": 0.006, ""statistic"": 3.7908674913313654, ""warning"": null}, {""bootstrap_seed"": 701280002, ""n_boot"": 499, ""n_effective_moments"": 48, ""p_value"": 0.088, ""statistic"": 2.774902919264493, ""warning"": null}]","[{""bootstrap_seed"": 701280001, ""n_boot"": 499, ""n_effective_moments"": 48, ""p_value"": 0.012, ""statistic"": 3.4481052184298844, ""warning"": null}, {""bootstrap_seed"": 701280003, ""n_boot"": 499, ""n_effective_moments"": 48, ""p_value"": 0.868, ""statistic"": 1.5783151075876833, ""warning"": null}]",False,0.025,[0],132.07080807215203,132.07080807215203,132.07080807215203,[132.07080807215203],[0.18170773791459188],[0.7122943326252001],[0.9074241787682287],[0.5512770124556285],[1.2635713450808288],0.04949847742798308,1641.0142869432707,"[1633.6076460663921, 1648.4209278201492]",9.08185173925399,False,False,False,False,False,False
I2,easy_L_full,220000,701240000,220000,801240000,6122aeb,dhai.bme.e.uh.edu,17.3,ok,sieve3_sieve3,0.01577159449895329,0.032715607146953436,0.1025471522872271,0.10830085968961564,0.17479931022976097,0.1783560784334987,11.02448736007604,2.4673370826304035,"[0.058, 0.05]","[0.002, 0.002]","[0.058, 0.05]","[{""bootstrap_seed"": 701290000, ""n_boot"": 499, ""n_effective_moments"": 48, ""p_value"": 0.058, ""statistic"": 3.071039844945973, ""warning"": null}, {""bootstrap_seed"": 701290002, ""n_boot"": 499, ""n_effective_moments"": 48, ""p_value"": 0.05, ""statistic"": 3.106905447161014, ""warning"": null}]","[{""bootstrap_seed"": 701290001, ""n_boot"": 499, ""n_effective_moments"": 48, ""p_value"": 0.002, ""statistic"": 14.227682167848329, ""warning"": null}, {""bootstrap_seed"": 701290003, ""n_boot"": 499, ""n_effective_moments"": 48, ""p_value"": 0.002, ""statistic"": 12.63811413463436, ""warning"": null}]",True,0.025,[],18977.005783989054,18977.005783989054,18977.005783989054,[18977.005783989054],[2.1781302637806728],[8.538270634020238],[-1.465391905720578],[-5.734527222730698],[2.803743411289542],0.7689897630922854,817.5473692574488,"[807.0181305706246, 828.0766079442731]",50.0,False,False,False,False,False,False
I2,N_sieve1_only,220000,701250000,220000,801250000,6122aeb,dhai.bme.e.uh.edu,6.9,ok,sieve1_sieve1,0.004777478890195022,0.01382508858992784,0.07159987933166745,0.005240931866885653,0.021392260507583232,0.0,0.26575207272132634,0.015421141140022465,"[0.96, 0.986]","[0.444, 0.888]","[0.96, 0.986]","[{""bootstrap_seed"": 701250000, ""n_boot"": 499, ""n_effective_moments"": 48, ""p_value"": 0.96, ""statistic"": 1.286263116900962, ""warning"": null}, {""bootstrap_seed"": 701250002, ""n_boot"": 499, ""n_effective_moments"": 48, ""p_value"": 0.986, ""statistic"": 1.1872523675575815, ""warning"": null}]","[{""bootstrap_seed"": 701250001, ""n_boot"": 499, ""n_effective_moments"": 48, ""p_value"": 0.444, ""statistic"": 2.1855037162090283, ""warning"": null}, {""bootstrap_seed"": 701250003, ""n_boot"": 499, ""n_effective_moments"": 48, ""p_value"": 0.888, ""statistic"": 1.5920057598790203, ""warning"": null}]",True,0.025,[],5.052823593591702,5.052823593591702,5.052823593591702,[5.052823593591702],[0.03554160798835536],[0.139323103314353],[0.9865240357698029],[0.9168624841126264],[1.0561855874269794],0.002996278672527386,1912.519411597082,"[1911.0860016541205, 1913.9528215400433]",3.9345837329731843,True,True,True,True,True,False
I2,N_kernel_overregularized,220000,701260000,220000,801260000,6122aeb,dhai.bme.e.uh.edu,9.1,ok,kernel_kernel,0.12424285205838265,0.20559605738956716,0.16910999495869744,0.06640572861402885,0.10589903010632426,0.04496809520981357,0.25845543451990294,0.005623217691534288,"[0.002, 0.002]","[0.002, 0.002]","[0.002, 0.002]","[{""bootstrap_seed"": 701260000, ""n_boot"": 499, ""n_effective_moments"": 48, ""p_value"": 0.002, ""statistic"": 10.064695914075628, ""warning"": null}, {""bootstrap_seed"": 701260002, ""n_boot"": 499, ""n_effective_moments"": 48, ""p_value"": 0.002, ""statistic"": 23.944676785196496, ""warning"": null}]","[{""bootstrap_seed"": 701260001, ""n_boot"": 499, ""n_effective_moments"": 48, ""p_value"": 0.002, ""statistic"": 9.533074441961869, ""warning"": null}, {""bootstrap_seed"": 701260003, ""n_boot"": 499, ""n_effective_moments"": 48, ""p_value"": 0.002, ""statistic"": 7.510437851724553, ""warning"": null}]",False,0.025,"[0, 1]",7.28608591406585,7.28608591406585,7.28608591406585,[7.28608591406585],[0.042679286293428834],[0.16730280227024102],[1.0075683946013596],[0.9239169934662391],[1.0912197957364802],0.10664069344103333,1998.7134628706401,"[1994.225962963607, 2003.2009627776733]",1.928904414176941,True,True,False,True,False,True
J2,rhc_repeated_split,220000,701270000,220000,801270000,6122aeb,dhai.bme.e.uh.edu,24.1,ok,kernel_kernel,0.4308564466644976,0.6814021370033665,0.6540818279871184,0.11218453193304125,0.19161565507983136,0.11139435478937272,,,"[0.002, 0.002]","[0.002, 0.002]","[0.002, 0.002]","[{""bootstrap_seed"": 701270000, ""n_boot"": 499, ""n_effective_moments"": 48, ""p_value"": 0.002, ""statistic"": 69.51086579280083, ""warning"": null}, {""bootstrap_seed"": 701270002, ""n_boot"": 499, ""n_effective_moments"": 48, ""p_value"": 0.002, ""statistic"": 46.941658614539456, ""warning"": null}]","[{""bootstrap_seed"": 701270001, ""n_boot"": 499, ""n_effective_moments"": 48, ""p_value"": 0.002, ""statistic"": 10.947891356200055, ""warning"": null}, {""bootstrap_seed"": 701270003, ""n_boot"": 499, ""n_effective_moments"": 48, ""p_value"": 0.002, ""statistic"": 26.084049915185016, ""warning"": null}]",False,0.025,"[0, 1]",1689.3706134627698,1689.3706134627698,1689.3706134627698,[1689.3706134627698],[0.5427449066860969],[2.1275600342094996],[-9.087138482887093],[-10.150918499991842],[-8.023358465782344],0.18161051742076456,2864.3448758682935,"[3547.7607817375965, 2180.92896999899]",2.3719162940979004,,,,,,
J2,rhc_repeated_split,220000,701270000,220000,801270000,6122aeb,dhai.bme.e.uh.edu,24.1,ok,kernel_sieve1,0.4308564466644976,0.6814021370033665,0.6540818279871184,0.024024289119620113,0.04118140394880031,0.0,,,"[0.002, 0.002]","[0.9, 0.002]","[0.9, 0.002]","[{""bootstrap_seed"": 701280000, ""n_boot"": 499, ""n_effective_moments"": 48, ""p_value"": 0.002, ""statistic"": 69.51086579280083, ""warning"": null}, {""bootstrap_seed"": 701280002, ""n_boot"": 499, ""n_effective_moments"": 48, ""p_value"": 0.002, ""statistic"": 46.941658614539456, ""warning"": null}]","[{""bootstrap_seed"": 701280001, ""n_boot"": 499, ""n_effective_moments"": 48, ""p_value"": 0.9, ""statistic"": 1.559230535369614, ""warning"": null}, {""bootstrap_seed"": 701280003, ""n_boot"": 499, ""n_effective_moments"": 48, ""p_value"": 0.002, ""statistic"": 5.685061728172501, ""warning"": null}]",False,0.025,[1],4430.722674693879,4430.722674693879,4430.722674693879,[4430.722674693879],[0.8789629574132232],[3.4455347930598346],[1.267220031783704],[-0.4555473647462134],[2.989987428313621],0.09018699543030995,2104.141200657182,"[2961.274069319576, 1247.0083319947876]",17.399335084739796,,,,,,
J2,rhc_repeated_split,220000,701270000,220000,801270000,6122aeb,dhai.bme.e.uh.edu,24.1,ok,sieve1_kernel,0.007968857032909374,0.016330616058831425,0.0,0.11218453193304125,0.19161565507983136,0.11139435478937272,,,"[0.518, 1.0]","[0.002, 0.002]","[0.518, 1.0]","[{""bootstrap_seed"": 701290000, ""n_boot"": 499, ""n_effective_moments"": 48, ""p_value"": 0.518, ""statistic"": 2.119622357241035, ""warning"": null}, {""bootstrap_seed"": 701290002, ""n_boot"": 499, ""n_effective_moments"": 48, ""p_value"": 1.0, ""statistic"": 1.157745518112584, ""warning"": null}]","[{""bootstrap_seed"": 701290001, ""n_boot"": 499, ""n_effective_moments"": 48, ""p_value"": 0.002, ""statistic"": 10.947891356200055, ""warning"": null}, {""bootstrap_seed"": 701290003, ""n_boot"": 499, ""n_effective_moments"": 48, ""p_value"": 0.002, ""statistic"": 26.084049915185016, ""warning"": null}]",True,0.025,[],601.431232461807,601.431232461807,601.431232461807,[601.431232461807],[0.32383685831626885],[1.2694404845997738],[-1.8770675770451029],[-2.5117878193449896],[-1.242347334745216],0.18161051742076456,2864.3448758682935,"[3547.7607817375965, 2180.92896999899]",2.3719162940979004,,,,,,
J2,rhc_repeated_split,220000,701270000,220000,801270000,6122aeb,dhai.bme.e.uh.edu,24.1,ok,sieve1_sieve1,0.007968857032909374,0.016330616058831425,0.0,0.024024289119620113,0.04118140394880031,0.0,,,"[0.608, 0.998]","[0.918, 0.002]","[0.918, 0.998]","[{""bootstrap_seed"": 701300000, ""n_boot"": 499, ""n_effective_moments"": 48, ""p_value"": 0.608, ""statistic"": 2.119622357241035, ""warning"": null}, {""bootstrap_seed"": 701300002, ""n_boot"": 499, ""n_effective_moments"": 48, ""p_value"": 0.998, ""statistic"": 1.157745518112584, ""warning"": null}]","[{""bootstrap_seed"": 701300001, ""n_boot"": 499, ""n_effective_moments"": 48, ""p_value"": 0.918, ""statistic"": 1.559230535369614, ""warning"": null}, {""bootstrap_seed"": 701300003, ""n_boot"": 499, ""n_effective_moments"": 48, ""p_value"": 0.002, ""statistic"": 5.685061728172501, ""warning"": null}]",True,0.025,[],1327.5799651968885,1327.5799651968885,1327.5799651968885,[1327.5799651968885],[0.48113132537543424],[1.8860347954717023],[-2.023254880932501],[-2.966272278668352],[-1.0802374831966497],0.09018699543030995,2104.141200657182,"[2961.274069319576, 1247.0083319947876]",17.399335084739796,,,,,,
