study,config_id,metric,n,mean,median,sd,q25,q75
B2,S1_n4000,oracle_best_error,1,0.09329736499127378,0.09329736499127378,,0.09329736499127378,0.09329736499127378
B2,S1_n4000,global_oof_mses_survivor_count,1,4.0,4.0,,4.0,4.0
B2,S1_n4000,global_oof_error[product],1,0.09329736499127378,0.09329736499127378,,0.09329736499127378,0.09329736499127378
B2,S1_n4000,global_oof_regret[product],1,0.0,0.0,,0.0,0.0
B2,S1_n4000,global_oof_oracle_ratio[product],1,0.9999999999892816,0.9999999999892816,,0.9999999999892816,0.9999999999892816
B2,S1_n4000,global_oof_catastrophic[product],1,0.0,0.0,,0.0,0.0
B2,S1_n4000,global_oof_top1[product],1,1.0,1.0,,1.0,1.0
B2,S1_n4000,global_oof_error[h_only],1,0.11495910678591566,0.11495910678591566,,0.11495910678591566,0.11495910678591566
B2,S1_n4000,global_oof_regret[h_only],1,0.02166174179464188,0.02166174179464188,,0.02166174179464188,0.02166174179464188
B2,S1_n4000,global_oof_oracle_ratio[h_only],1,1.2321795668659639,1.2321795668659639,,1.2321795668659639,1.2321795668659639
B2,S1_n4000,global_oof_catastrophic[h_only],1,0.0,0.0,,0.0,0.0
B2,S1_n4000,global_oof_top1[h_only],1,0.0,0.0,,0.0,0.0
B2,S1_n4000,global_oof_error[q_only],1,0.12228281620310122,0.12228281620310122,,0.12228281620310122,0.12228281620310122
B2,S1_n4000,global_oof_regret[q_only],1,0.02898545121182744,0.02898545121182744,,0.02898545121182744,0.02898545121182744
B2,S1_n4000,global_oof_oracle_ratio[q_only],1,1.3106781334416873,1.3106781334416873,,1.3106781334416873,1.3106781334416873
B2,S1_n4000,global_oof_catastrophic[q_only],1,0.0,0.0,,0.0,0.0
B2,S1_n4000,global_oof_top1[q_only],1,0.0,0.0,,0.0,0.0
B2,S1_n4000,global_oof_error[sum],1,0.09329736499127378,0.09329736499127378,,0.09329736499127378,0.09329736499127378
B2,S1_n4000,global_oof_regret[sum],1,0.0,0.0,,0.0,0.0
B2,S1_n4000,global_oof_oracle_ratio[sum],1,0.9999999999892816,0.9999999999892816,,0.9999999999892816,0.9999999999892816
B2,S1_n4000,global_oof_catastrophic[sum],1,0.0,0.0,,0.0,0.0
B2,S1_n4000,global_oof_top1[sum],1,1.0,1.0,,1.0,1.0
B2,S1_n4000,global_oof_error[max],1,0.09329736499127378,0.09329736499127378,,0.09329736499127378,0.09329736499127378
B2,S1_n4000,global_oof_regret[max],1,0.0,0.0,,0.0,0.0
B2,S1_n4000,global_oof_oracle_ratio[max],1,0.9999999999892816,0.9999999999892816,,0.9999999999892816,0.9999999999892816
B2,S1_n4000,global_oof_catastrophic[max],1,0.0,0.0,,0.0,0.0
B2,S1_n4000,global_oof_top1[max],1,1.0,1.0,,1.0,1.0
B2,S1_n4000,global_oof_error[variance_only],1,0.11495910678591566,0.11495910678591566,,0.11495910678591566,0.11495910678591566
B2,S1_n4000,global_oof_regret[variance_only],1,0.02166174179464188,0.02166174179464188,,0.02166174179464188,0.02166174179464188
B2,S1_n4000,global_oof_oracle_ratio[variance_only],1,1.2321795668659639,1.2321795668659639,,1.2321795668659639,1.2321795668659639
B2,S1_n4000,global_oof_catastrophic[variance_only],1,0.0,0.0,,0.0,0.0
B2,S1_n4000,global_oof_top1[variance_only],1,0.0,0.0,,0.0,0.0
B2,S1_n4000,global_oof_error[fixed_sieve1],1,0.09329736499127378,0.09329736499127378,,0.09329736499127378,0.09329736499127378
B2,S1_n4000,global_oof_regret[fixed_sieve1],1,0.0,0.0,,0.0,0.0
B2,S1_n4000,global_oof_oracle_ratio[fixed_sieve1],1,0.9999999999892816,0.9999999999892816,,0.9999999999892816,0.9999999999892816
B2,S1_n4000,global_oof_catastrophic[fixed_sieve1],1,0.0,0.0,,0.0,0.0
B2,S1_n4000,global_oof_top1[fixed_sieve1],1,1.0,1.0,,1.0,1.0
B2,S1_n4000,global_oof_error[fixed_kernel],1,0.27226842903839993,0.27226842903839993,,0.27226842903839993,0.27226842903839993
B2,S1_n4000,global_oof_regret[fixed_kernel],1,0.17897106404712615,0.17897106404712615,,0.17897106404712615,0.17897106404712615
B2,S1_n4000,global_oof_oracle_ratio[fixed_kernel],1,2.9182863745503127,2.9182863745503127,,2.9182863745503127,2.9182863745503127
B2,S1_n4000,global_oof_catastrophic[fixed_kernel],1,1.0,1.0,,1.0,1.0
B2,S1_n4000,global_oof_top1[fixed_kernel],1,0.0,0.0,,0.0,0.0
B2,S1_n4000,global_oof_error[random],1,0.27226842903839993,0.27226842903839993,,0.27226842903839993,0.27226842903839993
B2,S1_n4000,global_oof_regret[random],1,0.17897106404712615,0.17897106404712615,,0.17897106404712615,0.17897106404712615
B2,S1_n4000,global_oof_oracle_ratio[random],1,2.9182863745503127,2.9182863745503127,,2.9182863745503127,2.9182863745503127
B2,S1_n4000,global_oof_catastrophic[random],1,1.0,1.0,,1.0,1.0
B2,S1_n4000,global_oof_top1[random],1,0.0,0.0,,0.0,0.0
B2,S1_n4000,error[oracle],1,0.09329736499127378,0.09329736499127378,,0.09329736499127378,0.09329736499127378
B2,S1_n4000,regret[oracle],1,0.0,0.0,,0.0,0.0
B2,S1_n4000,oracle_ratio[oracle],1,0.9999999999892816,0.9999999999892816,,0.9999999999892816,0.9999999999892816
B2,S1_n4000,catastrophic[oracle],1,0.0,0.0,,0.0,0.0
B2,S1_n4000,top1[oracle],1,1.0,1.0,,1.0,1.0
B2,S1_n4000,global_oof_error[biasvar_mult],1,0.09329736499127378,0.09329736499127378,,0.09329736499127378,0.09329736499127378
B2,S1_n4000,global_oof_regret[biasvar_mult],1,0.0,0.0,,0.0,0.0
B2,S1_n4000,global_oof_oracle_ratio[biasvar_mult],1,0.9999999999892816,0.9999999999892816,,0.9999999999892816,0.9999999999892816
B2,S1_n4000,global_oof_catastrophic[biasvar_mult],1,0.0,0.0,,0.0,0.0
B2,S1_n4000,global_oof_top1[biasvar_mult],1,1.0,1.0,,1.0,1.0
B2,S1_n4000,global_oof_error[biasvar_add],1,0.09329736499127378,0.09329736499127378,,0.09329736499127378,0.09329736499127378
B2,S1_n4000,global_oof_regret[biasvar_add],1,0.0,0.0,,0.0,0.0
B2,S1_n4000,global_oof_oracle_ratio[biasvar_add],1,0.9999999999892816,0.9999999999892816,,0.9999999999892816,0.9999999999892816
B2,S1_n4000,global_oof_catastrophic[biasvar_add],1,0.0,0.0,,0.0,0.0
B2,S1_n4000,global_oof_top1[biasvar_add],1,1.0,1.0,,1.0,1.0
B2,S1_n4000,global_oof_error[MSES],1,0.11495910678591566,0.11495910678591566,,0.11495910678591566,0.11495910678591566
B2,S1_n4000,global_oof_regret[MSES],1,0.02166174179464188,0.02166174179464188,,0.02166174179464188,0.02166174179464188
B2,S1_n4000,global_oof_oracle_ratio[MSES],1,1.2321795668659639,1.2321795668659639,,1.2321795668659639,1.2321795668659639
B2,S1_n4000,global_oof_catastrophic[MSES],1,0.0,0.0,,0.0,0.0
B2,S1_n4000,global_oof_top1[MSES],1,0.0,0.0,,0.0,0.0
B2,S1_n4000,global_oof_top2[MSES],1,1.0,1.0,,1.0,1.0
B2,S1_n4000,spearman[product],1,0.48571428571428577,0.48571428571428577,,0.48571428571428577,0.48571428571428577
B2,S1_n4000,kendall[product],1,0.3333333333333333,0.3333333333333333,,0.3333333333333333,0.3333333333333333
B2,S1_n4000,top2[product],1,1.0,1.0,,1.0,1.0
B2,S1_n4000,spearman[h_only],1,0.6473388749701496,0.6473388749701496,,0.6473388749701496,0.6473388749701496
B2,S1_n4000,kendall[h_only],1,0.5012804118276031,0.5012804118276031,,0.5012804118276031,0.5012804118276031
B2,S1_n4000,top2[h_only],1,1.0,1.0,,1.0,1.0
B2,S1_n4000,spearman[q_only],1,0.41194292043554975,0.41194292043554975,,0.41194292043554975,0.41194292043554975
B2,S1_n4000,kendall[q_only],1,0.3580574370197165,0.3580574370197165,,0.3580574370197165,0.3580574370197165
B2,S1_n4000,top2[q_only],1,1.0,1.0,,1.0,1.0
B2,S1_n4000,spearman[sum],1,0.3142857142857143,0.3142857142857143,,0.3142857142857143,0.3142857142857143
B2,S1_n4000,kendall[sum],1,0.2,0.2,,0.2,0.2
B2,S1_n4000,top2[sum],1,1.0,1.0,,1.0,1.0
B2,S1_n4000,spearman[max],1,0.23190841426097936,0.23190841426097936,,0.23190841426097936,0.23190841426097936
B2,S1_n4000,kendall[max],1,0.13801311186847084,0.13801311186847084,,0.13801311186847084,0.13801311186847084
B2,S1_n4000,top2[max],1,1.0,1.0,,1.0,1.0
B2,S1_n4000,spearman[variance_only],1,0.5428571428571429,0.5428571428571429,,0.5428571428571429,0.5428571428571429
B2,S1_n4000,kendall[variance_only],1,0.4666666666666666,0.4666666666666666,,0.4666666666666666,0.4666666666666666
B2,S1_n4000,top2[variance_only],1,0.0,0.0,,0.0,0.0
B2,S1_n4000,spearman[biasvar_mult],1,0.942857142857143,0.942857142857143,,0.942857142857143,0.942857142857143
B2,S1_n4000,kendall[biasvar_mult],1,0.8666666666666666,0.8666666666666666,,0.8666666666666666,0.8666666666666666
B2,S1_n4000,top2[biasvar_mult],1,1.0,1.0,,1.0,1.0
B2,S1_n4000,spearman[biasvar_add],1,0.8285714285714287,0.8285714285714287,,0.8285714285714287,0.8285714285714287
B2,S1_n4000,kendall[biasvar_add],1,0.7333333333333333,0.7333333333333333,,0.7333333333333333,0.7333333333333333
B2,S1_n4000,top2[biasvar_add],1,1.0,1.0,,1.0,1.0
C2,S2_n4000,oracle_best_error,1,0.03506748419452177,0.03506748419452177,,0.03506748419452177,0.03506748419452177
C2,S2_n4000,global_oof_mses_survivor_count,1,3.0,3.0,,3.0,3.0
C2,S2_n4000,global_oof_error[product],1,0.03506748419452177,0.03506748419452177,,0.03506748419452177,0.03506748419452177
C2,S2_n4000,global_oof_regret[product],1,0.0,0.0,,0.0,0.0
C2,S2_n4000,global_oof_oracle_ratio[product],1,0.9999999999714836,0.9999999999714836,,0.9999999999714836,0.9999999999714836
C2,S2_n4000,global_oof_catastrophic[product],1,0.0,0.0,,0.0,0.0
C2,S2_n4000,global_oof_top1[product],1,1.0,1.0,,1.0,1.0
C2,S2_n4000,global_oof_error[h_only],1,0.21281504048143604,0.21281504048143604,,0.21281504048143604,0.21281504048143604
C2,S2_n4000,global_oof_regret[h_only],1,0.17774755628691427,0.17774755628691427,,0.17774755628691427,0.17774755628691427
C2,S2_n4000,global_oof_oracle_ratio[h_only],1,6.068728492037453,6.068728492037453,,6.068728492037453,6.068728492037453
C2,S2_n4000,global_oof_catastrophic[h_only],1,1.0,1.0,,1.0,1.0
C2,S2_n4000,global_oof_top1[h_only],1,0.0,0.0,,0.0,0.0
C2,S2_n4000,global_oof_error[q_only],1,0.13937706431410457,0.13937706431410457,,0.13937706431410457,0.13937706431410457
C2,S2_n4000,global_oof_regret[q_only],1,0.1043095801195828,0.1043095801195828,,0.1043095801195828,0.1043095801195828
C2,S2_n4000,global_oof_oracle_ratio[q_only],1,3.9745384509762887,3.9745384509762887,,3.9745384509762887,3.9745384509762887
C2,S2_n4000,global_oof_catastrophic[q_only],1,1.0,1.0,,1.0,1.0
C2,S2_n4000,global_oof_top1[q_only],1,0.0,0.0,,0.0,0.0
C2,S2_n4000,global_oof_error[sum],1,0.03506748419452177,0.03506748419452177,,0.03506748419452177,0.03506748419452177
C2,S2_n4000,global_oof_regret[sum],1,0.0,0.0,,0.0,0.0
C2,S2_n4000,global_oof_oracle_ratio[sum],1,0.9999999999714836,0.9999999999714836,,0.9999999999714836,0.9999999999714836
C2,S2_n4000,global_oof_catastrophic[sum],1,0.0,0.0,,0.0,0.0
C2,S2_n4000,global_oof_top1[sum],1,1.0,1.0,,1.0,1.0
C2,S2_n4000,global_oof_error[max],1,0.03506748419452177,0.03506748419452177,,0.03506748419452177,0.03506748419452177
C2,S2_n4000,global_oof_regret[max],1,0.0,0.0,,0.0,0.0
C2,S2_n4000,global_oof_oracle_ratio[max],1,0.9999999999714836,0.9999999999714836,,0.9999999999714836,0.9999999999714836
C2,S2_n4000,global_oof_catastrophic[max],1,0.0,0.0,,0.0,0.0
C2,S2_n4000,global_oof_top1[max],1,1.0,1.0,,1.0,1.0
C2,S2_n4000,global_oof_error[variance_only],1,0.039752956303421016,0.039752956303421016,,0.039752956303421016,0.039752956303421016
C2,S2_n4000,global_oof_regret[variance_only],1,0.004685472108899247,0.004685472108899247,,0.004685472108899247,0.004685472108899247
C2,S2_n4000,global_oof_oracle_ratio[variance_only],1,1.1336130097549912,1.1336130097549912,,1.1336130097549912,1.1336130097549912
C2,S2_n4000,global_oof_catastrophic[variance_only],1,0.0,0.0,,0.0,0.0
C2,S2_n4000,global_oof_top1[variance_only],1,0.0,0.0,,0.0,0.0
C2,S2_n4000,global_oof_error[fixed_sieve1],1,0.03506748419452177,0.03506748419452177,,0.03506748419452177,0.03506748419452177
C2,S2_n4000,global_oof_regret[fixed_sieve1],1,0.0,0.0,,0.0,0.0
C2,S2_n4000,global_oof_oracle_ratio[fixed_sieve1],1,0.9999999999714836,0.9999999999714836,,0.9999999999714836,0.9999999999714836
C2,S2_n4000,global_oof_catastrophic[fixed_sieve1],1,0.0,0.0,,0.0,0.0
C2,S2_n4000,global_oof_top1[fixed_sieve1],1,1.0,1.0,,1.0,1.0
C2,S2_n4000,global_oof_error[fixed_kernel],1,0.510336654172224,0.510336654172224,,0.510336654172224,0.510336654172224
C2,S2_n4000,global_oof_regret[fixed_kernel],1,0.4752691699777022,0.4752691699777022,,0.4752691699777022,0.4752691699777022
C2,S2_n4000,global_oof_oracle_ratio[fixed_kernel],1,14.552987357940996,14.552987357940996,,14.552987357940996,14.552987357940996
C2,S2_n4000,global_oof_catastrophic[fixed_kernel],1,1.0,1.0,,1.0,1.0
C2,S2_n4000,global_oof_top1[fixed_kernel],1,0.0,0.0,,0.0,0.0
C2,S2_n4000,global_oof_error[random],1,0.510336654172224,0.510336654172224,,0.510336654172224,0.510336654172224
C2,S2_n4000,global_oof_regret[random],1,0.4752691699777022,0.4752691699777022,,0.4752691699777022,0.4752691699777022
C2,S2_n4000,global_oof_oracle_ratio[random],1,14.552987357940996,14.552987357940996,,14.552987357940996,14.552987357940996
C2,S2_n4000,global_oof_catastrophic[random],1,1.0,1.0,,1.0,1.0
C2,S2_n4000,global_oof_top1[random],1,0.0,0.0,,0.0,0.0
C2,S2_n4000,error[oracle],1,0.03506748419452177,0.03506748419452177,,0.03506748419452177,0.03506748419452177
C2,S2_n4000,regret[oracle],1,0.0,0.0,,0.0,0.0
C2,S2_n4000,oracle_ratio[oracle],1,0.9999999999714836,0.9999999999714836,,0.9999999999714836,0.9999999999714836
C2,S2_n4000,catastrophic[oracle],1,0.0,0.0,,0.0,0.0
C2,S2_n4000,top1[oracle],1,1.0,1.0,,1.0,1.0
C2,S2_n4000,global_oof_error[biasvar_mult],1,0.03506748419452177,0.03506748419452177,,0.03506748419452177,0.03506748419452177
C2,S2_n4000,global_oof_regret[biasvar_mult],1,0.0,0.0,,0.0,0.0
C2,S2_n4000,global_oof_oracle_ratio[biasvar_mult],1,0.9999999999714836,0.9999999999714836,,0.9999999999714836,0.9999999999714836
C2,S2_n4000,global_oof_catastrophic[biasvar_mult],1,0.0,0.0,,0.0,0.0
C2,S2_n4000,global_oof_top1[biasvar_mult],1,1.0,1.0,,1.0,1.0
C2,S2_n4000,global_oof_error[biasvar_add],1,0.03506748419452177,0.03506748419452177,,0.03506748419452177,0.03506748419452177
C2,S2_n4000,global_oof_regret[biasvar_add],1,0.0,0.0,,0.0,0.0
C2,S2_n4000,global_oof_oracle_ratio[biasvar_add],1,0.9999999999714836,0.9999999999714836,,0.9999999999714836,0.9999999999714836
C2,S2_n4000,global_oof_catastrophic[biasvar_add],1,0.0,0.0,,0.0,0.0
C2,S2_n4000,global_oof_top1[biasvar_add],1,1.0,1.0,,1.0,1.0
C2,S2_n4000,global_oof_error[MSES],1,0.039752956303421016,0.039752956303421016,,0.039752956303421016,0.039752956303421016
C2,S2_n4000,global_oof_regret[MSES],1,0.004685472108899247,0.004685472108899247,,0.004685472108899247,0.004685472108899247
C2,S2_n4000,global_oof_oracle_ratio[MSES],1,1.1336130097549912,1.1336130097549912,,1.1336130097549912,1.1336130097549912
C2,S2_n4000,global_oof_catastrophic[MSES],1,0.0,0.0,,0.0,0.0
C2,S2_n4000,global_oof_top1[MSES],1,0.0,0.0,,0.0,0.0
C2,S2_n4000,global_oof_top2[MSES],1,1.0,1.0,,1.0,1.0
C2,S2_n4000,spearman[product],1,0.3142857142857143,0.3142857142857143,,0.3142857142857143,0.3142857142857143
C2,S2_n4000,kendall[product],1,0.2,0.2,,0.2,0.2
C2,S2_n4000,top2[product],1,1.0,1.0,,1.0,1.0
C2,S2_n4000,spearman[h_only],1,0.35309393180189985,0.35309393180189985,,0.35309393180189985,0.35309393180189985
C2,S2_n4000,kendall[h_only],1,0.21483446221182986,0.21483446221182986,,0.21483446221182986,0.21483446221182986
C2,S2_n4000,top2[h_only],1,1.0,1.0,,1.0,1.0
C2,S2_n4000,spearman[q_only],1,0.41194292043554975,0.41194292043554975,,0.41194292043554975,0.41194292043554975
C2,S2_n4000,kendall[q_only],1,0.3580574370197165,0.3580574370197165,,0.3580574370197165,0.3580574370197165
C2,S2_n4000,top2[q_only],1,1.0,1.0,,1.0,1.0
C2,S2_n4000,spearman[sum],1,0.3142857142857143,0.3142857142857143,,0.3142857142857143,0.3142857142857143
C2,S2_n4000,kendall[sum],1,0.2,0.2,,0.2,0.2
C2,S2_n4000,top2[sum],1,1.0,1.0,,1.0,1.0
C2,S2_n4000,spearman[max],1,0.3188740696088466,0.3188740696088466,,0.3188740696088466,0.3188740696088466
C2,S2_n4000,kendall[max],1,0.2760262237369417,0.2760262237369417,,0.2760262237369417,0.2760262237369417
C2,S2_n4000,top2[max],1,1.0,1.0,,1.0,1.0
C2,S2_n4000,spearman[variance_only],1,0.5428571428571429,0.5428571428571429,,0.5428571428571429,0.5428571428571429
C2,S2_n4000,kendall[variance_only],1,0.4666666666666666,0.4666666666666666,,0.4666666666666666,0.4666666666666666
C2,S2_n4000,top2[variance_only],1,0.0,0.0,,0.0,0.0
C2,S2_n4000,spearman[biasvar_mult],1,0.942857142857143,0.942857142857143,,0.942857142857143,0.942857142857143
C2,S2_n4000,kendall[biasvar_mult],1,0.8666666666666666,0.8666666666666666,,0.8666666666666666,0.8666666666666666
C2,S2_n4000,top2[biasvar_mult],1,1.0,1.0,,1.0,1.0
C2,S2_n4000,spearman[biasvar_add],1,0.8285714285714287,0.8285714285714287,,0.8285714285714287,0.8285714285714287
C2,S2_n4000,kendall[biasvar_add],1,0.7333333333333333,0.7333333333333333,,0.7333333333333333,0.7333333333333333
C2,S2_n4000,top2[biasvar_add],1,1.0,1.0,,1.0,1.0
D2,nonlinear_n4000,oracle_best_error,1,0.328654525978461,0.328654525978461,,0.328654525978461,0.328654525978461
D2,nonlinear_n4000,global_oof_mses_survivor_count,1,1.0,1.0,,1.0,1.0
D2,nonlinear_n4000,global_oof_error[product],1,0.3409317937357095,0.3409317937357095,,0.3409317937357095,0.3409317937357095
D2,nonlinear_n4000,global_oof_regret[product],1,0.012277267757248467,0.012277267757248467,,0.012277267757248467,0.012277267757248467
D2,nonlinear_n4000,global_oof_oracle_ratio[product],1,1.0373561499561268,1.0373561499561268,,1.0373561499561268,1.0373561499561268
D2,nonlinear_n4000,global_oof_catastrophic[product],1,0.0,0.0,,0.0,0.0
D2,nonlinear_n4000,global_oof_top1[product],1,0.0,0.0,,0.0,0.0
D2,nonlinear_n4000,global_oof_error[h_only],1,1.881478881200103,1.881478881200103,,1.881478881200103,1.881478881200103
D2,nonlinear_n4000,global_oof_regret[h_only],1,1.552824355221642,1.552824355221642,,1.552824355221642,1.552824355221642
D2,nonlinear_n4000,global_oof_oracle_ratio[h_only],1,5.724792243748637,5.724792243748637,,5.724792243748637,5.724792243748637
D2,nonlinear_n4000,global_oof_catastrophic[h_only],1,1.0,1.0,,1.0,1.0
D2,nonlinear_n4000,global_oof_top1[h_only],1,0.0,0.0,,0.0,0.0
D2,nonlinear_n4000,global_oof_error[q_only],1,0.4638226076363221,0.4638226076363221,,0.4638226076363221,0.4638226076363221
D2,nonlinear_n4000,global_oof_regret[q_only],1,0.1351680816578611,0.1351680816578611,,0.1351680816578611,0.1351680816578611
D2,nonlinear_n4000,global_oof_oracle_ratio[q_only],1,1.4112771039864163,1.4112771039864163,,1.4112771039864163,1.4112771039864163
D2,nonlinear_n4000,global_oof_catastrophic[q_only],1,0.0,0.0,,0.0,0.0
D2,nonlinear_n4000,global_oof_top1[q_only],1,0.0,0.0,,0.0,0.0
D2,nonlinear_n4000,global_oof_error[sum],1,0.4638226076363221,0.4638226076363221,,0.4638226076363221,0.4638226076363221
D2,nonlinear_n4000,global_oof_regret[sum],1,0.1351680816578611,0.1351680816578611,,0.1351680816578611,0.1351680816578611
D2,nonlinear_n4000,global_oof_oracle_ratio[sum],1,1.4112771039864163,1.4112771039864163,,1.4112771039864163,1.4112771039864163
D2,nonlinear_n4000,global_oof_catastrophic[sum],1,0.0,0.0,,0.0,0.0
D2,nonlinear_n4000,global_oof_top1[sum],1,0.0,0.0,,0.0,0.0
D2,nonlinear_n4000,global_oof_error[max],1,0.3409317937357095,0.3409317937357095,,0.3409317937357095,0.3409317937357095
D2,nonlinear_n4000,global_oof_regret[max],1,0.012277267757248467,0.012277267757248467,,0.012277267757248467,0.012277267757248467
D2,nonlinear_n4000,global_oof_oracle_ratio[max],1,1.0373561499561268,1.0373561499561268,,1.0373561499561268,1.0373561499561268
D2,nonlinear_n4000,global_oof_catastrophic[max],1,0.0,0.0,,0.0,0.0
D2,nonlinear_n4000,global_oof_top1[max],1,0.0,0.0,,0.0,0.0
D2,nonlinear_n4000,global_oof_error[variance_only],1,0.328654525978461,0.328654525978461,,0.328654525978461,0.328654525978461
D2,nonlinear_n4000,global_oof_regret[variance_only],1,0.0,0.0,,0.0,0.0
D2,nonlinear_n4000,global_oof_oracle_ratio[variance_only],1,0.9999999999969573,0.9999999999969573,,0.9999999999969573,0.9999999999969573
D2,nonlinear_n4000,global_oof_catastrophic[variance_only],1,0.0,0.0,,0.0,0.0
D2,nonlinear_n4000,global_oof_top1[variance_only],1,1.0,1.0,,1.0,1.0
D2,nonlinear_n4000,global_oof_error[fixed_sieve1],1,0.3409317937357095,0.3409317937357095,,0.3409317937357095,0.3409317937357095
D2,nonlinear_n4000,global_oof_regret[fixed_sieve1],1,0.012277267757248467,0.012277267757248467,,0.012277267757248467,0.012277267757248467
D2,nonlinear_n4000,global_oof_oracle_ratio[fixed_sieve1],1,1.0373561499561268,1.0373561499561268,,1.0373561499561268,1.0373561499561268
D2,nonlinear_n4000,global_oof_catastrophic[fixed_sieve1],1,0.0,0.0,,0.0,0.0
D2,nonlinear_n4000,global_oof_top1[fixed_sieve1],1,0.0,0.0,,0.0,0.0
D2,nonlinear_n4000,global_oof_error[fixed_kernel],1,0.9538070995316459,0.9538070995316459,,0.9538070995316459,0.9538070995316459
D2,nonlinear_n4000,global_oof_regret[fixed_kernel],1,0.6251525735531849,0.6251525735531849,,0.6251525735531849,0.6251525735531849
D2,nonlinear_n4000,global_oof_oracle_ratio[fixed_kernel],1,2.902157201970964,2.902157201970964,,2.902157201970964,2.902157201970964
D2,nonlinear_n4000,global_oof_catastrophic[fixed_kernel],1,1.0,1.0,,1.0,1.0
D2,nonlinear_n4000,global_oof_top1[fixed_kernel],1,0.0,0.0,,0.0,0.0
D2,nonlinear_n4000,global_oof_error[random],1,0.9538070995316459,0.9538070995316459,,0.9538070995316459,0.9538070995316459
D2,nonlinear_n4000,global_oof_regret[random],1,0.6251525735531849,0.6251525735531849,,0.6251525735531849,0.6251525735531849
D2,nonlinear_n4000,global_oof_oracle_ratio[random],1,2.902157201970964,2.902157201970964,,2.902157201970964,2.902157201970964
D2,nonlinear_n4000,global_oof_catastrophic[random],1,1.0,1.0,,1.0,1.0
D2,nonlinear_n4000,global_oof_top1[random],1,0.0,0.0,,0.0,0.0
D2,nonlinear_n4000,error[oracle],1,0.328654525978461,0.328654525978461,,0.328654525978461,0.328654525978461
D2,nonlinear_n4000,regret[oracle],1,0.0,0.0,,0.0,0.0
D2,nonlinear_n4000,oracle_ratio[oracle],1,0.9999999999969573,0.9999999999969573,,0.9999999999969573,0.9999999999969573
D2,nonlinear_n4000,catastrophic[oracle],1,0.0,0.0,,0.0,0.0
D2,nonlinear_n4000,top1[oracle],1,1.0,1.0,,1.0,1.0
D2,nonlinear_n4000,global_oof_error[biasvar_mult],1,0.328654525978461,0.328654525978461,,0.328654525978461,0.328654525978461
D2,nonlinear_n4000,global_oof_regret[biasvar_mult],1,0.0,0.0,,0.0,0.0
D2,nonlinear_n4000,global_oof_oracle_ratio[biasvar_mult],1,0.9999999999969573,0.9999999999969573,,0.9999999999969573,0.9999999999969573
D2,nonlinear_n4000,global_oof_catastrophic[biasvar_mult],1,0.0,0.0,,0.0,0.0
D2,nonlinear_n4000,global_oof_top1[biasvar_mult],1,1.0,1.0,,1.0,1.0
D2,nonlinear_n4000,global_oof_error[biasvar_add],1,0.3409317937357095,0.3409317937357095,,0.3409317937357095,0.3409317937357095
D2,nonlinear_n4000,global_oof_regret[biasvar_add],1,0.012277267757248467,0.012277267757248467,,0.012277267757248467,0.012277267757248467
D2,nonlinear_n4000,global_oof_oracle_ratio[biasvar_add],1,1.0373561499561268,1.0373561499561268,,1.0373561499561268,1.0373561499561268
D2,nonlinear_n4000,global_oof_catastrophic[biasvar_add],1,0.0,0.0,,0.0,0.0
D2,nonlinear_n4000,global_oof_top1[biasvar_add],1,0.0,0.0,,0.0,0.0
D2,nonlinear_n4000,global_oof_error[MSES],1,1.881478881200103,1.881478881200103,,1.881478881200103,1.881478881200103
D2,nonlinear_n4000,global_oof_regret[MSES],1,1.552824355221642,1.552824355221642,,1.552824355221642,1.552824355221642
D2,nonlinear_n4000,global_oof_oracle_ratio[MSES],1,5.724792243748637,5.724792243748637,,5.724792243748637,5.724792243748637
D2,nonlinear_n4000,global_oof_catastrophic[MSES],1,1.0,1.0,,1.0,1.0
D2,nonlinear_n4000,global_oof_top1[MSES],1,0.0,0.0,,0.0,0.0
D2,nonlinear_n4000,global_oof_top2[MSES],1,0.0,0.0,,0.0,0.0
D2,nonlinear_n4000,spearman[product],1,0.2,0.2,,0.2,0.2
D2,nonlinear_n4000,kendall[product],1,0.2,0.2,,0.2,0.2
D2,nonlinear_n4000,top2[product],1,0.0,0.0,,0.0,0.0
D2,nonlinear_n4000,spearman[h_only],1,0.08827348295047496,0.08827348295047496,,0.08827348295047496,0.08827348295047496
D2,nonlinear_n4000,kendall[h_only],1,0.21483446221182986,0.21483446221182986,,0.21483446221182986,0.21483446221182986
D2,nonlinear_n4000,top2[h_only],1,0.0,0.0,,0.0,0.0
D2,nonlinear_n4000,spearman[q_only],1,0.08827348295047496,0.08827348295047496,,0.08827348295047496,0.08827348295047496
D2,nonlinear_n4000,kendall[q_only],1,0.07161148740394328,0.07161148740394328,,0.07161148740394328,0.07161148740394328
D2,nonlinear_n4000,top2[q_only],1,0.0,0.0,,0.0,0.0
D2,nonlinear_n4000,spearman[sum],1,0.3142857142857143,0.3142857142857143,,0.3142857142857143,0.3142857142857143
D2,nonlinear_n4000,kendall[sum],1,0.2,0.2,,0.2,0.2
D2,nonlinear_n4000,top2[sum],1,0.0,0.0,,0.0,0.0
D2,nonlinear_n4000,spearman[max],1,0.34786262139146906,0.34786262139146906,,0.34786262139146906,0.34786262139146906
D2,nonlinear_n4000,kendall[max],1,0.2760262237369417,0.2760262237369417,,0.2760262237369417,0.2760262237369417
D2,nonlinear_n4000,top2[max],1,0.0,0.0,,0.0,0.0
D2,nonlinear_n4000,spearman[variance_only],1,0.3142857142857143,0.3142857142857143,,0.3142857142857143,0.3142857142857143
D2,nonlinear_n4000,kendall[variance_only],1,0.2,0.2,,0.2,0.2
D2,nonlinear_n4000,top2[variance_only],1,1.0,1.0,,1.0,1.0
D2,nonlinear_n4000,spearman[biasvar_mult],1,0.6571428571428573,0.6571428571428573,,0.6571428571428573,0.6571428571428573
D2,nonlinear_n4000,kendall[biasvar_mult],1,0.6,0.6,,0.6,0.6
D2,nonlinear_n4000,top2[biasvar_mult],1,1.0,1.0,,1.0,1.0
D2,nonlinear_n4000,spearman[biasvar_add],1,0.4285714285714286,0.4285714285714286,,0.4285714285714286,0.4285714285714286
D2,nonlinear_n4000,kendall[biasvar_add],1,0.2,0.2,,0.2,0.2
D2,nonlinear_n4000,top2[biasvar_add],1,1.0,1.0,,1.0,1.0
E2,hamd_n1500,oracle_best_error,1,0.07009844630754682,0.07009844630754682,,0.07009844630754682,0.07009844630754682
E2,hamd_n1500,global_oof_mses_survivor_count,1,3.0,3.0,,3.0,3.0
E2,hamd_n1500,global_oof_error[product],1,0.46268650530780425,0.46268650530780425,,0.46268650530780425,0.46268650530780425
E2,hamd_n1500,global_oof_regret[product],1,0.39258805900025745,0.39258805900025745,,0.39258805900025745,0.39258805900025745
E2,hamd_n1500,global_oof_oracle_ratio[product],1,6.600524400658374,6.600524400658374,,6.600524400658374,6.600524400658374
E2,hamd_n1500,global_oof_catastrophic[product],1,1.0,1.0,,1.0,1.0
E2,hamd_n1500,global_oof_top1[product],1,0.0,0.0,,0.0,0.0
E2,hamd_n1500,global_oof_error[h_only],1,0.07009844630754682,0.07009844630754682,,0.07009844630754682,0.07009844630754682
E2,hamd_n1500,global_oof_regret[h_only],1,0.0,0.0,,0.0,0.0
E2,hamd_n1500,global_oof_oracle_ratio[h_only],1,0.9999999999857343,0.9999999999857343,,0.9999999999857343,0.9999999999857343
E2,hamd_n1500,global_oof_catastrophic[h_only],1,0.0,0.0,,0.0,0.0
E2,hamd_n1500,global_oof_top1[h_only],1,1.0,1.0,,1.0,1.0
E2,hamd_n1500,global_oof_error[q_only],1,0.46952580325129234,0.46952580325129234,,0.46952580325129234,0.46952580325129234
E2,hamd_n1500,global_oof_regret[q_only],1,0.39942735694374554,0.39942735694374554,,0.39942735694374554,0.39942735694374554
E2,hamd_n1500,global_oof_oracle_ratio[q_only],1,6.698091441065862,6.698091441065862,,6.698091441065862,6.698091441065862
E2,hamd_n1500,global_oof_catastrophic[q_only],1,1.0,1.0,,1.0,1.0
E2,hamd_n1500,global_oof_top1[q_only],1,0.0,0.0,,0.0,0.0
E2,hamd_n1500,global_oof_error[sum],1,0.46268650530780425,0.46268650530780425,,0.46268650530780425,0.46268650530780425
E2,hamd_n1500,global_oof_regret[sum],1,0.39258805900025745,0.39258805900025745,,0.39258805900025745,0.39258805900025745
E2,hamd_n1500,global_oof_oracle_ratio[sum],1,6.600524400658374,6.600524400658374,,6.600524400658374,6.600524400658374
E2,hamd_n1500,global_oof_catastrophic[sum],1,1.0,1.0,,1.0,1.0
E2,hamd_n1500,global_oof_top1[sum],1,0.0,0.0,,0.0,0.0
E2,hamd_n1500,global_oof_error[max],1,0.46268650530780425,0.46268650530780425,,0.46268650530780425,0.46268650530780425
E2,hamd_n1500,global_oof_regret[max],1,0.39258805900025745,0.39258805900025745,,0.39258805900025745,0.39258805900025745
E2,hamd_n1500,global_oof_oracle_ratio[max],1,6.600524400658374,6.600524400658374,,6.600524400658374,6.600524400658374
E2,hamd_n1500,global_oof_catastrophic[max],1,1.0,1.0,,1.0,1.0
E2,hamd_n1500,global_oof_top1[max],1,0.0,0.0,,0.0,0.0
E2,hamd_n1500,global_oof_error[variance_only],1,0.3388083599553791,0.3388083599553791,,0.3388083599553791,0.3388083599553791
E2,hamd_n1500,global_oof_regret[variance_only],1,0.2687099136478323,0.2687099136478323,,0.2687099136478323,0.2687099136478323
E2,hamd_n1500,global_oof_oracle_ratio[variance_only],1,4.833321960718972,4.833321960718972,,4.833321960718972,4.833321960718972
E2,hamd_n1500,global_oof_catastrophic[variance_only],1,1.0,1.0,,1.0,1.0
E2,hamd_n1500,global_oof_top1[variance_only],1,0.0,0.0,,0.0,0.0
E2,hamd_n1500,global_oof_error[fixed_sieve1],1,0.46268650530780425,0.46268650530780425,,0.46268650530780425,0.46268650530780425
E2,hamd_n1500,global_oof_regret[fixed_sieve1],1,0.39258805900025745,0.39258805900025745,,0.39258805900025745,0.39258805900025745
E2,hamd_n1500,global_oof_oracle_ratio[fixed_sieve1],1,6.600524400658374,6.600524400658374,,6.600524400658374,6.600524400658374
E2,hamd_n1500,global_oof_catastrophic[fixed_sieve1],1,1.0,1.0,,1.0,1.0
E2,hamd_n1500,global_oof_top1[fixed_sieve1],1,0.0,0.0,,0.0,0.0
E2,hamd_n1500,global_oof_error[fixed_kernel],1,0.2483193796707761,0.2483193796707761,,0.2483193796707761,0.2483193796707761
E2,hamd_n1500,global_oof_regret[fixed_kernel],1,0.1782209333632293,0.1782209333632293,,0.1782209333632293,0.1782209333632293
E2,hamd_n1500,global_oof_oracle_ratio[fixed_kernel],1,3.5424377107841765,3.5424377107841765,,3.5424377107841765,3.5424377107841765
E2,hamd_n1500,global_oof_catastrophic[fixed_kernel],1,1.0,1.0,,1.0,1.0
E2,hamd_n1500,global_oof_top1[fixed_kernel],1,0.0,0.0,,0.0,0.0
E2,hamd_n1500,global_oof_error[random],1,0.2483193796707761,0.2483193796707761,,0.2483193796707761,0.2483193796707761
E2,hamd_n1500,global_oof_regret[random],1,0.1782209333632293,0.1782209333632293,,0.1782209333632293,0.1782209333632293
E2,hamd_n1500,global_oof_oracle_ratio[random],1,3.5424377107841765,3.5424377107841765,,3.5424377107841765,3.5424377107841765
E2,hamd_n1500,global_oof_catastrophic[random],1,1.0,1.0,,1.0,1.0
E2,hamd_n1500,global_oof_top1[random],1,0.0,0.0,,0.0,0.0
E2,hamd_n1500,error[oracle],1,0.07009844630754682,0.07009844630754682,,0.07009844630754682,0.07009844630754682
E2,hamd_n1500,regret[oracle],1,0.0,0.0,,0.0,0.0
E2,hamd_n1500,oracle_ratio[oracle],1,0.9999999999857343,0.9999999999857343,,0.9999999999857343,0.9999999999857343
E2,hamd_n1500,catastrophic[oracle],1,0.0,0.0,,0.0,0.0
E2,hamd_n1500,top1[oracle],1,1.0,1.0,,1.0,1.0
E2,hamd_n1500,global_oof_error[biasvar_mult],1,0.07009844630754682,0.07009844630754682,,0.07009844630754682,0.07009844630754682
E2,hamd_n1500,global_oof_regret[biasvar_mult],1,0.0,0.0,,0.0,0.0
E2,hamd_n1500,global_oof_oracle_ratio[biasvar_mult],1,0.9999999999857343,0.9999999999857343,,0.9999999999857343,0.9999999999857343
E2,hamd_n1500,global_oof_catastrophic[biasvar_mult],1,0.0,0.0,,0.0,0.0
E2,hamd_n1500,global_oof_top1[biasvar_mult],1,1.0,1.0,,1.0,1.0
E2,hamd_n1500,global_oof_error[biasvar_add],1,0.07009844630754682,0.07009844630754682,,0.07009844630754682,0.07009844630754682
E2,hamd_n1500,global_oof_regret[biasvar_add],1,0.0,0.0,,0.0,0.0
E2,hamd_n1500,global_oof_oracle_ratio[biasvar_add],1,0.9999999999857343,0.9999999999857343,,0.9999999999857343,0.9999999999857343
E2,hamd_n1500,global_oof_catastrophic[biasvar_add],1,0.0,0.0,,0.0,0.0
E2,hamd_n1500,global_oof_top1[biasvar_add],1,1.0,1.0,,1.0,1.0
E2,hamd_n1500,global_oof_error[MSES],1,0.07009844630754682,0.07009844630754682,,0.07009844630754682,0.07009844630754682
E2,hamd_n1500,global_oof_regret[MSES],1,0.0,0.0,,0.0,0.0
E2,hamd_n1500,global_oof_oracle_ratio[MSES],1,0.9999999999857343,0.9999999999857343,,0.9999999999857343,0.9999999999857343
E2,hamd_n1500,global_oof_catastrophic[MSES],1,0.0,0.0,,0.0,0.0
E2,hamd_n1500,global_oof_top1[MSES],1,1.0,1.0,,1.0,1.0
E2,hamd_n1500,global_oof_top2[MSES],1,1.0,1.0,,1.0,1.0
E2,hamd_n1500,spearman[product],1,-0.7142857142857143,-0.7142857142857143,,-0.7142857142857143,-0.7142857142857143
E2,hamd_n1500,kendall[product],1,-0.4666666666666666,-0.4666666666666666,,-0.4666666666666666,-0.4666666666666666
E2,hamd_n1500,top2[product],1,0.0,0.0,,0.0,0.0
E2,hamd_n1500,spearman[h_only],1,0.20597146021777488,0.20597146021777488,,0.20597146021777488,0.20597146021777488
E2,hamd_n1500,kendall[h_only],1,0.07161148740394328,0.07161148740394328,,0.07161148740394328,0.07161148740394328
E2,hamd_n1500,top2[h_only],1,1.0,1.0,,1.0,1.0
E2,hamd_n1500,spearman[q_only],1,-0.7944613465542746,-0.7944613465542746,,-0.7944613465542746,-0.7944613465542746
E2,hamd_n1500,kendall[q_only],1,-0.6445033866354897,-0.6445033866354897,,-0.6445033866354897,-0.6445033866354897
E2,hamd_n1500,top2[q_only],1,0.0,0.0,,0.0,0.0
E2,hamd_n1500,spearman[sum],1,-0.14285714285714288,-0.14285714285714288,,-0.14285714285714288,-0.14285714285714288
E2,hamd_n1500,kendall[sum],1,-0.06666666666666665,-0.06666666666666665,,-0.06666666666666665,-0.06666666666666665
E2,hamd_n1500,top2[sum],1,1.0,1.0,,1.0,1.0
E2,hamd_n1500,spearman[max],1,-0.20291986247835694,-0.20291986247835694,,-0.20291986247835694,-0.20291986247835694
E2,hamd_n1500,kendall[max],1,-0.13801311186847084,-0.13801311186847084,,-0.13801311186847084,-0.13801311186847084
E2,hamd_n1500,top2[max],1,0.0,0.0,,0.0,0.0
E2,hamd_n1500,spearman[variance_only],1,0.8285714285714287,0.8285714285714287,,0.8285714285714287,0.8285714285714287
E2,hamd_n1500,kendall[variance_only],1,0.7333333333333333,0.7333333333333333,,0.7333333333333333,0.7333333333333333
E2,hamd_n1500,top2[variance_only],1,1.0,1.0,,1.0,1.0
E2,hamd_n1500,spearman[biasvar_mult],1,0.48571428571428577,0.48571428571428577,,0.48571428571428577,0.48571428571428577
E2,hamd_n1500,kendall[biasvar_mult],1,0.3333333333333333,0.3333333333333333,,0.3333333333333333,0.3333333333333333
E2,hamd_n1500,top2[biasvar_mult],1,1.0,1.0,,1.0,1.0
E2,hamd_n1500,spearman[biasvar_add],1,0.48571428571428577,0.48571428571428577,,0.48571428571428577,0.48571428571428577
E2,hamd_n1500,kendall[biasvar_add],1,0.3333333333333333,0.3333333333333333,,0.3333333333333333,0.3333333333333333
E2,hamd_n1500,top2[biasvar_add],1,1.0,1.0,,1.0,1.0
F2,S1_cU0.0_n4000,oracle_best_error,1,0.04834241711846998,0.04834241711846998,,0.04834241711846998,0.04834241711846998
F2,S1_cU0.0_n4000,global_oof_mses_survivor_count,1,4.0,4.0,,4.0,4.0
F2,S1_cU0.0_n4000,global_oof_error[product],1,0.07977933065886406,0.07977933065886406,,0.07977933065886406,0.07977933065886406
F2,S1_cU0.0_n4000,global_oof_regret[product],1,0.031436913540394074,0.031436913540394074,,0.031436913540394074,0.031436913540394074
F2,S1_cU0.0_n4000,global_oof_oracle_ratio[product],1,1.6502966837943402,1.6502966837943402,,1.6502966837943402,1.6502966837943402
F2,S1_cU0.0_n4000,global_oof_catastrophic[product],1,1.0,1.0,,1.0,1.0
F2,S1_cU0.0_n4000,global_oof_top1[product],1,0.0,0.0,,0.0,0.0
F2,S1_cU0.0_n4000,global_oof_error[h_only],1,0.04834241711846998,0.04834241711846998,,0.04834241711846998,0.04834241711846998
F2,S1_cU0.0_n4000,global_oof_regret[h_only],1,0.0,0.0,,0.0,0.0
F2,S1_cU0.0_n4000,global_oof_oracle_ratio[h_only],1,0.9999999999793142,0.9999999999793142,,0.9999999999793142,0.9999999999793142
F2,S1_cU0.0_n4000,global_oof_catastrophic[h_only],1,0.0,0.0,,0.0,0.0
F2,S1_cU0.0_n4000,global_oof_top1[h_only],1,1.0,1.0,,1.0,1.0
F2,S1_cU0.0_n4000,global_oof_error[q_only],1,0.05861961399479548,0.05861961399479548,,0.05861961399479548,0.05861961399479548
F2,S1_cU0.0_n4000,global_oof_regret[q_only],1,0.0102771968763255,0.0102771968763255,,0.0102771968763255,0.0102771968763255
F2,S1_cU0.0_n4000,global_oof_oracle_ratio[q_only],1,1.212591704918833,1.212591704918833,,1.212591704918833,1.212591704918833
F2,S1_cU0.0_n4000,global_oof_catastrophic[q_only],1,0.0,0.0,,0.0,0.0
F2,S1_cU0.0_n4000,global_oof_top1[q_only],1,0.0,0.0,,0.0,0.0
F2,S1_cU0.0_n4000,global_oof_error[sum],1,0.07977933065886406,0.07977933065886406,,0.07977933065886406,0.07977933065886406
F2,S1_cU0.0_n4000,global_oof_regret[sum],1,0.031436913540394074,0.031436913540394074,,0.031436913540394074,0.031436913540394074
F2,S1_cU0.0_n4000,global_oof_oracle_ratio[sum],1,1.6502966837943402,1.6502966837943402,,1.6502966837943402,1.6502966837943402
F2,S1_cU0.0_n4000,global_oof_catastrophic[sum],1,1.0,1.0,,1.0,1.0
F2,S1_cU0.0_n4000,global_oof_top1[sum],1,0.0,0.0,,0.0,0.0
F2,S1_cU0.0_n4000,global_oof_error[max],1,0.07977933065886406,0.07977933065886406,,0.07977933065886406,0.07977933065886406
F2,S1_cU0.0_n4000,global_oof_regret[max],1,0.031436913540394074,0.031436913540394074,,0.031436913540394074,0.031436913540394074
F2,S1_cU0.0_n4000,global_oof_oracle_ratio[max],1,1.6502966837943402,1.6502966837943402,,1.6502966837943402,1.6502966837943402
F2,S1_cU0.0_n4000,global_oof_catastrophic[max],1,1.0,1.0,,1.0,1.0
F2,S1_cU0.0_n4000,global_oof_top1[max],1,0.0,0.0,,0.0,0.0
F2,S1_cU0.0_n4000,global_oof_error[variance_only],1,0.08798738197138224,0.08798738197138224,,0.08798738197138224,0.08798738197138224
F2,S1_cU0.0_n4000,global_oof_regret[variance_only],1,0.03964496485291226,0.03964496485291226,,0.03964496485291226,0.03964496485291226
F2,S1_cU0.0_n4000,global_oof_oracle_ratio[variance_only],1,1.820086524716721,1.820086524716721,,1.820086524716721,1.820086524716721
F2,S1_cU0.0_n4000,global_oof_catastrophic[variance_only],1,1.0,1.0,,1.0,1.0
F2,S1_cU0.0_n4000,global_oof_top1[variance_only],1,0.0,0.0,,0.0,0.0
F2,S1_cU0.0_n4000,global_oof_error[fixed_sieve1],1,0.07977933065886406,0.07977933065886406,,0.07977933065886406,0.07977933065886406
F2,S1_cU0.0_n4000,global_oof_regret[fixed_sieve1],1,0.031436913540394074,0.031436913540394074,,0.031436913540394074,0.031436913540394074
F2,S1_cU0.0_n4000,global_oof_oracle_ratio[fixed_sieve1],1,1.6502966837943402,1.6502966837943402,,1.6502966837943402,1.6502966837943402
F2,S1_cU0.0_n4000,global_oof_catastrophic[fixed_sieve1],1,1.0,1.0,,1.0,1.0
F2,S1_cU0.0_n4000,global_oof_top1[fixed_sieve1],1,0.0,0.0,,0.0,0.0
F2,S1_cU0.0_n4000,global_oof_error[fixed_kernel],1,0.11277120629248183,0.11277120629248183,,0.11277120629248183,0.11277120629248183
F2,S1_cU0.0_n4000,global_oof_regret[fixed_kernel],1,0.06442878917401185,0.06442878917401185,,0.06442878917401185,0.06442878917401185
F2,S1_cU0.0_n4000,global_oof_oracle_ratio[fixed_kernel],1,2.3327589519114684,2.3327589519114684,,2.3327589519114684,2.3327589519114684
F2,S1_cU0.0_n4000,global_oof_catastrophic[fixed_kernel],1,1.0,1.0,,1.0,1.0
F2,S1_cU0.0_n4000,global_oof_top1[fixed_kernel],1,0.0,0.0,,0.0,0.0
F2,S1_cU0.0_n4000,global_oof_error[random],1,0.11277120629248183,0.11277120629248183,,0.11277120629248183,0.11277120629248183
F2,S1_cU0.0_n4000,global_oof_regret[random],1,0.06442878917401185,0.06442878917401185,,0.06442878917401185,0.06442878917401185
F2,S1_cU0.0_n4000,global_oof_oracle_ratio[random],1,2.3327589519114684,2.3327589519114684,,2.3327589519114684,2.3327589519114684
F2,S1_cU0.0_n4000,global_oof_catastrophic[random],1,1.0,1.0,,1.0,1.0
F2,S1_cU0.0_n4000,global_oof_top1[random],1,0.0,0.0,,0.0,0.0
F2,S1_cU0.0_n4000,error[oracle],1,0.04834241711846998,0.04834241711846998,,0.04834241711846998,0.04834241711846998
F2,S1_cU0.0_n4000,regret[oracle],1,0.0,0.0,,0.0,0.0
F2,S1_cU0.0_n4000,oracle_ratio[oracle],1,0.9999999999793142,0.9999999999793142,,0.9999999999793142,0.9999999999793142
F2,S1_cU0.0_n4000,catastrophic[oracle],1,0.0,0.0,,0.0,0.0
F2,S1_cU0.0_n4000,top1[oracle],1,1.0,1.0,,1.0,1.0
F2,S1_cU0.0_n4000,global_oof_error[biasvar_mult],1,0.07977933065886406,0.07977933065886406,,0.07977933065886406,0.07977933065886406
F2,S1_cU0.0_n4000,global_oof_regret[biasvar_mult],1,0.031436913540394074,0.031436913540394074,,0.031436913540394074,0.031436913540394074
F2,S1_cU0.0_n4000,global_oof_oracle_ratio[biasvar_mult],1,1.6502966837943402,1.6502966837943402,,1.6502966837943402,1.6502966837943402
F2,S1_cU0.0_n4000,global_oof_catastrophic[biasvar_mult],1,1.0,1.0,,1.0,1.0
F2,S1_cU0.0_n4000,global_oof_top1[biasvar_mult],1,0.0,0.0,,0.0,0.0
F2,S1_cU0.0_n4000,global_oof_error[biasvar_add],1,0.07977933065886406,0.07977933065886406,,0.07977933065886406,0.07977933065886406
F2,S1_cU0.0_n4000,global_oof_regret[biasvar_add],1,0.031436913540394074,0.031436913540394074,,0.031436913540394074,0.031436913540394074
F2,S1_cU0.0_n4000,global_oof_oracle_ratio[biasvar_add],1,1.6502966837943402,1.6502966837943402,,1.6502966837943402,1.6502966837943402
F2,S1_cU0.0_n4000,global_oof_catastrophic[biasvar_add],1,1.0,1.0,,1.0,1.0
F2,S1_cU0.0_n4000,global_oof_top1[biasvar_add],1,0.0,0.0,,0.0,0.0
F2,S1_cU0.0_n4000,global_oof_error[MSES],1,0.08798738197138224,0.08798738197138224,,0.08798738197138224,0.08798738197138224
F2,S1_cU0.0_n4000,global_oof_regret[MSES],1,0.03964496485291226,0.03964496485291226,,0.03964496485291226,0.03964496485291226
F2,S1_cU0.0_n4000,global_oof_oracle_ratio[MSES],1,1.820086524716721,1.820086524716721,,1.820086524716721,1.820086524716721
F2,S1_cU0.0_n4000,global_oof_catastrophic[MSES],1,1.0,1.0,,1.0,1.0
F2,S1_cU0.0_n4000,global_oof_top1[MSES],1,0.0,0.0,,0.0,0.0
F2,S1_cU0.0_n4000,global_oof_top2[MSES],1,0.0,0.0,,0.0,0.0
F2,S1_cU0.0_n4000,spearman[product],1,0.6571428571428573,0.6571428571428573,,0.6571428571428573,0.6571428571428573
F2,S1_cU0.0_n4000,kendall[product],1,0.4666666666666666,0.4666666666666666,,0.4666666666666666,0.4666666666666666
F2,S1_cU0.0_n4000,top2[product],1,1.0,1.0,,1.0,1.0
F2,S1_cU0.0_n4000,spearman[h_only],1,0.44136741475237473,0.44136741475237473,,0.44136741475237473,0.44136741475237473
F2,S1_cU0.0_n4000,kendall[h_only],1,0.3580574370197165,0.3580574370197165,,0.3580574370197165,0.3580574370197165
F2,S1_cU0.0_n4000,top2[h_only],1,1.0,1.0,,1.0,1.0
F2,S1_cU0.0_n4000,spearman[q_only],1,0.6179143806533246,0.6179143806533246,,0.6179143806533246,0.6179143806533246
F2,S1_cU0.0_n4000,kendall[q_only],1,0.3580574370197165,0.3580574370197165,,0.3580574370197165,0.3580574370197165
F2,S1_cU0.0_n4000,top2[q_only],1,0.0,0.0,,0.0,0.0
F2,S1_cU0.0_n4000,spearman[sum],1,0.4285714285714286,0.4285714285714286,,0.4285714285714286,0.4285714285714286
F2,S1_cU0.0_n4000,kendall[sum],1,0.3333333333333333,0.3333333333333333,,0.3333333333333333,0.3333333333333333
F2,S1_cU0.0_n4000,top2[sum],1,1.0,1.0,,1.0,1.0
F2,S1_cU0.0_n4000,spearman[max],1,0.23190841426097936,0.23190841426097936,,0.23190841426097936,0.23190841426097936
F2,S1_cU0.0_n4000,kendall[max],1,0.13801311186847084,0.13801311186847084,,0.13801311186847084,0.13801311186847084
F2,S1_cU0.0_n4000,top2[max],1,1.0,1.0,,1.0,1.0
F2,S1_cU0.0_n4000,spearman[variance_only],1,-0.028571428571428574,-0.028571428571428574,,-0.028571428571428574,-0.028571428571428574
F2,S1_cU0.0_n4000,kendall[variance_only],1,-0.06666666666666665,-0.06666666666666665,,-0.06666666666666665,-0.06666666666666665
F2,S1_cU0.0_n4000,top2[variance_only],1,0.0,0.0,,0.0,0.0
F2,S1_cU0.0_n4000,spearman[biasvar_mult],1,0.5428571428571429,0.5428571428571429,,0.5428571428571429,0.5428571428571429
F2,S1_cU0.0_n4000,kendall[biasvar_mult],1,0.4666666666666666,0.4666666666666666,,0.4666666666666666,0.4666666666666666
F2,S1_cU0.0_n4000,top2[biasvar_mult],1,0.0,0.0,,0.0,0.0
F2,S1_cU0.0_n4000,spearman[biasvar_add],1,0.7142857142857143,0.7142857142857143,,0.7142857142857143,0.7142857142857143
F2,S1_cU0.0_n4000,kendall[biasvar_add],1,0.6,0.6,,0.6,0.6
F2,S1_cU0.0_n4000,top2[biasvar_add],1,1.0,1.0,,1.0,1.0
F2,S1_cU0.5_n4000,oracle_best_error,1,0.06814356324202103,0.06814356324202103,,0.06814356324202103,0.06814356324202103
F2,S1_cU0.5_n4000,global_oof_mses_survivor_count,1,4.0,4.0,,4.0,4.0
F2,S1_cU0.5_n4000,global_oof_error[product],1,0.09350545452713481,0.09350545452713481,,0.09350545452713481,0.09350545452713481
F2,S1_cU0.5_n4000,global_oof_regret[product],1,0.025361891285113777,0.025361891285113777,,0.025361891285113777,0.025361891285113777
F2,S1_cU0.5_n4000,global_oof_oracle_ratio[product],1,1.3721832272501722,1.3721832272501722,,1.3721832272501722,1.3721832272501722
F2,S1_cU0.5_n4000,global_oof_catastrophic[product],1,0.0,0.0,,0.0,0.0
F2,S1_cU0.5_n4000,global_oof_top1[product],1,0.0,0.0,,0.0,0.0
F2,S1_cU0.5_n4000,global_oof_error[h_only],1,0.10566363915186128,0.10566363915186128,,0.10566363915186128,0.10566363915186128
F2,S1_cU0.5_n4000,global_oof_regret[h_only],1,0.037520075909840245,0.037520075909840245,,0.037520075909840245,0.037520075909840245
F2,S1_cU0.5_n4000,global_oof_oracle_ratio[h_only],1,1.5506033750397237,1.5506033750397237,,1.5506033750397237,1.5506033750397237
F2,S1_cU0.5_n4000,global_oof_catastrophic[h_only],1,1.0,1.0,,1.0,1.0
F2,S1_cU0.5_n4000,global_oof_top1[h_only],1,0.0,0.0,,0.0,0.0
F2,S1_cU0.5_n4000,global_oof_error[q_only],1,0.08697689992153572,0.08697689992153572,,0.08697689992153572,0.08697689992153572
F2,S1_cU0.5_n4000,global_oof_regret[q_only],1,0.018833336679514687,0.018833336679514687,,0.018833336679514687,0.018833336679514687
F2,S1_cU0.5_n4000,global_oof_oracle_ratio[q_only],1,1.27637733899164,1.27637733899164,,1.27637733899164,1.27637733899164
F2,S1_cU0.5_n4000,global_oof_catastrophic[q_only],1,0.0,0.0,,0.0,0.0
F2,S1_cU0.5_n4000,global_oof_top1[q_only],1,0.0,0.0,,0.0,0.0
F2,S1_cU0.5_n4000,global_oof_error[sum],1,0.09350545452713481,0.09350545452713481,,0.09350545452713481,0.09350545452713481
F2,S1_cU0.5_n4000,global_oof_regret[sum],1,0.025361891285113777,0.025361891285113777,,0.025361891285113777,0.025361891285113777
F2,S1_cU0.5_n4000,global_oof_oracle_ratio[sum],1,1.3721832272501722,1.3721832272501722,,1.3721832272501722,1.3721832272501722
F2,S1_cU0.5_n4000,global_oof_catastrophic[sum],1,0.0,0.0,,0.0,0.0
F2,S1_cU0.5_n4000,global_oof_top1[sum],1,0.0,0.0,,0.0,0.0
F2,S1_cU0.5_n4000,global_oof_error[max],1,0.09350545452713481,0.09350545452713481,,0.09350545452713481,0.09350545452713481
F2,S1_cU0.5_n4000,global_oof_regret[max],1,0.025361891285113777,0.025361891285113777,,0.025361891285113777,0.025361891285113777
F2,S1_cU0.5_n4000,global_oof_oracle_ratio[max],1,1.3721832272501722,1.3721832272501722,,1.3721832272501722,1.3721832272501722
F2,S1_cU0.5_n4000,global_oof_catastrophic[max],1,0.0,0.0,,0.0,0.0
F2,S1_cU0.5_n4000,global_oof_top1[max],1,0.0,0.0,,0.0,0.0
F2,S1_cU0.5_n4000,global_oof_error[variance_only],1,0.10566363915186128,0.10566363915186128,,0.10566363915186128,0.10566363915186128
F2,S1_cU0.5_n4000,global_oof_regret[variance_only],1,0.037520075909840245,0.037520075909840245,,0.037520075909840245,0.037520075909840245
F2,S1_cU0.5_n4000,global_oof_oracle_ratio[variance_only],1,1.5506033750397237,1.5506033750397237,,1.5506033750397237,1.5506033750397237
F2,S1_cU0.5_n4000,global_oof_catastrophic[variance_only],1,1.0,1.0,,1.0,1.0
F2,S1_cU0.5_n4000,global_oof_top1[variance_only],1,0.0,0.0,,0.0,0.0
F2,S1_cU0.5_n4000,global_oof_error[fixed_sieve1],1,0.09350545452713481,0.09350545452713481,,0.09350545452713481,0.09350545452713481
F2,S1_cU0.5_n4000,global_oof_regret[fixed_sieve1],1,0.025361891285113777,0.025361891285113777,,0.025361891285113777,0.025361891285113777
F2,S1_cU0.5_n4000,global_oof_oracle_ratio[fixed_sieve1],1,1.3721832272501722,1.3721832272501722,,1.3721832272501722,1.3721832272501722
F2,S1_cU0.5_n4000,global_oof_catastrophic[fixed_sieve1],1,0.0,0.0,,0.0,0.0
F2,S1_cU0.5_n4000,global_oof_top1[fixed_sieve1],1,0.0,0.0,,0.0,0.0
F2,S1_cU0.5_n4000,global_oof_error[fixed_kernel],1,0.19819618768507807,0.19819618768507807,,0.19819618768507807,0.19819618768507807
F2,S1_cU0.5_n4000,global_oof_regret[fixed_kernel],1,0.13005262444305704,0.13005262444305704,,0.13005262444305704,0.13005262444305704
F2,S1_cU0.5_n4000,global_oof_oracle_ratio[fixed_kernel],1,2.9085093037804484,2.9085093037804484,,2.9085093037804484,2.9085093037804484
F2,S1_cU0.5_n4000,global_oof_catastrophic[fixed_kernel],1,1.0,1.0,,1.0,1.0
F2,S1_cU0.5_n4000,global_oof_top1[fixed_kernel],1,0.0,0.0,,0.0,0.0
F2,S1_cU0.5_n4000,global_oof_error[random],1,0.19819618768507807,0.19819618768507807,,0.19819618768507807,0.19819618768507807
F2,S1_cU0.5_n4000,global_oof_regret[random],1,0.13005262444305704,0.13005262444305704,,0.13005262444305704,0.13005262444305704
F2,S1_cU0.5_n4000,global_oof_oracle_ratio[random],1,2.9085093037804484,2.9085093037804484,,2.9085093037804484,2.9085093037804484
F2,S1_cU0.5_n4000,global_oof_catastrophic[random],1,1.0,1.0,,1.0,1.0
F2,S1_cU0.5_n4000,global_oof_top1[random],1,0.0,0.0,,0.0,0.0
F2,S1_cU0.5_n4000,error[oracle],1,0.06814356324202103,0.06814356324202103,,0.06814356324202103,0.06814356324202103
F2,S1_cU0.5_n4000,regret[oracle],1,0.0,0.0,,0.0,0.0
F2,S1_cU0.5_n4000,oracle_ratio[oracle],1,0.9999999999853251,0.9999999999853251,,0.9999999999853251,0.9999999999853251
F2,S1_cU0.5_n4000,catastrophic[oracle],1,0.0,0.0,,0.0,0.0
F2,S1_cU0.5_n4000,top1[oracle],1,1.0,1.0,,1.0,1.0
F2,S1_cU0.5_n4000,global_oof_error[biasvar_mult],1,0.09350545452713481,0.09350545452713481,,0.09350545452713481,0.09350545452713481
F2,S1_cU0.5_n4000,global_oof_regret[biasvar_mult],1,0.025361891285113777,0.025361891285113777,,0.025361891285113777,0.025361891285113777
F2,S1_cU0.5_n4000,global_oof_oracle_ratio[biasvar_mult],1,1.3721832272501722,1.3721832272501722,,1.3721832272501722,1.3721832272501722
F2,S1_cU0.5_n4000,global_oof_catastrophic[biasvar_mult],1,0.0,0.0,,0.0,0.0
F2,S1_cU0.5_n4000,global_oof_top1[biasvar_mult],1,0.0,0.0,,0.0,0.0
F2,S1_cU0.5_n4000,global_oof_error[biasvar_add],1,0.09350545452713481,0.09350545452713481,,0.09350545452713481,0.09350545452713481
F2,S1_cU0.5_n4000,global_oof_regret[biasvar_add],1,0.025361891285113777,0.025361891285113777,,0.025361891285113777,0.025361891285113777
F2,S1_cU0.5_n4000,global_oof_oracle_ratio[biasvar_add],1,1.3721832272501722,1.3721832272501722,,1.3721832272501722,1.3721832272501722
F2,S1_cU0.5_n4000,global_oof_catastrophic[biasvar_add],1,0.0,0.0,,0.0,0.0
F2,S1_cU0.5_n4000,global_oof_top1[biasvar_add],1,0.0,0.0,,0.0,0.0
F2,S1_cU0.5_n4000,global_oof_error[MSES],1,0.10566363915186128,0.10566363915186128,,0.10566363915186128,0.10566363915186128
F2,S1_cU0.5_n4000,global_oof_regret[MSES],1,0.037520075909840245,0.037520075909840245,,0.037520075909840245,0.037520075909840245
F2,S1_cU0.5_n4000,global_oof_oracle_ratio[MSES],1,1.5506033750397237,1.5506033750397237,,1.5506033750397237,1.5506033750397237
F2,S1_cU0.5_n4000,global_oof_catastrophic[MSES],1,1.0,1.0,,1.0,1.0
F2,S1_cU0.5_n4000,global_oof_top1[MSES],1,0.0,0.0,,0.0,0.0
F2,S1_cU0.5_n4000,global_oof_top2[MSES],1,0.0,0.0,,0.0,0.0
F2,S1_cU0.5_n4000,spearman[product],1,0.6571428571428573,0.6571428571428573,,0.6571428571428573,0.6571428571428573
F2,S1_cU0.5_n4000,kendall[product],1,0.4666666666666666,0.4666666666666666,,0.4666666666666666,0.4666666666666666
F2,S1_cU0.5_n4000,top2[product],1,1.0,1.0,,1.0,1.0
F2,S1_cU0.5_n4000,spearman[h_only],1,0.14712247158412492,0.14712247158412492,,0.14712247158412492,0.14712247158412492
F2,S1_cU0.5_n4000,kendall[h_only],1,0.07161148740394328,0.07161148740394328,,0.07161148740394328,0.07161148740394328
F2,S1_cU0.5_n4000,top2[h_only],1,0.0,0.0,,0.0,0.0
F2,S1_cU0.5_n4000,spearman[q_only],1,0.6179143806533246,0.6179143806533246,,0.6179143806533246,0.6179143806533246
F2,S1_cU0.5_n4000,kendall[q_only],1,0.3580574370197165,0.3580574370197165,,0.3580574370197165,0.3580574370197165
F2,S1_cU0.5_n4000,top2[q_only],1,0.0,0.0,,0.0,0.0
F2,S1_cU0.5_n4000,spearman[sum],1,0.4285714285714286,0.4285714285714286,,0.4285714285714286,0.4285714285714286
F2,S1_cU0.5_n4000,kendall[sum],1,0.3333333333333333,0.3333333333333333,,0.3333333333333333,0.3333333333333333
F2,S1_cU0.5_n4000,top2[sum],1,1.0,1.0,,1.0,1.0
F2,S1_cU0.5_n4000,spearman[max],1,0.23190841426097936,0.23190841426097936,,0.23190841426097936,0.23190841426097936
F2,S1_cU0.5_n4000,kendall[max],1,0.13801311186847084,0.13801311186847084,,0.13801311186847084,0.13801311186847084
F2,S1_cU0.5_n4000,top2[max],1,1.0,1.0,,1.0,1.0
F2,S1_cU0.5_n4000,spearman[variance_only],1,-0.028571428571428574,-0.028571428571428574,,-0.028571428571428574,-0.028571428571428574
F2,S1_cU0.5_n4000,kendall[variance_only],1,-0.06666666666666665,-0.06666666666666665,,-0.06666666666666665,-0.06666666666666665
F2,S1_cU0.5_n4000,top2[variance_only],1,0.0,0.0,,0.0,0.0
F2,S1_cU0.5_n4000,spearman[biasvar_mult],1,0.5428571428571429,0.5428571428571429,,0.5428571428571429,0.5428571428571429
F2,S1_cU0.5_n4000,kendall[biasvar_mult],1,0.4666666666666666,0.4666666666666666,,0.4666666666666666,0.4666666666666666
F2,S1_cU0.5_n4000,top2[biasvar_mult],1,0.0,0.0,,0.0,0.0
F2,S1_cU0.5_n4000,spearman[biasvar_add],1,0.7142857142857143,0.7142857142857143,,0.7142857142857143,0.7142857142857143
F2,S1_cU0.5_n4000,kendall[biasvar_add],1,0.6,0.6,,0.6,0.6
F2,S1_cU0.5_n4000,top2[biasvar_add],1,1.0,1.0,,1.0,1.0
F2,S1_cU1.0_n4000,oracle_best_error,1,0.09329736499127378,0.09329736499127378,,0.09329736499127378,0.09329736499127378
F2,S1_cU1.0_n4000,global_oof_mses_survivor_count,1,3.0,3.0,,3.0,3.0
F2,S1_cU1.0_n4000,global_oof_error[product],1,0.09329736499127378,0.09329736499127378,,0.09329736499127378,0.09329736499127378
F2,S1_cU1.0_n4000,global_oof_regret[product],1,0.0,0.0,,0.0,0.0
F2,S1_cU1.0_n4000,global_oof_oracle_ratio[product],1,0.9999999999892816,0.9999999999892816,,0.9999999999892816,0.9999999999892816
F2,S1_cU1.0_n4000,global_oof_catastrophic[product],1,0.0,0.0,,0.0,0.0
F2,S1_cU1.0_n4000,global_oof_top1[product],1,1.0,1.0,,1.0,1.0
F2,S1_cU1.0_n4000,global_oof_error[h_only],1,0.14082579959611213,0.14082579959611213,,0.14082579959611213,0.14082579959611213
F2,S1_cU1.0_n4000,global_oof_regret[h_only],1,0.047528434604838354,0.047528434604838354,,0.047528434604838354,0.047528434604838354
F2,S1_cU1.0_n4000,global_oof_oracle_ratio[h_only],1,1.509429549353021,1.509429549353021,,1.509429549353021,1.509429549353021
F2,S1_cU1.0_n4000,global_oof_catastrophic[h_only],1,1.0,1.0,,1.0,1.0
F2,S1_cU1.0_n4000,global_oof_top1[h_only],1,0.0,0.0,,0.0,0.0
F2,S1_cU1.0_n4000,global_oof_error[q_only],1,0.12228281620310122,0.12228281620310122,,0.12228281620310122,0.12228281620310122
F2,S1_cU1.0_n4000,global_oof_regret[q_only],1,0.02898545121182744,0.02898545121182744,,0.02898545121182744,0.02898545121182744
F2,S1_cU1.0_n4000,global_oof_oracle_ratio[q_only],1,1.3106781334416873,1.3106781334416873,,1.3106781334416873,1.3106781334416873
F2,S1_cU1.0_n4000,global_oof_catastrophic[q_only],1,0.0,0.0,,0.0,0.0
F2,S1_cU1.0_n4000,global_oof_top1[q_only],1,0.0,0.0,,0.0,0.0
F2,S1_cU1.0_n4000,global_oof_error[sum],1,0.09329736499127378,0.09329736499127378,,0.09329736499127378,0.09329736499127378
F2,S1_cU1.0_n4000,global_oof_regret[sum],1,0.0,0.0,,0.0,0.0
F2,S1_cU1.0_n4000,global_oof_oracle_ratio[sum],1,0.9999999999892816,0.9999999999892816,,0.9999999999892816,0.9999999999892816
F2,S1_cU1.0_n4000,global_oof_catastrophic[sum],1,0.0,0.0,,0.0,0.0
F2,S1_cU1.0_n4000,global_oof_top1[sum],1,1.0,1.0,,1.0,1.0
F2,S1_cU1.0_n4000,global_oof_error[max],1,0.09329736499127378,0.09329736499127378,,0.09329736499127378,0.09329736499127378
F2,S1_cU1.0_n4000,global_oof_regret[max],1,0.0,0.0,,0.0,0.0
F2,S1_cU1.0_n4000,global_oof_oracle_ratio[max],1,0.9999999999892816,0.9999999999892816,,0.9999999999892816,0.9999999999892816
F2,S1_cU1.0_n4000,global_oof_catastrophic[max],1,0.0,0.0,,0.0,0.0
F2,S1_cU1.0_n4000,global_oof_top1[max],1,1.0,1.0,,1.0,1.0
F2,S1_cU1.0_n4000,global_oof_error[variance_only],1,0.11495910678591566,0.11495910678591566,,0.11495910678591566,0.11495910678591566
F2,S1_cU1.0_n4000,global_oof_regret[variance_only],1,0.02166174179464188,0.02166174179464188,,0.02166174179464188,0.02166174179464188
F2,S1_cU1.0_n4000,global_oof_oracle_ratio[variance_only],1,1.2321795668659639,1.2321795668659639,,1.2321795668659639,1.2321795668659639
F2,S1_cU1.0_n4000,global_oof_catastrophic[variance_only],1,0.0,0.0,,0.0,0.0
F2,S1_cU1.0_n4000,global_oof_top1[variance_only],1,0.0,0.0,,0.0,0.0
F2,S1_cU1.0_n4000,global_oof_error[fixed_sieve1],1,0.09329736499127378,0.09329736499127378,,0.09329736499127378,0.09329736499127378
F2,S1_cU1.0_n4000,global_oof_regret[fixed_sieve1],1,0.0,0.0,,0.0,0.0
F2,S1_cU1.0_n4000,global_oof_oracle_ratio[fixed_sieve1],1,0.9999999999892816,0.9999999999892816,,0.9999999999892816,0.9999999999892816
F2,S1_cU1.0_n4000,global_oof_catastrophic[fixed_sieve1],1,0.0,0.0,,0.0,0.0
F2,S1_cU1.0_n4000,global_oof_top1[fixed_sieve1],1,1.0,1.0,,1.0,1.0
F2,S1_cU1.0_n4000,global_oof_error[fixed_kernel],1,0.27226842903839993,0.27226842903839993,,0.27226842903839993,0.27226842903839993
F2,S1_cU1.0_n4000,global_oof_regret[fixed_kernel],1,0.17897106404712615,0.17897106404712615,,0.17897106404712615,0.17897106404712615
F2,S1_cU1.0_n4000,global_oof_oracle_ratio[fixed_kernel],1,2.9182863745503127,2.9182863745503127,,2.9182863745503127,2.9182863745503127
F2,S1_cU1.0_n4000,global_oof_catastrophic[fixed_kernel],1,1.0,1.0,,1.0,1.0
F2,S1_cU1.0_n4000,global_oof_top1[fixed_kernel],1,0.0,0.0,,0.0,0.0
F2,S1_cU1.0_n4000,global_oof_error[random],1,0.27226842903839993,0.27226842903839993,,0.27226842903839993,0.27226842903839993
F2,S1_cU1.0_n4000,global_oof_regret[random],1,0.17897106404712615,0.17897106404712615,,0.17897106404712615,0.17897106404712615
F2,S1_cU1.0_n4000,global_oof_oracle_ratio[random],1,2.9182863745503127,2.9182863745503127,,2.9182863745503127,2.9182863745503127
F2,S1_cU1.0_n4000,global_oof_catastrophic[random],1,1.0,1.0,,1.0,1.0
F2,S1_cU1.0_n4000,global_oof_top1[random],1,0.0,0.0,,0.0,0.0
F2,S1_cU1.0_n4000,error[oracle],1,0.09329736499127378,0.09329736499127378,,0.09329736499127378,0.09329736499127378
F2,S1_cU1.0_n4000,regret[oracle],1,0.0,0.0,,0.0,0.0
F2,S1_cU1.0_n4000,oracle_ratio[oracle],1,0.9999999999892816,0.9999999999892816,,0.9999999999892816,0.9999999999892816
F2,S1_cU1.0_n4000,catastrophic[oracle],1,0.0,0.0,,0.0,0.0
F2,S1_cU1.0_n4000,top1[oracle],1,1.0,1.0,,1.0,1.0
F2,S1_cU1.0_n4000,global_oof_error[biasvar_mult],1,0.09329736499127378,0.09329736499127378,,0.09329736499127378,0.09329736499127378
F2,S1_cU1.0_n4000,global_oof_regret[biasvar_mult],1,0.0,0.0,,0.0,0.0
F2,S1_cU1.0_n4000,global_oof_oracle_ratio[biasvar_mult],1,0.9999999999892816,0.9999999999892816,,0.9999999999892816,0.9999999999892816
F2,S1_cU1.0_n4000,global_oof_catastrophic[biasvar_mult],1,0.0,0.0,,0.0,0.0
F2,S1_cU1.0_n4000,global_oof_top1[biasvar_mult],1,1.0,1.0,,1.0,1.0
F2,S1_cU1.0_n4000,global_oof_error[biasvar_add],1,0.09329736499127378,0.09329736499127378,,0.09329736499127378,0.09329736499127378
F2,S1_cU1.0_n4000,global_oof_regret[biasvar_add],1,0.0,0.0,,0.0,0.0
F2,S1_cU1.0_n4000,global_oof_oracle_ratio[biasvar_add],1,0.9999999999892816,0.9999999999892816,,0.9999999999892816,0.9999999999892816
F2,S1_cU1.0_n4000,global_oof_catastrophic[biasvar_add],1,0.0,0.0,,0.0,0.0
F2,S1_cU1.0_n4000,global_oof_top1[biasvar_add],1,1.0,1.0,,1.0,1.0
F2,S1_cU1.0_n4000,global_oof_error[MSES],1,0.09329736499127378,0.09329736499127378,,0.09329736499127378,0.09329736499127378
F2,S1_cU1.0_n4000,global_oof_regret[MSES],1,0.0,0.0,,0.0,0.0
F2,S1_cU1.0_n4000,global_oof_oracle_ratio[MSES],1,0.9999999999892816,0.9999999999892816,,0.9999999999892816,0.9999999999892816
F2,S1_cU1.0_n4000,global_oof_catastrophic[MSES],1,0.0,0.0,,0.0,0.0
F2,S1_cU1.0_n4000,global_oof_top1[MSES],1,1.0,1.0,,1.0,1.0
F2,S1_cU1.0_n4000,global_oof_top2[MSES],1,1.0,1.0,,1.0,1.0
F2,S1_cU1.0_n4000,spearman[product],1,0.48571428571428577,0.48571428571428577,,0.48571428571428577,0.48571428571428577
F2,S1_cU1.0_n4000,kendall[product],1,0.3333333333333333,0.3333333333333333,,0.3333333333333333,0.3333333333333333
F2,S1_cU1.0_n4000,top2[product],1,1.0,1.0,,1.0,1.0
F2,S1_cU1.0_n4000,spearman[h_only],1,0.35309393180189985,0.35309393180189985,,0.35309393180189985,0.35309393180189985
F2,S1_cU1.0_n4000,kendall[h_only],1,0.21483446221182986,0.21483446221182986,,0.21483446221182986,0.21483446221182986
F2,S1_cU1.0_n4000,top2[h_only],1,1.0,1.0,,1.0,1.0
F2,S1_cU1.0_n4000,spearman[q_only],1,0.41194292043554975,0.41194292043554975,,0.41194292043554975,0.41194292043554975
F2,S1_cU1.0_n4000,kendall[q_only],1,0.3580574370197165,0.3580574370197165,,0.3580574370197165,0.3580574370197165
F2,S1_cU1.0_n4000,top2[q_only],1,1.0,1.0,,1.0,1.0
F2,S1_cU1.0_n4000,spearman[sum],1,0.3142857142857143,0.3142857142857143,,0.3142857142857143,0.3142857142857143
F2,S1_cU1.0_n4000,kendall[sum],1,0.2,0.2,,0.2,0.2
F2,S1_cU1.0_n4000,top2[sum],1,1.0,1.0,,1.0,1.0
F2,S1_cU1.0_n4000,spearman[max],1,0.23190841426097936,0.23190841426097936,,0.23190841426097936,0.23190841426097936
F2,S1_cU1.0_n4000,kendall[max],1,0.13801311186847084,0.13801311186847084,,0.13801311186847084,0.13801311186847084
F2,S1_cU1.0_n4000,top2[max],1,1.0,1.0,,1.0,1.0
F2,S1_cU1.0_n4000,spearman[variance_only],1,0.5428571428571429,0.5428571428571429,,0.5428571428571429,0.5428571428571429
F2,S1_cU1.0_n4000,kendall[variance_only],1,0.4666666666666666,0.4666666666666666,,0.4666666666666666,0.4666666666666666
F2,S1_cU1.0_n4000,top2[variance_only],1,0.0,0.0,,0.0,0.0
F2,S1_cU1.0_n4000,spearman[biasvar_mult],1,0.942857142857143,0.942857142857143,,0.942857142857143,0.942857142857143
F2,S1_cU1.0_n4000,kendall[biasvar_mult],1,0.8666666666666666,0.8666666666666666,,0.8666666666666666,0.8666666666666666
F2,S1_cU1.0_n4000,top2[biasvar_mult],1,1.0,1.0,,1.0,1.0
F2,S1_cU1.0_n4000,spearman[biasvar_add],1,0.8285714285714287,0.8285714285714287,,0.8285714285714287,0.8285714285714287
F2,S1_cU1.0_n4000,kendall[biasvar_add],1,0.7333333333333333,0.7333333333333333,,0.7333333333333333,0.7333333333333333
F2,S1_cU1.0_n4000,top2[biasvar_add],1,1.0,1.0,,1.0,1.0
F2,S1_cU2.0_n4000,oracle_best_error,1,0.14507530716015757,0.14507530716015757,,0.14507530716015757,0.14507530716015757
F2,S1_cU2.0_n4000,global_oof_mses_survivor_count,1,3.0,3.0,,3.0,3.0
F2,S1_cU2.0_n4000,global_oof_error[product],1,0.14507530716015757,0.14507530716015757,,0.14507530716015757,0.14507530716015757
F2,S1_cU2.0_n4000,global_oof_regret[product],1,0.0,0.0,,0.0,0.0
F2,S1_cU2.0_n4000,global_oof_oracle_ratio[product],1,0.999999999993107,0.999999999993107,,0.999999999993107,0.999999999993107
F2,S1_cU2.0_n4000,global_oof_catastrophic[product],1,0.0,0.0,,0.0,0.0
F2,S1_cU2.0_n4000,global_oof_top1[product],1,1.0,1.0,,1.0,1.0
F2,S1_cU2.0_n4000,global_oof_error[h_only],1,0.31462739004506096,0.31462739004506096,,0.31462739004506096,0.31462739004506096
F2,S1_cU2.0_n4000,global_oof_regret[h_only],1,0.1695520828849034,0.1695520828849034,,0.1695520828849034,0.1695520828849034
F2,S1_cU2.0_n4000,global_oof_oracle_ratio[h_only],1,2.1687177246197775,2.1687177246197775,,2.1687177246197775,2.1687177246197775
F2,S1_cU2.0_n4000,global_oof_catastrophic[h_only],1,1.0,1.0,,1.0,1.0
F2,S1_cU2.0_n4000,global_oof_top1[h_only],1,0.0,0.0,,0.0,0.0
F2,S1_cU2.0_n4000,global_oof_error[q_only],1,0.2299818459173315,0.2299818459173315,,0.2299818459173315,0.2299818459173315
F2,S1_cU2.0_n4000,global_oof_regret[q_only],1,0.08490653875717394,0.08490653875717394,,0.08490653875717394,0.08490653875717394
F2,S1_cU2.0_n4000,global_oof_oracle_ratio[q_only],1,1.5852583766157746,1.5852583766157746,,1.5852583766157746,1.5852583766157746
F2,S1_cU2.0_n4000,global_oof_catastrophic[q_only],1,1.0,1.0,,1.0,1.0
F2,S1_cU2.0_n4000,global_oof_top1[q_only],1,0.0,0.0,,0.0,0.0
F2,S1_cU2.0_n4000,global_oof_error[sum],1,0.14507530716015757,0.14507530716015757,,0.14507530716015757,0.14507530716015757
F2,S1_cU2.0_n4000,global_oof_regret[sum],1,0.0,0.0,,0.0,0.0
F2,S1_cU2.0_n4000,global_oof_oracle_ratio[sum],1,0.999999999993107,0.999999999993107,,0.999999999993107,0.999999999993107
F2,S1_cU2.0_n4000,global_oof_catastrophic[sum],1,0.0,0.0,,0.0,0.0
F2,S1_cU2.0_n4000,global_oof_top1[sum],1,1.0,1.0,,1.0,1.0
F2,S1_cU2.0_n4000,global_oof_error[max],1,0.14507530716015757,0.14507530716015757,,0.14507530716015757,0.14507530716015757
F2,S1_cU2.0_n4000,global_oof_regret[max],1,0.0,0.0,,0.0,0.0
F2,S1_cU2.0_n4000,global_oof_oracle_ratio[max],1,0.999999999993107,0.999999999993107,,0.999999999993107,0.999999999993107
F2,S1_cU2.0_n4000,global_oof_catastrophic[max],1,0.0,0.0,,0.0,0.0
F2,S1_cU2.0_n4000,global_oof_top1[max],1,1.0,1.0,,1.0,1.0
F2,S1_cU2.0_n4000,global_oof_error[variance_only],1,0.14538316977625523,0.14538316977625523,,0.14538316977625523,0.14538316977625523
F2,S1_cU2.0_n4000,global_oof_regret[variance_only],1,0.00030786261609766497,0.00030786261609766497,,0.00030786261609766497,0.00030786261609766497
F2,S1_cU2.0_n4000,global_oof_oracle_ratio[variance_only],1,1.002122088321727,1.002122088321727,,1.002122088321727,1.002122088321727
F2,S1_cU2.0_n4000,global_oof_catastrophic[variance_only],1,0.0,0.0,,0.0,0.0
F2,S1_cU2.0_n4000,global_oof_top1[variance_only],1,0.0,0.0,,0.0,0.0
F2,S1_cU2.0_n4000,global_oof_error[fixed_sieve1],1,0.14507530716015757,0.14507530716015757,,0.14507530716015757,0.14507530716015757
F2,S1_cU2.0_n4000,global_oof_regret[fixed_sieve1],1,0.0,0.0,,0.0,0.0
F2,S1_cU2.0_n4000,global_oof_oracle_ratio[fixed_sieve1],1,0.999999999993107,0.999999999993107,,0.999999999993107,0.999999999993107
F2,S1_cU2.0_n4000,global_oof_catastrophic[fixed_sieve1],1,0.0,0.0,,0.0,0.0
F2,S1_cU2.0_n4000,global_oof_top1[fixed_sieve1],1,1.0,1.0,,1.0,1.0
F2,S1_cU2.0_n4000,global_oof_error[fixed_kernel],1,0.3779669220011672,0.3779669220011672,,0.3779669220011672,0.3779669220011672
F2,S1_cU2.0_n4000,global_oof_regret[fixed_kernel],1,0.23289161484100965,0.23289161484100965,,0.23289161484100965,0.23289161484100965
F2,S1_cU2.0_n4000,global_oof_oracle_ratio[fixed_kernel],1,2.6053153317214823,2.6053153317214823,,2.6053153317214823,2.6053153317214823
F2,S1_cU2.0_n4000,global_oof_catastrophic[fixed_kernel],1,1.0,1.0,,1.0,1.0
F2,S1_cU2.0_n4000,global_oof_top1[fixed_kernel],1,0.0,0.0,,0.0,0.0
F2,S1_cU2.0_n4000,global_oof_error[random],1,0.3779669220011672,0.3779669220011672,,0.3779669220011672,0.3779669220011672
F2,S1_cU2.0_n4000,global_oof_regret[random],1,0.23289161484100965,0.23289161484100965,,0.23289161484100965,0.23289161484100965
F2,S1_cU2.0_n4000,global_oof_oracle_ratio[random],1,2.6053153317214823,2.6053153317214823,,2.6053153317214823,2.6053153317214823
F2,S1_cU2.0_n4000,global_oof_catastrophic[random],1,1.0,1.0,,1.0,1.0
F2,S1_cU2.0_n4000,global_oof_top1[random],1,0.0,0.0,,0.0,0.0
F2,S1_cU2.0_n4000,error[oracle],1,0.14507530716015757,0.14507530716015757,,0.14507530716015757,0.14507530716015757
F2,S1_cU2.0_n4000,regret[oracle],1,0.0,0.0,,0.0,0.0
F2,S1_cU2.0_n4000,oracle_ratio[oracle],1,0.999999999993107,0.999999999993107,,0.999999999993107,0.999999999993107
F2,S1_cU2.0_n4000,catastrophic[oracle],1,0.0,0.0,,0.0,0.0
F2,S1_cU2.0_n4000,top1[oracle],1,1.0,1.0,,1.0,1.0
F2,S1_cU2.0_n4000,global_oof_error[biasvar_mult],1,0.14507530716015757,0.14507530716015757,,0.14507530716015757,0.14507530716015757
F2,S1_cU2.0_n4000,global_oof_regret[biasvar_mult],1,0.0,0.0,,0.0,0.0
F2,S1_cU2.0_n4000,global_oof_oracle_ratio[biasvar_mult],1,0.999999999993107,0.999999999993107,,0.999999999993107,0.999999999993107
F2,S1_cU2.0_n4000,global_oof_catastrophic[biasvar_mult],1,0.0,0.0,,0.0,0.0
F2,S1_cU2.0_n4000,global_oof_top1[biasvar_mult],1,1.0,1.0,,1.0,1.0
F2,S1_cU2.0_n4000,global_oof_error[biasvar_add],1,0.14507530716015757,0.14507530716015757,,0.14507530716015757,0.14507530716015757
F2,S1_cU2.0_n4000,global_oof_regret[biasvar_add],1,0.0,0.0,,0.0,0.0
F2,S1_cU2.0_n4000,global_oof_oracle_ratio[biasvar_add],1,0.999999999993107,0.999999999993107,,0.999999999993107,0.999999999993107
F2,S1_cU2.0_n4000,global_oof_catastrophic[biasvar_add],1,0.0,0.0,,0.0,0.0
F2,S1_cU2.0_n4000,global_oof_top1[biasvar_add],1,1.0,1.0,,1.0,1.0
F2,S1_cU2.0_n4000,global_oof_error[MSES],1,0.14538316977625523,0.14538316977625523,,0.14538316977625523,0.14538316977625523
F2,S1_cU2.0_n4000,global_oof_regret[MSES],1,0.00030786261609766497,0.00030786261609766497,,0.00030786261609766497,0.00030786261609766497
F2,S1_cU2.0_n4000,global_oof_oracle_ratio[MSES],1,1.002122088321727,1.002122088321727,,1.002122088321727,1.002122088321727
F2,S1_cU2.0_n4000,global_oof_catastrophic[MSES],1,0.0,0.0,,0.0,0.0
F2,S1_cU2.0_n4000,global_oof_top1[MSES],1,0.0,0.0,,0.0,0.0
F2,S1_cU2.0_n4000,global_oof_top2[MSES],1,1.0,1.0,,1.0,1.0
F2,S1_cU2.0_n4000,spearman[product],1,0.48571428571428577,0.48571428571428577,,0.48571428571428577,0.48571428571428577
F2,S1_cU2.0_n4000,kendall[product],1,0.3333333333333333,0.3333333333333333,,0.3333333333333333,0.3333333333333333
F2,S1_cU2.0_n4000,top2[product],1,1.0,1.0,,1.0,1.0
F2,S1_cU2.0_n4000,spearman[h_only],1,0.35309393180189985,0.35309393180189985,,0.35309393180189985,0.35309393180189985
F2,S1_cU2.0_n4000,kendall[h_only],1,0.21483446221182986,0.21483446221182986,,0.21483446221182986,0.21483446221182986
F2,S1_cU2.0_n4000,top2[h_only],1,1.0,1.0,,1.0,1.0
F2,S1_cU2.0_n4000,spearman[q_only],1,0.41194292043554975,0.41194292043554975,,0.41194292043554975,0.41194292043554975
F2,S1_cU2.0_n4000,kendall[q_only],1,0.3580574370197165,0.3580574370197165,,0.3580574370197165,0.3580574370197165
F2,S1_cU2.0_n4000,top2[q_only],1,1.0,1.0,,1.0,1.0
F2,S1_cU2.0_n4000,spearman[sum],1,0.3142857142857143,0.3142857142857143,,0.3142857142857143,0.3142857142857143
F2,S1_cU2.0_n4000,kendall[sum],1,0.2,0.2,,0.2,0.2
F2,S1_cU2.0_n4000,top2[sum],1,1.0,1.0,,1.0,1.0
F2,S1_cU2.0_n4000,spearman[max],1,0.23190841426097936,0.23190841426097936,,0.23190841426097936,0.23190841426097936
F2,S1_cU2.0_n4000,kendall[max],1,0.13801311186847084,0.13801311186847084,,0.13801311186847084,0.13801311186847084
F2,S1_cU2.0_n4000,top2[max],1,1.0,1.0,,1.0,1.0
F2,S1_cU2.0_n4000,spearman[variance_only],1,0.48571428571428577,0.48571428571428577,,0.48571428571428577,0.48571428571428577
F2,S1_cU2.0_n4000,kendall[variance_only],1,0.3333333333333333,0.3333333333333333,,0.3333333333333333,0.3333333333333333
F2,S1_cU2.0_n4000,top2[variance_only],1,0.0,0.0,,0.0,0.0
F2,S1_cU2.0_n4000,spearman[biasvar_mult],1,0.942857142857143,0.942857142857143,,0.942857142857143,0.942857142857143
F2,S1_cU2.0_n4000,kendall[biasvar_mult],1,0.8666666666666666,0.8666666666666666,,0.8666666666666666,0.8666666666666666
F2,S1_cU2.0_n4000,top2[biasvar_mult],1,1.0,1.0,,1.0,1.0
F2,S1_cU2.0_n4000,spearman[biasvar_add],1,0.8285714285714287,0.8285714285714287,,0.8285714285714287,0.8285714285714287
F2,S1_cU2.0_n4000,kendall[biasvar_add],1,0.7333333333333333,0.7333333333333333,,0.7333333333333333,0.7333333333333333
F2,S1_cU2.0_n4000,top2[biasvar_add],1,1.0,1.0,,1.0,1.0
G2,S1_additive0.0_n4000,oracle_best_error,1,0.09329736499127378,0.09329736499127378,,0.09329736499127378,0.09329736499127378
G2,S1_additive0.0_n4000,global_oof_mses_survivor_count,1,1.0,1.0,,1.0,1.0
G2,S1_additive0.0_n4000,global_oof_error[product],1,0.09329736499127378,0.09329736499127378,,0.09329736499127378,0.09329736499127378
G2,S1_additive0.0_n4000,global_oof_regret[product],1,0.0,0.0,,0.0,0.0
G2,S1_additive0.0_n4000,global_oof_oracle_ratio[product],1,0.9999999999892816,0.9999999999892816,,0.9999999999892816,0.9999999999892816
G2,S1_additive0.0_n4000,global_oof_catastrophic[product],1,0.0,0.0,,0.0,0.0
G2,S1_additive0.0_n4000,global_oof_top1[product],1,1.0,1.0,,1.0,1.0
G2,S1_additive0.0_n4000,global_oof_error[h_only],1,0.14082579959611213,0.14082579959611213,,0.14082579959611213,0.14082579959611213
G2,S1_additive0.0_n4000,global_oof_regret[h_only],1,0.047528434604838354,0.047528434604838354,,0.047528434604838354,0.047528434604838354
G2,S1_additive0.0_n4000,global_oof_oracle_ratio[h_only],1,1.509429549353021,1.509429549353021,,1.509429549353021,1.509429549353021
G2,S1_additive0.0_n4000,global_oof_catastrophic[h_only],1,1.0,1.0,,1.0,1.0
G2,S1_additive0.0_n4000,global_oof_top1[h_only],1,0.0,0.0,,0.0,0.0
G2,S1_additive0.0_n4000,global_oof_error[q_only],1,0.12228281620310122,0.12228281620310122,,0.12228281620310122,0.12228281620310122
G2,S1_additive0.0_n4000,global_oof_regret[q_only],1,0.02898545121182744,0.02898545121182744,,0.02898545121182744,0.02898545121182744
G2,S1_additive0.0_n4000,global_oof_oracle_ratio[q_only],1,1.3106781334416873,1.3106781334416873,,1.3106781334416873,1.3106781334416873
G2,S1_additive0.0_n4000,global_oof_catastrophic[q_only],1,0.0,0.0,,0.0,0.0
G2,S1_additive0.0_n4000,global_oof_top1[q_only],1,0.0,0.0,,0.0,0.0
G2,S1_additive0.0_n4000,global_oof_error[sum],1,0.14082579959611213,0.14082579959611213,,0.14082579959611213,0.14082579959611213
G2,S1_additive0.0_n4000,global_oof_regret[sum],1,0.047528434604838354,0.047528434604838354,,0.047528434604838354,0.047528434604838354
G2,S1_additive0.0_n4000,global_oof_oracle_ratio[sum],1,1.509429549353021,1.509429549353021,,1.509429549353021,1.509429549353021
G2,S1_additive0.0_n4000,global_oof_catastrophic[sum],1,1.0,1.0,,1.0,1.0
G2,S1_additive0.0_n4000,global_oof_top1[sum],1,0.0,0.0,,0.0,0.0
G2,S1_additive0.0_n4000,global_oof_error[max],1,0.09329736499127378,0.09329736499127378,,0.09329736499127378,0.09329736499127378
G2,S1_additive0.0_n4000,global_oof_regret[max],1,0.0,0.0,,0.0,0.0
G2,S1_additive0.0_n4000,global_oof_oracle_ratio[max],1,0.9999999999892816,0.9999999999892816,,0.9999999999892816,0.9999999999892816
G2,S1_additive0.0_n4000,global_oof_catastrophic[max],1,0.0,0.0,,0.0,0.0
G2,S1_additive0.0_n4000,global_oof_top1[max],1,1.0,1.0,,1.0,1.0
G2,S1_additive0.0_n4000,global_oof_error[variance_only],1,0.11495910678591566,0.11495910678591566,,0.11495910678591566,0.11495910678591566
G2,S1_additive0.0_n4000,global_oof_regret[variance_only],1,0.02166174179464188,0.02166174179464188,,0.02166174179464188,0.02166174179464188
G2,S1_additive0.0_n4000,global_oof_oracle_ratio[variance_only],1,1.2321795668659639,1.2321795668659639,,1.2321795668659639,1.2321795668659639
G2,S1_additive0.0_n4000,global_oof_catastrophic[variance_only],1,0.0,0.0,,0.0,0.0
G2,S1_additive0.0_n4000,global_oof_top1[variance_only],1,0.0,0.0,,0.0,0.0
G2,S1_additive0.0_n4000,global_oof_error[fixed_sieve1],1,0.09329736499127378,0.09329736499127378,,0.09329736499127378,0.09329736499127378
G2,S1_additive0.0_n4000,global_oof_regret[fixed_sieve1],1,0.0,0.0,,0.0,0.0
G2,S1_additive0.0_n4000,global_oof_oracle_ratio[fixed_sieve1],1,0.9999999999892816,0.9999999999892816,,0.9999999999892816,0.9999999999892816
G2,S1_additive0.0_n4000,global_oof_catastrophic[fixed_sieve1],1,0.0,0.0,,0.0,0.0
G2,S1_additive0.0_n4000,global_oof_top1[fixed_sieve1],1,1.0,1.0,,1.0,1.0
G2,S1_additive0.0_n4000,global_oof_error[fixed_kernel],1,0.27226842903839993,0.27226842903839993,,0.27226842903839993,0.27226842903839993
G2,S1_additive0.0_n4000,global_oof_regret[fixed_kernel],1,0.17897106404712615,0.17897106404712615,,0.17897106404712615,0.17897106404712615
G2,S1_additive0.0_n4000,global_oof_oracle_ratio[fixed_kernel],1,2.9182863745503127,2.9182863745503127,,2.9182863745503127,2.9182863745503127
G2,S1_additive0.0_n4000,global_oof_catastrophic[fixed_kernel],1,1.0,1.0,,1.0,1.0
G2,S1_additive0.0_n4000,global_oof_top1[fixed_kernel],1,0.0,0.0,,0.0,0.0
G2,S1_additive0.0_n4000,global_oof_error[random],1,0.27226842903839993,0.27226842903839993,,0.27226842903839993,0.27226842903839993
G2,S1_additive0.0_n4000,global_oof_regret[random],1,0.17897106404712615,0.17897106404712615,,0.17897106404712615,0.17897106404712615
G2,S1_additive0.0_n4000,global_oof_oracle_ratio[random],1,2.9182863745503127,2.9182863745503127,,2.9182863745503127,2.9182863745503127
G2,S1_additive0.0_n4000,global_oof_catastrophic[random],1,1.0,1.0,,1.0,1.0
G2,S1_additive0.0_n4000,global_oof_top1[random],1,0.0,0.0,,0.0,0.0
G2,S1_additive0.0_n4000,error[oracle],1,0.09329736499127378,0.09329736499127378,,0.09329736499127378,0.09329736499127378
G2,S1_additive0.0_n4000,regret[oracle],1,0.0,0.0,,0.0,0.0
G2,S1_additive0.0_n4000,oracle_ratio[oracle],1,0.9999999999892816,0.9999999999892816,,0.9999999999892816,0.9999999999892816
G2,S1_additive0.0_n4000,catastrophic[oracle],1,0.0,0.0,,0.0,0.0
G2,S1_additive0.0_n4000,top1[oracle],1,1.0,1.0,,1.0,1.0
G2,S1_additive0.0_n4000,global_oof_error[biasvar_mult],1,0.09329736499127378,0.09329736499127378,,0.09329736499127378,0.09329736499127378
G2,S1_additive0.0_n4000,global_oof_regret[biasvar_mult],1,0.0,0.0,,0.0,0.0
G2,S1_additive0.0_n4000,global_oof_oracle_ratio[biasvar_mult],1,0.9999999999892816,0.9999999999892816,,0.9999999999892816,0.9999999999892816
G2,S1_additive0.0_n4000,global_oof_catastrophic[biasvar_mult],1,0.0,0.0,,0.0,0.0
G2,S1_additive0.0_n4000,global_oof_top1[biasvar_mult],1,1.0,1.0,,1.0,1.0
G2,S1_additive0.0_n4000,global_oof_error[biasvar_add],1,0.09329736499127378,0.09329736499127378,,0.09329736499127378,0.09329736499127378
G2,S1_additive0.0_n4000,global_oof_regret[biasvar_add],1,0.0,0.0,,0.0,0.0
G2,S1_additive0.0_n4000,global_oof_oracle_ratio[biasvar_add],1,0.9999999999892816,0.9999999999892816,,0.9999999999892816,0.9999999999892816
G2,S1_additive0.0_n4000,global_oof_catastrophic[biasvar_add],1,0.0,0.0,,0.0,0.0
G2,S1_additive0.0_n4000,global_oof_top1[biasvar_add],1,1.0,1.0,,1.0,1.0
G2,S1_additive0.0_n4000,global_oof_error[MSES],1,0.14082579959611213,0.14082579959611213,,0.14082579959611213,0.14082579959611213
G2,S1_additive0.0_n4000,global_oof_regret[MSES],1,0.047528434604838354,0.047528434604838354,,0.047528434604838354,0.047528434604838354
G2,S1_additive0.0_n4000,global_oof_oracle_ratio[MSES],1,1.509429549353021,1.509429549353021,,1.509429549353021,1.509429549353021
G2,S1_additive0.0_n4000,global_oof_catastrophic[MSES],1,1.0,1.0,,1.0,1.0
G2,S1_additive0.0_n4000,global_oof_top1[MSES],1,0.0,0.0,,0.0,0.0
G2,S1_additive0.0_n4000,global_oof_top2[MSES],1,0.0,0.0,,0.0,0.0
G2,S1_additive0.0_n4000,spearman[product],1,0.48571428571428577,0.48571428571428577,,0.48571428571428577,0.48571428571428577
G2,S1_additive0.0_n4000,kendall[product],1,0.3333333333333333,0.3333333333333333,,0.3333333333333333,0.3333333333333333
G2,S1_additive0.0_n4000,top2[product],1,1.0,1.0,,1.0,1.0
G2,S1_additive0.0_n4000,spearman[h_only],1,0.35309393180189985,0.35309393180189985,,0.35309393180189985,0.35309393180189985
G2,S1_additive0.0_n4000,kendall[h_only],1,0.21483446221182986,0.21483446221182986,,0.21483446221182986,0.21483446221182986
G2,S1_additive0.0_n4000,top2[h_only],1,1.0,1.0,,1.0,1.0
G2,S1_additive0.0_n4000,spearman[q_only],1,0.41194292043554975,0.41194292043554975,,0.41194292043554975,0.41194292043554975
G2,S1_additive0.0_n4000,kendall[q_only],1,0.3580574370197165,0.3580574370197165,,0.3580574370197165,0.3580574370197165
G2,S1_additive0.0_n4000,top2[q_only],1,1.0,1.0,,1.0,1.0
G2,S1_additive0.0_n4000,spearman[sum],1,0.14285714285714288,0.14285714285714288,,0.14285714285714288,0.14285714285714288
G2,S1_additive0.0_n4000,kendall[sum],1,0.06666666666666665,0.06666666666666665,,0.06666666666666665,0.06666666666666665
G2,S1_additive0.0_n4000,top2[sum],1,1.0,1.0,,1.0,1.0
G2,S1_additive0.0_n4000,spearman[max],1,0.3188740696088466,0.3188740696088466,,0.3188740696088466,0.3188740696088466
G2,S1_additive0.0_n4000,kendall[max],1,0.2760262237369417,0.2760262237369417,,0.2760262237369417,0.2760262237369417
G2,S1_additive0.0_n4000,top2[max],1,1.0,1.0,,1.0,1.0
G2,S1_additive0.0_n4000,spearman[variance_only],1,0.5428571428571429,0.5428571428571429,,0.5428571428571429,0.5428571428571429
G2,S1_additive0.0_n4000,kendall[variance_only],1,0.4666666666666666,0.4666666666666666,,0.4666666666666666,0.4666666666666666
G2,S1_additive0.0_n4000,top2[variance_only],1,0.0,0.0,,0.0,0.0
G2,S1_additive0.0_n4000,spearman[biasvar_mult],1,0.942857142857143,0.942857142857143,,0.942857142857143,0.942857142857143
G2,S1_additive0.0_n4000,kendall[biasvar_mult],1,0.8666666666666666,0.8666666666666666,,0.8666666666666666,0.8666666666666666
G2,S1_additive0.0_n4000,top2[biasvar_mult],1,1.0,1.0,,1.0,1.0
G2,S1_additive0.0_n4000,spearman[biasvar_add],1,0.8285714285714287,0.8285714285714287,,0.8285714285714287,0.8285714285714287
G2,S1_additive0.0_n4000,kendall[biasvar_add],1,0.7333333333333333,0.7333333333333333,,0.7333333333333333,0.7333333333333333
G2,S1_additive0.0_n4000,top2[biasvar_add],1,1.0,1.0,,1.0,1.0
G2,S1_additive0.1_n4000,oracle_best_error,1,0.09747314706808712,0.09747314706808712,,0.09747314706808712,0.09747314706808712
G2,S1_additive0.1_n4000,global_oof_mses_survivor_count,1,4.0,4.0,,4.0,4.0
G2,S1_additive0.1_n4000,global_oof_error[product],1,0.09747314706808712,0.09747314706808712,,0.09747314706808712,0.09747314706808712
G2,S1_additive0.1_n4000,global_oof_regret[product],1,0.0,0.0,,0.0,0.0
G2,S1_additive0.1_n4000,global_oof_oracle_ratio[product],1,0.9999999999897407,0.9999999999897407,,0.9999999999897407,0.9999999999897407
G2,S1_additive0.1_n4000,global_oof_catastrophic[product],1,0.0,0.0,,0.0,0.0
G2,S1_additive0.1_n4000,global_oof_top1[product],1,1.0,1.0,,1.0,1.0
G2,S1_additive0.1_n4000,global_oof_error[h_only],1,0.1440672438108624,0.1440672438108624,,0.1440672438108624,0.1440672438108624
G2,S1_additive0.1_n4000,global_oof_regret[h_only],1,0.04659409674277527,0.04659409674277527,,0.04659409674277527,0.04659409674277527
G2,S1_additive0.1_n4000,global_oof_oracle_ratio[h_only],1,1.4780198253858599,1.4780198253858599,,1.4780198253858599,1.4780198253858599
G2,S1_additive0.1_n4000,global_oof_catastrophic[h_only],1,0.0,0.0,,0.0,0.0
G2,S1_additive0.1_n4000,global_oof_top1[h_only],1,0.0,0.0,,0.0,0.0
G2,S1_additive0.1_n4000,global_oof_error[q_only],1,0.12637941360157476,0.12637941360157476,,0.12637941360157476,0.12637941360157476
G2,S1_additive0.1_n4000,global_oof_regret[q_only],1,0.028906266533487643,0.028906266533487643,,0.028906266533487643,0.028906266533487643
G2,S1_additive0.1_n4000,global_oof_oracle_ratio[q_only],1,1.2965562044693133,1.2965562044693133,,1.2965562044693133,1.2965562044693133
G2,S1_additive0.1_n4000,global_oof_catastrophic[q_only],1,0.0,0.0,,0.0,0.0
G2,S1_additive0.1_n4000,global_oof_top1[q_only],1,0.0,0.0,,0.0,0.0
G2,S1_additive0.1_n4000,global_oof_error[sum],1,0.09747314706808712,0.09747314706808712,,0.09747314706808712,0.09747314706808712
G2,S1_additive0.1_n4000,global_oof_regret[sum],1,0.0,0.0,,0.0,0.0
G2,S1_additive0.1_n4000,global_oof_oracle_ratio[sum],1,0.9999999999897407,0.9999999999897407,,0.9999999999897407,0.9999999999897407
G2,S1_additive0.1_n4000,global_oof_catastrophic[sum],1,0.0,0.0,,0.0,0.0
G2,S1_additive0.1_n4000,global_oof_top1[sum],1,1.0,1.0,,1.0,1.0
G2,S1_additive0.1_n4000,global_oof_error[max],1,0.09747314706808712,0.09747314706808712,,0.09747314706808712,0.09747314706808712
G2,S1_additive0.1_n4000,global_oof_regret[max],1,0.0,0.0,,0.0,0.0
G2,S1_additive0.1_n4000,global_oof_oracle_ratio[max],1,0.9999999999897407,0.9999999999897407,,0.9999999999897407,0.9999999999897407
G2,S1_additive0.1_n4000,global_oof_catastrophic[max],1,0.0,0.0,,0.0,0.0
G2,S1_additive0.1_n4000,global_oof_top1[max],1,1.0,1.0,,1.0,1.0
G2,S1_additive0.1_n4000,global_oof_error[variance_only],1,0.11716350751315056,0.11716350751315056,,0.11716350751315056,0.11716350751315056
G2,S1_additive0.1_n4000,global_oof_regret[variance_only],1,0.01969036044506345,0.01969036044506345,,0.01969036044506345,0.01969036044506345
G2,S1_additive0.1_n4000,global_oof_oracle_ratio[variance_only],1,1.2020080507927715,1.2020080507927715,,1.2020080507927715,1.2020080507927715
G2,S1_additive0.1_n4000,global_oof_catastrophic[variance_only],1,0.0,0.0,,0.0,0.0
G2,S1_additive0.1_n4000,global_oof_top1[variance_only],1,0.0,0.0,,0.0,0.0
G2,S1_additive0.1_n4000,global_oof_error[fixed_sieve1],1,0.09747314706808712,0.09747314706808712,,0.09747314706808712,0.09747314706808712
G2,S1_additive0.1_n4000,global_oof_regret[fixed_sieve1],1,0.0,0.0,,0.0,0.0
G2,S1_additive0.1_n4000,global_oof_oracle_ratio[fixed_sieve1],1,0.9999999999897407,0.9999999999897407,,0.9999999999897407,0.9999999999897407
G2,S1_additive0.1_n4000,global_oof_catastrophic[fixed_sieve1],1,0.0,0.0,,0.0,0.0
G2,S1_additive0.1_n4000,global_oof_top1[fixed_sieve1],1,1.0,1.0,,1.0,1.0
G2,S1_additive0.1_n4000,global_oof_error[fixed_kernel],1,0.272351879672857,0.272351879672857,,0.272351879672857,0.272351879672857
G2,S1_additive0.1_n4000,global_oof_regret[fixed_kernel],1,0.17487873260476988,0.17487873260476988,,0.17487873260476988,0.17487873260476988
G2,S1_additive0.1_n4000,global_oof_oracle_ratio[fixed_kernel],1,2.79412215427721,2.79412215427721,,2.79412215427721,2.79412215427721
G2,S1_additive0.1_n4000,global_oof_catastrophic[fixed_kernel],1,1.0,1.0,,1.0,1.0
G2,S1_additive0.1_n4000,global_oof_top1[fixed_kernel],1,0.0,0.0,,0.0,0.0
G2,S1_additive0.1_n4000,global_oof_error[random],1,0.272351879672857,0.272351879672857,,0.272351879672857,0.272351879672857
G2,S1_additive0.1_n4000,global_oof_regret[random],1,0.17487873260476988,0.17487873260476988,,0.17487873260476988,0.17487873260476988
G2,S1_additive0.1_n4000,global_oof_oracle_ratio[random],1,2.79412215427721,2.79412215427721,,2.79412215427721,2.79412215427721
G2,S1_additive0.1_n4000,global_oof_catastrophic[random],1,1.0,1.0,,1.0,1.0
G2,S1_additive0.1_n4000,global_oof_top1[random],1,0.0,0.0,,0.0,0.0
G2,S1_additive0.1_n4000,error[oracle],1,0.09747314706808712,0.09747314706808712,,0.09747314706808712,0.09747314706808712
G2,S1_additive0.1_n4000,regret[oracle],1,0.0,0.0,,0.0,0.0
G2,S1_additive0.1_n4000,oracle_ratio[oracle],1,0.9999999999897407,0.9999999999897407,,0.9999999999897407,0.9999999999897407
G2,S1_additive0.1_n4000,catastrophic[oracle],1,0.0,0.0,,0.0,0.0
G2,S1_additive0.1_n4000,top1[oracle],1,1.0,1.0,,1.0,1.0
G2,S1_additive0.1_n4000,global_oof_error[biasvar_mult],1,0.09747314706808712,0.09747314706808712,,0.09747314706808712,0.09747314706808712
G2,S1_additive0.1_n4000,global_oof_regret[biasvar_mult],1,0.0,0.0,,0.0,0.0
G2,S1_additive0.1_n4000,global_oof_oracle_ratio[biasvar_mult],1,0.9999999999897407,0.9999999999897407,,0.9999999999897407,0.9999999999897407
G2,S1_additive0.1_n4000,global_oof_catastrophic[biasvar_mult],1,0.0,0.0,,0.0,0.0
G2,S1_additive0.1_n4000,global_oof_top1[biasvar_mult],1,1.0,1.0,,1.0,1.0
G2,S1_additive0.1_n4000,global_oof_error[biasvar_add],1,0.09747314706808712,0.09747314706808712,,0.09747314706808712,0.09747314706808712
G2,S1_additive0.1_n4000,global_oof_regret[biasvar_add],1,0.0,0.0,,0.0,0.0
G2,S1_additive0.1_n4000,global_oof_oracle_ratio[biasvar_add],1,0.9999999999897407,0.9999999999897407,,0.9999999999897407,0.9999999999897407
G2,S1_additive0.1_n4000,global_oof_catastrophic[biasvar_add],1,0.0,0.0,,0.0,0.0
G2,S1_additive0.1_n4000,global_oof_top1[biasvar_add],1,1.0,1.0,,1.0,1.0
G2,S1_additive0.1_n4000,global_oof_error[MSES],1,0.11716350751315056,0.11716350751315056,,0.11716350751315056,0.11716350751315056
G2,S1_additive0.1_n4000,global_oof_regret[MSES],1,0.01969036044506345,0.01969036044506345,,0.01969036044506345,0.01969036044506345
G2,S1_additive0.1_n4000,global_oof_oracle_ratio[MSES],1,1.2020080507927715,1.2020080507927715,,1.2020080507927715,1.2020080507927715
G2,S1_additive0.1_n4000,global_oof_catastrophic[MSES],1,0.0,0.0,,0.0,0.0
G2,S1_additive0.1_n4000,global_oof_top1[MSES],1,0.0,0.0,,0.0,0.0
G2,S1_additive0.1_n4000,global_oof_top2[MSES],1,1.0,1.0,,1.0,1.0
G2,S1_additive0.1_n4000,spearman[product],1,0.48571428571428577,0.48571428571428577,,0.48571428571428577,0.48571428571428577
G2,S1_additive0.1_n4000,kendall[product],1,0.3333333333333333,0.3333333333333333,,0.3333333333333333,0.3333333333333333
G2,S1_additive0.1_n4000,top2[product],1,1.0,1.0,,1.0,1.0
G2,S1_additive0.1_n4000,spearman[h_only],1,0.35309393180189985,0.35309393180189985,,0.35309393180189985,0.35309393180189985
G2,S1_additive0.1_n4000,kendall[h_only],1,0.21483446221182986,0.21483446221182986,,0.21483446221182986,0.21483446221182986
G2,S1_additive0.1_n4000,top2[h_only],1,1.0,1.0,,1.0,1.0
G2,S1_additive0.1_n4000,spearman[q_only],1,0.41194292043554975,0.41194292043554975,,0.41194292043554975,0.41194292043554975
G2,S1_additive0.1_n4000,kendall[q_only],1,0.3580574370197165,0.3580574370197165,,0.3580574370197165,0.3580574370197165
G2,S1_additive0.1_n4000,top2[q_only],1,1.0,1.0,,1.0,1.0
G2,S1_additive0.1_n4000,spearman[sum],1,0.3142857142857143,0.3142857142857143,,0.3142857142857143,0.3142857142857143
G2,S1_additive0.1_n4000,kendall[sum],1,0.2,0.2,,0.2,0.2
G2,S1_additive0.1_n4000,top2[sum],1,1.0,1.0,,1.0,1.0
G2,S1_additive0.1_n4000,spearman[max],1,0.23190841426097936,0.23190841426097936,,0.23190841426097936,0.23190841426097936
G2,S1_additive0.1_n4000,kendall[max],1,0.13801311186847084,0.13801311186847084,,0.13801311186847084,0.13801311186847084
G2,S1_additive0.1_n4000,top2[max],1,1.0,1.0,,1.0,1.0
G2,S1_additive0.1_n4000,spearman[variance_only],1,0.5428571428571429,0.5428571428571429,,0.5428571428571429,0.5428571428571429
G2,S1_additive0.1_n4000,kendall[variance_only],1,0.4666666666666666,0.4666666666666666,,0.4666666666666666,0.4666666666666666
G2,S1_additive0.1_n4000,top2[variance_only],1,0.0,0.0,,0.0,0.0
G2,S1_additive0.1_n4000,spearman[biasvar_mult],1,0.942857142857143,0.942857142857143,,0.942857142857143,0.942857142857143
G2,S1_additive0.1_n4000,kendall[biasvar_mult],1,0.8666666666666666,0.8666666666666666,,0.8666666666666666,0.8666666666666666
G2,S1_additive0.1_n4000,top2[biasvar_mult],1,1.0,1.0,,1.0,1.0
G2,S1_additive0.1_n4000,spearman[biasvar_add],1,0.8285714285714287,0.8285714285714287,,0.8285714285714287,0.8285714285714287
G2,S1_additive0.1_n4000,kendall[biasvar_add],1,0.7333333333333333,0.7333333333333333,,0.7333333333333333,0.7333333333333333
G2,S1_additive0.1_n4000,top2[biasvar_add],1,1.0,1.0,,1.0,1.0
G2,S1_additive0.2_n4000,oracle_best_error,1,0.10212351938790909,0.10212351938790909,,0.10212351938790909,0.10212351938790909
G2,S1_additive0.2_n4000,global_oof_mses_survivor_count,1,3.0,3.0,,3.0,3.0
G2,S1_additive0.2_n4000,global_oof_error[product],1,0.10212351938790909,0.10212351938790909,,0.10212351938790909,0.10212351938790909
G2,S1_additive0.2_n4000,global_oof_regret[product],1,0.0,0.0,,0.0,0.0
G2,S1_additive0.2_n4000,global_oof_oracle_ratio[product],1,0.9999999999902078,0.9999999999902078,,0.9999999999902078,0.9999999999902078
G2,S1_additive0.2_n4000,global_oof_catastrophic[product],1,0.0,0.0,,0.0,0.0
G2,S1_additive0.2_n4000,global_oof_top1[product],1,1.0,1.0,,1.0,1.0
G2,S1_additive0.2_n4000,global_oof_error[h_only],1,0.13704636796385117,0.13704636796385117,,0.13704636796385117,0.13704636796385117
G2,S1_additive0.2_n4000,global_oof_regret[h_only],1,0.03492284857594208,0.03492284857594208,,0.03492284857594208,0.03492284857594208
G2,S1_additive0.2_n4000,global_oof_oracle_ratio[h_only],1,1.3419667553949848,1.3419667553949848,,1.3419667553949848,1.3419667553949848
G2,S1_additive0.2_n4000,global_oof_catastrophic[h_only],1,0.0,0.0,,0.0,0.0
G2,S1_additive0.2_n4000,global_oof_top1[h_only],1,0.0,0.0,,0.0,0.0
G2,S1_additive0.2_n4000,global_oof_error[q_only],1,0.13115316066626478,0.13115316066626478,,0.13115316066626478,0.13115316066626478
G2,S1_additive0.2_n4000,global_oof_regret[q_only],1,0.029029641278355695,0.029029641278355695,,0.029029641278355695,0.029029641278355695
G2,S1_additive0.2_n4000,global_oof_oracle_ratio[q_only],1,1.2842600945508384,1.2842600945508384,,1.2842600945508384,1.2842600945508384
G2,S1_additive0.2_n4000,global_oof_catastrophic[q_only],1,0.0,0.0,,0.0,0.0
G2,S1_additive0.2_n4000,global_oof_top1[q_only],1,0.0,0.0,,0.0,0.0
G2,S1_additive0.2_n4000,global_oof_error[sum],1,0.10212351938790909,0.10212351938790909,,0.10212351938790909,0.10212351938790909
G2,S1_additive0.2_n4000,global_oof_regret[sum],1,0.0,0.0,,0.0,0.0
G2,S1_additive0.2_n4000,global_oof_oracle_ratio[sum],1,0.9999999999902078,0.9999999999902078,,0.9999999999902078,0.9999999999902078
G2,S1_additive0.2_n4000,global_oof_catastrophic[sum],1,0.0,0.0,,0.0,0.0
G2,S1_additive0.2_n4000,global_oof_top1[sum],1,1.0,1.0,,1.0,1.0
G2,S1_additive0.2_n4000,global_oof_error[max],1,0.10212351938790909,0.10212351938790909,,0.10212351938790909,0.10212351938790909
G2,S1_additive0.2_n4000,global_oof_regret[max],1,0.0,0.0,,0.0,0.0
G2,S1_additive0.2_n4000,global_oof_oracle_ratio[max],1,0.9999999999902078,0.9999999999902078,,0.9999999999902078,0.9999999999902078
G2,S1_additive0.2_n4000,global_oof_catastrophic[max],1,0.0,0.0,,0.0,0.0
G2,S1_additive0.2_n4000,global_oof_top1[max],1,1.0,1.0,,1.0,1.0
G2,S1_additive0.2_n4000,global_oof_error[variance_only],1,0.11929102276220316,0.11929102276220316,,0.11929102276220316,0.11929102276220316
G2,S1_additive0.2_n4000,global_oof_regret[variance_only],1,0.01716750337429407,0.01716750337429407,,0.01716750337429407,0.01716750337429407
G2,S1_additive0.2_n4000,global_oof_oracle_ratio[variance_only],1,1.168105285403614,1.168105285403614,,1.168105285403614,1.168105285403614
G2,S1_additive0.2_n4000,global_oof_catastrophic[variance_only],1,0.0,0.0,,0.0,0.0
G2,S1_additive0.2_n4000,global_oof_top1[variance_only],1,0.0,0.0,,0.0,0.0
G2,S1_additive0.2_n4000,global_oof_error[fixed_sieve1],1,0.10212351938790909,0.10212351938790909,,0.10212351938790909,0.10212351938790909
G2,S1_additive0.2_n4000,global_oof_regret[fixed_sieve1],1,0.0,0.0,,0.0,0.0
G2,S1_additive0.2_n4000,global_oof_oracle_ratio[fixed_sieve1],1,0.9999999999902078,0.9999999999902078,,0.9999999999902078,0.9999999999902078
G2,S1_additive0.2_n4000,global_oof_catastrophic[fixed_sieve1],1,0.0,0.0,,0.0,0.0
G2,S1_additive0.2_n4000,global_oof_top1[fixed_sieve1],1,1.0,1.0,,1.0,1.0
G2,S1_additive0.2_n4000,global_oof_error[fixed_kernel],1,0.27242009611437445,0.27242009611437445,,0.27242009611437445,0.27242009611437445
G2,S1_additive0.2_n4000,global_oof_regret[fixed_kernel],1,0.17029657672646537,0.17029657672646537,,0.17029657672646537,0.17029657672646537
G2,S1_additive0.2_n4000,global_oof_oracle_ratio[fixed_kernel],1,2.6675549153073943,2.6675549153073943,,2.6675549153073943,2.6675549153073943
G2,S1_additive0.2_n4000,global_oof_catastrophic[fixed_kernel],1,1.0,1.0,,1.0,1.0
G2,S1_additive0.2_n4000,global_oof_top1[fixed_kernel],1,0.0,0.0,,0.0,0.0
G2,S1_additive0.2_n4000,global_oof_error[random],1,0.27242009611437445,0.27242009611437445,,0.27242009611437445,0.27242009611437445
G2,S1_additive0.2_n4000,global_oof_regret[random],1,0.17029657672646537,0.17029657672646537,,0.17029657672646537,0.17029657672646537
G2,S1_additive0.2_n4000,global_oof_oracle_ratio[random],1,2.6675549153073943,2.6675549153073943,,2.6675549153073943,2.6675549153073943
G2,S1_additive0.2_n4000,global_oof_catastrophic[random],1,1.0,1.0,,1.0,1.0
G2,S1_additive0.2_n4000,global_oof_top1[random],1,0.0,0.0,,0.0,0.0
G2,S1_additive0.2_n4000,error[oracle],1,0.10212351938790909,0.10212351938790909,,0.10212351938790909,0.10212351938790909
G2,S1_additive0.2_n4000,regret[oracle],1,0.0,0.0,,0.0,0.0
G2,S1_additive0.2_n4000,oracle_ratio[oracle],1,0.9999999999902078,0.9999999999902078,,0.9999999999902078,0.9999999999902078
G2,S1_additive0.2_n4000,catastrophic[oracle],1,0.0,0.0,,0.0,0.0
G2,S1_additive0.2_n4000,top1[oracle],1,1.0,1.0,,1.0,1.0
G2,S1_additive0.2_n4000,global_oof_error[biasvar_mult],1,0.10212351938790909,0.10212351938790909,,0.10212351938790909,0.10212351938790909
G2,S1_additive0.2_n4000,global_oof_regret[biasvar_mult],1,0.0,0.0,,0.0,0.0
G2,S1_additive0.2_n4000,global_oof_oracle_ratio[biasvar_mult],1,0.9999999999902078,0.9999999999902078,,0.9999999999902078,0.9999999999902078
G2,S1_additive0.2_n4000,global_oof_catastrophic[biasvar_mult],1,0.0,0.0,,0.0,0.0
G2,S1_additive0.2_n4000,global_oof_top1[biasvar_mult],1,1.0,1.0,,1.0,1.0
G2,S1_additive0.2_n4000,global_oof_error[biasvar_add],1,0.10212351938790909,0.10212351938790909,,0.10212351938790909,0.10212351938790909
G2,S1_additive0.2_n4000,global_oof_regret[biasvar_add],1,0.0,0.0,,0.0,0.0
G2,S1_additive0.2_n4000,global_oof_oracle_ratio[biasvar_add],1,0.9999999999902078,0.9999999999902078,,0.9999999999902078,0.9999999999902078
G2,S1_additive0.2_n4000,global_oof_catastrophic[biasvar_add],1,0.0,0.0,,0.0,0.0
G2,S1_additive0.2_n4000,global_oof_top1[biasvar_add],1,1.0,1.0,,1.0,1.0
G2,S1_additive0.2_n4000,global_oof_error[MSES],1,0.11929102276220316,0.11929102276220316,,0.11929102276220316,0.11929102276220316
G2,S1_additive0.2_n4000,global_oof_regret[MSES],1,0.01716750337429407,0.01716750337429407,,0.01716750337429407,0.01716750337429407
G2,S1_additive0.2_n4000,global_oof_oracle_ratio[MSES],1,1.168105285403614,1.168105285403614,,1.168105285403614,1.168105285403614
G2,S1_additive0.2_n4000,global_oof_catastrophic[MSES],1,0.0,0.0,,0.0,0.0
G2,S1_additive0.2_n4000,global_oof_top1[MSES],1,0.0,0.0,,0.0,0.0
G2,S1_additive0.2_n4000,global_oof_top2[MSES],1,1.0,1.0,,1.0,1.0
G2,S1_additive0.2_n4000,spearman[product],1,0.48571428571428577,0.48571428571428577,,0.48571428571428577,0.48571428571428577
G2,S1_additive0.2_n4000,kendall[product],1,0.3333333333333333,0.3333333333333333,,0.3333333333333333,0.3333333333333333
G2,S1_additive0.2_n4000,top2[product],1,1.0,1.0,,1.0,1.0
G2,S1_additive0.2_n4000,spearman[h_only],1,0.35309393180189985,0.35309393180189985,,0.35309393180189985,0.35309393180189985
G2,S1_additive0.2_n4000,kendall[h_only],1,0.21483446221182986,0.21483446221182986,,0.21483446221182986,0.21483446221182986
G2,S1_additive0.2_n4000,top2[h_only],1,1.0,1.0,,1.0,1.0
G2,S1_additive0.2_n4000,spearman[q_only],1,0.41194292043554975,0.41194292043554975,,0.41194292043554975,0.41194292043554975
G2,S1_additive0.2_n4000,kendall[q_only],1,0.3580574370197165,0.3580574370197165,,0.3580574370197165,0.3580574370197165
G2,S1_additive0.2_n4000,top2[q_only],1,1.0,1.0,,1.0,1.0
G2,S1_additive0.2_n4000,spearman[sum],1,0.3142857142857143,0.3142857142857143,,0.3142857142857143,0.3142857142857143
G2,S1_additive0.2_n4000,kendall[sum],1,0.2,0.2,,0.2,0.2
G2,S1_additive0.2_n4000,top2[sum],1,1.0,1.0,,1.0,1.0
G2,S1_additive0.2_n4000,spearman[max],1,0.3188740696088466,0.3188740696088466,,0.3188740696088466,0.3188740696088466
G2,S1_additive0.2_n4000,kendall[max],1,0.2760262237369417,0.2760262237369417,,0.2760262237369417,0.2760262237369417
G2,S1_additive0.2_n4000,top2[max],1,1.0,1.0,,1.0,1.0
G2,S1_additive0.2_n4000,spearman[variance_only],1,0.5428571428571429,0.5428571428571429,,0.5428571428571429,0.5428571428571429
G2,S1_additive0.2_n4000,kendall[variance_only],1,0.4666666666666666,0.4666666666666666,,0.4666666666666666,0.4666666666666666
G2,S1_additive0.2_n4000,top2[variance_only],1,0.0,0.0,,0.0,0.0
G2,S1_additive0.2_n4000,spearman[biasvar_mult],1,0.942857142857143,0.942857142857143,,0.942857142857143,0.942857142857143
G2,S1_additive0.2_n4000,kendall[biasvar_mult],1,0.8666666666666666,0.8666666666666666,,0.8666666666666666,0.8666666666666666
G2,S1_additive0.2_n4000,top2[biasvar_mult],1,1.0,1.0,,1.0,1.0
G2,S1_additive0.2_n4000,spearman[biasvar_add],1,0.8285714285714287,0.8285714285714287,,0.8285714285714287,0.8285714285714287
G2,S1_additive0.2_n4000,kendall[biasvar_add],1,0.7333333333333333,0.7333333333333333,,0.7333333333333333,0.7333333333333333
G2,S1_additive0.2_n4000,top2[biasvar_add],1,1.0,1.0,,1.0,1.0
G2,S1_additive0.3_n4000,oracle_best_error,1,0.1069467873816959,0.1069467873816959,,0.1069467873816959,0.1069467873816959
G2,S1_additive0.3_n4000,global_oof_mses_survivor_count,1,4.0,4.0,,4.0,4.0
G2,S1_additive0.3_n4000,global_oof_error[product],1,0.1069467873816959,0.1069467873816959,,0.1069467873816959,0.1069467873816959
G2,S1_additive0.3_n4000,global_oof_regret[product],1,0.0,0.0,,0.0,0.0
G2,S1_additive0.3_n4000,global_oof_oracle_ratio[product],1,0.9999999999906495,0.9999999999906495,,0.9999999999906495,0.9999999999906495
G2,S1_additive0.3_n4000,global_oof_catastrophic[product],1,0.0,0.0,,0.0,0.0
G2,S1_additive0.3_n4000,global_oof_top1[product],1,1.0,1.0,,1.0,1.0
G2,S1_additive0.3_n4000,global_oof_error[h_only],1,0.12131368883262846,0.12131368883262846,,0.12131368883262846,0.12131368883262846
G2,S1_additive0.3_n4000,global_oof_regret[h_only],1,0.014366901450932557,0.014366901450932557,,0.014366901450932557,0.014366901450932557
G2,S1_additive0.3_n4000,global_oof_oracle_ratio[h_only],1,1.1343369146613294,1.1343369146613294,,1.1343369146613294,1.1343369146613294
G2,S1_additive0.3_n4000,global_oof_catastrophic[h_only],1,0.0,0.0,,0.0,0.0
G2,S1_additive0.3_n4000,global_oof_top1[h_only],1,0.0,0.0,,0.0,0.0
G2,S1_additive0.3_n4000,global_oof_error[q_only],1,0.13692300403663146,0.13692300403663146,,0.13692300403663146,0.13692300403663146
G2,S1_additive0.3_n4000,global_oof_regret[q_only],1,0.029976216654935564,0.029976216654935564,,0.029976216654935564,0.029976216654935564
G2,S1_additive0.3_n4000,global_oof_oracle_ratio[q_only],1,1.280290950177581,1.280290950177581,,1.280290950177581,1.280290950177581
G2,S1_additive0.3_n4000,global_oof_catastrophic[q_only],1,0.0,0.0,,0.0,0.0
G2,S1_additive0.3_n4000,global_oof_top1[q_only],1,0.0,0.0,,0.0,0.0
G2,S1_additive0.3_n4000,global_oof_error[sum],1,0.1069467873816959,0.1069467873816959,,0.1069467873816959,0.1069467873816959
G2,S1_additive0.3_n4000,global_oof_regret[sum],1,0.0,0.0,,0.0,0.0
G2,S1_additive0.3_n4000,global_oof_oracle_ratio[sum],1,0.9999999999906495,0.9999999999906495,,0.9999999999906495,0.9999999999906495
G2,S1_additive0.3_n4000,global_oof_catastrophic[sum],1,0.0,0.0,,0.0,0.0
G2,S1_additive0.3_n4000,global_oof_top1[sum],1,1.0,1.0,,1.0,1.0
G2,S1_additive0.3_n4000,global_oof_error[max],1,0.1069467873816959,0.1069467873816959,,0.1069467873816959,0.1069467873816959
G2,S1_additive0.3_n4000,global_oof_regret[max],1,0.0,0.0,,0.0,0.0
G2,S1_additive0.3_n4000,global_oof_oracle_ratio[max],1,0.9999999999906495,0.9999999999906495,,0.9999999999906495,0.9999999999906495
G2,S1_additive0.3_n4000,global_oof_catastrophic[max],1,0.0,0.0,,0.0,0.0
G2,S1_additive0.3_n4000,global_oof_top1[max],1,1.0,1.0,,1.0,1.0
G2,S1_additive0.3_n4000,global_oof_error[variance_only],1,0.1212847547577951,0.1212847547577951,,0.1212847547577951,0.1212847547577951
G2,S1_additive0.3_n4000,global_oof_regret[variance_only],1,0.0143379673760992,0.0143379673760992,,0.0143379673760992,0.0143379673760992
G2,S1_additive0.3_n4000,global_oof_oracle_ratio[variance_only],1,1.1340663682004075,1.1340663682004075,,1.1340663682004075,1.1340663682004075
G2,S1_additive0.3_n4000,global_oof_catastrophic[variance_only],1,0.0,0.0,,0.0,0.0
G2,S1_additive0.3_n4000,global_oof_top1[variance_only],1,0.0,0.0,,0.0,0.0
G2,S1_additive0.3_n4000,global_oof_error[fixed_sieve1],1,0.1069467873816959,0.1069467873816959,,0.1069467873816959,0.1069467873816959
G2,S1_additive0.3_n4000,global_oof_regret[fixed_sieve1],1,0.0,0.0,,0.0,0.0
G2,S1_additive0.3_n4000,global_oof_oracle_ratio[fixed_sieve1],1,0.9999999999906495,0.9999999999906495,,0.9999999999906495,0.9999999999906495
G2,S1_additive0.3_n4000,global_oof_catastrophic[fixed_sieve1],1,0.0,0.0,,0.0,0.0
G2,S1_additive0.3_n4000,global_oof_top1[fixed_sieve1],1,1.0,1.0,,1.0,1.0
G2,S1_additive0.3_n4000,global_oof_error[fixed_kernel],1,0.27231610877965173,0.27231610877965173,,0.27231610877965173,0.27231610877965173
G2,S1_additive0.3_n4000,global_oof_regret[fixed_kernel],1,0.16536932139795585,0.16536932139795585,,0.16536932139795585,0.16536932139795585
G2,S1_additive0.3_n4000,global_oof_oracle_ratio[fixed_kernel],1,2.546276661917876,2.546276661917876,,2.546276661917876,2.546276661917876
G2,S1_additive0.3_n4000,global_oof_catastrophic[fixed_kernel],1,1.0,1.0,,1.0,1.0
G2,S1_additive0.3_n4000,global_oof_top1[fixed_kernel],1,0.0,0.0,,0.0,0.0
G2,S1_additive0.3_n4000,global_oof_error[random],1,0.27231610877965173,0.27231610877965173,,0.27231610877965173,0.27231610877965173
G2,S1_additive0.3_n4000,global_oof_regret[random],1,0.16536932139795585,0.16536932139795585,,0.16536932139795585,0.16536932139795585
G2,S1_additive0.3_n4000,global_oof_oracle_ratio[random],1,2.546276661917876,2.546276661917876,,2.546276661917876,2.546276661917876
G2,S1_additive0.3_n4000,global_oof_catastrophic[random],1,1.0,1.0,,1.0,1.0
G2,S1_additive0.3_n4000,global_oof_top1[random],1,0.0,0.0,,0.0,0.0
G2,S1_additive0.3_n4000,error[oracle],1,0.1069467873816959,0.1069467873816959,,0.1069467873816959,0.1069467873816959
G2,S1_additive0.3_n4000,regret[oracle],1,0.0,0.0,,0.0,0.0
G2,S1_additive0.3_n4000,oracle_ratio[oracle],1,0.9999999999906495,0.9999999999906495,,0.9999999999906495,0.9999999999906495
G2,S1_additive0.3_n4000,catastrophic[oracle],1,0.0,0.0,,0.0,0.0
G2,S1_additive0.3_n4000,top1[oracle],1,1.0,1.0,,1.0,1.0
G2,S1_additive0.3_n4000,global_oof_error[biasvar_mult],1,0.1069467873816959,0.1069467873816959,,0.1069467873816959,0.1069467873816959
G2,S1_additive0.3_n4000,global_oof_regret[biasvar_mult],1,0.0,0.0,,0.0,0.0
G2,S1_additive0.3_n4000,global_oof_oracle_ratio[biasvar_mult],1,0.9999999999906495,0.9999999999906495,,0.9999999999906495,0.9999999999906495
G2,S1_additive0.3_n4000,global_oof_catastrophic[biasvar_mult],1,0.0,0.0,,0.0,0.0
G2,S1_additive0.3_n4000,global_oof_top1[biasvar_mult],1,1.0,1.0,,1.0,1.0
G2,S1_additive0.3_n4000,global_oof_error[biasvar_add],1,0.1069467873816959,0.1069467873816959,,0.1069467873816959,0.1069467873816959
G2,S1_additive0.3_n4000,global_oof_regret[biasvar_add],1,0.0,0.0,,0.0,0.0
G2,S1_additive0.3_n4000,global_oof_oracle_ratio[biasvar_add],1,0.9999999999906495,0.9999999999906495,,0.9999999999906495,0.9999999999906495
G2,S1_additive0.3_n4000,global_oof_catastrophic[biasvar_add],1,0.0,0.0,,0.0,0.0
G2,S1_additive0.3_n4000,global_oof_top1[biasvar_add],1,1.0,1.0,,1.0,1.0
G2,S1_additive0.3_n4000,global_oof_error[MSES],1,0.1212847547577951,0.1212847547577951,,0.1212847547577951,0.1212847547577951
G2,S1_additive0.3_n4000,global_oof_regret[MSES],1,0.0143379673760992,0.0143379673760992,,0.0143379673760992,0.0143379673760992
G2,S1_additive0.3_n4000,global_oof_oracle_ratio[MSES],1,1.1340663682004075,1.1340663682004075,,1.1340663682004075,1.1340663682004075
G2,S1_additive0.3_n4000,global_oof_catastrophic[MSES],1,0.0,0.0,,0.0,0.0
G2,S1_additive0.3_n4000,global_oof_top1[MSES],1,0.0,0.0,,0.0,0.0
G2,S1_additive0.3_n4000,global_oof_top2[MSES],1,1.0,1.0,,1.0,1.0
G2,S1_additive0.3_n4000,spearman[product],1,0.4285714285714286,0.4285714285714286,,0.4285714285714286,0.4285714285714286
G2,S1_additive0.3_n4000,kendall[product],1,0.3333333333333333,0.3333333333333333,,0.3333333333333333,0.3333333333333333
G2,S1_additive0.3_n4000,top2[product],1,1.0,1.0,,1.0,1.0
G2,S1_additive0.3_n4000,spearman[h_only],1,0.6179143806533246,0.6179143806533246,,0.6179143806533246,0.6179143806533246
G2,S1_additive0.3_n4000,kendall[h_only],1,0.3580574370197165,0.3580574370197165,,0.3580574370197165,0.3580574370197165
G2,S1_additive0.3_n4000,top2[h_only],1,1.0,1.0,,1.0,1.0
G2,S1_additive0.3_n4000,spearman[q_only],1,0.3236694374850748,0.3236694374850748,,0.3236694374850748,0.3236694374850748
G2,S1_additive0.3_n4000,kendall[q_only],1,0.21483446221182986,0.21483446221182986,,0.21483446221182986,0.21483446221182986
G2,S1_additive0.3_n4000,top2[q_only],1,1.0,1.0,,1.0,1.0
G2,S1_additive0.3_n4000,spearman[sum],1,0.4285714285714286,0.4285714285714286,,0.4285714285714286,0.4285714285714286
G2,S1_additive0.3_n4000,kendall[sum],1,0.3333333333333333,0.3333333333333333,,0.3333333333333333,0.3333333333333333
G2,S1_additive0.3_n4000,top2[sum],1,1.0,1.0,,1.0,1.0
G2,S1_additive0.3_n4000,spearman[max],1,0.5217939320872036,0.5217939320872036,,0.5217939320872036,0.5217939320872036
G2,S1_additive0.3_n4000,kendall[max],1,0.41403933560541256,0.41403933560541256,,0.41403933560541256,0.41403933560541256
G2,S1_additive0.3_n4000,top2[max],1,1.0,1.0,,1.0,1.0
G2,S1_additive0.3_n4000,spearman[variance_only],1,0.48571428571428577,0.48571428571428577,,0.48571428571428577,0.48571428571428577
G2,S1_additive0.3_n4000,kendall[variance_only],1,0.3333333333333333,0.3333333333333333,,0.3333333333333333,0.3333333333333333
G2,S1_additive0.3_n4000,top2[variance_only],1,0.0,0.0,,0.0,0.0
G2,S1_additive0.3_n4000,spearman[biasvar_mult],1,1.0,1.0,,1.0,1.0
G2,S1_additive0.3_n4000,kendall[biasvar_mult],1,0.9999999999999999,0.9999999999999999,,0.9999999999999999,0.9999999999999999
G2,S1_additive0.3_n4000,top2[biasvar_mult],1,1.0,1.0,,1.0,1.0
G2,S1_additive0.3_n4000,spearman[biasvar_add],1,0.942857142857143,0.942857142857143,,0.942857142857143,0.942857142857143
G2,S1_additive0.3_n4000,kendall[biasvar_add],1,0.8666666666666666,0.8666666666666666,,0.8666666666666666,0.8666666666666666
G2,S1_additive0.3_n4000,top2[biasvar_add],1,1.0,1.0,,1.0,1.0
G2,S1_heavy_tail0.0_n4000,oracle_best_error,1,0.09329736499127378,0.09329736499127378,,0.09329736499127378,0.09329736499127378
G2,S1_heavy_tail0.0_n4000,global_oof_mses_survivor_count,1,3.0,3.0,,3.0,3.0
G2,S1_heavy_tail0.0_n4000,global_oof_error[product],1,0.09329736499127378,0.09329736499127378,,0.09329736499127378,0.09329736499127378
G2,S1_heavy_tail0.0_n4000,global_oof_regret[product],1,0.0,0.0,,0.0,0.0
G2,S1_heavy_tail0.0_n4000,global_oof_oracle_ratio[product],1,0.9999999999892816,0.9999999999892816,,0.9999999999892816,0.9999999999892816
G2,S1_heavy_tail0.0_n4000,global_oof_catastrophic[product],1,0.0,0.0,,0.0,0.0
G2,S1_heavy_tail0.0_n4000,global_oof_top1[product],1,1.0,1.0,,1.0,1.0
G2,S1_heavy_tail0.0_n4000,global_oof_error[h_only],1,0.14082579959611213,0.14082579959611213,,0.14082579959611213,0.14082579959611213
G2,S1_heavy_tail0.0_n4000,global_oof_regret[h_only],1,0.047528434604838354,0.047528434604838354,,0.047528434604838354,0.047528434604838354
G2,S1_heavy_tail0.0_n4000,global_oof_oracle_ratio[h_only],1,1.509429549353021,1.509429549353021,,1.509429549353021,1.509429549353021
G2,S1_heavy_tail0.0_n4000,global_oof_catastrophic[h_only],1,1.0,1.0,,1.0,1.0
G2,S1_heavy_tail0.0_n4000,global_oof_top1[h_only],1,0.0,0.0,,0.0,0.0
G2,S1_heavy_tail0.0_n4000,global_oof_error[q_only],1,0.12228281620310122,0.12228281620310122,,0.12228281620310122,0.12228281620310122
G2,S1_heavy_tail0.0_n4000,global_oof_regret[q_only],1,0.02898545121182744,0.02898545121182744,,0.02898545121182744,0.02898545121182744
G2,S1_heavy_tail0.0_n4000,global_oof_oracle_ratio[q_only],1,1.3106781334416873,1.3106781334416873,,1.3106781334416873,1.3106781334416873
G2,S1_heavy_tail0.0_n4000,global_oof_catastrophic[q_only],1,0.0,0.0,,0.0,0.0
G2,S1_heavy_tail0.0_n4000,global_oof_top1[q_only],1,0.0,0.0,,0.0,0.0
G2,S1_heavy_tail0.0_n4000,global_oof_error[sum],1,0.09329736499127378,0.09329736499127378,,0.09329736499127378,0.09329736499127378
G2,S1_heavy_tail0.0_n4000,global_oof_regret[sum],1,0.0,0.0,,0.0,0.0
G2,S1_heavy_tail0.0_n4000,global_oof_oracle_ratio[sum],1,0.9999999999892816,0.9999999999892816,,0.9999999999892816,0.9999999999892816
G2,S1_heavy_tail0.0_n4000,global_oof_catastrophic[sum],1,0.0,0.0,,0.0,0.0
G2,S1_heavy_tail0.0_n4000,global_oof_top1[sum],1,1.0,1.0,,1.0,1.0
G2,S1_heavy_tail0.0_n4000,global_oof_error[max],1,0.09329736499127378,0.09329736499127378,,0.09329736499127378,0.09329736499127378
G2,S1_heavy_tail0.0_n4000,global_oof_regret[max],1,0.0,0.0,,0.0,0.0
G2,S1_heavy_tail0.0_n4000,global_oof_oracle_ratio[max],1,0.9999999999892816,0.9999999999892816,,0.9999999999892816,0.9999999999892816
G2,S1_heavy_tail0.0_n4000,global_oof_catastrophic[max],1,0.0,0.0,,0.0,0.0
G2,S1_heavy_tail0.0_n4000,global_oof_top1[max],1,1.0,1.0,,1.0,1.0
G2,S1_heavy_tail0.0_n4000,global_oof_error[variance_only],1,0.11495910678591566,0.11495910678591566,,0.11495910678591566,0.11495910678591566
G2,S1_heavy_tail0.0_n4000,global_oof_regret[variance_only],1,0.02166174179464188,0.02166174179464188,,0.02166174179464188,0.02166174179464188
G2,S1_heavy_tail0.0_n4000,global_oof_oracle_ratio[variance_only],1,1.2321795668659639,1.2321795668659639,,1.2321795668659639,1.2321795668659639
G2,S1_heavy_tail0.0_n4000,global_oof_catastrophic[variance_only],1,0.0,0.0,,0.0,0.0
G2,S1_heavy_tail0.0_n4000,global_oof_top1[variance_only],1,0.0,0.0,,0.0,0.0
G2,S1_heavy_tail0.0_n4000,global_oof_error[fixed_sieve1],1,0.09329736499127378,0.09329736499127378,,0.09329736499127378,0.09329736499127378
G2,S1_heavy_tail0.0_n4000,global_oof_regret[fixed_sieve1],1,0.0,0.0,,0.0,0.0
G2,S1_heavy_tail0.0_n4000,global_oof_oracle_ratio[fixed_sieve1],1,0.9999999999892816,0.9999999999892816,,0.9999999999892816,0.9999999999892816
G2,S1_heavy_tail0.0_n4000,global_oof_catastrophic[fixed_sieve1],1,0.0,0.0,,0.0,0.0
G2,S1_heavy_tail0.0_n4000,global_oof_top1[fixed_sieve1],1,1.0,1.0,,1.0,1.0
G2,S1_heavy_tail0.0_n4000,global_oof_error[fixed_kernel],1,0.27226842903839993,0.27226842903839993,,0.27226842903839993,0.27226842903839993
G2,S1_heavy_tail0.0_n4000,global_oof_regret[fixed_kernel],1,0.17897106404712615,0.17897106404712615,,0.17897106404712615,0.17897106404712615
G2,S1_heavy_tail0.0_n4000,global_oof_oracle_ratio[fixed_kernel],1,2.9182863745503127,2.9182863745503127,,2.9182863745503127,2.9182863745503127
G2,S1_heavy_tail0.0_n4000,global_oof_catastrophic[fixed_kernel],1,1.0,1.0,,1.0,1.0
G2,S1_heavy_tail0.0_n4000,global_oof_top1[fixed_kernel],1,0.0,0.0,,0.0,0.0
G2,S1_heavy_tail0.0_n4000,global_oof_error[random],1,0.27226842903839993,0.27226842903839993,,0.27226842903839993,0.27226842903839993
G2,S1_heavy_tail0.0_n4000,global_oof_regret[random],1,0.17897106404712615,0.17897106404712615,,0.17897106404712615,0.17897106404712615
G2,S1_heavy_tail0.0_n4000,global_oof_oracle_ratio[random],1,2.9182863745503127,2.9182863745503127,,2.9182863745503127,2.9182863745503127
G2,S1_heavy_tail0.0_n4000,global_oof_catastrophic[random],1,1.0,1.0,,1.0,1.0
G2,S1_heavy_tail0.0_n4000,global_oof_top1[random],1,0.0,0.0,,0.0,0.0
G2,S1_heavy_tail0.0_n4000,error[oracle],1,0.09329736499127378,0.09329736499127378,,0.09329736499127378,0.09329736499127378
G2,S1_heavy_tail0.0_n4000,regret[oracle],1,0.0,0.0,,0.0,0.0
G2,S1_heavy_tail0.0_n4000,oracle_ratio[oracle],1,0.9999999999892816,0.9999999999892816,,0.9999999999892816,0.9999999999892816
G2,S1_heavy_tail0.0_n4000,catastrophic[oracle],1,0.0,0.0,,0.0,0.0
G2,S1_heavy_tail0.0_n4000,top1[oracle],1,1.0,1.0,,1.0,1.0
G2,S1_heavy_tail0.0_n4000,global_oof_error[biasvar_mult],1,0.09329736499127378,0.09329736499127378,,0.09329736499127378,0.09329736499127378
G2,S1_heavy_tail0.0_n4000,global_oof_regret[biasvar_mult],1,0.0,0.0,,0.0,0.0
G2,S1_heavy_tail0.0_n4000,global_oof_oracle_ratio[biasvar_mult],1,0.9999999999892816,0.9999999999892816,,0.9999999999892816,0.9999999999892816
G2,S1_heavy_tail0.0_n4000,global_oof_catastrophic[biasvar_mult],1,0.0,0.0,,0.0,0.0
G2,S1_heavy_tail0.0_n4000,global_oof_top1[biasvar_mult],1,1.0,1.0,,1.0,1.0
G2,S1_heavy_tail0.0_n4000,global_oof_error[biasvar_add],1,0.09329736499127378,0.09329736499127378,,0.09329736499127378,0.09329736499127378
G2,S1_heavy_tail0.0_n4000,global_oof_regret[biasvar_add],1,0.0,0.0,,0.0,0.0
G2,S1_heavy_tail0.0_n4000,global_oof_oracle_ratio[biasvar_add],1,0.9999999999892816,0.9999999999892816,,0.9999999999892816,0.9999999999892816
G2,S1_heavy_tail0.0_n4000,global_oof_catastrophic[biasvar_add],1,0.0,0.0,,0.0,0.0
G2,S1_heavy_tail0.0_n4000,global_oof_top1[biasvar_add],1,1.0,1.0,,1.0,1.0
G2,S1_heavy_tail0.0_n4000,global_oof_error[MSES],1,0.11495910678591566,0.11495910678591566,,0.11495910678591566,0.11495910678591566
G2,S1_heavy_tail0.0_n4000,global_oof_regret[MSES],1,0.02166174179464188,0.02166174179464188,,0.02166174179464188,0.02166174179464188
G2,S1_heavy_tail0.0_n4000,global_oof_oracle_ratio[MSES],1,1.2321795668659639,1.2321795668659639,,1.2321795668659639,1.2321795668659639
G2,S1_heavy_tail0.0_n4000,global_oof_catastrophic[MSES],1,0.0,0.0,,0.0,0.0
G2,S1_heavy_tail0.0_n4000,global_oof_top1[MSES],1,0.0,0.0,,0.0,0.0
G2,S1_heavy_tail0.0_n4000,global_oof_top2[MSES],1,1.0,1.0,,1.0,1.0
G2,S1_heavy_tail0.0_n4000,spearman[product],1,0.48571428571428577,0.48571428571428577,,0.48571428571428577,0.48571428571428577
G2,S1_heavy_tail0.0_n4000,kendall[product],1,0.3333333333333333,0.3333333333333333,,0.3333333333333333,0.3333333333333333
G2,S1_heavy_tail0.0_n4000,top2[product],1,1.0,1.0,,1.0,1.0
G2,S1_heavy_tail0.0_n4000,spearman[h_only],1,0.35309393180189985,0.35309393180189985,,0.35309393180189985,0.35309393180189985
G2,S1_heavy_tail0.0_n4000,kendall[h_only],1,0.21483446221182986,0.21483446221182986,,0.21483446221182986,0.21483446221182986
G2,S1_heavy_tail0.0_n4000,top2[h_only],1,1.0,1.0,,1.0,1.0
G2,S1_heavy_tail0.0_n4000,spearman[q_only],1,0.41194292043554975,0.41194292043554975,,0.41194292043554975,0.41194292043554975
G2,S1_heavy_tail0.0_n4000,kendall[q_only],1,0.3580574370197165,0.3580574370197165,,0.3580574370197165,0.3580574370197165
G2,S1_heavy_tail0.0_n4000,top2[q_only],1,1.0,1.0,,1.0,1.0
G2,S1_heavy_tail0.0_n4000,spearman[sum],1,0.3142857142857143,0.3142857142857143,,0.3142857142857143,0.3142857142857143
G2,S1_heavy_tail0.0_n4000,kendall[sum],1,0.2,0.2,,0.2,0.2
G2,S1_heavy_tail0.0_n4000,top2[sum],1,1.0,1.0,,1.0,1.0
G2,S1_heavy_tail0.0_n4000,spearman[max],1,0.23190841426097936,0.23190841426097936,,0.23190841426097936,0.23190841426097936
G2,S1_heavy_tail0.0_n4000,kendall[max],1,0.13801311186847084,0.13801311186847084,,0.13801311186847084,0.13801311186847084
G2,S1_heavy_tail0.0_n4000,top2[max],1,1.0,1.0,,1.0,1.0
G2,S1_heavy_tail0.0_n4000,spearman[variance_only],1,0.5428571428571429,0.5428571428571429,,0.5428571428571429,0.5428571428571429
G2,S1_heavy_tail0.0_n4000,kendall[variance_only],1,0.4666666666666666,0.4666666666666666,,0.4666666666666666,0.4666666666666666
G2,S1_heavy_tail0.0_n4000,top2[variance_only],1,0.0,0.0,,0.0,0.0
G2,S1_heavy_tail0.0_n4000,spearman[biasvar_mult],1,0.942857142857143,0.942857142857143,,0.942857142857143,0.942857142857143
G2,S1_heavy_tail0.0_n4000,kendall[biasvar_mult],1,0.8666666666666666,0.8666666666666666,,0.8666666666666666,0.8666666666666666
G2,S1_heavy_tail0.0_n4000,top2[biasvar_mult],1,1.0,1.0,,1.0,1.0
G2,S1_heavy_tail0.0_n4000,spearman[biasvar_add],1,0.8285714285714287,0.8285714285714287,,0.8285714285714287,0.8285714285714287
G2,S1_heavy_tail0.0_n4000,kendall[biasvar_add],1,0.7333333333333333,0.7333333333333333,,0.7333333333333333,0.7333333333333333
G2,S1_heavy_tail0.0_n4000,top2[biasvar_add],1,1.0,1.0,,1.0,1.0
G2,S1_heavy_tail0.1_n4000,oracle_best_error,1,0.09531381940645373,0.09531381940645373,,0.09531381940645373,0.09531381940645373
G2,S1_heavy_tail0.1_n4000,global_oof_mses_survivor_count,1,3.0,3.0,,3.0,3.0
G2,S1_heavy_tail0.1_n4000,global_oof_error[product],1,0.09531381940645373,0.09531381940645373,,0.09531381940645373,0.09531381940645373
G2,S1_heavy_tail0.1_n4000,global_oof_regret[product],1,0.0,0.0,,0.0,0.0
G2,S1_heavy_tail0.1_n4000,global_oof_oracle_ratio[product],1,0.9999999999895083,0.9999999999895083,,0.9999999999895083,0.9999999999895083
G2,S1_heavy_tail0.1_n4000,global_oof_catastrophic[product],1,0.0,0.0,,0.0,0.0
G2,S1_heavy_tail0.1_n4000,global_oof_top1[product],1,1.0,1.0,,1.0,1.0
G2,S1_heavy_tail0.1_n4000,global_oof_error[h_only],1,0.11206521473654966,0.11206521473654966,,0.11206521473654966,0.11206521473654966
G2,S1_heavy_tail0.1_n4000,global_oof_regret[h_only],1,0.01675139533009594,0.01675139533009594,,0.01675139533009594,0.01675139533009594
G2,S1_heavy_tail0.1_n4000,global_oof_oracle_ratio[h_only],1,1.1757499115368149,1.1757499115368149,,1.1757499115368149,1.1757499115368149
G2,S1_heavy_tail0.1_n4000,global_oof_catastrophic[h_only],1,0.0,0.0,,0.0,0.0
G2,S1_heavy_tail0.1_n4000,global_oof_top1[h_only],1,0.0,0.0,,0.0,0.0
G2,S1_heavy_tail0.1_n4000,global_oof_error[q_only],1,0.12539824225544408,0.12539824225544408,,0.12539824225544408,0.12539824225544408
G2,S1_heavy_tail0.1_n4000,global_oof_regret[q_only],1,0.03008442284899035,0.03008442284899035,,0.03008442284899035,0.03008442284899035
G2,S1_heavy_tail0.1_n4000,global_oof_oracle_ratio[q_only],1,1.3156354769436265,1.3156354769436265,,1.3156354769436265,1.3156354769436265
G2,S1_heavy_tail0.1_n4000,global_oof_catastrophic[q_only],1,0.0,0.0,,0.0,0.0
G2,S1_heavy_tail0.1_n4000,global_oof_top1[q_only],1,0.0,0.0,,0.0,0.0
G2,S1_heavy_tail0.1_n4000,global_oof_error[sum],1,0.09531381940645373,0.09531381940645373,,0.09531381940645373,0.09531381940645373
G2,S1_heavy_tail0.1_n4000,global_oof_regret[sum],1,0.0,0.0,,0.0,0.0
G2,S1_heavy_tail0.1_n4000,global_oof_oracle_ratio[sum],1,0.9999999999895083,0.9999999999895083,,0.9999999999895083,0.9999999999895083
G2,S1_heavy_tail0.1_n4000,global_oof_catastrophic[sum],1,0.0,0.0,,0.0,0.0
G2,S1_heavy_tail0.1_n4000,global_oof_top1[sum],1,1.0,1.0,,1.0,1.0
G2,S1_heavy_tail0.1_n4000,global_oof_error[max],1,0.09531381940645373,0.09531381940645373,,0.09531381940645373,0.09531381940645373
G2,S1_heavy_tail0.1_n4000,global_oof_regret[max],1,0.0,0.0,,0.0,0.0
G2,S1_heavy_tail0.1_n4000,global_oof_oracle_ratio[max],1,0.9999999999895083,0.9999999999895083,,0.9999999999895083,0.9999999999895083
G2,S1_heavy_tail0.1_n4000,global_oof_catastrophic[max],1,0.0,0.0,,0.0,0.0
G2,S1_heavy_tail0.1_n4000,global_oof_top1[max],1,1.0,1.0,,1.0,1.0
G2,S1_heavy_tail0.1_n4000,global_oof_error[variance_only],1,0.11206521473654966,0.11206521473654966,,0.11206521473654966,0.11206521473654966
G2,S1_heavy_tail0.1_n4000,global_oof_regret[variance_only],1,0.01675139533009594,0.01675139533009594,,0.01675139533009594,0.01675139533009594
G2,S1_heavy_tail0.1_n4000,global_oof_oracle_ratio[variance_only],1,1.1757499115368149,1.1757499115368149,,1.1757499115368149,1.1757499115368149
G2,S1_heavy_tail0.1_n4000,global_oof_catastrophic[variance_only],1,0.0,0.0,,0.0,0.0
G2,S1_heavy_tail0.1_n4000,global_oof_top1[variance_only],1,0.0,0.0,,0.0,0.0
G2,S1_heavy_tail0.1_n4000,global_oof_error[fixed_sieve1],1,0.09531381940645373,0.09531381940645373,,0.09531381940645373,0.09531381940645373
G2,S1_heavy_tail0.1_n4000,global_oof_regret[fixed_sieve1],1,0.0,0.0,,0.0,0.0
G2,S1_heavy_tail0.1_n4000,global_oof_oracle_ratio[fixed_sieve1],1,0.9999999999895083,0.9999999999895083,,0.9999999999895083,0.9999999999895083
G2,S1_heavy_tail0.1_n4000,global_oof_catastrophic[fixed_sieve1],1,0.0,0.0,,0.0,0.0
G2,S1_heavy_tail0.1_n4000,global_oof_top1[fixed_sieve1],1,1.0,1.0,,1.0,1.0
G2,S1_heavy_tail0.1_n4000,global_oof_error[fixed_kernel],1,0.27236651312833166,0.27236651312833166,,0.27236651312833166,0.27236651312833166
G2,S1_heavy_tail0.1_n4000,global_oof_regret[fixed_kernel],1,0.17705269372187793,0.17705269372187793,,0.17705269372187793,0.17705269372187793
G2,S1_heavy_tail0.1_n4000,global_oof_oracle_ratio[fixed_kernel],1,2.857576318120267,2.857576318120267,,2.857576318120267,2.857576318120267
G2,S1_heavy_tail0.1_n4000,global_oof_catastrophic[fixed_kernel],1,1.0,1.0,,1.0,1.0
G2,S1_heavy_tail0.1_n4000,global_oof_top1[fixed_kernel],1,0.0,0.0,,0.0,0.0
G2,S1_heavy_tail0.1_n4000,global_oof_error[random],1,0.27236651312833166,0.27236651312833166,,0.27236651312833166,0.27236651312833166
G2,S1_heavy_tail0.1_n4000,global_oof_regret[random],1,0.17705269372187793,0.17705269372187793,,0.17705269372187793,0.17705269372187793
G2,S1_heavy_tail0.1_n4000,global_oof_oracle_ratio[random],1,2.857576318120267,2.857576318120267,,2.857576318120267,2.857576318120267
G2,S1_heavy_tail0.1_n4000,global_oof_catastrophic[random],1,1.0,1.0,,1.0,1.0
G2,S1_heavy_tail0.1_n4000,global_oof_top1[random],1,0.0,0.0,,0.0,0.0
G2,S1_heavy_tail0.1_n4000,error[oracle],1,0.09531381940645373,0.09531381940645373,,0.09531381940645373,0.09531381940645373
G2,S1_heavy_tail0.1_n4000,regret[oracle],1,0.0,0.0,,0.0,0.0
G2,S1_heavy_tail0.1_n4000,oracle_ratio[oracle],1,0.9999999999895083,0.9999999999895083,,0.9999999999895083,0.9999999999895083
G2,S1_heavy_tail0.1_n4000,catastrophic[oracle],1,0.0,0.0,,0.0,0.0
G2,S1_heavy_tail0.1_n4000,top1[oracle],1,1.0,1.0,,1.0,1.0
G2,S1_heavy_tail0.1_n4000,global_oof_error[biasvar_mult],1,0.09531381940645373,0.09531381940645373,,0.09531381940645373,0.09531381940645373
G2,S1_heavy_tail0.1_n4000,global_oof_regret[biasvar_mult],1,0.0,0.0,,0.0,0.0
G2,S1_heavy_tail0.1_n4000,global_oof_oracle_ratio[biasvar_mult],1,0.9999999999895083,0.9999999999895083,,0.9999999999895083,0.9999999999895083
G2,S1_heavy_tail0.1_n4000,global_oof_catastrophic[biasvar_mult],1,0.0,0.0,,0.0,0.0
G2,S1_heavy_tail0.1_n4000,global_oof_top1[biasvar_mult],1,1.0,1.0,,1.0,1.0
G2,S1_heavy_tail0.1_n4000,global_oof_error[biasvar_add],1,0.09531381940645373,0.09531381940645373,,0.09531381940645373,0.09531381940645373
G2,S1_heavy_tail0.1_n4000,global_oof_regret[biasvar_add],1,0.0,0.0,,0.0,0.0
G2,S1_heavy_tail0.1_n4000,global_oof_oracle_ratio[biasvar_add],1,0.9999999999895083,0.9999999999895083,,0.9999999999895083,0.9999999999895083
G2,S1_heavy_tail0.1_n4000,global_oof_catastrophic[biasvar_add],1,0.0,0.0,,0.0,0.0
G2,S1_heavy_tail0.1_n4000,global_oof_top1[biasvar_add],1,1.0,1.0,,1.0,1.0
G2,S1_heavy_tail0.1_n4000,global_oof_error[MSES],1,0.11206521473654966,0.11206521473654966,,0.11206521473654966,0.11206521473654966
G2,S1_heavy_tail0.1_n4000,global_oof_regret[MSES],1,0.01675139533009594,0.01675139533009594,,0.01675139533009594,0.01675139533009594
G2,S1_heavy_tail0.1_n4000,global_oof_oracle_ratio[MSES],1,1.1757499115368149,1.1757499115368149,,1.1757499115368149,1.1757499115368149
G2,S1_heavy_tail0.1_n4000,global_oof_catastrophic[MSES],1,0.0,0.0,,0.0,0.0
G2,S1_heavy_tail0.1_n4000,global_oof_top1[MSES],1,0.0,0.0,,0.0,0.0
G2,S1_heavy_tail0.1_n4000,global_oof_top2[MSES],1,1.0,1.0,,1.0,1.0
G2,S1_heavy_tail0.1_n4000,spearman[product],1,0.48571428571428577,0.48571428571428577,,0.48571428571428577,0.48571428571428577
G2,S1_heavy_tail0.1_n4000,kendall[product],1,0.3333333333333333,0.3333333333333333,,0.3333333333333333,0.3333333333333333
G2,S1_heavy_tail0.1_n4000,top2[product],1,1.0,1.0,,1.0,1.0
G2,S1_heavy_tail0.1_n4000,spearman[h_only],1,0.6473388749701496,0.6473388749701496,,0.6473388749701496,0.6473388749701496
G2,S1_heavy_tail0.1_n4000,kendall[h_only],1,0.5012804118276031,0.5012804118276031,,0.5012804118276031,0.5012804118276031
G2,S1_heavy_tail0.1_n4000,top2[h_only],1,1.0,1.0,,1.0,1.0
G2,S1_heavy_tail0.1_n4000,spearman[q_only],1,0.41194292043554975,0.41194292043554975,,0.41194292043554975,0.41194292043554975
G2,S1_heavy_tail0.1_n4000,kendall[q_only],1,0.3580574370197165,0.3580574370197165,,0.3580574370197165,0.3580574370197165
G2,S1_heavy_tail0.1_n4000,top2[q_only],1,1.0,1.0,,1.0,1.0
G2,S1_heavy_tail0.1_n4000,spearman[sum],1,0.3142857142857143,0.3142857142857143,,0.3142857142857143,0.3142857142857143
G2,S1_heavy_tail0.1_n4000,kendall[sum],1,0.2,0.2,,0.2,0.2
G2,S1_heavy_tail0.1_n4000,top2[sum],1,1.0,1.0,,1.0,1.0
G2,S1_heavy_tail0.1_n4000,spearman[max],1,0.3188740696088466,0.3188740696088466,,0.3188740696088466,0.3188740696088466
G2,S1_heavy_tail0.1_n4000,kendall[max],1,0.2760262237369417,0.2760262237369417,,0.2760262237369417,0.2760262237369417
G2,S1_heavy_tail0.1_n4000,top2[max],1,1.0,1.0,,1.0,1.0
G2,S1_heavy_tail0.1_n4000,spearman[variance_only],1,0.5428571428571429,0.5428571428571429,,0.5428571428571429,0.5428571428571429
G2,S1_heavy_tail0.1_n4000,kendall[variance_only],1,0.4666666666666666,0.4666666666666666,,0.4666666666666666,0.4666666666666666
G2,S1_heavy_tail0.1_n4000,top2[variance_only],1,0.0,0.0,,0.0,0.0
G2,S1_heavy_tail0.1_n4000,spearman[biasvar_mult],1,0.942857142857143,0.942857142857143,,0.942857142857143,0.942857142857143
G2,S1_heavy_tail0.1_n4000,kendall[biasvar_mult],1,0.8666666666666666,0.8666666666666666,,0.8666666666666666,0.8666666666666666
G2,S1_heavy_tail0.1_n4000,top2[biasvar_mult],1,1.0,1.0,,1.0,1.0
G2,S1_heavy_tail0.1_n4000,spearman[biasvar_add],1,0.8285714285714287,0.8285714285714287,,0.8285714285714287,0.8285714285714287
G2,S1_heavy_tail0.1_n4000,kendall[biasvar_add],1,0.7333333333333333,0.7333333333333333,,0.7333333333333333,0.7333333333333333
G2,S1_heavy_tail0.1_n4000,top2[biasvar_add],1,1.0,1.0,,1.0,1.0
G2,S1_heavy_tail0.2_n4000,oracle_best_error,1,0.09772497219989423,0.09772497219989423,,0.09772497219989423,0.09772497219989423
G2,S1_heavy_tail0.2_n4000,global_oof_mses_survivor_count,1,4.0,4.0,,4.0,4.0
G2,S1_heavy_tail0.2_n4000,global_oof_error[product],1,0.09772497219989423,0.09772497219989423,,0.09772497219989423,0.09772497219989423
G2,S1_heavy_tail0.2_n4000,global_oof_regret[product],1,0.0,0.0,,0.0,0.0
G2,S1_heavy_tail0.2_n4000,global_oof_oracle_ratio[product],1,0.9999999999897672,0.9999999999897672,,0.9999999999897672,0.9999999999897672
G2,S1_heavy_tail0.2_n4000,global_oof_catastrophic[product],1,0.0,0.0,,0.0,0.0
G2,S1_heavy_tail0.2_n4000,global_oof_top1[product],1,1.0,1.0,,1.0,1.0
G2,S1_heavy_tail0.2_n4000,global_oof_error[h_only],1,0.10768021457785211,0.10768021457785211,,0.10768021457785211,0.10768021457785211
G2,S1_heavy_tail0.2_n4000,global_oof_regret[h_only],1,0.009955242377957876,0.009955242377957876,,0.009955242377957876,0.009955242377957876
G2,S1_heavy_tail0.2_n4000,global_oof_oracle_ratio[h_only],1,1.1018699944625492,1.1018699944625492,,1.1018699944625492,1.1018699944625492
G2,S1_heavy_tail0.2_n4000,global_oof_catastrophic[h_only],1,0.0,0.0,,0.0,0.0
G2,S1_heavy_tail0.2_n4000,global_oof_top1[h_only],1,0.0,0.0,,0.0,0.0
G2,S1_heavy_tail0.2_n4000,global_oof_error[q_only],1,0.12909531268121363,0.12909531268121363,,0.12909531268121363,0.12909531268121363
G2,S1_heavy_tail0.2_n4000,global_oof_regret[q_only],1,0.0313703404813194,0.0313703404813194,,0.0313703404813194,0.0313703404813194
G2,S1_heavy_tail0.2_n4000,global_oof_oracle_ratio[q_only],1,1.3210063893989252,1.3210063893989252,,1.3210063893989252,1.3210063893989252
G2,S1_heavy_tail0.2_n4000,global_oof_catastrophic[q_only],1,0.0,0.0,,0.0,0.0
G2,S1_heavy_tail0.2_n4000,global_oof_top1[q_only],1,0.0,0.0,,0.0,0.0
G2,S1_heavy_tail0.2_n4000,global_oof_error[sum],1,0.09772497219989423,0.09772497219989423,,0.09772497219989423,0.09772497219989423
G2,S1_heavy_tail0.2_n4000,global_oof_regret[sum],1,0.0,0.0,,0.0,0.0
G2,S1_heavy_tail0.2_n4000,global_oof_oracle_ratio[sum],1,0.9999999999897672,0.9999999999897672,,0.9999999999897672,0.9999999999897672
G2,S1_heavy_tail0.2_n4000,global_oof_catastrophic[sum],1,0.0,0.0,,0.0,0.0
G2,S1_heavy_tail0.2_n4000,global_oof_top1[sum],1,1.0,1.0,,1.0,1.0
G2,S1_heavy_tail0.2_n4000,global_oof_error[max],1,0.09772497219989423,0.09772497219989423,,0.09772497219989423,0.09772497219989423
G2,S1_heavy_tail0.2_n4000,global_oof_regret[max],1,0.0,0.0,,0.0,0.0
G2,S1_heavy_tail0.2_n4000,global_oof_oracle_ratio[max],1,0.9999999999897672,0.9999999999897672,,0.9999999999897672,0.9999999999897672
G2,S1_heavy_tail0.2_n4000,global_oof_catastrophic[max],1,0.0,0.0,,0.0,0.0
G2,S1_heavy_tail0.2_n4000,global_oof_top1[max],1,1.0,1.0,,1.0,1.0
G2,S1_heavy_tail0.2_n4000,global_oof_error[variance_only],1,0.10768021457785211,0.10768021457785211,,0.10768021457785211,0.10768021457785211
G2,S1_heavy_tail0.2_n4000,global_oof_regret[variance_only],1,0.009955242377957876,0.009955242377957876,,0.009955242377957876,0.009955242377957876
G2,S1_heavy_tail0.2_n4000,global_oof_oracle_ratio[variance_only],1,1.1018699944625492,1.1018699944625492,,1.1018699944625492,1.1018699944625492
G2,S1_heavy_tail0.2_n4000,global_oof_catastrophic[variance_only],1,0.0,0.0,,0.0,0.0
G2,S1_heavy_tail0.2_n4000,global_oof_top1[variance_only],1,0.0,0.0,,0.0,0.0
G2,S1_heavy_tail0.2_n4000,global_oof_error[fixed_sieve1],1,0.09772497219989423,0.09772497219989423,,0.09772497219989423,0.09772497219989423
G2,S1_heavy_tail0.2_n4000,global_oof_regret[fixed_sieve1],1,0.0,0.0,,0.0,0.0
G2,S1_heavy_tail0.2_n4000,global_oof_oracle_ratio[fixed_sieve1],1,0.9999999999897672,0.9999999999897672,,0.9999999999897672,0.9999999999897672
G2,S1_heavy_tail0.2_n4000,global_oof_catastrophic[fixed_sieve1],1,0.0,0.0,,0.0,0.0
G2,S1_heavy_tail0.2_n4000,global_oof_top1[fixed_sieve1],1,1.0,1.0,,1.0,1.0
G2,S1_heavy_tail0.2_n4000,global_oof_error[fixed_kernel],1,0.27218353206860807,0.27218353206860807,,0.27218353206860807,0.27218353206860807
G2,S1_heavy_tail0.2_n4000,global_oof_regret[fixed_kernel],1,0.17445855986871384,0.17445855986871384,,0.17445855986871384,0.17445855986871384
G2,S1_heavy_tail0.2_n4000,global_oof_oracle_ratio[fixed_kernel],1,2.7851993808611946,2.7851993808611946,,2.7851993808611946,2.7851993808611946
G2,S1_heavy_tail0.2_n4000,global_oof_catastrophic[fixed_kernel],1,1.0,1.0,,1.0,1.0
G2,S1_heavy_tail0.2_n4000,global_oof_top1[fixed_kernel],1,0.0,0.0,,0.0,0.0
G2,S1_heavy_tail0.2_n4000,global_oof_error[random],1,0.27218353206860807,0.27218353206860807,,0.27218353206860807,0.27218353206860807
G2,S1_heavy_tail0.2_n4000,global_oof_regret[random],1,0.17445855986871384,0.17445855986871384,,0.17445855986871384,0.17445855986871384
G2,S1_heavy_tail0.2_n4000,global_oof_oracle_ratio[random],1,2.7851993808611946,2.7851993808611946,,2.7851993808611946,2.7851993808611946
G2,S1_heavy_tail0.2_n4000,global_oof_catastrophic[random],1,1.0,1.0,,1.0,1.0
G2,S1_heavy_tail0.2_n4000,global_oof_top1[random],1,0.0,0.0,,0.0,0.0
G2,S1_heavy_tail0.2_n4000,error[oracle],1,0.09772497219989423,0.09772497219989423,,0.09772497219989423,0.09772497219989423
G2,S1_heavy_tail0.2_n4000,regret[oracle],1,0.0,0.0,,0.0,0.0
G2,S1_heavy_tail0.2_n4000,oracle_ratio[oracle],1,0.9999999999897672,0.9999999999897672,,0.9999999999897672,0.9999999999897672
G2,S1_heavy_tail0.2_n4000,catastrophic[oracle],1,0.0,0.0,,0.0,0.0
G2,S1_heavy_tail0.2_n4000,top1[oracle],1,1.0,1.0,,1.0,1.0
G2,S1_heavy_tail0.2_n4000,global_oof_error[biasvar_mult],1,0.09772497219989423,0.09772497219989423,,0.09772497219989423,0.09772497219989423
G2,S1_heavy_tail0.2_n4000,global_oof_regret[biasvar_mult],1,0.0,0.0,,0.0,0.0
G2,S1_heavy_tail0.2_n4000,global_oof_oracle_ratio[biasvar_mult],1,0.9999999999897672,0.9999999999897672,,0.9999999999897672,0.9999999999897672
G2,S1_heavy_tail0.2_n4000,global_oof_catastrophic[biasvar_mult],1,0.0,0.0,,0.0,0.0
G2,S1_heavy_tail0.2_n4000,global_oof_top1[biasvar_mult],1,1.0,1.0,,1.0,1.0
G2,S1_heavy_tail0.2_n4000,global_oof_error[biasvar_add],1,0.09772497219989423,0.09772497219989423,,0.09772497219989423,0.09772497219989423
G2,S1_heavy_tail0.2_n4000,global_oof_regret[biasvar_add],1,0.0,0.0,,0.0,0.0
G2,S1_heavy_tail0.2_n4000,global_oof_oracle_ratio[biasvar_add],1,0.9999999999897672,0.9999999999897672,,0.9999999999897672,0.9999999999897672
G2,S1_heavy_tail0.2_n4000,global_oof_catastrophic[biasvar_add],1,0.0,0.0,,0.0,0.0
G2,S1_heavy_tail0.2_n4000,global_oof_top1[biasvar_add],1,1.0,1.0,,1.0,1.0
G2,S1_heavy_tail0.2_n4000,global_oof_error[MSES],1,0.10768021457785211,0.10768021457785211,,0.10768021457785211,0.10768021457785211
G2,S1_heavy_tail0.2_n4000,global_oof_regret[MSES],1,0.009955242377957876,0.009955242377957876,,0.009955242377957876,0.009955242377957876
G2,S1_heavy_tail0.2_n4000,global_oof_oracle_ratio[MSES],1,1.1018699944625492,1.1018699944625492,,1.1018699944625492,1.1018699944625492
G2,S1_heavy_tail0.2_n4000,global_oof_catastrophic[MSES],1,0.0,0.0,,0.0,0.0
G2,S1_heavy_tail0.2_n4000,global_oof_top1[MSES],1,0.0,0.0,,0.0,0.0
G2,S1_heavy_tail0.2_n4000,global_oof_top2[MSES],1,1.0,1.0,,1.0,1.0
G2,S1_heavy_tail0.2_n4000,spearman[product],1,0.7142857142857143,0.7142857142857143,,0.7142857142857143,0.7142857142857143
G2,S1_heavy_tail0.2_n4000,kendall[product],1,0.6,0.6,,0.6,0.6
G2,S1_heavy_tail0.2_n4000,top2[product],1,1.0,1.0,,1.0,1.0
G2,S1_heavy_tail0.2_n4000,spearman[h_only],1,0.7061878636037997,0.7061878636037997,,0.7061878636037997,0.7061878636037997
G2,S1_heavy_tail0.2_n4000,kendall[h_only],1,0.5012804118276031,0.5012804118276031,,0.5012804118276031,0.5012804118276031
G2,S1_heavy_tail0.2_n4000,top2[h_only],1,1.0,1.0,,1.0,1.0
G2,S1_heavy_tail0.2_n4000,spearman[q_only],1,0.4707919090691997,0.4707919090691997,,0.4707919090691997,0.4707919090691997
G2,S1_heavy_tail0.2_n4000,kendall[q_only],1,0.3580574370197165,0.3580574370197165,,0.3580574370197165,0.3580574370197165
G2,S1_heavy_tail0.2_n4000,top2[q_only],1,1.0,1.0,,1.0,1.0
G2,S1_heavy_tail0.2_n4000,spearman[sum],1,0.6,0.6,,0.6,0.6
G2,S1_heavy_tail0.2_n4000,kendall[sum],1,0.4666666666666666,0.4666666666666666,,0.4666666666666666,0.4666666666666666
G2,S1_heavy_tail0.2_n4000,top2[sum],1,1.0,1.0,,1.0,1.0
G2,S1_heavy_tail0.2_n4000,spearman[max],1,0.550782483869826,0.550782483869826,,0.550782483869826,0.550782483869826
G2,S1_heavy_tail0.2_n4000,kendall[max],1,0.41403933560541256,0.41403933560541256,,0.41403933560541256,0.41403933560541256
G2,S1_heavy_tail0.2_n4000,top2[max],1,1.0,1.0,,1.0,1.0
G2,S1_heavy_tail0.2_n4000,spearman[variance_only],1,0.2571428571428572,0.2571428571428572,,0.2571428571428572,0.2571428571428572
G2,S1_heavy_tail0.2_n4000,kendall[variance_only],1,0.2,0.2,,0.2,0.2
G2,S1_heavy_tail0.2_n4000,top2[variance_only],1,0.0,0.0,,0.0,0.0
G2,S1_heavy_tail0.2_n4000,spearman[biasvar_mult],1,0.942857142857143,0.942857142857143,,0.942857142857143,0.942857142857143
G2,S1_heavy_tail0.2_n4000,kendall[biasvar_mult],1,0.8666666666666666,0.8666666666666666,,0.8666666666666666,0.8666666666666666
G2,S1_heavy_tail0.2_n4000,top2[biasvar_mult],1,1.0,1.0,,1.0,1.0
G2,S1_heavy_tail0.2_n4000,spearman[biasvar_add],1,1.0,1.0,,1.0,1.0
G2,S1_heavy_tail0.2_n4000,kendall[biasvar_add],1,0.9999999999999999,0.9999999999999999,,0.9999999999999999,0.9999999999999999
G2,S1_heavy_tail0.2_n4000,top2[biasvar_add],1,1.0,1.0,,1.0,1.0
G2,S1_heavy_tail0.3_n4000,oracle_best_error,1,0.09879304767387553,0.09879304767387553,,0.09879304767387553,0.09879304767387553
G2,S1_heavy_tail0.3_n4000,global_oof_mses_survivor_count,1,3.0,3.0,,3.0,3.0
G2,S1_heavy_tail0.3_n4000,global_oof_error[product],1,0.09879304767387553,0.09879304767387553,,0.09879304767387553,0.09879304767387553
G2,S1_heavy_tail0.3_n4000,global_oof_regret[product],1,0.0,0.0,,0.0,0.0
G2,S1_heavy_tail0.3_n4000,global_oof_oracle_ratio[product],1,0.9999999999898778,0.9999999999898778,,0.9999999999898778,0.9999999999898778
G2,S1_heavy_tail0.3_n4000,global_oof_catastrophic[product],1,0.0,0.0,,0.0,0.0
G2,S1_heavy_tail0.3_n4000,global_oof_top1[product],1,1.0,1.0,,1.0,1.0
G2,S1_heavy_tail0.3_n4000,global_oof_error[h_only],1,0.10157985548361052,0.10157985548361052,,0.10157985548361052,0.10157985548361052
G2,S1_heavy_tail0.3_n4000,global_oof_regret[h_only],1,0.0027868078097349896,0.0027868078097349896,,0.0027868078097349896,0.0027868078097349896
G2,S1_heavy_tail0.3_n4000,global_oof_oracle_ratio[h_only],1,1.0282085417377371,1.0282085417377371,,1.0282085417377371,1.0282085417377371
G2,S1_heavy_tail0.3_n4000,global_oof_catastrophic[h_only],1,0.0,0.0,,0.0,0.0
G2,S1_heavy_tail0.3_n4000,global_oof_top1[h_only],1,0.0,0.0,,0.0,0.0
G2,S1_heavy_tail0.3_n4000,global_oof_error[q_only],1,0.13231788035440276,0.13231788035440276,,0.13231788035440276,0.13231788035440276
G2,S1_heavy_tail0.3_n4000,global_oof_regret[q_only],1,0.03352483268052722,0.03352483268052722,,0.03352483268052722,0.03352483268052722
G2,S1_heavy_tail0.3_n4000,global_oof_oracle_ratio[q_only],1,1.339344047668782,1.339344047668782,,1.339344047668782,1.339344047668782
G2,S1_heavy_tail0.3_n4000,global_oof_catastrophic[q_only],1,0.0,0.0,,0.0,0.0
G2,S1_heavy_tail0.3_n4000,global_oof_top1[q_only],1,0.0,0.0,,0.0,0.0
G2,S1_heavy_tail0.3_n4000,global_oof_error[sum],1,0.09879304767387553,0.09879304767387553,,0.09879304767387553,0.09879304767387553
G2,S1_heavy_tail0.3_n4000,global_oof_regret[sum],1,0.0,0.0,,0.0,0.0
G2,S1_heavy_tail0.3_n4000,global_oof_oracle_ratio[sum],1,0.9999999999898778,0.9999999999898778,,0.9999999999898778,0.9999999999898778
G2,S1_heavy_tail0.3_n4000,global_oof_catastrophic[sum],1,0.0,0.0,,0.0,0.0
G2,S1_heavy_tail0.3_n4000,global_oof_top1[sum],1,1.0,1.0,,1.0,1.0
G2,S1_heavy_tail0.3_n4000,global_oof_error[max],1,0.09879304767387553,0.09879304767387553,,0.09879304767387553,0.09879304767387553
G2,S1_heavy_tail0.3_n4000,global_oof_regret[max],1,0.0,0.0,,0.0,0.0
G2,S1_heavy_tail0.3_n4000,global_oof_oracle_ratio[max],1,0.9999999999898778,0.9999999999898778,,0.9999999999898778,0.9999999999898778
G2,S1_heavy_tail0.3_n4000,global_oof_catastrophic[max],1,0.0,0.0,,0.0,0.0
G2,S1_heavy_tail0.3_n4000,global_oof_top1[max],1,1.0,1.0,,1.0,1.0
G2,S1_heavy_tail0.3_n4000,global_oof_error[variance_only],1,0.10157985548361052,0.10157985548361052,,0.10157985548361052,0.10157985548361052
G2,S1_heavy_tail0.3_n4000,global_oof_regret[variance_only],1,0.0027868078097349896,0.0027868078097349896,,0.0027868078097349896,0.0027868078097349896
G2,S1_heavy_tail0.3_n4000,global_oof_oracle_ratio[variance_only],1,1.0282085417377371,1.0282085417377371,,1.0282085417377371,1.0282085417377371
G2,S1_heavy_tail0.3_n4000,global_oof_catastrophic[variance_only],1,0.0,0.0,,0.0,0.0
G2,S1_heavy_tail0.3_n4000,global_oof_top1[variance_only],1,0.0,0.0,,0.0,0.0
G2,S1_heavy_tail0.3_n4000,global_oof_error[fixed_sieve1],1,0.09879304767387553,0.09879304767387553,,0.09879304767387553,0.09879304767387553
G2,S1_heavy_tail0.3_n4000,global_oof_regret[fixed_sieve1],1,0.0,0.0,,0.0,0.0
G2,S1_heavy_tail0.3_n4000,global_oof_oracle_ratio[fixed_sieve1],1,0.9999999999898778,0.9999999999898778,,0.9999999999898778,0.9999999999898778
G2,S1_heavy_tail0.3_n4000,global_oof_catastrophic[fixed_sieve1],1,0.0,0.0,,0.0,0.0
G2,S1_heavy_tail0.3_n4000,global_oof_top1[fixed_sieve1],1,1.0,1.0,,1.0,1.0
G2,S1_heavy_tail0.3_n4000,global_oof_error[fixed_kernel],1,0.2719856376990956,0.2719856376990956,,0.2719856376990956,0.2719856376990956
G2,S1_heavy_tail0.3_n4000,global_oof_regret[fixed_kernel],1,0.17319259002522008,0.17319259002522008,,0.17319259002522008,0.17319259002522008
G2,S1_heavy_tail0.3_n4000,global_oof_oracle_ratio[fixed_kernel],1,2.753084797972736,2.753084797972736,,2.753084797972736,2.753084797972736
G2,S1_heavy_tail0.3_n4000,global_oof_catastrophic[fixed_kernel],1,1.0,1.0,,1.0,1.0
G2,S1_heavy_tail0.3_n4000,global_oof_top1[fixed_kernel],1,0.0,0.0,,0.0,0.0
G2,S1_heavy_tail0.3_n4000,global_oof_error[random],1,0.2719856376990956,0.2719856376990956,,0.2719856376990956,0.2719856376990956
G2,S1_heavy_tail0.3_n4000,global_oof_regret[random],1,0.17319259002522008,0.17319259002522008,,0.17319259002522008,0.17319259002522008
G2,S1_heavy_tail0.3_n4000,global_oof_oracle_ratio[random],1,2.753084797972736,2.753084797972736,,2.753084797972736,2.753084797972736
G2,S1_heavy_tail0.3_n4000,global_oof_catastrophic[random],1,1.0,1.0,,1.0,1.0
G2,S1_heavy_tail0.3_n4000,global_oof_top1[random],1,0.0,0.0,,0.0,0.0
G2,S1_heavy_tail0.3_n4000,error[oracle],1,0.09879304767387553,0.09879304767387553,,0.09879304767387553,0.09879304767387553
G2,S1_heavy_tail0.3_n4000,regret[oracle],1,0.0,0.0,,0.0,0.0
G2,S1_heavy_tail0.3_n4000,oracle_ratio[oracle],1,0.9999999999898778,0.9999999999898778,,0.9999999999898778,0.9999999999898778
G2,S1_heavy_tail0.3_n4000,catastrophic[oracle],1,0.0,0.0,,0.0,0.0
G2,S1_heavy_tail0.3_n4000,top1[oracle],1,1.0,1.0,,1.0,1.0
G2,S1_heavy_tail0.3_n4000,global_oof_error[biasvar_mult],1,0.09879304767387553,0.09879304767387553,,0.09879304767387553,0.09879304767387553
G2,S1_heavy_tail0.3_n4000,global_oof_regret[biasvar_mult],1,0.0,0.0,,0.0,0.0
G2,S1_heavy_tail0.3_n4000,global_oof_oracle_ratio[biasvar_mult],1,0.9999999999898778,0.9999999999898778,,0.9999999999898778,0.9999999999898778
G2,S1_heavy_tail0.3_n4000,global_oof_catastrophic[biasvar_mult],1,0.0,0.0,,0.0,0.0
G2,S1_heavy_tail0.3_n4000,global_oof_top1[biasvar_mult],1,1.0,1.0,,1.0,1.0
G2,S1_heavy_tail0.3_n4000,global_oof_error[biasvar_add],1,0.09879304767387553,0.09879304767387553,,0.09879304767387553,0.09879304767387553
G2,S1_heavy_tail0.3_n4000,global_oof_regret[biasvar_add],1,0.0,0.0,,0.0,0.0
G2,S1_heavy_tail0.3_n4000,global_oof_oracle_ratio[biasvar_add],1,0.9999999999898778,0.9999999999898778,,0.9999999999898778,0.9999999999898778
G2,S1_heavy_tail0.3_n4000,global_oof_catastrophic[biasvar_add],1,0.0,0.0,,0.0,0.0
G2,S1_heavy_tail0.3_n4000,global_oof_top1[biasvar_add],1,1.0,1.0,,1.0,1.0
G2,S1_heavy_tail0.3_n4000,global_oof_error[MSES],1,0.10157985548361052,0.10157985548361052,,0.10157985548361052,0.10157985548361052
G2,S1_heavy_tail0.3_n4000,global_oof_regret[MSES],1,0.0027868078097349896,0.0027868078097349896,,0.0027868078097349896,0.0027868078097349896
G2,S1_heavy_tail0.3_n4000,global_oof_oracle_ratio[MSES],1,1.0282085417377371,1.0282085417377371,,1.0282085417377371,1.0282085417377371
G2,S1_heavy_tail0.3_n4000,global_oof_catastrophic[MSES],1,0.0,0.0,,0.0,0.0
G2,S1_heavy_tail0.3_n4000,global_oof_top1[MSES],1,0.0,0.0,,0.0,0.0
G2,S1_heavy_tail0.3_n4000,global_oof_top2[MSES],1,1.0,1.0,,1.0,1.0
G2,S1_heavy_tail0.3_n4000,spearman[product],1,0.2571428571428572,0.2571428571428572,,0.2571428571428572,0.2571428571428572
G2,S1_heavy_tail0.3_n4000,kendall[product],1,0.2,0.2,,0.2,0.2
G2,S1_heavy_tail0.3_n4000,top2[product],1,1.0,1.0,,1.0,1.0
G2,S1_heavy_tail0.3_n4000,spearman[h_only],1,0.5002164033860248,0.5002164033860248,,0.5002164033860248,0.5002164033860248
G2,S1_heavy_tail0.3_n4000,kendall[h_only],1,0.3580574370197165,0.3580574370197165,,0.3580574370197165,0.3580574370197165
G2,S1_heavy_tail0.3_n4000,top2[h_only],1,1.0,1.0,,1.0,1.0
G2,S1_heavy_tail0.3_n4000,spearman[q_only],1,0.26482044885142486,0.26482044885142486,,0.26482044885142486,0.26482044885142486
G2,S1_heavy_tail0.3_n4000,kendall[q_only],1,0.21483446221182986,0.21483446221182986,,0.21483446221182986,0.21483446221182986
G2,S1_heavy_tail0.3_n4000,top2[q_only],1,1.0,1.0,,1.0,1.0
G2,S1_heavy_tail0.3_n4000,spearman[sum],1,0.14285714285714288,0.14285714285714288,,0.14285714285714288,0.14285714285714288
G2,S1_heavy_tail0.3_n4000,kendall[sum],1,0.2,0.2,,0.2,0.2
G2,S1_heavy_tail0.3_n4000,top2[sum],1,1.0,1.0,,1.0,1.0
G2,S1_heavy_tail0.3_n4000,spearman[max],1,0.02898855178262242,0.02898855178262242,,0.02898855178262242,0.02898855178262242
G2,S1_heavy_tail0.3_n4000,kendall[max],1,0.0,0.0,,0.0,0.0
G2,S1_heavy_tail0.3_n4000,top2[max],1,1.0,1.0,,1.0,1.0
G2,S1_heavy_tail0.3_n4000,spearman[variance_only],1,0.7142857142857143,0.7142857142857143,,0.7142857142857143,0.7142857142857143
G2,S1_heavy_tail0.3_n4000,kendall[variance_only],1,0.6,0.6,,0.6,0.6
G2,S1_heavy_tail0.3_n4000,top2[variance_only],1,0.0,0.0,,0.0,0.0
G2,S1_heavy_tail0.3_n4000,spearman[biasvar_mult],1,0.942857142857143,0.942857142857143,,0.942857142857143,0.942857142857143
G2,S1_heavy_tail0.3_n4000,kendall[biasvar_mult],1,0.8666666666666666,0.8666666666666666,,0.8666666666666666,0.8666666666666666
G2,S1_heavy_tail0.3_n4000,top2[biasvar_mult],1,1.0,1.0,,1.0,1.0
G2,S1_heavy_tail0.3_n4000,spearman[biasvar_add],1,0.6571428571428573,0.6571428571428573,,0.6571428571428573,0.6571428571428573
G2,S1_heavy_tail0.3_n4000,kendall[biasvar_add],1,0.6,0.6,,0.6,0.6
G2,S1_heavy_tail0.3_n4000,top2[biasvar_add],1,1.0,1.0,,1.0,1.0
G2,S1_missing0.0_n4000,oracle_best_error,1,0.09329736499127378,0.09329736499127378,,0.09329736499127378,0.09329736499127378
G2,S1_missing0.0_n4000,global_oof_mses_survivor_count,1,4.0,4.0,,4.0,4.0
G2,S1_missing0.0_n4000,global_oof_error[product],1,0.09329736499127378,0.09329736499127378,,0.09329736499127378,0.09329736499127378
G2,S1_missing0.0_n4000,global_oof_regret[product],1,0.0,0.0,,0.0,0.0
G2,S1_missing0.0_n4000,global_oof_oracle_ratio[product],1,0.9999999999892816,0.9999999999892816,,0.9999999999892816,0.9999999999892816
G2,S1_missing0.0_n4000,global_oof_catastrophic[product],1,0.0,0.0,,0.0,0.0
G2,S1_missing0.0_n4000,global_oof_top1[product],1,1.0,1.0,,1.0,1.0
G2,S1_missing0.0_n4000,global_oof_error[h_only],1,0.14082579959611213,0.14082579959611213,,0.14082579959611213,0.14082579959611213
G2,S1_missing0.0_n4000,global_oof_regret[h_only],1,0.047528434604838354,0.047528434604838354,,0.047528434604838354,0.047528434604838354
G2,S1_missing0.0_n4000,global_oof_oracle_ratio[h_only],1,1.509429549353021,1.509429549353021,,1.509429549353021,1.509429549353021
G2,S1_missing0.0_n4000,global_oof_catastrophic[h_only],1,1.0,1.0,,1.0,1.0
G2,S1_missing0.0_n4000,global_oof_top1[h_only],1,0.0,0.0,,0.0,0.0
G2,S1_missing0.0_n4000,global_oof_error[q_only],1,0.12228281620310122,0.12228281620310122,,0.12228281620310122,0.12228281620310122
G2,S1_missing0.0_n4000,global_oof_regret[q_only],1,0.02898545121182744,0.02898545121182744,,0.02898545121182744,0.02898545121182744
G2,S1_missing0.0_n4000,global_oof_oracle_ratio[q_only],1,1.3106781334416873,1.3106781334416873,,1.3106781334416873,1.3106781334416873
G2,S1_missing0.0_n4000,global_oof_catastrophic[q_only],1,0.0,0.0,,0.0,0.0
G2,S1_missing0.0_n4000,global_oof_top1[q_only],1,0.0,0.0,,0.0,0.0
G2,S1_missing0.0_n4000,global_oof_error[sum],1,0.09329736499127378,0.09329736499127378,,0.09329736499127378,0.09329736499127378
G2,S1_missing0.0_n4000,global_oof_regret[sum],1,0.0,0.0,,0.0,0.0
G2,S1_missing0.0_n4000,global_oof_oracle_ratio[sum],1,0.9999999999892816,0.9999999999892816,,0.9999999999892816,0.9999999999892816
G2,S1_missing0.0_n4000,global_oof_catastrophic[sum],1,0.0,0.0,,0.0,0.0
G2,S1_missing0.0_n4000,global_oof_top1[sum],1,1.0,1.0,,1.0,1.0
G2,S1_missing0.0_n4000,global_oof_error[max],1,0.09329736499127378,0.09329736499127378,,0.09329736499127378,0.09329736499127378
G2,S1_missing0.0_n4000,global_oof_regret[max],1,0.0,0.0,,0.0,0.0
G2,S1_missing0.0_n4000,global_oof_oracle_ratio[max],1,0.9999999999892816,0.9999999999892816,,0.9999999999892816,0.9999999999892816
G2,S1_missing0.0_n4000,global_oof_catastrophic[max],1,0.0,0.0,,0.0,0.0
G2,S1_missing0.0_n4000,global_oof_top1[max],1,1.0,1.0,,1.0,1.0
G2,S1_missing0.0_n4000,global_oof_error[variance_only],1,0.11495910678591566,0.11495910678591566,,0.11495910678591566,0.11495910678591566
G2,S1_missing0.0_n4000,global_oof_regret[variance_only],1,0.02166174179464188,0.02166174179464188,,0.02166174179464188,0.02166174179464188
G2,S1_missing0.0_n4000,global_oof_oracle_ratio[variance_only],1,1.2321795668659639,1.2321795668659639,,1.2321795668659639,1.2321795668659639
G2,S1_missing0.0_n4000,global_oof_catastrophic[variance_only],1,0.0,0.0,,0.0,0.0
G2,S1_missing0.0_n4000,global_oof_top1[variance_only],1,0.0,0.0,,0.0,0.0
G2,S1_missing0.0_n4000,global_oof_error[fixed_sieve1],1,0.09329736499127378,0.09329736499127378,,0.09329736499127378,0.09329736499127378
G2,S1_missing0.0_n4000,global_oof_regret[fixed_sieve1],1,0.0,0.0,,0.0,0.0
G2,S1_missing0.0_n4000,global_oof_oracle_ratio[fixed_sieve1],1,0.9999999999892816,0.9999999999892816,,0.9999999999892816,0.9999999999892816
G2,S1_missing0.0_n4000,global_oof_catastrophic[fixed_sieve1],1,0.0,0.0,,0.0,0.0
G2,S1_missing0.0_n4000,global_oof_top1[fixed_sieve1],1,1.0,1.0,,1.0,1.0
G2,S1_missing0.0_n4000,global_oof_error[fixed_kernel],1,0.27226842903839993,0.27226842903839993,,0.27226842903839993,0.27226842903839993
G2,S1_missing0.0_n4000,global_oof_regret[fixed_kernel],1,0.17897106404712615,0.17897106404712615,,0.17897106404712615,0.17897106404712615
G2,S1_missing0.0_n4000,global_oof_oracle_ratio[fixed_kernel],1,2.9182863745503127,2.9182863745503127,,2.9182863745503127,2.9182863745503127
G2,S1_missing0.0_n4000,global_oof_catastrophic[fixed_kernel],1,1.0,1.0,,1.0,1.0
G2,S1_missing0.0_n4000,global_oof_top1[fixed_kernel],1,0.0,0.0,,0.0,0.0
G2,S1_missing0.0_n4000,global_oof_error[random],1,0.27226842903839993,0.27226842903839993,,0.27226842903839993,0.27226842903839993
G2,S1_missing0.0_n4000,global_oof_regret[random],1,0.17897106404712615,0.17897106404712615,,0.17897106404712615,0.17897106404712615
G2,S1_missing0.0_n4000,global_oof_oracle_ratio[random],1,2.9182863745503127,2.9182863745503127,,2.9182863745503127,2.9182863745503127
G2,S1_missing0.0_n4000,global_oof_catastrophic[random],1,1.0,1.0,,1.0,1.0
G2,S1_missing0.0_n4000,global_oof_top1[random],1,0.0,0.0,,0.0,0.0
G2,S1_missing0.0_n4000,error[oracle],1,0.09329736499127378,0.09329736499127378,,0.09329736499127378,0.09329736499127378
G2,S1_missing0.0_n4000,regret[oracle],1,0.0,0.0,,0.0,0.0
G2,S1_missing0.0_n4000,oracle_ratio[oracle],1,0.9999999999892816,0.9999999999892816,,0.9999999999892816,0.9999999999892816
G2,S1_missing0.0_n4000,catastrophic[oracle],1,0.0,0.0,,0.0,0.0
G2,S1_missing0.0_n4000,top1[oracle],1,1.0,1.0,,1.0,1.0
G2,S1_missing0.0_n4000,global_oof_error[biasvar_mult],1,0.09329736499127378,0.09329736499127378,,0.09329736499127378,0.09329736499127378
G2,S1_missing0.0_n4000,global_oof_regret[biasvar_mult],1,0.0,0.0,,0.0,0.0
G2,S1_missing0.0_n4000,global_oof_oracle_ratio[biasvar_mult],1,0.9999999999892816,0.9999999999892816,,0.9999999999892816,0.9999999999892816
G2,S1_missing0.0_n4000,global_oof_catastrophic[biasvar_mult],1,0.0,0.0,,0.0,0.0
G2,S1_missing0.0_n4000,global_oof_top1[biasvar_mult],1,1.0,1.0,,1.0,1.0
G2,S1_missing0.0_n4000,global_oof_error[biasvar_add],1,0.09329736499127378,0.09329736499127378,,0.09329736499127378,0.09329736499127378
G2,S1_missing0.0_n4000,global_oof_regret[biasvar_add],1,0.0,0.0,,0.0,0.0
G2,S1_missing0.0_n4000,global_oof_oracle_ratio[biasvar_add],1,0.9999999999892816,0.9999999999892816,,0.9999999999892816,0.9999999999892816
G2,S1_missing0.0_n4000,global_oof_catastrophic[biasvar_add],1,0.0,0.0,,0.0,0.0
G2,S1_missing0.0_n4000,global_oof_top1[biasvar_add],1,1.0,1.0,,1.0,1.0
G2,S1_missing0.0_n4000,global_oof_error[MSES],1,0.11495910678591566,0.11495910678591566,,0.11495910678591566,0.11495910678591566
G2,S1_missing0.0_n4000,global_oof_regret[MSES],1,0.02166174179464188,0.02166174179464188,,0.02166174179464188,0.02166174179464188
G2,S1_missing0.0_n4000,global_oof_oracle_ratio[MSES],1,1.2321795668659639,1.2321795668659639,,1.2321795668659639,1.2321795668659639
G2,S1_missing0.0_n4000,global_oof_catastrophic[MSES],1,0.0,0.0,,0.0,0.0
G2,S1_missing0.0_n4000,global_oof_top1[MSES],1,0.0,0.0,,0.0,0.0
G2,S1_missing0.0_n4000,global_oof_top2[MSES],1,1.0,1.0,,1.0,1.0
G2,S1_missing0.0_n4000,spearman[product],1,0.48571428571428577,0.48571428571428577,,0.48571428571428577,0.48571428571428577
G2,S1_missing0.0_n4000,kendall[product],1,0.3333333333333333,0.3333333333333333,,0.3333333333333333,0.3333333333333333
G2,S1_missing0.0_n4000,top2[product],1,1.0,1.0,,1.0,1.0
G2,S1_missing0.0_n4000,spearman[h_only],1,0.35309393180189985,0.35309393180189985,,0.35309393180189985,0.35309393180189985
G2,S1_missing0.0_n4000,kendall[h_only],1,0.21483446221182986,0.21483446221182986,,0.21483446221182986,0.21483446221182986
G2,S1_missing0.0_n4000,top2[h_only],1,1.0,1.0,,1.0,1.0
G2,S1_missing0.0_n4000,spearman[q_only],1,0.41194292043554975,0.41194292043554975,,0.41194292043554975,0.41194292043554975
G2,S1_missing0.0_n4000,kendall[q_only],1,0.3580574370197165,0.3580574370197165,,0.3580574370197165,0.3580574370197165
G2,S1_missing0.0_n4000,top2[q_only],1,1.0,1.0,,1.0,1.0
G2,S1_missing0.0_n4000,spearman[sum],1,0.3142857142857143,0.3142857142857143,,0.3142857142857143,0.3142857142857143
G2,S1_missing0.0_n4000,kendall[sum],1,0.2,0.2,,0.2,0.2
G2,S1_missing0.0_n4000,top2[sum],1,1.0,1.0,,1.0,1.0
G2,S1_missing0.0_n4000,spearman[max],1,0.23190841426097936,0.23190841426097936,,0.23190841426097936,0.23190841426097936
G2,S1_missing0.0_n4000,kendall[max],1,0.13801311186847084,0.13801311186847084,,0.13801311186847084,0.13801311186847084
G2,S1_missing0.0_n4000,top2[max],1,1.0,1.0,,1.0,1.0
G2,S1_missing0.0_n4000,spearman[variance_only],1,0.5428571428571429,0.5428571428571429,,0.5428571428571429,0.5428571428571429
G2,S1_missing0.0_n4000,kendall[variance_only],1,0.4666666666666666,0.4666666666666666,,0.4666666666666666,0.4666666666666666
G2,S1_missing0.0_n4000,top2[variance_only],1,0.0,0.0,,0.0,0.0
G2,S1_missing0.0_n4000,spearman[biasvar_mult],1,0.942857142857143,0.942857142857143,,0.942857142857143,0.942857142857143
G2,S1_missing0.0_n4000,kendall[biasvar_mult],1,0.8666666666666666,0.8666666666666666,,0.8666666666666666,0.8666666666666666
G2,S1_missing0.0_n4000,top2[biasvar_mult],1,1.0,1.0,,1.0,1.0
G2,S1_missing0.0_n4000,spearman[biasvar_add],1,0.8285714285714287,0.8285714285714287,,0.8285714285714287,0.8285714285714287
G2,S1_missing0.0_n4000,kendall[biasvar_add],1,0.7333333333333333,0.7333333333333333,,0.7333333333333333,0.7333333333333333
G2,S1_missing0.0_n4000,top2[biasvar_add],1,1.0,1.0,,1.0,1.0
G2,S1_missing0.1_n4000,oracle_best_error,1,0.11240211045716408,0.11240211045716408,,0.11240211045716408,0.11240211045716408
G2,S1_missing0.1_n4000,global_oof_mses_survivor_count,1,2.0,2.0,,2.0,2.0
G2,S1_missing0.1_n4000,global_oof_error[product],1,0.11240211045716408,0.11240211045716408,,0.11240211045716408,0.11240211045716408
G2,S1_missing0.1_n4000,global_oof_regret[product],1,0.0,0.0,,0.0,0.0
G2,S1_missing0.1_n4000,global_oof_oracle_ratio[product],1,0.9999999999911033,0.9999999999911033,,0.9999999999911033,0.9999999999911033
G2,S1_missing0.1_n4000,global_oof_catastrophic[product],1,0.0,0.0,,0.0,0.0
G2,S1_missing0.1_n4000,global_oof_top1[product],1,1.0,1.0,,1.0,1.0
G2,S1_missing0.1_n4000,global_oof_error[h_only],1,0.2581997536259641,0.2581997536259641,,0.2581997536259641,0.2581997536259641
G2,S1_missing0.1_n4000,global_oof_regret[h_only],1,0.1457976431688,0.1457976431688,,0.1457976431688,0.1457976431688
G2,S1_missing0.1_n4000,global_oof_oracle_ratio[h_only],1,2.2971077017460955,2.2971077017460955,,2.2971077017460955,2.2971077017460955
G2,S1_missing0.1_n4000,global_oof_catastrophic[h_only],1,1.0,1.0,,1.0,1.0
G2,S1_missing0.1_n4000,global_oof_top1[h_only],1,0.0,0.0,,0.0,0.0
G2,S1_missing0.1_n4000,global_oof_error[q_only],1,0.13382845249210254,0.13382845249210254,,0.13382845249210254,0.13382845249210254
G2,S1_missing0.1_n4000,global_oof_regret[q_only],1,0.021426342034938456,0.021426342034938456,,0.021426342034938456,0.021426342034938456
G2,S1_missing0.1_n4000,global_oof_oracle_ratio[q_only],1,1.1906222396234571,1.1906222396234571,,1.1906222396234571,1.1906222396234571
G2,S1_missing0.1_n4000,global_oof_catastrophic[q_only],1,0.0,0.0,,0.0,0.0
G2,S1_missing0.1_n4000,global_oof_top1[q_only],1,0.0,0.0,,0.0,0.0
G2,S1_missing0.1_n4000,global_oof_error[sum],1,0.11240211045716408,0.11240211045716408,,0.11240211045716408,0.11240211045716408
G2,S1_missing0.1_n4000,global_oof_regret[sum],1,0.0,0.0,,0.0,0.0
G2,S1_missing0.1_n4000,global_oof_oracle_ratio[sum],1,0.9999999999911033,0.9999999999911033,,0.9999999999911033,0.9999999999911033
G2,S1_missing0.1_n4000,global_oof_catastrophic[sum],1,0.0,0.0,,0.0,0.0
G2,S1_missing0.1_n4000,global_oof_top1[sum],1,1.0,1.0,,1.0,1.0
G2,S1_missing0.1_n4000,global_oof_error[max],1,0.11240211045716408,0.11240211045716408,,0.11240211045716408,0.11240211045716408
G2,S1_missing0.1_n4000,global_oof_regret[max],1,0.0,0.0,,0.0,0.0
G2,S1_missing0.1_n4000,global_oof_oracle_ratio[max],1,0.9999999999911033,0.9999999999911033,,0.9999999999911033,0.9999999999911033
G2,S1_missing0.1_n4000,global_oof_catastrophic[max],1,0.0,0.0,,0.0,0.0
G2,S1_missing0.1_n4000,global_oof_top1[max],1,1.0,1.0,,1.0,1.0
G2,S1_missing0.1_n4000,global_oof_error[variance_only],1,0.13054592371779192,0.13054592371779192,,0.13054592371779192,0.13054592371779192
G2,S1_missing0.1_n4000,global_oof_regret[variance_only],1,0.018143813260627834,0.018143813260627834,,0.018143813260627834,0.018143813260627834
G2,S1_missing0.1_n4000,global_oof_oracle_ratio[variance_only],1,1.1614187953026107,1.1614187953026107,,1.1614187953026107,1.1614187953026107
G2,S1_missing0.1_n4000,global_oof_catastrophic[variance_only],1,0.0,0.0,,0.0,0.0
G2,S1_missing0.1_n4000,global_oof_top1[variance_only],1,0.0,0.0,,0.0,0.0
G2,S1_missing0.1_n4000,global_oof_error[fixed_sieve1],1,0.11240211045716408,0.11240211045716408,,0.11240211045716408,0.11240211045716408
G2,S1_missing0.1_n4000,global_oof_regret[fixed_sieve1],1,0.0,0.0,,0.0,0.0
G2,S1_missing0.1_n4000,global_oof_oracle_ratio[fixed_sieve1],1,0.9999999999911033,0.9999999999911033,,0.9999999999911033,0.9999999999911033
G2,S1_missing0.1_n4000,global_oof_catastrophic[fixed_sieve1],1,0.0,0.0,,0.0,0.0
G2,S1_missing0.1_n4000,global_oof_top1[fixed_sieve1],1,1.0,1.0,,1.0,1.0
G2,S1_missing0.1_n4000,global_oof_error[fixed_kernel],1,0.2721904571406453,0.2721904571406453,,0.2721904571406453,0.2721904571406453
G2,S1_missing0.1_n4000,global_oof_regret[fixed_kernel],1,0.15978834668348124,0.15978834668348124,,0.15978834668348124,0.15978834668348124
G2,S1_missing0.1_n4000,global_oof_oracle_ratio[fixed_kernel],1,2.42157781585386,2.42157781585386,,2.42157781585386,2.42157781585386
G2,S1_missing0.1_n4000,global_oof_catastrophic[fixed_kernel],1,1.0,1.0,,1.0,1.0
G2,S1_missing0.1_n4000,global_oof_top1[fixed_kernel],1,0.0,0.0,,0.0,0.0
G2,S1_missing0.1_n4000,global_oof_error[random],1,0.2721904571406453,0.2721904571406453,,0.2721904571406453,0.2721904571406453
G2,S1_missing0.1_n4000,global_oof_regret[random],1,0.15978834668348124,0.15978834668348124,,0.15978834668348124,0.15978834668348124
G2,S1_missing0.1_n4000,global_oof_oracle_ratio[random],1,2.42157781585386,2.42157781585386,,2.42157781585386,2.42157781585386
G2,S1_missing0.1_n4000,global_oof_catastrophic[random],1,1.0,1.0,,1.0,1.0
G2,S1_missing0.1_n4000,global_oof_top1[random],1,0.0,0.0,,0.0,0.0
G2,S1_missing0.1_n4000,error[oracle],1,0.11240211045716408,0.11240211045716408,,0.11240211045716408,0.11240211045716408
G2,S1_missing0.1_n4000,regret[oracle],1,0.0,0.0,,0.0,0.0
G2,S1_missing0.1_n4000,oracle_ratio[oracle],1,0.9999999999911033,0.9999999999911033,,0.9999999999911033,0.9999999999911033
G2,S1_missing0.1_n4000,catastrophic[oracle],1,0.0,0.0,,0.0,0.0
G2,S1_missing0.1_n4000,top1[oracle],1,1.0,1.0,,1.0,1.0
G2,S1_missing0.1_n4000,global_oof_error[biasvar_mult],1,0.11240211045716408,0.11240211045716408,,0.11240211045716408,0.11240211045716408
G2,S1_missing0.1_n4000,global_oof_regret[biasvar_mult],1,0.0,0.0,,0.0,0.0
G2,S1_missing0.1_n4000,global_oof_oracle_ratio[biasvar_mult],1,0.9999999999911033,0.9999999999911033,,0.9999999999911033,0.9999999999911033
G2,S1_missing0.1_n4000,global_oof_catastrophic[biasvar_mult],1,0.0,0.0,,0.0,0.0
G2,S1_missing0.1_n4000,global_oof_top1[biasvar_mult],1,1.0,1.0,,1.0,1.0
G2,S1_missing0.1_n4000,global_oof_error[biasvar_add],1,0.11240211045716408,0.11240211045716408,,0.11240211045716408,0.11240211045716408
G2,S1_missing0.1_n4000,global_oof_regret[biasvar_add],1,0.0,0.0,,0.0,0.0
G2,S1_missing0.1_n4000,global_oof_oracle_ratio[biasvar_add],1,0.9999999999911033,0.9999999999911033,,0.9999999999911033,0.9999999999911033
G2,S1_missing0.1_n4000,global_oof_catastrophic[biasvar_add],1,0.0,0.0,,0.0,0.0
G2,S1_missing0.1_n4000,global_oof_top1[biasvar_add],1,1.0,1.0,,1.0,1.0
G2,S1_missing0.1_n4000,global_oof_error[MSES],1,0.2581997536259641,0.2581997536259641,,0.2581997536259641,0.2581997536259641
G2,S1_missing0.1_n4000,global_oof_regret[MSES],1,0.1457976431688,0.1457976431688,,0.1457976431688,0.1457976431688
G2,S1_missing0.1_n4000,global_oof_oracle_ratio[MSES],1,2.2971077017460955,2.2971077017460955,,2.2971077017460955,2.2971077017460955
G2,S1_missing0.1_n4000,global_oof_catastrophic[MSES],1,1.0,1.0,,1.0,1.0
G2,S1_missing0.1_n4000,global_oof_top1[MSES],1,0.0,0.0,,0.0,0.0
G2,S1_missing0.1_n4000,global_oof_top2[MSES],1,0.0,0.0,,0.0,0.0
G2,S1_missing0.1_n4000,spearman[product],1,0.48571428571428577,0.48571428571428577,,0.48571428571428577,0.48571428571428577
G2,S1_missing0.1_n4000,kendall[product],1,0.3333333333333333,0.3333333333333333,,0.3333333333333333,0.3333333333333333
G2,S1_missing0.1_n4000,top2[product],1,1.0,1.0,,1.0,1.0
G2,S1_missing0.1_n4000,spearman[h_only],1,0.35309393180189985,0.35309393180189985,,0.35309393180189985,0.35309393180189985
G2,S1_missing0.1_n4000,kendall[h_only],1,0.21483446221182986,0.21483446221182986,,0.21483446221182986,0.21483446221182986
G2,S1_missing0.1_n4000,top2[h_only],1,1.0,1.0,,1.0,1.0
G2,S1_missing0.1_n4000,spearman[q_only],1,0.41194292043554975,0.41194292043554975,,0.41194292043554975,0.41194292043554975
G2,S1_missing0.1_n4000,kendall[q_only],1,0.3580574370197165,0.3580574370197165,,0.3580574370197165,0.3580574370197165
G2,S1_missing0.1_n4000,top2[q_only],1,1.0,1.0,,1.0,1.0
G2,S1_missing0.1_n4000,spearman[sum],1,0.3142857142857143,0.3142857142857143,,0.3142857142857143,0.3142857142857143
G2,S1_missing0.1_n4000,kendall[sum],1,0.2,0.2,,0.2,0.2
G2,S1_missing0.1_n4000,top2[sum],1,1.0,1.0,,1.0,1.0
G2,S1_missing0.1_n4000,spearman[max],1,0.3188740696088466,0.3188740696088466,,0.3188740696088466,0.3188740696088466
G2,S1_missing0.1_n4000,kendall[max],1,0.2760262237369417,0.2760262237369417,,0.2760262237369417,0.2760262237369417
G2,S1_missing0.1_n4000,top2[max],1,1.0,1.0,,1.0,1.0
G2,S1_missing0.1_n4000,spearman[variance_only],1,0.5428571428571429,0.5428571428571429,,0.5428571428571429,0.5428571428571429
G2,S1_missing0.1_n4000,kendall[variance_only],1,0.4666666666666666,0.4666666666666666,,0.4666666666666666,0.4666666666666666
G2,S1_missing0.1_n4000,top2[variance_only],1,0.0,0.0,,0.0,0.0
G2,S1_missing0.1_n4000,spearman[biasvar_mult],1,0.942857142857143,0.942857142857143,,0.942857142857143,0.942857142857143
G2,S1_missing0.1_n4000,kendall[biasvar_mult],1,0.8666666666666666,0.8666666666666666,,0.8666666666666666,0.8666666666666666
G2,S1_missing0.1_n4000,top2[biasvar_mult],1,1.0,1.0,,1.0,1.0
G2,S1_missing0.1_n4000,spearman[biasvar_add],1,0.8285714285714287,0.8285714285714287,,0.8285714285714287,0.8285714285714287
G2,S1_missing0.1_n4000,kendall[biasvar_add],1,0.7333333333333333,0.7333333333333333,,0.7333333333333333,0.7333333333333333
G2,S1_missing0.1_n4000,top2[biasvar_add],1,1.0,1.0,,1.0,1.0
G2,S1_missing0.2_n4000,oracle_best_error,1,0.12221375018637792,0.12221375018637792,,0.12221375018637792,0.12221375018637792
G2,S1_missing0.2_n4000,global_oof_mses_survivor_count,1,0.0,0.0,,0.0,0.0
G2,S1_missing0.2_n4000,global_oof_error[product],1,0.12221375018637792,0.12221375018637792,,0.12221375018637792,0.12221375018637792
G2,S1_missing0.2_n4000,global_oof_regret[product],1,0.0,0.0,,0.0,0.0
G2,S1_missing0.2_n4000,global_oof_oracle_ratio[product],1,0.9999999999918175,0.9999999999918175,,0.9999999999918175,0.9999999999918175
G2,S1_missing0.2_n4000,global_oof_catastrophic[product],1,0.0,0.0,,0.0,0.0
G2,S1_missing0.2_n4000,global_oof_top1[product],1,1.0,1.0,,1.0,1.0
G2,S1_missing0.2_n4000,global_oof_error[h_only],1,0.13087503760387223,0.13087503760387223,,0.13087503760387223,0.13087503760387223
G2,S1_missing0.2_n4000,global_oof_regret[h_only],1,0.008661287417494307,0.008661287417494307,,0.008661287417494307,0.008661287417494307
G2,S1_missing0.2_n4000,global_oof_oracle_ratio[h_only],1,1.0708699913325206,1.0708699913325206,,1.0708699913325206,1.0708699913325206
G2,S1_missing0.2_n4000,global_oof_catastrophic[h_only],1,0.0,0.0,,0.0,0.0
G2,S1_missing0.2_n4000,global_oof_top1[h_only],1,0.0,0.0,,0.0,0.0
G2,S1_missing0.2_n4000,global_oof_error[q_only],1,0.14667012196766757,0.14667012196766757,,0.14667012196766757,0.14667012196766757
G2,S1_missing0.2_n4000,global_oof_regret[q_only],1,0.02445637178128965,0.02445637178128965,,0.02445637178128965,0.02445637178128965
G2,S1_missing0.2_n4000,global_oof_oracle_ratio[q_only],1,1.2001114583489434,1.2001114583489434,,1.2001114583489434,1.2001114583489434
G2,S1_missing0.2_n4000,global_oof_catastrophic[q_only],1,0.0,0.0,,0.0,0.0
G2,S1_missing0.2_n4000,global_oof_top1[q_only],1,0.0,0.0,,0.0,0.0
G2,S1_missing0.2_n4000,global_oof_error[sum],1,0.12221375018637792,0.12221375018637792,,0.12221375018637792,0.12221375018637792
G2,S1_missing0.2_n4000,global_oof_regret[sum],1,0.0,0.0,,0.0,0.0
G2,S1_missing0.2_n4000,global_oof_oracle_ratio[sum],1,0.9999999999918175,0.9999999999918175,,0.9999999999918175,0.9999999999918175
G2,S1_missing0.2_n4000,global_oof_catastrophic[sum],1,0.0,0.0,,0.0,0.0
G2,S1_missing0.2_n4000,global_oof_top1[sum],1,1.0,1.0,,1.0,1.0
G2,S1_missing0.2_n4000,global_oof_error[max],1,0.12221375018637792,0.12221375018637792,,0.12221375018637792,0.12221375018637792
G2,S1_missing0.2_n4000,global_oof_regret[max],1,0.0,0.0,,0.0,0.0
G2,S1_missing0.2_n4000,global_oof_oracle_ratio[max],1,0.9999999999918175,0.9999999999918175,,0.9999999999918175,0.9999999999918175
G2,S1_missing0.2_n4000,global_oof_catastrophic[max],1,0.0,0.0,,0.0,0.0
G2,S1_missing0.2_n4000,global_oof_top1[max],1,1.0,1.0,,1.0,1.0
G2,S1_missing0.2_n4000,global_oof_error[variance_only],1,0.13087503760387223,0.13087503760387223,,0.13087503760387223,0.13087503760387223
G2,S1_missing0.2_n4000,global_oof_regret[variance_only],1,0.008661287417494307,0.008661287417494307,,0.008661287417494307,0.008661287417494307
G2,S1_missing0.2_n4000,global_oof_oracle_ratio[variance_only],1,1.0708699913325206,1.0708699913325206,,1.0708699913325206,1.0708699913325206
G2,S1_missing0.2_n4000,global_oof_catastrophic[variance_only],1,0.0,0.0,,0.0,0.0
G2,S1_missing0.2_n4000,global_oof_top1[variance_only],1,0.0,0.0,,0.0,0.0
G2,S1_missing0.2_n4000,global_oof_error[fixed_sieve1],1,0.12221375018637792,0.12221375018637792,,0.12221375018637792,0.12221375018637792
G2,S1_missing0.2_n4000,global_oof_regret[fixed_sieve1],1,0.0,0.0,,0.0,0.0
G2,S1_missing0.2_n4000,global_oof_oracle_ratio[fixed_sieve1],1,0.9999999999918175,0.9999999999918175,,0.9999999999918175,0.9999999999918175
G2,S1_missing0.2_n4000,global_oof_catastrophic[fixed_sieve1],1,0.0,0.0,,0.0,0.0
G2,S1_missing0.2_n4000,global_oof_top1[fixed_sieve1],1,1.0,1.0,,1.0,1.0
G2,S1_missing0.2_n4000,global_oof_error[fixed_kernel],1,0.2719897499758533,0.2719897499758533,,0.2719897499758533,0.2719897499758533
G2,S1_missing0.2_n4000,global_oof_regret[fixed_kernel],1,0.14977599978947537,0.14977599978947537,,0.14977599978947537,0.14977599978947537
G2,S1_missing0.2_n4000,global_oof_oracle_ratio[fixed_kernel],1,2.225524947551638,2.225524947551638,,2.225524947551638,2.225524947551638
G2,S1_missing0.2_n4000,global_oof_catastrophic[fixed_kernel],1,1.0,1.0,,1.0,1.0
G2,S1_missing0.2_n4000,global_oof_top1[fixed_kernel],1,0.0,0.0,,0.0,0.0
G2,S1_missing0.2_n4000,global_oof_error[random],1,0.2719897499758533,0.2719897499758533,,0.2719897499758533,0.2719897499758533
G2,S1_missing0.2_n4000,global_oof_regret[random],1,0.14977599978947537,0.14977599978947537,,0.14977599978947537,0.14977599978947537
G2,S1_missing0.2_n4000,global_oof_oracle_ratio[random],1,2.225524947551638,2.225524947551638,,2.225524947551638,2.225524947551638
G2,S1_missing0.2_n4000,global_oof_catastrophic[random],1,1.0,1.0,,1.0,1.0
G2,S1_missing0.2_n4000,global_oof_top1[random],1,0.0,0.0,,0.0,0.0
G2,S1_missing0.2_n4000,error[oracle],1,0.12221375018637792,0.12221375018637792,,0.12221375018637792,0.12221375018637792
G2,S1_missing0.2_n4000,regret[oracle],1,0.0,0.0,,0.0,0.0
G2,S1_missing0.2_n4000,oracle_ratio[oracle],1,0.9999999999918175,0.9999999999918175,,0.9999999999918175,0.9999999999918175
G2,S1_missing0.2_n4000,catastrophic[oracle],1,0.0,0.0,,0.0,0.0
G2,S1_missing0.2_n4000,top1[oracle],1,1.0,1.0,,1.0,1.0
G2,S1_missing0.2_n4000,global_oof_error[biasvar_mult],1,0.12221375018637792,0.12221375018637792,,0.12221375018637792,0.12221375018637792
G2,S1_missing0.2_n4000,global_oof_regret[biasvar_mult],1,0.0,0.0,,0.0,0.0
G2,S1_missing0.2_n4000,global_oof_oracle_ratio[biasvar_mult],1,0.9999999999918175,0.9999999999918175,,0.9999999999918175,0.9999999999918175
G2,S1_missing0.2_n4000,global_oof_catastrophic[biasvar_mult],1,0.0,0.0,,0.0,0.0
G2,S1_missing0.2_n4000,global_oof_top1[biasvar_mult],1,1.0,1.0,,1.0,1.0
G2,S1_missing0.2_n4000,global_oof_error[biasvar_add],1,0.12221375018637792,0.12221375018637792,,0.12221375018637792,0.12221375018637792
G2,S1_missing0.2_n4000,global_oof_regret[biasvar_add],1,0.0,0.0,,0.0,0.0
G2,S1_missing0.2_n4000,global_oof_oracle_ratio[biasvar_add],1,0.9999999999918175,0.9999999999918175,,0.9999999999918175,0.9999999999918175
G2,S1_missing0.2_n4000,global_oof_catastrophic[biasvar_add],1,0.0,0.0,,0.0,0.0
G2,S1_missing0.2_n4000,global_oof_top1[biasvar_add],1,1.0,1.0,,1.0,1.0
G2,S1_missing0.2_n4000,spearman[product],1,0.2571428571428572,0.2571428571428572,,0.2571428571428572,0.2571428571428572
G2,S1_missing0.2_n4000,kendall[product],1,0.2,0.2,,0.2,0.2
G2,S1_missing0.2_n4000,top2[product],1,1.0,1.0,,1.0,1.0
G2,S1_missing0.2_n4000,spearman[h_only],1,0.5002164033860248,0.5002164033860248,,0.5002164033860248,0.5002164033860248
G2,S1_missing0.2_n4000,kendall[h_only],1,0.3580574370197165,0.3580574370197165,,0.3580574370197165,0.3580574370197165
G2,S1_missing0.2_n4000,top2[h_only],1,1.0,1.0,,1.0,1.0
G2,S1_missing0.2_n4000,spearman[q_only],1,0.26482044885142486,0.26482044885142486,,0.26482044885142486,0.26482044885142486
G2,S1_missing0.2_n4000,kendall[q_only],1,0.21483446221182986,0.21483446221182986,,0.21483446221182986,0.21483446221182986
G2,S1_missing0.2_n4000,top2[q_only],1,1.0,1.0,,1.0,1.0
G2,S1_missing0.2_n4000,spearman[sum],1,0.14285714285714288,0.14285714285714288,,0.14285714285714288,0.14285714285714288
G2,S1_missing0.2_n4000,kendall[sum],1,0.2,0.2,,0.2,0.2
G2,S1_missing0.2_n4000,top2[sum],1,1.0,1.0,,1.0,1.0
G2,S1_missing0.2_n4000,spearman[max],1,0.02898855178262242,0.02898855178262242,,0.02898855178262242,0.02898855178262242
G2,S1_missing0.2_n4000,kendall[max],1,0.0,0.0,,0.0,0.0
G2,S1_missing0.2_n4000,top2[max],1,1.0,1.0,,1.0,1.0
G2,S1_missing0.2_n4000,spearman[variance_only],1,0.7142857142857143,0.7142857142857143,,0.7142857142857143,0.7142857142857143
G2,S1_missing0.2_n4000,kendall[variance_only],1,0.6,0.6,,0.6,0.6
G2,S1_missing0.2_n4000,top2[variance_only],1,0.0,0.0,,0.0,0.0
G2,S1_missing0.2_n4000,spearman[biasvar_mult],1,1.0,1.0,,1.0,1.0
G2,S1_missing0.2_n4000,kendall[biasvar_mult],1,0.9999999999999999,0.9999999999999999,,0.9999999999999999,0.9999999999999999
G2,S1_missing0.2_n4000,top2[biasvar_mult],1,1.0,1.0,,1.0,1.0
G2,S1_missing0.2_n4000,spearman[biasvar_add],1,0.8857142857142858,0.8857142857142858,,0.8857142857142858,0.8857142857142858
G2,S1_missing0.2_n4000,kendall[biasvar_add],1,0.7333333333333333,0.7333333333333333,,0.7333333333333333,0.7333333333333333
G2,S1_missing0.2_n4000,top2[biasvar_add],1,1.0,1.0,,1.0,1.0
G2,S1_missing0.3_n4000,oracle_best_error,1,0.08925011765261016,0.08925011765261016,,0.08925011765261016,0.08925011765261016
G2,S1_missing0.3_n4000,global_oof_mses_survivor_count,1,0.0,0.0,,0.0,0.0
G2,S1_missing0.3_n4000,global_oof_error[product],1,0.08925011765261016,0.08925011765261016,,0.08925011765261016,0.08925011765261016
G2,S1_missing0.3_n4000,global_oof_regret[product],1,0.0,0.0,,0.0,0.0
G2,S1_missing0.3_n4000,global_oof_oracle_ratio[product],1,0.9999999999887955,0.9999999999887955,,0.9999999999887955,0.9999999999887955
G2,S1_missing0.3_n4000,global_oof_catastrophic[product],1,0.0,0.0,,0.0,0.0
G2,S1_missing0.3_n4000,global_oof_top1[product],1,1.0,1.0,,1.0,1.0
G2,S1_missing0.3_n4000,global_oof_error[h_only],1,0.09775465764602169,0.09775465764602169,,0.09775465764602169,0.09775465764602169
G2,S1_missing0.3_n4000,global_oof_regret[h_only],1,0.008504539993411525,0.008504539993411525,,0.008504539993411525,0.008504539993411525
G2,S1_missing0.3_n4000,global_oof_oracle_ratio[h_only],1,1.0952888378861148,1.0952888378861148,,1.0952888378861148,1.0952888378861148
G2,S1_missing0.3_n4000,global_oof_catastrophic[h_only],1,0.0,0.0,,0.0,0.0
G2,S1_missing0.3_n4000,global_oof_top1[h_only],1,0.0,0.0,,0.0,0.0
G2,S1_missing0.3_n4000,global_oof_error[q_only],1,0.13212481940618864,0.13212481940618864,,0.13212481940618864,0.13212481940618864
G2,S1_missing0.3_n4000,global_oof_regret[q_only],1,0.04287470175357848,0.04287470175357848,,0.04287470175357848,0.04287470175357848
G2,S1_missing0.3_n4000,global_oof_oracle_ratio[q_only],1,1.4803881818843092,1.4803881818843092,,1.4803881818843092,1.4803881818843092
G2,S1_missing0.3_n4000,global_oof_catastrophic[q_only],1,0.0,0.0,,0.0,0.0
G2,S1_missing0.3_n4000,global_oof_top1[q_only],1,0.0,0.0,,0.0,0.0
G2,S1_missing0.3_n4000,global_oof_error[sum],1,0.08925011765261016,0.08925011765261016,,0.08925011765261016,0.08925011765261016
G2,S1_missing0.3_n4000,global_oof_regret[sum],1,0.0,0.0,,0.0,0.0
G2,S1_missing0.3_n4000,global_oof_oracle_ratio[sum],1,0.9999999999887955,0.9999999999887955,,0.9999999999887955,0.9999999999887955
G2,S1_missing0.3_n4000,global_oof_catastrophic[sum],1,0.0,0.0,,0.0,0.0
G2,S1_missing0.3_n4000,global_oof_top1[sum],1,1.0,1.0,,1.0,1.0
G2,S1_missing0.3_n4000,global_oof_error[max],1,0.08925011765261016,0.08925011765261016,,0.08925011765261016,0.08925011765261016
G2,S1_missing0.3_n4000,global_oof_regret[max],1,0.0,0.0,,0.0,0.0
G2,S1_missing0.3_n4000,global_oof_oracle_ratio[max],1,0.9999999999887955,0.9999999999887955,,0.9999999999887955,0.9999999999887955
G2,S1_missing0.3_n4000,global_oof_catastrophic[max],1,0.0,0.0,,0.0,0.0
G2,S1_missing0.3_n4000,global_oof_top1[max],1,1.0,1.0,,1.0,1.0
G2,S1_missing0.3_n4000,global_oof_error[variance_only],1,0.09775465764602169,0.09775465764602169,,0.09775465764602169,0.09775465764602169
G2,S1_missing0.3_n4000,global_oof_regret[variance_only],1,0.008504539993411525,0.008504539993411525,,0.008504539993411525,0.008504539993411525
G2,S1_missing0.3_n4000,global_oof_oracle_ratio[variance_only],1,1.0952888378861148,1.0952888378861148,,1.0952888378861148,1.0952888378861148
G2,S1_missing0.3_n4000,global_oof_catastrophic[variance_only],1,0.0,0.0,,0.0,0.0
G2,S1_missing0.3_n4000,global_oof_top1[variance_only],1,0.0,0.0,,0.0,0.0
G2,S1_missing0.3_n4000,global_oof_error[fixed_sieve1],1,0.08925011765261016,0.08925011765261016,,0.08925011765261016,0.08925011765261016
G2,S1_missing0.3_n4000,global_oof_regret[fixed_sieve1],1,0.0,0.0,,0.0,0.0
G2,S1_missing0.3_n4000,global_oof_oracle_ratio[fixed_sieve1],1,0.9999999999887955,0.9999999999887955,,0.9999999999887955,0.9999999999887955
G2,S1_missing0.3_n4000,global_oof_catastrophic[fixed_sieve1],1,0.0,0.0,,0.0,0.0
G2,S1_missing0.3_n4000,global_oof_top1[fixed_sieve1],1,1.0,1.0,,1.0,1.0
G2,S1_missing0.3_n4000,global_oof_error[fixed_kernel],1,0.271882412113636,0.271882412113636,,0.271882412113636,0.271882412113636
G2,S1_missing0.3_n4000,global_oof_regret[fixed_kernel],1,0.18263229446102586,0.18263229446102586,,0.18263229446102586,0.18263229446102586
G2,S1_missing0.3_n4000,global_oof_oracle_ratio[fixed_kernel],1,3.0462975205124376,3.0462975205124376,,3.0462975205124376,3.0462975205124376
G2,S1_missing0.3_n4000,global_oof_catastrophic[fixed_kernel],1,1.0,1.0,,1.0,1.0
G2,S1_missing0.3_n4000,global_oof_top1[fixed_kernel],1,0.0,0.0,,0.0,0.0
G2,S1_missing0.3_n4000,global_oof_error[random],1,0.271882412113636,0.271882412113636,,0.271882412113636,0.271882412113636
G2,S1_missing0.3_n4000,global_oof_regret[random],1,0.18263229446102586,0.18263229446102586,,0.18263229446102586,0.18263229446102586
G2,S1_missing0.3_n4000,global_oof_oracle_ratio[random],1,3.0462975205124376,3.0462975205124376,,3.0462975205124376,3.0462975205124376
G2,S1_missing0.3_n4000,global_oof_catastrophic[random],1,1.0,1.0,,1.0,1.0
G2,S1_missing0.3_n4000,global_oof_top1[random],1,0.0,0.0,,0.0,0.0
G2,S1_missing0.3_n4000,error[oracle],1,0.08925011765261016,0.08925011765261016,,0.08925011765261016,0.08925011765261016
G2,S1_missing0.3_n4000,regret[oracle],1,0.0,0.0,,0.0,0.0
G2,S1_missing0.3_n4000,oracle_ratio[oracle],1,0.9999999999887955,0.9999999999887955,,0.9999999999887955,0.9999999999887955
G2,S1_missing0.3_n4000,catastrophic[oracle],1,0.0,0.0,,0.0,0.0
G2,S1_missing0.3_n4000,top1[oracle],1,1.0,1.0,,1.0,1.0
G2,S1_missing0.3_n4000,global_oof_error[biasvar_mult],1,0.08925011765261016,0.08925011765261016,,0.08925011765261016,0.08925011765261016
G2,S1_missing0.3_n4000,global_oof_regret[biasvar_mult],1,0.0,0.0,,0.0,0.0
G2,S1_missing0.3_n4000,global_oof_oracle_ratio[biasvar_mult],1,0.9999999999887955,0.9999999999887955,,0.9999999999887955,0.9999999999887955
G2,S1_missing0.3_n4000,global_oof_catastrophic[biasvar_mult],1,0.0,0.0,,0.0,0.0
G2,S1_missing0.3_n4000,global_oof_top1[biasvar_mult],1,1.0,1.0,,1.0,1.0
G2,S1_missing0.3_n4000,global_oof_error[biasvar_add],1,0.08925011765261016,0.08925011765261016,,0.08925011765261016,0.08925011765261016
G2,S1_missing0.3_n4000,global_oof_regret[biasvar_add],1,0.0,0.0,,0.0,0.0
G2,S1_missing0.3_n4000,global_oof_oracle_ratio[biasvar_add],1,0.9999999999887955,0.9999999999887955,,0.9999999999887955,0.9999999999887955
G2,S1_missing0.3_n4000,global_oof_catastrophic[biasvar_add],1,0.0,0.0,,0.0,0.0
G2,S1_missing0.3_n4000,global_oof_top1[biasvar_add],1,1.0,1.0,,1.0,1.0
G2,S1_missing0.3_n4000,spearman[product],1,0.08571428571428573,0.08571428571428573,,0.08571428571428573,0.08571428571428573
G2,S1_missing0.3_n4000,kendall[product],1,0.06666666666666665,0.06666666666666665,,0.06666666666666665,0.06666666666666665
G2,S1_missing0.3_n4000,top2[product],1,1.0,1.0,,1.0,1.0
G2,S1_missing0.3_n4000,spearman[h_only],1,0.44136741475237473,0.44136741475237473,,0.44136741475237473,0.44136741475237473
G2,S1_missing0.3_n4000,kendall[h_only],1,0.21483446221182986,0.21483446221182986,,0.21483446221182986,0.21483446221182986
G2,S1_missing0.3_n4000,top2[h_only],1,1.0,1.0,,1.0,1.0
G2,S1_missing0.3_n4000,spearman[q_only],1,0.26482044885142486,0.26482044885142486,,0.26482044885142486,0.26482044885142486
G2,S1_missing0.3_n4000,kendall[q_only],1,0.21483446221182986,0.21483446221182986,,0.21483446221182986,0.21483446221182986
G2,S1_missing0.3_n4000,top2[q_only],1,1.0,1.0,,1.0,1.0
G2,S1_missing0.3_n4000,spearman[sum],1,0.14285714285714288,0.14285714285714288,,0.14285714285714288,0.14285714285714288
G2,S1_missing0.3_n4000,kendall[sum],1,0.2,0.2,,0.2,0.2
G2,S1_missing0.3_n4000,top2[sum],1,1.0,1.0,,1.0,1.0
G2,S1_missing0.3_n4000,spearman[max],1,-0.02898855178262242,-0.02898855178262242,,-0.02898855178262242,-0.02898855178262242
G2,S1_missing0.3_n4000,kendall[max],1,-0.13801311186847084,-0.13801311186847084,,-0.13801311186847084,-0.13801311186847084
G2,S1_missing0.3_n4000,top2[max],1,1.0,1.0,,1.0,1.0
G2,S1_missing0.3_n4000,spearman[variance_only],1,0.7142857142857143,0.7142857142857143,,0.7142857142857143,0.7142857142857143
G2,S1_missing0.3_n4000,kendall[variance_only],1,0.6,0.6,,0.6,0.6
G2,S1_missing0.3_n4000,top2[variance_only],1,0.0,0.0,,0.0,0.0
G2,S1_missing0.3_n4000,spearman[biasvar_mult],1,1.0,1.0,,1.0,1.0
G2,S1_missing0.3_n4000,kendall[biasvar_mult],1,0.9999999999999999,0.9999999999999999,,0.9999999999999999,0.9999999999999999
G2,S1_missing0.3_n4000,top2[biasvar_mult],1,1.0,1.0,,1.0,1.0
G2,S1_missing0.3_n4000,spearman[biasvar_add],1,0.8857142857142858,0.8857142857142858,,0.8857142857142858,0.8857142857142858
G2,S1_missing0.3_n4000,kendall[biasvar_add],1,0.7333333333333333,0.7333333333333333,,0.7333333333333333,0.7333333333333333
G2,S1_missing0.3_n4000,top2[biasvar_add],1,1.0,1.0,,1.0,1.0
G2,S1_shift0.0_n4000,oracle_best_error,1,0.09329736499127378,0.09329736499127378,,0.09329736499127378,0.09329736499127378
G2,S1_shift0.0_n4000,global_oof_mses_survivor_count,1,4.0,4.0,,4.0,4.0
G2,S1_shift0.0_n4000,global_oof_error[product],1,0.09329736499127378,0.09329736499127378,,0.09329736499127378,0.09329736499127378
G2,S1_shift0.0_n4000,global_oof_regret[product],1,0.0,0.0,,0.0,0.0
G2,S1_shift0.0_n4000,global_oof_oracle_ratio[product],1,0.9999999999892816,0.9999999999892816,,0.9999999999892816,0.9999999999892816
G2,S1_shift0.0_n4000,global_oof_catastrophic[product],1,0.0,0.0,,0.0,0.0
G2,S1_shift0.0_n4000,global_oof_top1[product],1,1.0,1.0,,1.0,1.0
G2,S1_shift0.0_n4000,global_oof_error[h_only],1,0.14082579959611213,0.14082579959611213,,0.14082579959611213,0.14082579959611213
G2,S1_shift0.0_n4000,global_oof_regret[h_only],1,0.047528434604838354,0.047528434604838354,,0.047528434604838354,0.047528434604838354
G2,S1_shift0.0_n4000,global_oof_oracle_ratio[h_only],1,1.509429549353021,1.509429549353021,,1.509429549353021,1.509429549353021
G2,S1_shift0.0_n4000,global_oof_catastrophic[h_only],1,1.0,1.0,,1.0,1.0
G2,S1_shift0.0_n4000,global_oof_top1[h_only],1,0.0,0.0,,0.0,0.0
G2,S1_shift0.0_n4000,global_oof_error[q_only],1,0.12228281620310122,0.12228281620310122,,0.12228281620310122,0.12228281620310122
G2,S1_shift0.0_n4000,global_oof_regret[q_only],1,0.02898545121182744,0.02898545121182744,,0.02898545121182744,0.02898545121182744
G2,S1_shift0.0_n4000,global_oof_oracle_ratio[q_only],1,1.3106781334416873,1.3106781334416873,,1.3106781334416873,1.3106781334416873
G2,S1_shift0.0_n4000,global_oof_catastrophic[q_only],1,0.0,0.0,,0.0,0.0
G2,S1_shift0.0_n4000,global_oof_top1[q_only],1,0.0,0.0,,0.0,0.0
G2,S1_shift0.0_n4000,global_oof_error[sum],1,0.14082579959611213,0.14082579959611213,,0.14082579959611213,0.14082579959611213
G2,S1_shift0.0_n4000,global_oof_regret[sum],1,0.047528434604838354,0.047528434604838354,,0.047528434604838354,0.047528434604838354
G2,S1_shift0.0_n4000,global_oof_oracle_ratio[sum],1,1.509429549353021,1.509429549353021,,1.509429549353021,1.509429549353021
G2,S1_shift0.0_n4000,global_oof_catastrophic[sum],1,1.0,1.0,,1.0,1.0
G2,S1_shift0.0_n4000,global_oof_top1[sum],1,0.0,0.0,,0.0,0.0
G2,S1_shift0.0_n4000,global_oof_error[max],1,0.09329736499127378,0.09329736499127378,,0.09329736499127378,0.09329736499127378
G2,S1_shift0.0_n4000,global_oof_regret[max],1,0.0,0.0,,0.0,0.0
G2,S1_shift0.0_n4000,global_oof_oracle_ratio[max],1,0.9999999999892816,0.9999999999892816,,0.9999999999892816,0.9999999999892816
G2,S1_shift0.0_n4000,global_oof_catastrophic[max],1,0.0,0.0,,0.0,0.0
G2,S1_shift0.0_n4000,global_oof_top1[max],1,1.0,1.0,,1.0,1.0
G2,S1_shift0.0_n4000,global_oof_error[variance_only],1,0.11495910678591566,0.11495910678591566,,0.11495910678591566,0.11495910678591566
G2,S1_shift0.0_n4000,global_oof_regret[variance_only],1,0.02166174179464188,0.02166174179464188,,0.02166174179464188,0.02166174179464188
G2,S1_shift0.0_n4000,global_oof_oracle_ratio[variance_only],1,1.2321795668659639,1.2321795668659639,,1.2321795668659639,1.2321795668659639
G2,S1_shift0.0_n4000,global_oof_catastrophic[variance_only],1,0.0,0.0,,0.0,0.0
G2,S1_shift0.0_n4000,global_oof_top1[variance_only],1,0.0,0.0,,0.0,0.0
G2,S1_shift0.0_n4000,global_oof_error[fixed_sieve1],1,0.09329736499127378,0.09329736499127378,,0.09329736499127378,0.09329736499127378
G2,S1_shift0.0_n4000,global_oof_regret[fixed_sieve1],1,0.0,0.0,,0.0,0.0
G2,S1_shift0.0_n4000,global_oof_oracle_ratio[fixed_sieve1],1,0.9999999999892816,0.9999999999892816,,0.9999999999892816,0.9999999999892816
G2,S1_shift0.0_n4000,global_oof_catastrophic[fixed_sieve1],1,0.0,0.0,,0.0,0.0
G2,S1_shift0.0_n4000,global_oof_top1[fixed_sieve1],1,1.0,1.0,,1.0,1.0
G2,S1_shift0.0_n4000,global_oof_error[fixed_kernel],1,0.27226842903839993,0.27226842903839993,,0.27226842903839993,0.27226842903839993
G2,S1_shift0.0_n4000,global_oof_regret[fixed_kernel],1,0.17897106404712615,0.17897106404712615,,0.17897106404712615,0.17897106404712615
G2,S1_shift0.0_n4000,global_oof_oracle_ratio[fixed_kernel],1,2.9182863745503127,2.9182863745503127,,2.9182863745503127,2.9182863745503127
G2,S1_shift0.0_n4000,global_oof_catastrophic[fixed_kernel],1,1.0,1.0,,1.0,1.0
G2,S1_shift0.0_n4000,global_oof_top1[fixed_kernel],1,0.0,0.0,,0.0,0.0
G2,S1_shift0.0_n4000,global_oof_error[random],1,0.27226842903839993,0.27226842903839993,,0.27226842903839993,0.27226842903839993
G2,S1_shift0.0_n4000,global_oof_regret[random],1,0.17897106404712615,0.17897106404712615,,0.17897106404712615,0.17897106404712615
G2,S1_shift0.0_n4000,global_oof_oracle_ratio[random],1,2.9182863745503127,2.9182863745503127,,2.9182863745503127,2.9182863745503127
G2,S1_shift0.0_n4000,global_oof_catastrophic[random],1,1.0,1.0,,1.0,1.0
G2,S1_shift0.0_n4000,global_oof_top1[random],1,0.0,0.0,,0.0,0.0
G2,S1_shift0.0_n4000,error[oracle],1,0.09329736499127378,0.09329736499127378,,0.09329736499127378,0.09329736499127378
G2,S1_shift0.0_n4000,regret[oracle],1,0.0,0.0,,0.0,0.0
G2,S1_shift0.0_n4000,oracle_ratio[oracle],1,0.9999999999892816,0.9999999999892816,,0.9999999999892816,0.9999999999892816
G2,S1_shift0.0_n4000,catastrophic[oracle],1,0.0,0.0,,0.0,0.0
G2,S1_shift0.0_n4000,top1[oracle],1,1.0,1.0,,1.0,1.0
G2,S1_shift0.0_n4000,global_oof_error[biasvar_mult],1,0.09329736499127378,0.09329736499127378,,0.09329736499127378,0.09329736499127378
G2,S1_shift0.0_n4000,global_oof_regret[biasvar_mult],1,0.0,0.0,,0.0,0.0
G2,S1_shift0.0_n4000,global_oof_oracle_ratio[biasvar_mult],1,0.9999999999892816,0.9999999999892816,,0.9999999999892816,0.9999999999892816
G2,S1_shift0.0_n4000,global_oof_catastrophic[biasvar_mult],1,0.0,0.0,,0.0,0.0
G2,S1_shift0.0_n4000,global_oof_top1[biasvar_mult],1,1.0,1.0,,1.0,1.0
G2,S1_shift0.0_n4000,global_oof_error[biasvar_add],1,0.09329736499127378,0.09329736499127378,,0.09329736499127378,0.09329736499127378
G2,S1_shift0.0_n4000,global_oof_regret[biasvar_add],1,0.0,0.0,,0.0,0.0
G2,S1_shift0.0_n4000,global_oof_oracle_ratio[biasvar_add],1,0.9999999999892816,0.9999999999892816,,0.9999999999892816,0.9999999999892816
G2,S1_shift0.0_n4000,global_oof_catastrophic[biasvar_add],1,0.0,0.0,,0.0,0.0
G2,S1_shift0.0_n4000,global_oof_top1[biasvar_add],1,1.0,1.0,,1.0,1.0
G2,S1_shift0.0_n4000,global_oof_error[MSES],1,0.11495910678591566,0.11495910678591566,,0.11495910678591566,0.11495910678591566
G2,S1_shift0.0_n4000,global_oof_regret[MSES],1,0.02166174179464188,0.02166174179464188,,0.02166174179464188,0.02166174179464188
G2,S1_shift0.0_n4000,global_oof_oracle_ratio[MSES],1,1.2321795668659639,1.2321795668659639,,1.2321795668659639,1.2321795668659639
G2,S1_shift0.0_n4000,global_oof_catastrophic[MSES],1,0.0,0.0,,0.0,0.0
G2,S1_shift0.0_n4000,global_oof_top1[MSES],1,0.0,0.0,,0.0,0.0
G2,S1_shift0.0_n4000,global_oof_top2[MSES],1,1.0,1.0,,1.0,1.0
G2,S1_shift0.0_n4000,spearman[product],1,0.48571428571428577,0.48571428571428577,,0.48571428571428577,0.48571428571428577
G2,S1_shift0.0_n4000,kendall[product],1,0.3333333333333333,0.3333333333333333,,0.3333333333333333,0.3333333333333333
G2,S1_shift0.0_n4000,top2[product],1,1.0,1.0,,1.0,1.0
G2,S1_shift0.0_n4000,spearman[h_only],1,0.35309393180189985,0.35309393180189985,,0.35309393180189985,0.35309393180189985
G2,S1_shift0.0_n4000,kendall[h_only],1,0.21483446221182986,0.21483446221182986,,0.21483446221182986,0.21483446221182986
G2,S1_shift0.0_n4000,top2[h_only],1,1.0,1.0,,1.0,1.0
G2,S1_shift0.0_n4000,spearman[q_only],1,0.41194292043554975,0.41194292043554975,,0.41194292043554975,0.41194292043554975
G2,S1_shift0.0_n4000,kendall[q_only],1,0.3580574370197165,0.3580574370197165,,0.3580574370197165,0.3580574370197165
G2,S1_shift0.0_n4000,top2[q_only],1,1.0,1.0,,1.0,1.0
G2,S1_shift0.0_n4000,spearman[sum],1,0.14285714285714288,0.14285714285714288,,0.14285714285714288,0.14285714285714288
G2,S1_shift0.0_n4000,kendall[sum],1,0.06666666666666665,0.06666666666666665,,0.06666666666666665,0.06666666666666665
G2,S1_shift0.0_n4000,top2[sum],1,1.0,1.0,,1.0,1.0
G2,S1_shift0.0_n4000,spearman[max],1,0.3188740696088466,0.3188740696088466,,0.3188740696088466,0.3188740696088466
G2,S1_shift0.0_n4000,kendall[max],1,0.2760262237369417,0.2760262237369417,,0.2760262237369417,0.2760262237369417
G2,S1_shift0.0_n4000,top2[max],1,1.0,1.0,,1.0,1.0
G2,S1_shift0.0_n4000,spearman[variance_only],1,0.5428571428571429,0.5428571428571429,,0.5428571428571429,0.5428571428571429
G2,S1_shift0.0_n4000,kendall[variance_only],1,0.4666666666666666,0.4666666666666666,,0.4666666666666666,0.4666666666666666
G2,S1_shift0.0_n4000,top2[variance_only],1,0.0,0.0,,0.0,0.0
G2,S1_shift0.0_n4000,spearman[biasvar_mult],1,0.942857142857143,0.942857142857143,,0.942857142857143,0.942857142857143
G2,S1_shift0.0_n4000,kendall[biasvar_mult],1,0.8666666666666666,0.8666666666666666,,0.8666666666666666,0.8666666666666666
G2,S1_shift0.0_n4000,top2[biasvar_mult],1,1.0,1.0,,1.0,1.0
G2,S1_shift0.0_n4000,spearman[biasvar_add],1,0.8285714285714287,0.8285714285714287,,0.8285714285714287,0.8285714285714287
G2,S1_shift0.0_n4000,kendall[biasvar_add],1,0.7333333333333333,0.7333333333333333,,0.7333333333333333,0.7333333333333333
G2,S1_shift0.0_n4000,top2[biasvar_add],1,1.0,1.0,,1.0,1.0
G2,S1_shift0.1_n4000,oracle_best_error,1,0.09329736499127382,0.09329736499127382,,0.09329736499127382,0.09329736499127382
G2,S1_shift0.1_n4000,global_oof_mses_survivor_count,1,4.0,4.0,,4.0,4.0
G2,S1_shift0.1_n4000,global_oof_error[product],1,0.09329736499127382,0.09329736499127382,,0.09329736499127382,0.09329736499127382
G2,S1_shift0.1_n4000,global_oof_regret[product],1,0.0,0.0,,0.0,0.0
G2,S1_shift0.1_n4000,global_oof_oracle_ratio[product],1,0.9999999999892816,0.9999999999892816,,0.9999999999892816,0.9999999999892816
G2,S1_shift0.1_n4000,global_oof_catastrophic[product],1,0.0,0.0,,0.0,0.0
G2,S1_shift0.1_n4000,global_oof_top1[product],1,1.0,1.0,,1.0,1.0
G2,S1_shift0.1_n4000,global_oof_error[h_only],1,0.11495910636088465,0.11495910636088465,,0.11495910636088465,0.11495910636088465
G2,S1_shift0.1_n4000,global_oof_regret[h_only],1,0.021661741369610826,0.021661741369610826,,0.021661741369610826,0.021661741369610826
G2,S1_shift0.1_n4000,global_oof_oracle_ratio[h_only],1,1.232179562310304,1.232179562310304,,1.232179562310304,1.232179562310304
G2,S1_shift0.1_n4000,global_oof_catastrophic[h_only],1,0.0,0.0,,0.0,0.0
G2,S1_shift0.1_n4000,global_oof_top1[h_only],1,0.0,0.0,,0.0,0.0
G2,S1_shift0.1_n4000,global_oof_error[q_only],1,0.1222827521947607,0.1222827521947607,,0.1222827521947607,0.1222827521947607
G2,S1_shift0.1_n4000,global_oof_regret[q_only],1,0.02898538720348688,0.02898538720348688,,0.02898538720348688,0.02898538720348688
G2,S1_shift0.1_n4000,global_oof_oracle_ratio[q_only],1,1.3106774473736447,1.3106774473736447,,1.3106774473736447,1.3106774473736447
G2,S1_shift0.1_n4000,global_oof_catastrophic[q_only],1,0.0,0.0,,0.0,0.0
G2,S1_shift0.1_n4000,global_oof_top1[q_only],1,0.0,0.0,,0.0,0.0
G2,S1_shift0.1_n4000,global_oof_error[sum],1,0.09329736499127382,0.09329736499127382,,0.09329736499127382,0.09329736499127382
G2,S1_shift0.1_n4000,global_oof_regret[sum],1,0.0,0.0,,0.0,0.0
G2,S1_shift0.1_n4000,global_oof_oracle_ratio[sum],1,0.9999999999892816,0.9999999999892816,,0.9999999999892816,0.9999999999892816
G2,S1_shift0.1_n4000,global_oof_catastrophic[sum],1,0.0,0.0,,0.0,0.0
G2,S1_shift0.1_n4000,global_oof_top1[sum],1,1.0,1.0,,1.0,1.0
G2,S1_shift0.1_n4000,global_oof_error[max],1,0.09329736499127382,0.09329736499127382,,0.09329736499127382,0.09329736499127382
G2,S1_shift0.1_n4000,global_oof_regret[max],1,0.0,0.0,,0.0,0.0
G2,S1_shift0.1_n4000,global_oof_oracle_ratio[max],1,0.9999999999892816,0.9999999999892816,,0.9999999999892816,0.9999999999892816
G2,S1_shift0.1_n4000,global_oof_catastrophic[max],1,0.0,0.0,,0.0,0.0
G2,S1_shift0.1_n4000,global_oof_top1[max],1,1.0,1.0,,1.0,1.0
G2,S1_shift0.1_n4000,global_oof_error[variance_only],1,0.11495910636088465,0.11495910636088465,,0.11495910636088465,0.11495910636088465
G2,S1_shift0.1_n4000,global_oof_regret[variance_only],1,0.021661741369610826,0.021661741369610826,,0.021661741369610826,0.021661741369610826
G2,S1_shift0.1_n4000,global_oof_oracle_ratio[variance_only],1,1.232179562310304,1.232179562310304,,1.232179562310304,1.232179562310304
G2,S1_shift0.1_n4000,global_oof_catastrophic[variance_only],1,0.0,0.0,,0.0,0.0
G2,S1_shift0.1_n4000,global_oof_top1[variance_only],1,0.0,0.0,,0.0,0.0
G2,S1_shift0.1_n4000,global_oof_error[fixed_sieve1],1,0.09329736499127382,0.09329736499127382,,0.09329736499127382,0.09329736499127382
G2,S1_shift0.1_n4000,global_oof_regret[fixed_sieve1],1,0.0,0.0,,0.0,0.0
G2,S1_shift0.1_n4000,global_oof_oracle_ratio[fixed_sieve1],1,0.9999999999892816,0.9999999999892816,,0.9999999999892816,0.9999999999892816
G2,S1_shift0.1_n4000,global_oof_catastrophic[fixed_sieve1],1,0.0,0.0,,0.0,0.0
G2,S1_shift0.1_n4000,global_oof_top1[fixed_sieve1],1,1.0,1.0,,1.0,1.0
G2,S1_shift0.1_n4000,global_oof_error[fixed_kernel],1,0.27226816270866344,0.27226816270866344,,0.27226816270866344,0.27226816270866344
G2,S1_shift0.1_n4000,global_oof_regret[fixed_kernel],1,0.1789707977173896,0.1789707977173896,,0.1789707977173896,0.1789707977173896
G2,S1_shift0.1_n4000,global_oof_oracle_ratio[fixed_kernel],1,2.918283519917316,2.918283519917316,,2.918283519917316,2.918283519917316
G2,S1_shift0.1_n4000,global_oof_catastrophic[fixed_kernel],1,1.0,1.0,,1.0,1.0
G2,S1_shift0.1_n4000,global_oof_top1[fixed_kernel],1,0.0,0.0,,0.0,0.0
G2,S1_shift0.1_n4000,global_oof_error[random],1,0.27226816270866344,0.27226816270866344,,0.27226816270866344,0.27226816270866344
G2,S1_shift0.1_n4000,global_oof_regret[random],1,0.1789707977173896,0.1789707977173896,,0.1789707977173896,0.1789707977173896
G2,S1_shift0.1_n4000,global_oof_oracle_ratio[random],1,2.918283519917316,2.918283519917316,,2.918283519917316,2.918283519917316
G2,S1_shift0.1_n4000,global_oof_catastrophic[random],1,1.0,1.0,,1.0,1.0
G2,S1_shift0.1_n4000,global_oof_top1[random],1,0.0,0.0,,0.0,0.0
G2,S1_shift0.1_n4000,error[oracle],1,0.09329736499127382,0.09329736499127382,,0.09329736499127382,0.09329736499127382
G2,S1_shift0.1_n4000,regret[oracle],1,0.0,0.0,,0.0,0.0
G2,S1_shift0.1_n4000,oracle_ratio[oracle],1,0.9999999999892816,0.9999999999892816,,0.9999999999892816,0.9999999999892816
G2,S1_shift0.1_n4000,catastrophic[oracle],1,0.0,0.0,,0.0,0.0
G2,S1_shift0.1_n4000,top1[oracle],1,1.0,1.0,,1.0,1.0
G2,S1_shift0.1_n4000,global_oof_error[biasvar_mult],1,0.09329736499127382,0.09329736499127382,,0.09329736499127382,0.09329736499127382
G2,S1_shift0.1_n4000,global_oof_regret[biasvar_mult],1,0.0,0.0,,0.0,0.0
G2,S1_shift0.1_n4000,global_oof_oracle_ratio[biasvar_mult],1,0.9999999999892816,0.9999999999892816,,0.9999999999892816,0.9999999999892816
G2,S1_shift0.1_n4000,global_oof_catastrophic[biasvar_mult],1,0.0,0.0,,0.0,0.0
G2,S1_shift0.1_n4000,global_oof_top1[biasvar_mult],1,1.0,1.0,,1.0,1.0
G2,S1_shift0.1_n4000,global_oof_error[biasvar_add],1,0.09329736499127382,0.09329736499127382,,0.09329736499127382,0.09329736499127382
G2,S1_shift0.1_n4000,global_oof_regret[biasvar_add],1,0.0,0.0,,0.0,0.0
G2,S1_shift0.1_n4000,global_oof_oracle_ratio[biasvar_add],1,0.9999999999892816,0.9999999999892816,,0.9999999999892816,0.9999999999892816
G2,S1_shift0.1_n4000,global_oof_catastrophic[biasvar_add],1,0.0,0.0,,0.0,0.0
G2,S1_shift0.1_n4000,global_oof_top1[biasvar_add],1,1.0,1.0,,1.0,1.0
G2,S1_shift0.1_n4000,global_oof_error[MSES],1,0.11495910636088465,0.11495910636088465,,0.11495910636088465,0.11495910636088465
G2,S1_shift0.1_n4000,global_oof_regret[MSES],1,0.021661741369610826,0.021661741369610826,,0.021661741369610826,0.021661741369610826
G2,S1_shift0.1_n4000,global_oof_oracle_ratio[MSES],1,1.232179562310304,1.232179562310304,,1.232179562310304,1.232179562310304
G2,S1_shift0.1_n4000,global_oof_catastrophic[MSES],1,0.0,0.0,,0.0,0.0
G2,S1_shift0.1_n4000,global_oof_top1[MSES],1,0.0,0.0,,0.0,0.0
G2,S1_shift0.1_n4000,global_oof_top2[MSES],1,1.0,1.0,,1.0,1.0
G2,S1_shift0.1_n4000,spearman[product],1,0.48571428571428577,0.48571428571428577,,0.48571428571428577,0.48571428571428577
G2,S1_shift0.1_n4000,kendall[product],1,0.3333333333333333,0.3333333333333333,,0.3333333333333333,0.3333333333333333
G2,S1_shift0.1_n4000,top2[product],1,1.0,1.0,,1.0,1.0
G2,S1_shift0.1_n4000,spearman[h_only],1,0.6473388749701496,0.6473388749701496,,0.6473388749701496,0.6473388749701496
G2,S1_shift0.1_n4000,kendall[h_only],1,0.5012804118276031,0.5012804118276031,,0.5012804118276031,0.5012804118276031
G2,S1_shift0.1_n4000,top2[h_only],1,1.0,1.0,,1.0,1.0
G2,S1_shift0.1_n4000,spearman[q_only],1,0.41194292043554975,0.41194292043554975,,0.41194292043554975,0.41194292043554975
G2,S1_shift0.1_n4000,kendall[q_only],1,0.3580574370197165,0.3580574370197165,,0.3580574370197165,0.3580574370197165
G2,S1_shift0.1_n4000,top2[q_only],1,1.0,1.0,,1.0,1.0
G2,S1_shift0.1_n4000,spearman[sum],1,0.3142857142857143,0.3142857142857143,,0.3142857142857143,0.3142857142857143
G2,S1_shift0.1_n4000,kendall[sum],1,0.2,0.2,,0.2,0.2
G2,S1_shift0.1_n4000,top2[sum],1,1.0,1.0,,1.0,1.0
G2,S1_shift0.1_n4000,spearman[max],1,0.3188740696088466,0.3188740696088466,,0.3188740696088466,0.3188740696088466
G2,S1_shift0.1_n4000,kendall[max],1,0.2760262237369417,0.2760262237369417,,0.2760262237369417,0.2760262237369417
G2,S1_shift0.1_n4000,top2[max],1,1.0,1.0,,1.0,1.0
G2,S1_shift0.1_n4000,spearman[variance_only],1,0.5428571428571429,0.5428571428571429,,0.5428571428571429,0.5428571428571429
G2,S1_shift0.1_n4000,kendall[variance_only],1,0.4666666666666666,0.4666666666666666,,0.4666666666666666,0.4666666666666666
G2,S1_shift0.1_n4000,top2[variance_only],1,0.0,0.0,,0.0,0.0
G2,S1_shift0.1_n4000,spearman[biasvar_mult],1,0.942857142857143,0.942857142857143,,0.942857142857143,0.942857142857143
G2,S1_shift0.1_n4000,kendall[biasvar_mult],1,0.8666666666666666,0.8666666666666666,,0.8666666666666666,0.8666666666666666
G2,S1_shift0.1_n4000,top2[biasvar_mult],1,1.0,1.0,,1.0,1.0
G2,S1_shift0.1_n4000,spearman[biasvar_add],1,0.8285714285714287,0.8285714285714287,,0.8285714285714287,0.8285714285714287
G2,S1_shift0.1_n4000,kendall[biasvar_add],1,0.7333333333333333,0.7333333333333333,,0.7333333333333333,0.7333333333333333
G2,S1_shift0.1_n4000,top2[biasvar_add],1,1.0,1.0,,1.0,1.0
G2,S1_shift0.2_n4000,oracle_best_error,1,0.09329736499127385,0.09329736499127385,,0.09329736499127385,0.09329736499127385
G2,S1_shift0.2_n4000,global_oof_mses_survivor_count,1,4.0,4.0,,4.0,4.0
G2,S1_shift0.2_n4000,global_oof_error[product],1,0.09329736499127385,0.09329736499127385,,0.09329736499127385,0.09329736499127385
G2,S1_shift0.2_n4000,global_oof_regret[product],1,0.0,0.0,,0.0,0.0
G2,S1_shift0.2_n4000,global_oof_oracle_ratio[product],1,0.9999999999892816,0.9999999999892816,,0.9999999999892816,0.9999999999892816
G2,S1_shift0.2_n4000,global_oof_catastrophic[product],1,0.0,0.0,,0.0,0.0
G2,S1_shift0.2_n4000,global_oof_top1[product],1,1.0,1.0,,1.0,1.0
G2,S1_shift0.2_n4000,global_oof_error[h_only],1,0.140825799596116,0.140825799596116,,0.140825799596116,0.140825799596116
G2,S1_shift0.2_n4000,global_oof_regret[h_only],1,0.04752843460484214,0.04752843460484214,,0.04752843460484214,0.04752843460484214
G2,S1_shift0.2_n4000,global_oof_oracle_ratio[h_only],1,1.5094295493530612,1.5094295493530612,,1.5094295493530612,1.5094295493530612
G2,S1_shift0.2_n4000,global_oof_catastrophic[h_only],1,1.0,1.0,,1.0,1.0
G2,S1_shift0.2_n4000,global_oof_top1[h_only],1,0.0,0.0,,0.0,0.0
G2,S1_shift0.2_n4000,global_oof_error[q_only],1,0.12228281616306887,0.12228281616306887,,0.12228281616306887,0.12228281616306887
G2,S1_shift0.2_n4000,global_oof_regret[q_only],1,0.028985451171795018,0.028985451171795018,,0.028985451171795018,0.028985451171795018
G2,S1_shift0.2_n4000,global_oof_oracle_ratio[q_only],1,1.310678133012603,1.310678133012603,,1.310678133012603,1.310678133012603
G2,S1_shift0.2_n4000,global_oof_catastrophic[q_only],1,0.0,0.0,,0.0,0.0
G2,S1_shift0.2_n4000,global_oof_top1[q_only],1,0.0,0.0,,0.0,0.0
G2,S1_shift0.2_n4000,global_oof_error[sum],1,0.09329736499127385,0.09329736499127385,,0.09329736499127385,0.09329736499127385
G2,S1_shift0.2_n4000,global_oof_regret[sum],1,0.0,0.0,,0.0,0.0
G2,S1_shift0.2_n4000,global_oof_oracle_ratio[sum],1,0.9999999999892816,0.9999999999892816,,0.9999999999892816,0.9999999999892816
G2,S1_shift0.2_n4000,global_oof_catastrophic[sum],1,0.0,0.0,,0.0,0.0
G2,S1_shift0.2_n4000,global_oof_top1[sum],1,1.0,1.0,,1.0,1.0
G2,S1_shift0.2_n4000,global_oof_error[max],1,0.09329736499127385,0.09329736499127385,,0.09329736499127385,0.09329736499127385
G2,S1_shift0.2_n4000,global_oof_regret[max],1,0.0,0.0,,0.0,0.0
G2,S1_shift0.2_n4000,global_oof_oracle_ratio[max],1,0.9999999999892816,0.9999999999892816,,0.9999999999892816,0.9999999999892816
G2,S1_shift0.2_n4000,global_oof_catastrophic[max],1,0.0,0.0,,0.0,0.0
G2,S1_shift0.2_n4000,global_oof_top1[max],1,1.0,1.0,,1.0,1.0
G2,S1_shift0.2_n4000,global_oof_error[variance_only],1,0.11495910612004052,0.11495910612004052,,0.11495910612004052,0.11495910612004052
G2,S1_shift0.2_n4000,global_oof_regret[variance_only],1,0.021661741128766676,0.021661741128766676,,0.021661741128766676,0.021661741128766676
G2,S1_shift0.2_n4000,global_oof_oracle_ratio[variance_only],1,1.232179559728836,1.232179559728836,,1.232179559728836,1.232179559728836
G2,S1_shift0.2_n4000,global_oof_catastrophic[variance_only],1,0.0,0.0,,0.0,0.0
G2,S1_shift0.2_n4000,global_oof_top1[variance_only],1,0.0,0.0,,0.0,0.0
G2,S1_shift0.2_n4000,global_oof_error[fixed_sieve1],1,0.09329736499127385,0.09329736499127385,,0.09329736499127385,0.09329736499127385
G2,S1_shift0.2_n4000,global_oof_regret[fixed_sieve1],1,0.0,0.0,,0.0,0.0
G2,S1_shift0.2_n4000,global_oof_oracle_ratio[fixed_sieve1],1,0.9999999999892816,0.9999999999892816,,0.9999999999892816,0.9999999999892816
G2,S1_shift0.2_n4000,global_oof_catastrophic[fixed_sieve1],1,0.0,0.0,,0.0,0.0
G2,S1_shift0.2_n4000,global_oof_top1[fixed_sieve1],1,1.0,1.0,,1.0,1.0
G2,S1_shift0.2_n4000,global_oof_error[fixed_kernel],1,0.2722684279229342,0.2722684279229342,,0.2722684279229342,0.2722684279229342
G2,S1_shift0.2_n4000,global_oof_regret[fixed_kernel],1,0.17897106293166037,0.17897106293166037,,0.17897106293166037,0.17897106293166037
G2,S1_shift0.2_n4000,global_oof_oracle_ratio[fixed_kernel],1,2.9182863625942845,2.9182863625942845,,2.9182863625942845,2.9182863625942845
G2,S1_shift0.2_n4000,global_oof_catastrophic[fixed_kernel],1,1.0,1.0,,1.0,1.0
G2,S1_shift0.2_n4000,global_oof_top1[fixed_kernel],1,0.0,0.0,,0.0,0.0
G2,S1_shift0.2_n4000,global_oof_error[random],1,0.2722684279229342,0.2722684279229342,,0.2722684279229342,0.2722684279229342
G2,S1_shift0.2_n4000,global_oof_regret[random],1,0.17897106293166037,0.17897106293166037,,0.17897106293166037,0.17897106293166037
G2,S1_shift0.2_n4000,global_oof_oracle_ratio[random],1,2.9182863625942845,2.9182863625942845,,2.9182863625942845,2.9182863625942845
G2,S1_shift0.2_n4000,global_oof_catastrophic[random],1,1.0,1.0,,1.0,1.0
G2,S1_shift0.2_n4000,global_oof_top1[random],1,0.0,0.0,,0.0,0.0
G2,S1_shift0.2_n4000,error[oracle],1,0.09329736499127385,0.09329736499127385,,0.09329736499127385,0.09329736499127385
G2,S1_shift0.2_n4000,regret[oracle],1,0.0,0.0,,0.0,0.0
G2,S1_shift0.2_n4000,oracle_ratio[oracle],1,0.9999999999892816,0.9999999999892816,,0.9999999999892816,0.9999999999892816
G2,S1_shift0.2_n4000,catastrophic[oracle],1,0.0,0.0,,0.0,0.0
G2,S1_shift0.2_n4000,top1[oracle],1,1.0,1.0,,1.0,1.0
G2,S1_shift0.2_n4000,global_oof_error[biasvar_mult],1,0.09329736499127385,0.09329736499127385,,0.09329736499127385,0.09329736499127385
G2,S1_shift0.2_n4000,global_oof_regret[biasvar_mult],1,0.0,0.0,,0.0,0.0
G2,S1_shift0.2_n4000,global_oof_oracle_ratio[biasvar_mult],1,0.9999999999892816,0.9999999999892816,,0.9999999999892816,0.9999999999892816
G2,S1_shift0.2_n4000,global_oof_catastrophic[biasvar_mult],1,0.0,0.0,,0.0,0.0
G2,S1_shift0.2_n4000,global_oof_top1[biasvar_mult],1,1.0,1.0,,1.0,1.0
G2,S1_shift0.2_n4000,global_oof_error[biasvar_add],1,0.09329736499127385,0.09329736499127385,,0.09329736499127385,0.09329736499127385
G2,S1_shift0.2_n4000,global_oof_regret[biasvar_add],1,0.0,0.0,,0.0,0.0
G2,S1_shift0.2_n4000,global_oof_oracle_ratio[biasvar_add],1,0.9999999999892816,0.9999999999892816,,0.9999999999892816,0.9999999999892816
G2,S1_shift0.2_n4000,global_oof_catastrophic[biasvar_add],1,0.0,0.0,,0.0,0.0
G2,S1_shift0.2_n4000,global_oof_top1[biasvar_add],1,1.0,1.0,,1.0,1.0
G2,S1_shift0.2_n4000,global_oof_error[MSES],1,0.11495910612004052,0.11495910612004052,,0.11495910612004052,0.11495910612004052
G2,S1_shift0.2_n4000,global_oof_regret[MSES],1,0.021661741128766676,0.021661741128766676,,0.021661741128766676,0.021661741128766676
G2,S1_shift0.2_n4000,global_oof_oracle_ratio[MSES],1,1.232179559728836,1.232179559728836,,1.232179559728836,1.232179559728836
G2,S1_shift0.2_n4000,global_oof_catastrophic[MSES],1,0.0,0.0,,0.0,0.0
G2,S1_shift0.2_n4000,global_oof_top1[MSES],1,0.0,0.0,,0.0,0.0
G2,S1_shift0.2_n4000,global_oof_top2[MSES],1,1.0,1.0,,1.0,1.0
G2,S1_shift0.2_n4000,spearman[product],1,0.48571428571428577,0.48571428571428577,,0.48571428571428577,0.48571428571428577
G2,S1_shift0.2_n4000,kendall[product],1,0.3333333333333333,0.3333333333333333,,0.3333333333333333,0.3333333333333333
G2,S1_shift0.2_n4000,top2[product],1,1.0,1.0,,1.0,1.0
G2,S1_shift0.2_n4000,spearman[h_only],1,0.35309393180189985,0.35309393180189985,,0.35309393180189985,0.35309393180189985
G2,S1_shift0.2_n4000,kendall[h_only],1,0.21483446221182986,0.21483446221182986,,0.21483446221182986,0.21483446221182986
G2,S1_shift0.2_n4000,top2[h_only],1,1.0,1.0,,1.0,1.0
G2,S1_shift0.2_n4000,spearman[q_only],1,0.41194292043554975,0.41194292043554975,,0.41194292043554975,0.41194292043554975
G2,S1_shift0.2_n4000,kendall[q_only],1,0.3580574370197165,0.3580574370197165,,0.3580574370197165,0.3580574370197165
G2,S1_shift0.2_n4000,top2[q_only],1,1.0,1.0,,1.0,1.0
G2,S1_shift0.2_n4000,spearman[sum],1,0.3142857142857143,0.3142857142857143,,0.3142857142857143,0.3142857142857143
G2,S1_shift0.2_n4000,kendall[sum],1,0.2,0.2,,0.2,0.2
G2,S1_shift0.2_n4000,top2[sum],1,1.0,1.0,,1.0,1.0
G2,S1_shift0.2_n4000,spearman[max],1,0.3188740696088466,0.3188740696088466,,0.3188740696088466,0.3188740696088466
G2,S1_shift0.2_n4000,kendall[max],1,0.2760262237369417,0.2760262237369417,,0.2760262237369417,0.2760262237369417
G2,S1_shift0.2_n4000,top2[max],1,1.0,1.0,,1.0,1.0
G2,S1_shift0.2_n4000,spearman[variance_only],1,0.5428571428571429,0.5428571428571429,,0.5428571428571429,0.5428571428571429
G2,S1_shift0.2_n4000,kendall[variance_only],1,0.4666666666666666,0.4666666666666666,,0.4666666666666666,0.4666666666666666
G2,S1_shift0.2_n4000,top2[variance_only],1,0.0,0.0,,0.0,0.0
G2,S1_shift0.2_n4000,spearman[biasvar_mult],1,0.942857142857143,0.942857142857143,,0.942857142857143,0.942857142857143
G2,S1_shift0.2_n4000,kendall[biasvar_mult],1,0.8666666666666666,0.8666666666666666,,0.8666666666666666,0.8666666666666666
G2,S1_shift0.2_n4000,top2[biasvar_mult],1,1.0,1.0,,1.0,1.0
G2,S1_shift0.2_n4000,spearman[biasvar_add],1,0.8285714285714287,0.8285714285714287,,0.8285714285714287,0.8285714285714287
G2,S1_shift0.2_n4000,kendall[biasvar_add],1,0.7333333333333333,0.7333333333333333,,0.7333333333333333,0.7333333333333333
G2,S1_shift0.2_n4000,top2[biasvar_add],1,1.0,1.0,,1.0,1.0
G2,S1_shift0.3_n4000,oracle_best_error,1,0.09329736499127388,0.09329736499127388,,0.09329736499127388,0.09329736499127388
G2,S1_shift0.3_n4000,global_oof_mses_survivor_count,1,4.0,4.0,,4.0,4.0
G2,S1_shift0.3_n4000,global_oof_error[product],1,0.09329736499127388,0.09329736499127388,,0.09329736499127388,0.09329736499127388
G2,S1_shift0.3_n4000,global_oof_regret[product],1,0.0,0.0,,0.0,0.0
G2,S1_shift0.3_n4000,global_oof_oracle_ratio[product],1,0.9999999999892816,0.9999999999892816,,0.9999999999892816,0.9999999999892816
G2,S1_shift0.3_n4000,global_oof_catastrophic[product],1,0.0,0.0,,0.0,0.0
G2,S1_shift0.3_n4000,global_oof_top1[product],1,1.0,1.0,,1.0,1.0
G2,S1_shift0.3_n4000,global_oof_error[h_only],1,0.14082579959611485,0.14082579959611485,,0.14082579959611485,0.14082579959611485
G2,S1_shift0.3_n4000,global_oof_regret[h_only],1,0.04752843460484098,0.04752843460484098,,0.04752843460484098,0.04752843460484098
G2,S1_shift0.3_n4000,global_oof_oracle_ratio[h_only],1,1.5094295493530485,1.5094295493530485,,1.5094295493530485,1.5094295493530485
G2,S1_shift0.3_n4000,global_oof_catastrophic[h_only],1,1.0,1.0,,1.0,1.0
G2,S1_shift0.3_n4000,global_oof_top1[h_only],1,0.0,0.0,,0.0,0.0
G2,S1_shift0.3_n4000,global_oof_error[q_only],1,0.12228281603828679,0.12228281603828679,,0.12228281603828679,0.12228281603828679
G2,S1_shift0.3_n4000,global_oof_regret[q_only],1,0.028985451047012917,0.028985451047012917,,0.028985451047012917,0.028985451047012917
G2,S1_shift0.3_n4000,global_oof_oracle_ratio[q_only],1,1.3106781316751361,1.3106781316751361,,1.3106781316751361,1.3106781316751361
G2,S1_shift0.3_n4000,global_oof_catastrophic[q_only],1,0.0,0.0,,0.0,0.0
G2,S1_shift0.3_n4000,global_oof_top1[q_only],1,0.0,0.0,,0.0,0.0
G2,S1_shift0.3_n4000,global_oof_error[sum],1,0.09329736499127388,0.09329736499127388,,0.09329736499127388,0.09329736499127388
G2,S1_shift0.3_n4000,global_oof_regret[sum],1,0.0,0.0,,0.0,0.0
G2,S1_shift0.3_n4000,global_oof_oracle_ratio[sum],1,0.9999999999892816,0.9999999999892816,,0.9999999999892816,0.9999999999892816
G2,S1_shift0.3_n4000,global_oof_catastrophic[sum],1,0.0,0.0,,0.0,0.0
G2,S1_shift0.3_n4000,global_oof_top1[sum],1,1.0,1.0,,1.0,1.0
G2,S1_shift0.3_n4000,global_oof_error[max],1,0.09329736499127388,0.09329736499127388,,0.09329736499127388,0.09329736499127388
G2,S1_shift0.3_n4000,global_oof_regret[max],1,0.0,0.0,,0.0,0.0
G2,S1_shift0.3_n4000,global_oof_oracle_ratio[max],1,0.9999999999892816,0.9999999999892816,,0.9999999999892816,0.9999999999892816
G2,S1_shift0.3_n4000,global_oof_catastrophic[max],1,0.0,0.0,,0.0,0.0
G2,S1_shift0.3_n4000,global_oof_top1[max],1,1.0,1.0,,1.0,1.0
G2,S1_shift0.3_n4000,global_oof_error[variance_only],1,0.1149591060623301,0.1149591060623301,,0.1149591060623301,0.1149591060623301
G2,S1_shift0.3_n4000,global_oof_regret[variance_only],1,0.02166174107105623,0.02166174107105623,,0.02166174107105623,0.02166174107105623
G2,S1_shift0.3_n4000,global_oof_oracle_ratio[variance_only],1,1.2321795591102715,1.2321795591102715,,1.2321795591102715,1.2321795591102715
G2,S1_shift0.3_n4000,global_oof_catastrophic[variance_only],1,0.0,0.0,,0.0,0.0
G2,S1_shift0.3_n4000,global_oof_top1[variance_only],1,0.0,0.0,,0.0,0.0
G2,S1_shift0.3_n4000,global_oof_error[fixed_sieve1],1,0.09329736499127388,0.09329736499127388,,0.09329736499127388,0.09329736499127388
G2,S1_shift0.3_n4000,global_oof_regret[fixed_sieve1],1,0.0,0.0,,0.0,0.0
G2,S1_shift0.3_n4000,global_oof_oracle_ratio[fixed_sieve1],1,0.9999999999892816,0.9999999999892816,,0.9999999999892816,0.9999999999892816
G2,S1_shift0.3_n4000,global_oof_catastrophic[fixed_sieve1],1,0.0,0.0,,0.0,0.0
G2,S1_shift0.3_n4000,global_oof_top1[fixed_sieve1],1,1.0,1.0,,1.0,1.0
G2,S1_shift0.3_n4000,global_oof_error[fixed_kernel],1,0.27226842840609655,0.27226842840609655,,0.27226842840609655,0.27226842840609655
G2,S1_shift0.3_n4000,global_oof_regret[fixed_kernel],1,0.17897106341482266,0.17897106341482266,,0.17897106341482266,0.17897106341482266
G2,S1_shift0.3_n4000,global_oof_oracle_ratio[fixed_kernel],1,2.918286367773019,2.918286367773019,,2.918286367773019,2.918286367773019
G2,S1_shift0.3_n4000,global_oof_catastrophic[fixed_kernel],1,1.0,1.0,,1.0,1.0
G2,S1_shift0.3_n4000,global_oof_top1[fixed_kernel],1,0.0,0.0,,0.0,0.0
G2,S1_shift0.3_n4000,global_oof_error[random],1,0.27226842840609655,0.27226842840609655,,0.27226842840609655,0.27226842840609655
G2,S1_shift0.3_n4000,global_oof_regret[random],1,0.17897106341482266,0.17897106341482266,,0.17897106341482266,0.17897106341482266
G2,S1_shift0.3_n4000,global_oof_oracle_ratio[random],1,2.918286367773019,2.918286367773019,,2.918286367773019,2.918286367773019
G2,S1_shift0.3_n4000,global_oof_catastrophic[random],1,1.0,1.0,,1.0,1.0
G2,S1_shift0.3_n4000,global_oof_top1[random],1,0.0,0.0,,0.0,0.0
G2,S1_shift0.3_n4000,error[oracle],1,0.09329736499127388,0.09329736499127388,,0.09329736499127388,0.09329736499127388
G2,S1_shift0.3_n4000,regret[oracle],1,0.0,0.0,,0.0,0.0
G2,S1_shift0.3_n4000,oracle_ratio[oracle],1,0.9999999999892816,0.9999999999892816,,0.9999999999892816,0.9999999999892816
G2,S1_shift0.3_n4000,catastrophic[oracle],1,0.0,0.0,,0.0,0.0
G2,S1_shift0.3_n4000,top1[oracle],1,1.0,1.0,,1.0,1.0
G2,S1_shift0.3_n4000,global_oof_error[biasvar_mult],1,0.09329736499127388,0.09329736499127388,,0.09329736499127388,0.09329736499127388
G2,S1_shift0.3_n4000,global_oof_regret[biasvar_mult],1,0.0,0.0,,0.0,0.0
G2,S1_shift0.3_n4000,global_oof_oracle_ratio[biasvar_mult],1,0.9999999999892816,0.9999999999892816,,0.9999999999892816,0.9999999999892816
G2,S1_shift0.3_n4000,global_oof_catastrophic[biasvar_mult],1,0.0,0.0,,0.0,0.0
G2,S1_shift0.3_n4000,global_oof_top1[biasvar_mult],1,1.0,1.0,,1.0,1.0
G2,S1_shift0.3_n4000,global_oof_error[biasvar_add],1,0.09329736499127388,0.09329736499127388,,0.09329736499127388,0.09329736499127388
G2,S1_shift0.3_n4000,global_oof_regret[biasvar_add],1,0.0,0.0,,0.0,0.0
G2,S1_shift0.3_n4000,global_oof_oracle_ratio[biasvar_add],1,0.9999999999892816,0.9999999999892816,,0.9999999999892816,0.9999999999892816
G2,S1_shift0.3_n4000,global_oof_catastrophic[biasvar_add],1,0.0,0.0,,0.0,0.0
G2,S1_shift0.3_n4000,global_oof_top1[biasvar_add],1,1.0,1.0,,1.0,1.0
G2,S1_shift0.3_n4000,global_oof_error[MSES],1,0.1149591060623301,0.1149591060623301,,0.1149591060623301,0.1149591060623301
G2,S1_shift0.3_n4000,global_oof_regret[MSES],1,0.02166174107105623,0.02166174107105623,,0.02166174107105623,0.02166174107105623
G2,S1_shift0.3_n4000,global_oof_oracle_ratio[MSES],1,1.2321795591102715,1.2321795591102715,,1.2321795591102715,1.2321795591102715
G2,S1_shift0.3_n4000,global_oof_catastrophic[MSES],1,0.0,0.0,,0.0,0.0
G2,S1_shift0.3_n4000,global_oof_top1[MSES],1,0.0,0.0,,0.0,0.0
G2,S1_shift0.3_n4000,global_oof_top2[MSES],1,1.0,1.0,,1.0,1.0
G2,S1_shift0.3_n4000,spearman[product],1,0.48571428571428577,0.48571428571428577,,0.48571428571428577,0.48571428571428577
G2,S1_shift0.3_n4000,kendall[product],1,0.3333333333333333,0.3333333333333333,,0.3333333333333333,0.3333333333333333
G2,S1_shift0.3_n4000,top2[product],1,1.0,1.0,,1.0,1.0
G2,S1_shift0.3_n4000,spearman[h_only],1,0.35309393180189985,0.35309393180189985,,0.35309393180189985,0.35309393180189985
G2,S1_shift0.3_n4000,kendall[h_only],1,0.21483446221182986,0.21483446221182986,,0.21483446221182986,0.21483446221182986
G2,S1_shift0.3_n4000,top2[h_only],1,1.0,1.0,,1.0,1.0
G2,S1_shift0.3_n4000,spearman[q_only],1,0.41194292043554975,0.41194292043554975,,0.41194292043554975,0.41194292043554975
G2,S1_shift0.3_n4000,kendall[q_only],1,0.3580574370197165,0.3580574370197165,,0.3580574370197165,0.3580574370197165
G2,S1_shift0.3_n4000,top2[q_only],1,1.0,1.0,,1.0,1.0
G2,S1_shift0.3_n4000,spearman[sum],1,0.3142857142857143,0.3142857142857143,,0.3142857142857143,0.3142857142857143
G2,S1_shift0.3_n4000,kendall[sum],1,0.2,0.2,,0.2,0.2
G2,S1_shift0.3_n4000,top2[sum],1,1.0,1.0,,1.0,1.0
G2,S1_shift0.3_n4000,spearman[max],1,0.23190841426097936,0.23190841426097936,,0.23190841426097936,0.23190841426097936
G2,S1_shift0.3_n4000,kendall[max],1,0.13801311186847084,0.13801311186847084,,0.13801311186847084,0.13801311186847084
G2,S1_shift0.3_n4000,top2[max],1,1.0,1.0,,1.0,1.0
G2,S1_shift0.3_n4000,spearman[variance_only],1,0.5428571428571429,0.5428571428571429,,0.5428571428571429,0.5428571428571429
G2,S1_shift0.3_n4000,kendall[variance_only],1,0.4666666666666666,0.4666666666666666,,0.4666666666666666,0.4666666666666666
G2,S1_shift0.3_n4000,top2[variance_only],1,0.0,0.0,,0.0,0.0
G2,S1_shift0.3_n4000,spearman[biasvar_mult],1,0.942857142857143,0.942857142857143,,0.942857142857143,0.942857142857143
G2,S1_shift0.3_n4000,kendall[biasvar_mult],1,0.8666666666666666,0.8666666666666666,,0.8666666666666666,0.8666666666666666
G2,S1_shift0.3_n4000,top2[biasvar_mult],1,1.0,1.0,,1.0,1.0
G2,S1_shift0.3_n4000,spearman[biasvar_add],1,0.8285714285714287,0.8285714285714287,,0.8285714285714287,0.8285714285714287
G2,S1_shift0.3_n4000,kendall[biasvar_add],1,0.7333333333333333,0.7333333333333333,,0.7333333333333333,0.7333333333333333
G2,S1_shift0.3_n4000,top2[biasvar_add],1,1.0,1.0,,1.0,1.0
H2,L_n1000_low,oracle_best_error,1,0.030466071113262827,0.030466071113262827,,0.030466071113262827,0.030466071113262827
H2,L_n1000_low,global_oof_mses_survivor_count,1,4.0,4.0,,4.0,4.0
H2,L_n1000_low,global_oof_error[product],1,0.4974187366476444,0.4974187366476444,,0.4974187366476444,0.4974187366476444
H2,L_n1000_low,global_oof_regret[product],1,0.4669526655343816,0.4669526655343816,,0.4669526655343816,0.4669526655343816
H2,L_n1000_low,global_oof_oracle_ratio[product],1,16.32697353006491,16.32697353006491,,16.32697353006491,16.32697353006491
H2,L_n1000_low,global_oof_catastrophic[product],1,1.0,1.0,,1.0,1.0
H2,L_n1000_low,global_oof_top1[product],1,0.0,0.0,,0.0,0.0
H2,L_n1000_low,global_oof_error[h_only],1,7.491027190312264,7.491027190312264,,7.491027190312264,7.491027190312264
H2,L_n1000_low,global_oof_regret[h_only],1,7.460561119199001,7.460561119199001,,7.460561119199001,7.460561119199001
H2,L_n1000_low,global_oof_oracle_ratio[h_only],1,245.8809723845654,245.8809723845654,,245.8809723845654,245.8809723845654
H2,L_n1000_low,global_oof_catastrophic[h_only],1,1.0,1.0,,1.0,1.0
H2,L_n1000_low,global_oof_top1[h_only],1,0.0,0.0,,0.0,0.0
H2,L_n1000_low,global_oof_error[q_only],1,0.1252569839938532,0.1252569839938532,,0.1252569839938532,0.1252569839938532
H2,L_n1000_low,global_oof_regret[q_only],1,0.09479091288059038,0.09479091288059038,,0.09479091288059038,0.09479091288059038
H2,L_n1000_low,global_oof_oracle_ratio[q_only],1,4.111359929676446,4.111359929676446,,4.111359929676446,4.111359929676446
H2,L_n1000_low,global_oof_catastrophic[q_only],1,1.0,1.0,,1.0,1.0
H2,L_n1000_low,global_oof_top1[q_only],1,0.0,0.0,,0.0,0.0
H2,L_n1000_low,global_oof_error[sum],1,0.4974187366476444,0.4974187366476444,,0.4974187366476444,0.4974187366476444
H2,L_n1000_low,global_oof_regret[sum],1,0.4669526655343816,0.4669526655343816,,0.4669526655343816,0.4669526655343816
H2,L_n1000_low,global_oof_oracle_ratio[sum],1,16.32697353006491,16.32697353006491,,16.32697353006491,16.32697353006491
H2,L_n1000_low,global_oof_catastrophic[sum],1,1.0,1.0,,1.0,1.0
H2,L_n1000_low,global_oof_top1[sum],1,0.0,0.0,,0.0,0.0
H2,L_n1000_low,global_oof_error[max],1,0.4974187366476444,0.4974187366476444,,0.4974187366476444,0.4974187366476444
H2,L_n1000_low,global_oof_regret[max],1,0.4669526655343816,0.4669526655343816,,0.4669526655343816,0.4669526655343816
H2,L_n1000_low,global_oof_oracle_ratio[max],1,16.32697353006491,16.32697353006491,,16.32697353006491,16.32697353006491
H2,L_n1000_low,global_oof_catastrophic[max],1,1.0,1.0,,1.0,1.0
H2,L_n1000_low,global_oof_top1[max],1,0.0,0.0,,0.0,0.0
H2,L_n1000_low,global_oof_error[variance_only],1,0.030466071113262827,0.030466071113262827,,0.030466071113262827,0.030466071113262827
H2,L_n1000_low,global_oof_regret[variance_only],1,0.0,0.0,,0.0,0.0
H2,L_n1000_low,global_oof_oracle_ratio[variance_only],1,0.9999999999671766,0.9999999999671766,,0.9999999999671766,0.9999999999671766
H2,L_n1000_low,global_oof_catastrophic[variance_only],1,0.0,0.0,,0.0,0.0
H2,L_n1000_low,global_oof_top1[variance_only],1,1.0,1.0,,1.0,1.0
H2,L_n1000_low,global_oof_error[fixed_sieve1],1,0.4974187366476444,0.4974187366476444,,0.4974187366476444,0.4974187366476444
H2,L_n1000_low,global_oof_regret[fixed_sieve1],1,0.4669526655343816,0.4669526655343816,,0.4669526655343816,0.4669526655343816
H2,L_n1000_low,global_oof_oracle_ratio[fixed_sieve1],1,16.32697353006491,16.32697353006491,,16.32697353006491,16.32697353006491
H2,L_n1000_low,global_oof_catastrophic[fixed_sieve1],1,1.0,1.0,,1.0,1.0
H2,L_n1000_low,global_oof_top1[fixed_sieve1],1,0.0,0.0,,0.0,0.0
H2,L_n1000_low,global_oof_error[fixed_kernel],1,0.030466071113262827,0.030466071113262827,,0.030466071113262827,0.030466071113262827
H2,L_n1000_low,global_oof_regret[fixed_kernel],1,0.0,0.0,,0.0,0.0
H2,L_n1000_low,global_oof_oracle_ratio[fixed_kernel],1,0.9999999999671766,0.9999999999671766,,0.9999999999671766,0.9999999999671766
H2,L_n1000_low,global_oof_catastrophic[fixed_kernel],1,0.0,0.0,,0.0,0.0
H2,L_n1000_low,global_oof_top1[fixed_kernel],1,1.0,1.0,,1.0,1.0
H2,L_n1000_low,global_oof_error[random],1,0.030466071113262827,0.030466071113262827,,0.030466071113262827,0.030466071113262827
H2,L_n1000_low,global_oof_regret[random],1,0.0,0.0,,0.0,0.0
H2,L_n1000_low,global_oof_oracle_ratio[random],1,0.9999999999671766,0.9999999999671766,,0.9999999999671766,0.9999999999671766
H2,L_n1000_low,global_oof_catastrophic[random],1,0.0,0.0,,0.0,0.0
H2,L_n1000_low,global_oof_top1[random],1,1.0,1.0,,1.0,1.0
H2,L_n1000_low,error[oracle],1,0.030466071113262827,0.030466071113262827,,0.030466071113262827,0.030466071113262827
H2,L_n1000_low,regret[oracle],1,0.0,0.0,,0.0,0.0
H2,L_n1000_low,oracle_ratio[oracle],1,0.9999999999671766,0.9999999999671766,,0.9999999999671766,0.9999999999671766
H2,L_n1000_low,catastrophic[oracle],1,0.0,0.0,,0.0,0.0
H2,L_n1000_low,top1[oracle],1,1.0,1.0,,1.0,1.0
H2,L_n1000_low,global_oof_error[biasvar_mult],1,0.4974187366476444,0.4974187366476444,,0.4974187366476444,0.4974187366476444
H2,L_n1000_low,global_oof_regret[biasvar_mult],1,0.4669526655343816,0.4669526655343816,,0.4669526655343816,0.4669526655343816
H2,L_n1000_low,global_oof_oracle_ratio[biasvar_mult],1,16.32697353006491,16.32697353006491,,16.32697353006491,16.32697353006491
H2,L_n1000_low,global_oof_catastrophic[biasvar_mult],1,1.0,1.0,,1.0,1.0
H2,L_n1000_low,global_oof_top1[biasvar_mult],1,0.0,0.0,,0.0,0.0
H2,L_n1000_low,global_oof_error[biasvar_add],1,0.4974187366476444,0.4974187366476444,,0.4974187366476444,0.4974187366476444
H2,L_n1000_low,global_oof_regret[biasvar_add],1,0.4669526655343816,0.4669526655343816,,0.4669526655343816,0.4669526655343816
H2,L_n1000_low,global_oof_oracle_ratio[biasvar_add],1,16.32697353006491,16.32697353006491,,16.32697353006491,16.32697353006491
H2,L_n1000_low,global_oof_catastrophic[biasvar_add],1,1.0,1.0,,1.0,1.0
H2,L_n1000_low,global_oof_top1[biasvar_add],1,0.0,0.0,,0.0,0.0
H2,L_n1000_low,global_oof_error[MSES],1,0.1252569839938532,0.1252569839938532,,0.1252569839938532,0.1252569839938532
H2,L_n1000_low,global_oof_regret[MSES],1,0.09479091288059038,0.09479091288059038,,0.09479091288059038,0.09479091288059038
H2,L_n1000_low,global_oof_oracle_ratio[MSES],1,4.111359929676446,4.111359929676446,,4.111359929676446,4.111359929676446
H2,L_n1000_low,global_oof_catastrophic[MSES],1,1.0,1.0,,1.0,1.0
H2,L_n1000_low,global_oof_top1[MSES],1,0.0,0.0,,0.0,0.0
H2,L_n1000_low,global_oof_top2[MSES],1,0.0,0.0,,0.0,0.0
H2,L_n1000_low,spearman[product],1,-0.7142857142857143,-0.7142857142857143,,-0.7142857142857143,-0.7142857142857143
H2,L_n1000_low,kendall[product],1,-0.6,-0.6,,-0.6,-0.6
H2,L_n1000_low,top2[product],1,0.0,0.0,,0.0,0.0
H2,L_n1000_low,spearman[h_only],1,-0.9710083124552246,-0.9710083124552246,,-0.9710083124552246,-0.9710083124552246
H2,L_n1000_low,kendall[h_only],1,-0.9309493362512627,-0.9309493362512627,,-0.9309493362512627,-0.9309493362512627
H2,L_n1000_low,top2[h_only],1,0.0,0.0,,0.0,0.0
H2,L_n1000_low,spearman[q_only],1,0.26482044885142486,0.26482044885142486,,0.26482044885142486,0.26482044885142486
H2,L_n1000_low,kendall[q_only],1,0.21483446221182986,0.21483446221182986,,0.21483446221182986,0.21483446221182986
H2,L_n1000_low,top2[q_only],1,0.0,0.0,,0.0,0.0
H2,L_n1000_low,spearman[sum],1,-0.3714285714285715,-0.3714285714285715,,-0.3714285714285715,-0.3714285714285715
H2,L_n1000_low,kendall[sum],1,-0.3333333333333333,-0.3333333333333333,,-0.3333333333333333,-0.3333333333333333
H2,L_n1000_low,top2[sum],1,0.0,0.0,,0.0,0.0
H2,L_n1000_low,spearman[max],1,-0.5797710356524485,-0.5797710356524485,,-0.5797710356524485,-0.5797710356524485
H2,L_n1000_low,kendall[max],1,-0.41403933560541256,-0.41403933560541256,,-0.41403933560541256,-0.41403933560541256
H2,L_n1000_low,top2[max],1,0.0,0.0,,0.0,0.0
H2,L_n1000_low,spearman[variance_only],1,0.8285714285714287,0.8285714285714287,,0.8285714285714287,0.8285714285714287
H2,L_n1000_low,kendall[variance_only],1,0.7333333333333333,0.7333333333333333,,0.7333333333333333,0.7333333333333333
H2,L_n1000_low,top2[variance_only],1,1.0,1.0,,1.0,1.0
H2,L_n1000_low,spearman[biasvar_mult],1,0.14285714285714288,0.14285714285714288,,0.14285714285714288,0.14285714285714288
H2,L_n1000_low,kendall[biasvar_mult],1,0.06666666666666665,0.06666666666666665,,0.06666666666666665,0.06666666666666665
H2,L_n1000_low,top2[biasvar_mult],1,0.0,0.0,,0.0,0.0
H2,L_n1000_low,spearman[biasvar_add],1,0.028571428571428574,0.028571428571428574,,0.028571428571428574,0.028571428571428574
H2,L_n1000_low,kendall[biasvar_add],1,-0.06666666666666665,-0.06666666666666665,,-0.06666666666666665,-0.06666666666666665
H2,L_n1000_low,top2[biasvar_add],1,0.0,0.0,,0.0,0.0
H2,L_n2000_low,oracle_best_error,1,0.004190564608657299,0.004190564608657299,,0.004190564608657299,0.004190564608657299
H2,L_n2000_low,global_oof_mses_survivor_count,1,3.0,3.0,,3.0,3.0
H2,L_n2000_low,global_oof_error[product],1,0.05229230723512324,0.05229230723512324,,0.05229230723512324,0.05229230723512324
H2,L_n2000_low,global_oof_regret[product],1,0.04810174262646594,0.04810174262646594,,0.04810174262646594,0.04810174262646594
H2,L_n2000_low,global_oof_oracle_ratio[product],1,12.47858274625186,12.47858274625186,,12.47858274625186,12.47858274625186
H2,L_n2000_low,global_oof_catastrophic[product],1,1.0,1.0,,1.0,1.0
H2,L_n2000_low,global_oof_top1[product],1,0.0,0.0,,0.0,0.0
H2,L_n2000_low,global_oof_error[h_only],1,0.004190564608657299,0.004190564608657299,,0.004190564608657299,0.004190564608657299
H2,L_n2000_low,global_oof_regret[h_only],1,0.0,0.0,,0.0,0.0
H2,L_n2000_low,global_oof_oracle_ratio[h_only],1,0.9999999997613686,0.9999999997613686,,0.9999999997613686,0.9999999997613686
H2,L_n2000_low,global_oof_catastrophic[h_only],1,0.0,0.0,,0.0,0.0
H2,L_n2000_low,global_oof_top1[h_only],1,1.0,1.0,,1.0,1.0
H2,L_n2000_low,global_oof_error[q_only],1,0.11187823940152364,0.11187823940152364,,0.11187823940152364,0.11187823940152364
H2,L_n2000_low,global_oof_regret[q_only],1,0.10768767479286634,0.10768767479286634,,0.10768767479286634,0.10768767479286634
H2,L_n2000_low,global_oof_oracle_ratio[q_only],1,26.697652899491494,26.697652899491494,,26.697652899491494,26.697652899491494
H2,L_n2000_low,global_oof_catastrophic[q_only],1,1.0,1.0,,1.0,1.0
H2,L_n2000_low,global_oof_top1[q_only],1,0.0,0.0,,0.0,0.0
H2,L_n2000_low,global_oof_error[sum],1,0.05229230723512324,0.05229230723512324,,0.05229230723512324,0.05229230723512324
H2,L_n2000_low,global_oof_regret[sum],1,0.04810174262646594,0.04810174262646594,,0.04810174262646594,0.04810174262646594
H2,L_n2000_low,global_oof_oracle_ratio[sum],1,12.47858274625186,12.47858274625186,,12.47858274625186,12.47858274625186
H2,L_n2000_low,global_oof_catastrophic[sum],1,1.0,1.0,,1.0,1.0
H2,L_n2000_low,global_oof_top1[sum],1,0.0,0.0,,0.0,0.0
H2,L_n2000_low,global_oof_error[max],1,0.05229230723512324,0.05229230723512324,,0.05229230723512324,0.05229230723512324
H2,L_n2000_low,global_oof_regret[max],1,0.04810174262646594,0.04810174262646594,,0.04810174262646594,0.04810174262646594
H2,L_n2000_low,global_oof_oracle_ratio[max],1,12.47858274625186,12.47858274625186,,12.47858274625186,12.47858274625186
H2,L_n2000_low,global_oof_catastrophic[max],1,1.0,1.0,,1.0,1.0
H2,L_n2000_low,global_oof_top1[max],1,0.0,0.0,,0.0,0.0
H2,L_n2000_low,global_oof_error[variance_only],1,0.01288166840171956,0.01288166840171956,,0.01288166840171956,0.01288166840171956
H2,L_n2000_low,global_oof_regret[variance_only],1,0.00869110379306226,0.00869110379306226,,0.00869110379306226,0.00869110379306226
H2,L_n2000_low,global_oof_oracle_ratio[variance_only],1,3.0739696440983906,3.0739696440983906,,3.0739696440983906,3.0739696440983906
H2,L_n2000_low,global_oof_catastrophic[variance_only],1,1.0,1.0,,1.0,1.0
H2,L_n2000_low,global_oof_top1[variance_only],1,0.0,0.0,,0.0,0.0
H2,L_n2000_low,global_oof_error[fixed_sieve1],1,0.05229230723512324,0.05229230723512324,,0.05229230723512324,0.05229230723512324
H2,L_n2000_low,global_oof_regret[fixed_sieve1],1,0.04810174262646594,0.04810174262646594,,0.04810174262646594,0.04810174262646594
H2,L_n2000_low,global_oof_oracle_ratio[fixed_sieve1],1,12.47858274625186,12.47858274625186,,12.47858274625186,12.47858274625186
H2,L_n2000_low,global_oof_catastrophic[fixed_sieve1],1,1.0,1.0,,1.0,1.0
H2,L_n2000_low,global_oof_top1[fixed_sieve1],1,0.0,0.0,,0.0,0.0
H2,L_n2000_low,global_oof_error[fixed_kernel],1,0.01288166840171956,0.01288166840171956,,0.01288166840171956,0.01288166840171956
H2,L_n2000_low,global_oof_regret[fixed_kernel],1,0.00869110379306226,0.00869110379306226,,0.00869110379306226,0.00869110379306226
H2,L_n2000_low,global_oof_oracle_ratio[fixed_kernel],1,3.0739696440983906,3.0739696440983906,,3.0739696440983906,3.0739696440983906
H2,L_n2000_low,global_oof_catastrophic[fixed_kernel],1,1.0,1.0,,1.0,1.0
H2,L_n2000_low,global_oof_top1[fixed_kernel],1,0.0,0.0,,0.0,0.0
H2,L_n2000_low,global_oof_error[random],1,0.01288166840171956,0.01288166840171956,,0.01288166840171956,0.01288166840171956
H2,L_n2000_low,global_oof_regret[random],1,0.00869110379306226,0.00869110379306226,,0.00869110379306226,0.00869110379306226
H2,L_n2000_low,global_oof_oracle_ratio[random],1,3.0739696440983906,3.0739696440983906,,3.0739696440983906,3.0739696440983906
H2,L_n2000_low,global_oof_catastrophic[random],1,1.0,1.0,,1.0,1.0
H2,L_n2000_low,global_oof_top1[random],1,0.0,0.0,,0.0,0.0
H2,L_n2000_low,error[oracle],1,0.004190564608657299,0.004190564608657299,,0.004190564608657299,0.004190564608657299
H2,L_n2000_low,regret[oracle],1,0.0,0.0,,0.0,0.0
H2,L_n2000_low,oracle_ratio[oracle],1,0.9999999997613686,0.9999999997613686,,0.9999999997613686,0.9999999997613686
H2,L_n2000_low,catastrophic[oracle],1,0.0,0.0,,0.0,0.0
H2,L_n2000_low,top1[oracle],1,1.0,1.0,,1.0,1.0
H2,L_n2000_low,global_oof_error[biasvar_mult],1,0.05229230723512324,0.05229230723512324,,0.05229230723512324,0.05229230723512324
H2,L_n2000_low,global_oof_regret[biasvar_mult],1,0.04810174262646594,0.04810174262646594,,0.04810174262646594,0.04810174262646594
H2,L_n2000_low,global_oof_oracle_ratio[biasvar_mult],1,12.47858274625186,12.47858274625186,,12.47858274625186,12.47858274625186
H2,L_n2000_low,global_oof_catastrophic[biasvar_mult],1,1.0,1.0,,1.0,1.0
H2,L_n2000_low,global_oof_top1[biasvar_mult],1,0.0,0.0,,0.0,0.0
H2,L_n2000_low,global_oof_error[biasvar_add],1,0.05229230723512324,0.05229230723512324,,0.05229230723512324,0.05229230723512324
H2,L_n2000_low,global_oof_regret[biasvar_add],1,0.04810174262646594,0.04810174262646594,,0.04810174262646594,0.04810174262646594
H2,L_n2000_low,global_oof_oracle_ratio[biasvar_add],1,12.47858274625186,12.47858274625186,,12.47858274625186,12.47858274625186
H2,L_n2000_low,global_oof_catastrophic[biasvar_add],1,1.0,1.0,,1.0,1.0
H2,L_n2000_low,global_oof_top1[biasvar_add],1,0.0,0.0,,0.0,0.0
H2,L_n2000_low,global_oof_error[MSES],1,0.004190564608657299,0.004190564608657299,,0.004190564608657299,0.004190564608657299
H2,L_n2000_low,global_oof_regret[MSES],1,0.0,0.0,,0.0,0.0
H2,L_n2000_low,global_oof_oracle_ratio[MSES],1,0.9999999997613686,0.9999999997613686,,0.9999999997613686,0.9999999997613686
H2,L_n2000_low,global_oof_catastrophic[MSES],1,0.0,0.0,,0.0,0.0
H2,L_n2000_low,global_oof_top1[MSES],1,1.0,1.0,,1.0,1.0
H2,L_n2000_low,global_oof_top2[MSES],1,1.0,1.0,,1.0,1.0
H2,L_n2000_low,spearman[product],1,0.028571428571428574,0.028571428571428574,,0.028571428571428574,0.028571428571428574
H2,L_n2000_low,kendall[product],1,0.06666666666666665,0.06666666666666665,,0.06666666666666665,0.06666666666666665
H2,L_n2000_low,top2[product],1,0.0,0.0,,0.0,0.0
H2,L_n2000_low,spearman[h_only],1,0.26482044885142486,0.26482044885142486,,0.26482044885142486,0.26482044885142486
H2,L_n2000_low,kendall[h_only],1,0.21483446221182986,0.21483446221182986,,0.21483446221182986,0.21483446221182986
H2,L_n2000_low,top2[h_only],1,1.0,1.0,,1.0,1.0
H2,L_n2000_low,spearman[q_only],1,0.08827348295047496,0.08827348295047496,,0.08827348295047496,0.08827348295047496
H2,L_n2000_low,kendall[q_only],1,0.07161148740394328,0.07161148740394328,,0.07161148740394328,0.07161148740394328
H2,L_n2000_low,top2[q_only],1,0.0,0.0,,0.0,0.0
H2,L_n2000_low,spearman[sum],1,0.028571428571428574,0.028571428571428574,,0.028571428571428574,0.028571428571428574
H2,L_n2000_low,kendall[sum],1,0.06666666666666665,0.06666666666666665,,0.06666666666666665,0.06666666666666665
H2,L_n2000_low,top2[sum],1,0.0,0.0,,0.0,0.0
H2,L_n2000_low,spearman[max],1,0.3188740696088466,0.3188740696088466,,0.3188740696088466,0.3188740696088466
H2,L_n2000_low,kendall[max],1,0.2760262237369417,0.2760262237369417,,0.2760262237369417,0.2760262237369417
H2,L_n2000_low,top2[max],1,0.0,0.0,,0.0,0.0
H2,L_n2000_low,spearman[variance_only],1,0.8857142857142858,0.8857142857142858,,0.8857142857142858,0.8857142857142858
H2,L_n2000_low,kendall[variance_only],1,0.7333333333333333,0.7333333333333333,,0.7333333333333333,0.7333333333333333
H2,L_n2000_low,top2[variance_only],1,1.0,1.0,,1.0,1.0
H2,L_n2000_low,spearman[biasvar_mult],1,0.7142857142857143,0.7142857142857143,,0.7142857142857143,0.7142857142857143
H2,L_n2000_low,kendall[biasvar_mult],1,0.6,0.6,,0.6,0.6
H2,L_n2000_low,top2[biasvar_mult],1,1.0,1.0,,1.0,1.0
H2,L_n2000_low,spearman[biasvar_add],1,0.5428571428571429,0.5428571428571429,,0.5428571428571429,0.5428571428571429
H2,L_n2000_low,kendall[biasvar_add],1,0.4666666666666666,0.4666666666666666,,0.4666666666666666,0.4666666666666666
H2,L_n2000_low,top2[biasvar_add],1,1.0,1.0,,1.0,1.0
H2,L_n4000_low,oracle_best_error,1,0.009252753483653953,0.009252753483653953,,0.009252753483653953,0.009252753483653953
H2,L_n4000_low,global_oof_mses_survivor_count,1,3.0,3.0,,3.0,3.0
H2,L_n4000_low,global_oof_error[product],1,0.029215786544095734,0.029215786544095734,,0.029215786544095734,0.029215786544095734
H2,L_n4000_low,global_oof_regret[product],1,0.01996303306044178,0.01996303306044178,,0.01996303306044178,0.01996303306044178
H2,L_n4000_low,global_oof_oracle_ratio[product],1,3.157523497470373,3.157523497470373,,3.157523497470373,3.157523497470373
H2,L_n4000_low,global_oof_catastrophic[product],1,1.0,1.0,,1.0,1.0
H2,L_n4000_low,global_oof_top1[product],1,0.0,0.0,,0.0,0.0
H2,L_n4000_low,global_oof_error[h_only],1,0.03316921164019082,0.03316921164019082,,0.03316921164019082,0.03316921164019082
H2,L_n4000_low,global_oof_regret[h_only],1,0.02391645815653687,0.02391645815653687,,0.02391645815653687,0.02391645815653687
H2,L_n4000_low,global_oof_oracle_ratio[h_only],1,3.5847936179433755,3.5847936179433755,,3.5847936179433755,3.5847936179433755
H2,L_n4000_low,global_oof_catastrophic[h_only],1,1.0,1.0,,1.0,1.0
H2,L_n4000_low,global_oof_top1[h_only],1,0.0,0.0,,0.0,0.0
H2,L_n4000_low,global_oof_error[q_only],1,0.02209158071034778,0.02209158071034778,,0.02209158071034778,0.02209158071034778
H2,L_n4000_low,global_oof_regret[q_only],1,0.012838827226693827,0.012838827226693827,,0.012838827226693827,0.012838827226693827
H2,L_n4000_low,global_oof_oracle_ratio[q_only],1,2.3875682786737498,2.3875682786737498,,2.3875682786737498,2.3875682786737498
H2,L_n4000_low,global_oof_catastrophic[q_only],1,1.0,1.0,,1.0,1.0
H2,L_n4000_low,global_oof_top1[q_only],1,0.0,0.0,,0.0,0.0
H2,L_n4000_low,global_oof_error[sum],1,0.029215786544095734,0.029215786544095734,,0.029215786544095734,0.029215786544095734
H2,L_n4000_low,global_oof_regret[sum],1,0.01996303306044178,0.01996303306044178,,0.01996303306044178,0.01996303306044178
H2,L_n4000_low,global_oof_oracle_ratio[sum],1,3.157523497470373,3.157523497470373,,3.157523497470373,3.157523497470373
H2,L_n4000_low,global_oof_catastrophic[sum],1,1.0,1.0,,1.0,1.0
H2,L_n4000_low,global_oof_top1[sum],1,0.0,0.0,,0.0,0.0
H2,L_n4000_low,global_oof_error[max],1,0.029215786544095734,0.029215786544095734,,0.029215786544095734,0.029215786544095734
H2,L_n4000_low,global_oof_regret[max],1,0.01996303306044178,0.01996303306044178,,0.01996303306044178,0.01996303306044178
H2,L_n4000_low,global_oof_oracle_ratio[max],1,3.157523497470373,3.157523497470373,,3.157523497470373,3.157523497470373
H2,L_n4000_low,global_oof_catastrophic[max],1,1.0,1.0,,1.0,1.0
H2,L_n4000_low,global_oof_top1[max],1,0.0,0.0,,0.0,0.0
H2,L_n4000_low,global_oof_error[variance_only],1,0.03316921164019082,0.03316921164019082,,0.03316921164019082,0.03316921164019082
H2,L_n4000_low,global_oof_regret[variance_only],1,0.02391645815653687,0.02391645815653687,,0.02391645815653687,0.02391645815653687
H2,L_n4000_low,global_oof_oracle_ratio[variance_only],1,3.5847936179433755,3.5847936179433755,,3.5847936179433755,3.5847936179433755
H2,L_n4000_low,global_oof_catastrophic[variance_only],1,1.0,1.0,,1.0,1.0
H2,L_n4000_low,global_oof_top1[variance_only],1,0.0,0.0,,0.0,0.0
H2,L_n4000_low,global_oof_error[fixed_sieve1],1,0.029215786544095734,0.029215786544095734,,0.029215786544095734,0.029215786544095734
H2,L_n4000_low,global_oof_regret[fixed_sieve1],1,0.01996303306044178,0.01996303306044178,,0.01996303306044178,0.01996303306044178
H2,L_n4000_low,global_oof_oracle_ratio[fixed_sieve1],1,3.157523497470373,3.157523497470373,,3.157523497470373,3.157523497470373
H2,L_n4000_low,global_oof_catastrophic[fixed_sieve1],1,1.0,1.0,,1.0,1.0
H2,L_n4000_low,global_oof_top1[fixed_sieve1],1,0.0,0.0,,0.0,0.0
H2,L_n4000_low,global_oof_error[fixed_kernel],1,0.009252753483653953,0.009252753483653953,,0.009252753483653953,0.009252753483653953
H2,L_n4000_low,global_oof_regret[fixed_kernel],1,0.0,0.0,,0.0,0.0
H2,L_n4000_low,global_oof_oracle_ratio[fixed_kernel],1,0.999999999891924,0.999999999891924,,0.999999999891924,0.999999999891924
H2,L_n4000_low,global_oof_catastrophic[fixed_kernel],1,0.0,0.0,,0.0,0.0
H2,L_n4000_low,global_oof_top1[fixed_kernel],1,1.0,1.0,,1.0,1.0
H2,L_n4000_low,global_oof_error[random],1,0.009252753483653953,0.009252753483653953,,0.009252753483653953,0.009252753483653953
H2,L_n4000_low,global_oof_regret[random],1,0.0,0.0,,0.0,0.0
H2,L_n4000_low,global_oof_oracle_ratio[random],1,0.999999999891924,0.999999999891924,,0.999999999891924,0.999999999891924
H2,L_n4000_low,global_oof_catastrophic[random],1,0.0,0.0,,0.0,0.0
H2,L_n4000_low,global_oof_top1[random],1,1.0,1.0,,1.0,1.0
H2,L_n4000_low,error[oracle],1,0.009252753483653953,0.009252753483653953,,0.009252753483653953,0.009252753483653953
H2,L_n4000_low,regret[oracle],1,0.0,0.0,,0.0,0.0
H2,L_n4000_low,oracle_ratio[oracle],1,0.999999999891924,0.999999999891924,,0.999999999891924,0.999999999891924
H2,L_n4000_low,catastrophic[oracle],1,0.0,0.0,,0.0,0.0
H2,L_n4000_low,top1[oracle],1,1.0,1.0,,1.0,1.0
H2,L_n4000_low,global_oof_error[biasvar_mult],1,0.029215786544095734,0.029215786544095734,,0.029215786544095734,0.029215786544095734
H2,L_n4000_low,global_oof_regret[biasvar_mult],1,0.01996303306044178,0.01996303306044178,,0.01996303306044178,0.01996303306044178
H2,L_n4000_low,global_oof_oracle_ratio[biasvar_mult],1,3.157523497470373,3.157523497470373,,3.157523497470373,3.157523497470373
H2,L_n4000_low,global_oof_catastrophic[biasvar_mult],1,1.0,1.0,,1.0,1.0
H2,L_n4000_low,global_oof_top1[biasvar_mult],1,0.0,0.0,,0.0,0.0
H2,L_n4000_low,global_oof_error[biasvar_add],1,0.029215786544095734,0.029215786544095734,,0.029215786544095734,0.029215786544095734
H2,L_n4000_low,global_oof_regret[biasvar_add],1,0.01996303306044178,0.01996303306044178,,0.01996303306044178,0.01996303306044178
H2,L_n4000_low,global_oof_oracle_ratio[biasvar_add],1,3.157523497470373,3.157523497470373,,3.157523497470373,3.157523497470373
H2,L_n4000_low,global_oof_catastrophic[biasvar_add],1,1.0,1.0,,1.0,1.0
H2,L_n4000_low,global_oof_top1[biasvar_add],1,0.0,0.0,,0.0,0.0
H2,L_n4000_low,global_oof_error[MSES],1,0.03316921164019082,0.03316921164019082,,0.03316921164019082,0.03316921164019082
H2,L_n4000_low,global_oof_regret[MSES],1,0.02391645815653687,0.02391645815653687,,0.02391645815653687,0.02391645815653687
H2,L_n4000_low,global_oof_oracle_ratio[MSES],1,3.5847936179433755,3.5847936179433755,,3.5847936179433755,3.5847936179433755
H2,L_n4000_low,global_oof_catastrophic[MSES],1,1.0,1.0,,1.0,1.0
H2,L_n4000_low,global_oof_top1[MSES],1,0.0,0.0,,0.0,0.0
H2,L_n4000_low,global_oof_top2[MSES],1,0.0,0.0,,0.0,0.0
H2,L_n4000_low,spearman[product],1,-0.2571428571428572,-0.2571428571428572,,-0.2571428571428572,-0.2571428571428572
H2,L_n4000_low,kendall[product],1,-0.2,-0.2,,-0.2,-0.2
H2,L_n4000_low,top2[product],1,0.0,0.0,,0.0,0.0
H2,L_n4000_low,spearman[h_only],1,-0.5002164033860248,-0.5002164033860248,,-0.5002164033860248,-0.5002164033860248
H2,L_n4000_low,kendall[h_only],1,-0.3580574370197165,-0.3580574370197165,,-0.3580574370197165,-0.3580574370197165
H2,L_n4000_low,top2[h_only],1,0.0,0.0,,0.0,0.0
H2,L_n4000_low,spearman[q_only],1,0.44136741475237473,0.44136741475237473,,0.44136741475237473,0.44136741475237473
H2,L_n4000_low,kendall[q_only],1,0.3580574370197165,0.3580574370197165,,0.3580574370197165,0.3580574370197165
H2,L_n4000_low,top2[q_only],1,0.0,0.0,,0.0,0.0
H2,L_n4000_low,spearman[sum],1,-0.2571428571428572,-0.2571428571428572,,-0.2571428571428572,-0.2571428571428572
H2,L_n4000_low,kendall[sum],1,-0.2,-0.2,,-0.2,-0.2
H2,L_n4000_low,top2[sum],1,0.0,0.0,,0.0,0.0
H2,L_n4000_low,spearman[max],1,0.05797710356524484,0.05797710356524484,,0.05797710356524484,0.05797710356524484
H2,L_n4000_low,kendall[max],1,0.0,0.0,,0.0,0.0
H2,L_n4000_low,top2[max],1,0.0,0.0,,0.0,0.0
H2,L_n4000_low,spearman[variance_only],1,0.48571428571428577,0.48571428571428577,,0.48571428571428577,0.48571428571428577
H2,L_n4000_low,kendall[variance_only],1,0.3333333333333333,0.3333333333333333,,0.3333333333333333,0.3333333333333333
H2,L_n4000_low,top2[variance_only],1,0.0,0.0,,0.0,0.0
H2,L_n4000_low,spearman[biasvar_mult],1,0.2571428571428572,0.2571428571428572,,0.2571428571428572,0.2571428571428572
H2,L_n4000_low,kendall[biasvar_mult],1,0.2,0.2,,0.2,0.2
H2,L_n4000_low,top2[biasvar_mult],1,0.0,0.0,,0.0,0.0
H2,L_n4000_low,spearman[biasvar_add],1,0.2571428571428572,0.2571428571428572,,0.2571428571428572,0.2571428571428572
H2,L_n4000_low,kendall[biasvar_add],1,0.2,0.2,,0.2,0.2
H2,L_n4000_low,top2[biasvar_add],1,0.0,0.0,,0.0,0.0
H2,L_n8000_low,oracle_best_error,1,0.0014993795099109697,0.0014993795099109697,,0.0014993795099109697,0.0014993795099109697
H2,L_n8000_low,global_oof_mses_survivor_count,1,5.0,5.0,,5.0,5.0
H2,L_n8000_low,global_oof_error[product],1,0.0630998282472901,0.0630998282472901,,0.0630998282472901,0.0630998282472901
H2,L_n8000_low,global_oof_regret[product],1,0.06160044873737913,0.06160044873737913,,0.06160044873737913,0.06160044873737913
H2,L_n8000_low,global_oof_oracle_ratio[product],1,42.083960590439766,42.083960590439766,,42.083960590439766,42.083960590439766
H2,L_n8000_low,global_oof_catastrophic[product],1,1.0,1.0,,1.0,1.0
H2,L_n8000_low,global_oof_top1[product],1,0.0,0.0,,0.0,0.0
H2,L_n8000_low,global_oof_error[h_only],1,0.7795864665756611,0.7795864665756611,,0.7795864665756611,0.7795864665756611
H2,L_n8000_low,global_oof_regret[h_only],1,0.7780870870657501,0.7780870870657501,,0.7780870870657501,0.7780870870657501
H2,L_n8000_low,global_oof_oracle_ratio[h_only],1,519.9393888622715,519.9393888622715,,519.9393888622715,519.9393888622715
H2,L_n8000_low,global_oof_catastrophic[h_only],1,1.0,1.0,,1.0,1.0
H2,L_n8000_low,global_oof_top1[h_only],1,0.0,0.0,,0.0,0.0
H2,L_n8000_low,global_oof_error[q_only],1,0.0014993795099109697,0.0014993795099109697,,0.0014993795099109697,0.0014993795099109697
H2,L_n8000_low,global_oof_regret[q_only],1,0.0,0.0,,0.0,0.0
H2,L_n8000_low,global_oof_oracle_ratio[q_only],1,0.9999999993330575,0.9999999993330575,,0.9999999993330575,0.9999999993330575
H2,L_n8000_low,global_oof_catastrophic[q_only],1,0.0,0.0,,0.0,0.0
H2,L_n8000_low,global_oof_top1[q_only],1,1.0,1.0,,1.0,1.0
H2,L_n8000_low,global_oof_error[sum],1,0.0630998282472901,0.0630998282472901,,0.0630998282472901,0.0630998282472901
H2,L_n8000_low,global_oof_regret[sum],1,0.06160044873737913,0.06160044873737913,,0.06160044873737913,0.06160044873737913
H2,L_n8000_low,global_oof_oracle_ratio[sum],1,42.083960590439766,42.083960590439766,,42.083960590439766,42.083960590439766
H2,L_n8000_low,global_oof_catastrophic[sum],1,1.0,1.0,,1.0,1.0
H2,L_n8000_low,global_oof_top1[sum],1,0.0,0.0,,0.0,0.0
H2,L_n8000_low,global_oof_error[max],1,0.0630998282472901,0.0630998282472901,,0.0630998282472901,0.0630998282472901
H2,L_n8000_low,global_oof_regret[max],1,0.06160044873737913,0.06160044873737913,,0.06160044873737913,0.06160044873737913
H2,L_n8000_low,global_oof_oracle_ratio[max],1,42.083960590439766,42.083960590439766,,42.083960590439766,42.083960590439766
H2,L_n8000_low,global_oof_catastrophic[max],1,1.0,1.0,,1.0,1.0
H2,L_n8000_low,global_oof_top1[max],1,0.0,0.0,,0.0,0.0
H2,L_n8000_low,global_oof_error[variance_only],1,0.02191198162424679,0.02191198162424679,,0.02191198162424679,0.02191198162424679
H2,L_n8000_low,global_oof_regret[variance_only],1,0.02041260211433582,0.02041260211433582,,0.02041260211433582,0.02041260211433582
H2,L_n8000_low,global_oof_oracle_ratio[variance_only],1,14.614032981505696,14.614032981505696,,14.614032981505696,14.614032981505696
H2,L_n8000_low,global_oof_catastrophic[variance_only],1,1.0,1.0,,1.0,1.0
H2,L_n8000_low,global_oof_top1[variance_only],1,0.0,0.0,,0.0,0.0
H2,L_n8000_low,global_oof_error[fixed_sieve1],1,0.0630998282472901,0.0630998282472901,,0.0630998282472901,0.0630998282472901
H2,L_n8000_low,global_oof_regret[fixed_sieve1],1,0.06160044873737913,0.06160044873737913,,0.06160044873737913,0.06160044873737913
H2,L_n8000_low,global_oof_oracle_ratio[fixed_sieve1],1,42.083960590439766,42.083960590439766,,42.083960590439766,42.083960590439766
H2,L_n8000_low,global_oof_catastrophic[fixed_sieve1],1,1.0,1.0,,1.0,1.0
H2,L_n8000_low,global_oof_top1[fixed_sieve1],1,0.0,0.0,,0.0,0.0
H2,L_n8000_low,global_oof_error[fixed_kernel],1,0.02191198162424679,0.02191198162424679,,0.02191198162424679,0.02191198162424679
H2,L_n8000_low,global_oof_regret[fixed_kernel],1,0.02041260211433582,0.02041260211433582,,0.02041260211433582,0.02041260211433582
H2,L_n8000_low,global_oof_oracle_ratio[fixed_kernel],1,14.614032981505696,14.614032981505696,,14.614032981505696,14.614032981505696
H2,L_n8000_low,global_oof_catastrophic[fixed_kernel],1,1.0,1.0,,1.0,1.0
H2,L_n8000_low,global_oof_top1[fixed_kernel],1,0.0,0.0,,0.0,0.0
H2,L_n8000_low,global_oof_error[random],1,0.02191198162424679,0.02191198162424679,,0.02191198162424679,0.02191198162424679
H2,L_n8000_low,global_oof_regret[random],1,0.02041260211433582,0.02041260211433582,,0.02041260211433582,0.02041260211433582
H2,L_n8000_low,global_oof_oracle_ratio[random],1,14.614032981505696,14.614032981505696,,14.614032981505696,14.614032981505696
H2,L_n8000_low,global_oof_catastrophic[random],1,1.0,1.0,,1.0,1.0
H2,L_n8000_low,global_oof_top1[random],1,0.0,0.0,,0.0,0.0
H2,L_n8000_low,error[oracle],1,0.0014993795099109697,0.0014993795099109697,,0.0014993795099109697,0.0014993795099109697
H2,L_n8000_low,regret[oracle],1,0.0,0.0,,0.0,0.0
H2,L_n8000_low,oracle_ratio[oracle],1,0.9999999993330575,0.9999999993330575,,0.9999999993330575,0.9999999993330575
H2,L_n8000_low,catastrophic[oracle],1,0.0,0.0,,0.0,0.0
H2,L_n8000_low,top1[oracle],1,1.0,1.0,,1.0,1.0
H2,L_n8000_low,global_oof_error[biasvar_mult],1,0.0630998282472901,0.0630998282472901,,0.0630998282472901,0.0630998282472901
H2,L_n8000_low,global_oof_regret[biasvar_mult],1,0.06160044873737913,0.06160044873737913,,0.06160044873737913,0.06160044873737913
H2,L_n8000_low,global_oof_oracle_ratio[biasvar_mult],1,42.083960590439766,42.083960590439766,,42.083960590439766,42.083960590439766
H2,L_n8000_low,global_oof_catastrophic[biasvar_mult],1,1.0,1.0,,1.0,1.0
H2,L_n8000_low,global_oof_top1[biasvar_mult],1,0.0,0.0,,0.0,0.0
H2,L_n8000_low,global_oof_error[biasvar_add],1,0.0630998282472901,0.0630998282472901,,0.0630998282472901,0.0630998282472901
H2,L_n8000_low,global_oof_regret[biasvar_add],1,0.06160044873737913,0.06160044873737913,,0.06160044873737913,0.06160044873737913
H2,L_n8000_low,global_oof_oracle_ratio[biasvar_add],1,42.083960590439766,42.083960590439766,,42.083960590439766,42.083960590439766
H2,L_n8000_low,global_oof_catastrophic[biasvar_add],1,1.0,1.0,,1.0,1.0
H2,L_n8000_low,global_oof_top1[biasvar_add],1,0.0,0.0,,0.0,0.0
H2,L_n8000_low,global_oof_error[MSES],1,0.0014993795099109697,0.0014993795099109697,,0.0014993795099109697,0.0014993795099109697
H2,L_n8000_low,global_oof_regret[MSES],1,0.0,0.0,,0.0,0.0
H2,L_n8000_low,global_oof_oracle_ratio[MSES],1,0.9999999993330575,0.9999999993330575,,0.9999999993330575,0.9999999993330575
H2,L_n8000_low,global_oof_catastrophic[MSES],1,0.0,0.0,,0.0,0.0
H2,L_n8000_low,global_oof_top1[MSES],1,1.0,1.0,,1.0,1.0
H2,L_n8000_low,global_oof_top2[MSES],1,1.0,1.0,,1.0,1.0
H2,L_n8000_low,spearman[product],1,-0.5428571428571429,-0.5428571428571429,,-0.5428571428571429,-0.5428571428571429
H2,L_n8000_low,kendall[product],1,-0.2,-0.2,,-0.2,-0.2
H2,L_n8000_low,top2[product],1,0.0,0.0,,0.0,0.0
H2,L_n8000_low,spearman[h_only],1,-0.6179143806533246,-0.6179143806533246,,-0.6179143806533246,-0.6179143806533246
H2,L_n8000_low,kendall[h_only],1,-0.5012804118276031,-0.5012804118276031,,-0.5012804118276031,-0.5012804118276031
H2,L_n8000_low,top2[h_only],1,0.0,0.0,,0.0,0.0
H2,L_n8000_low,spearman[q_only],1,0.44136741475237473,0.44136741475237473,,0.44136741475237473,0.44136741475237473
H2,L_n8000_low,kendall[q_only],1,0.3580574370197165,0.3580574370197165,,0.3580574370197165,0.3580574370197165
H2,L_n8000_low,top2[q_only],1,1.0,1.0,,1.0,1.0
H2,L_n8000_low,spearman[sum],1,-0.08571428571428573,-0.08571428571428573,,-0.08571428571428573,-0.08571428571428573
H2,L_n8000_low,kendall[sum],1,-0.06666666666666665,-0.06666666666666665,,-0.06666666666666665,-0.06666666666666665
H2,L_n8000_low,top2[sum],1,0.0,0.0,,0.0,0.0
H2,L_n8000_low,spearman[max],1,-0.43482827673933633,-0.43482827673933633,,-0.43482827673933633,-0.43482827673933633
H2,L_n8000_low,kendall[max],1,-0.2760262237369417,-0.2760262237369417,,-0.2760262237369417,-0.2760262237369417
H2,L_n8000_low,top2[max],1,0.0,0.0,,0.0,0.0
H2,L_n8000_low,spearman[variance_only],1,0.8285714285714287,0.8285714285714287,,0.8285714285714287,0.8285714285714287
H2,L_n8000_low,kendall[variance_only],1,0.7333333333333333,0.7333333333333333,,0.7333333333333333,0.7333333333333333
H2,L_n8000_low,top2[variance_only],1,1.0,1.0,,1.0,1.0
H2,L_n8000_low,spearman[biasvar_mult],1,0.5428571428571429,0.5428571428571429,,0.5428571428571429,0.5428571428571429
H2,L_n8000_low,kendall[biasvar_mult],1,0.4666666666666666,0.4666666666666666,,0.4666666666666666,0.4666666666666666
H2,L_n8000_low,top2[biasvar_mult],1,1.0,1.0,,1.0,1.0
H2,L_n8000_low,spearman[biasvar_add],1,0.3714285714285715,0.3714285714285715,,0.3714285714285715,0.3714285714285715
H2,L_n8000_low,kendall[biasvar_add],1,0.3333333333333333,0.3333333333333333,,0.3333333333333333,0.3333333333333333
H2,L_n8000_low,top2[biasvar_add],1,1.0,1.0,,1.0,1.0
H2,N_n1000_low,oracle_best_error,1,0.009428429643765668,0.009428429643765668,,0.009428429643765668,0.009428429643765668
H2,N_n1000_low,global_oof_mses_survivor_count,1,3.0,3.0,,3.0,3.0
H2,N_n1000_low,global_oof_error[product],1,0.10912001511222258,0.10912001511222258,,0.10912001511222258,0.10912001511222258
H2,N_n1000_low,global_oof_regret[product],1,0.09969158546845691,0.09969158546845691,,0.09969158546845691,0.09969158546845691
H2,N_n1000_low,global_oof_oracle_ratio[product],1,11.57350897482723,11.57350897482723,,11.57350897482723,11.57350897482723
H2,N_n1000_low,global_oof_catastrophic[product],1,1.0,1.0,,1.0,1.0
H2,N_n1000_low,global_oof_top1[product],1,0.0,0.0,,0.0,0.0
H2,N_n1000_low,global_oof_error[h_only],1,0.10027900778161525,0.10027900778161525,,0.10027900778161525,0.10027900778161525
H2,N_n1000_low,global_oof_regret[h_only],1,0.09085057813784958,0.09085057813784958,,0.09085057813784958,0.09085057813784958
H2,N_n1000_low,global_oof_oracle_ratio[h_only],1,10.635812278377303,10.635812278377303,,10.635812278377303,10.635812278377303
H2,N_n1000_low,global_oof_catastrophic[h_only],1,1.0,1.0,,1.0,1.0
H2,N_n1000_low,global_oof_top1[h_only],1,0.0,0.0,,0.0,0.0
H2,N_n1000_low,global_oof_error[q_only],1,0.09533954503107045,0.09533954503107045,,0.09533954503107045,0.09533954503107045
H2,N_n1000_low,global_oof_regret[q_only],1,0.08591111538730478,0.08591111538730478,,0.08591111538730478,0.08591111538730478
H2,N_n1000_low,global_oof_oracle_ratio[q_only],1,10.111921987348085,10.111921987348085,,10.111921987348085,10.111921987348085
H2,N_n1000_low,global_oof_catastrophic[q_only],1,1.0,1.0,,1.0,1.0
H2,N_n1000_low,global_oof_top1[q_only],1,0.0,0.0,,0.0,0.0
H2,N_n1000_low,global_oof_error[sum],1,0.10912001511222258,0.10912001511222258,,0.10912001511222258,0.10912001511222258
H2,N_n1000_low,global_oof_regret[sum],1,0.09969158546845691,0.09969158546845691,,0.09969158546845691,0.09969158546845691
H2,N_n1000_low,global_oof_oracle_ratio[sum],1,11.57350897482723,11.57350897482723,,11.57350897482723,11.57350897482723
H2,N_n1000_low,global_oof_catastrophic[sum],1,1.0,1.0,,1.0,1.0
H2,N_n1000_low,global_oof_top1[sum],1,0.0,0.0,,0.0,0.0
H2,N_n1000_low,global_oof_error[max],1,0.10912001511222258,0.10912001511222258,,0.10912001511222258,0.10912001511222258
H2,N_n1000_low,global_oof_regret[max],1,0.09969158546845691,0.09969158546845691,,0.09969158546845691,0.09969158546845691
H2,N_n1000_low,global_oof_oracle_ratio[max],1,11.57350897482723,11.57350897482723,,11.57350897482723,11.57350897482723
H2,N_n1000_low,global_oof_catastrophic[max],1,1.0,1.0,,1.0,1.0
H2,N_n1000_low,global_oof_top1[max],1,0.0,0.0,,0.0,0.0
H2,N_n1000_low,global_oof_error[variance_only],1,0.10027900778161525,0.10027900778161525,,0.10027900778161525,0.10027900778161525
H2,N_n1000_low,global_oof_regret[variance_only],1,0.09085057813784958,0.09085057813784958,,0.09085057813784958,0.09085057813784958
H2,N_n1000_low,global_oof_oracle_ratio[variance_only],1,10.635812278377303,10.635812278377303,,10.635812278377303,10.635812278377303
H2,N_n1000_low,global_oof_catastrophic[variance_only],1,1.0,1.0,,1.0,1.0
H2,N_n1000_low,global_oof_top1[variance_only],1,0.0,0.0,,0.0,0.0
H2,N_n1000_low,global_oof_error[fixed_sieve1],1,0.10912001511222258,0.10912001511222258,,0.10912001511222258,0.10912001511222258
H2,N_n1000_low,global_oof_regret[fixed_sieve1],1,0.09969158546845691,0.09969158546845691,,0.09969158546845691,0.09969158546845691
H2,N_n1000_low,global_oof_oracle_ratio[fixed_sieve1],1,11.57350897482723,11.57350897482723,,11.57350897482723,11.57350897482723
H2,N_n1000_low,global_oof_catastrophic[fixed_sieve1],1,1.0,1.0,,1.0,1.0
H2,N_n1000_low,global_oof_top1[fixed_sieve1],1,0.0,0.0,,0.0,0.0
H2,N_n1000_low,global_oof_error[fixed_kernel],1,0.009428429643765668,0.009428429643765668,,0.009428429643765668,0.009428429643765668
H2,N_n1000_low,global_oof_regret[fixed_kernel],1,0.0,0.0,,0.0,0.0
H2,N_n1000_low,global_oof_oracle_ratio[fixed_kernel],1,0.9999999998939377,0.9999999998939377,,0.9999999998939377,0.9999999998939377
H2,N_n1000_low,global_oof_catastrophic[fixed_kernel],1,0.0,0.0,,0.0,0.0
H2,N_n1000_low,global_oof_top1[fixed_kernel],1,1.0,1.0,,1.0,1.0
H2,N_n1000_low,global_oof_error[random],1,0.009428429643765668,0.009428429643765668,,0.009428429643765668,0.009428429643765668
H2,N_n1000_low,global_oof_regret[random],1,0.0,0.0,,0.0,0.0
H2,N_n1000_low,global_oof_oracle_ratio[random],1,0.9999999998939377,0.9999999998939377,,0.9999999998939377,0.9999999998939377
H2,N_n1000_low,global_oof_catastrophic[random],1,0.0,0.0,,0.0,0.0
H2,N_n1000_low,global_oof_top1[random],1,1.0,1.0,,1.0,1.0
H2,N_n1000_low,error[oracle],1,0.009428429643765668,0.009428429643765668,,0.009428429643765668,0.009428429643765668
H2,N_n1000_low,regret[oracle],1,0.0,0.0,,0.0,0.0
H2,N_n1000_low,oracle_ratio[oracle],1,0.9999999998939377,0.9999999998939377,,0.9999999998939377,0.9999999998939377
H2,N_n1000_low,catastrophic[oracle],1,0.0,0.0,,0.0,0.0
H2,N_n1000_low,top1[oracle],1,1.0,1.0,,1.0,1.0
H2,N_n1000_low,global_oof_error[biasvar_mult],1,0.10912001511222258,0.10912001511222258,,0.10912001511222258,0.10912001511222258
H2,N_n1000_low,global_oof_regret[biasvar_mult],1,0.09969158546845691,0.09969158546845691,,0.09969158546845691,0.09969158546845691
H2,N_n1000_low,global_oof_oracle_ratio[biasvar_mult],1,11.57350897482723,11.57350897482723,,11.57350897482723,11.57350897482723
H2,N_n1000_low,global_oof_catastrophic[biasvar_mult],1,1.0,1.0,,1.0,1.0
H2,N_n1000_low,global_oof_top1[biasvar_mult],1,0.0,0.0,,0.0,0.0
H2,N_n1000_low,global_oof_error[biasvar_add],1,0.10912001511222258,0.10912001511222258,,0.10912001511222258,0.10912001511222258
H2,N_n1000_low,global_oof_regret[biasvar_add],1,0.09969158546845691,0.09969158546845691,,0.09969158546845691,0.09969158546845691
H2,N_n1000_low,global_oof_oracle_ratio[biasvar_add],1,11.57350897482723,11.57350897482723,,11.57350897482723,11.57350897482723
H2,N_n1000_low,global_oof_catastrophic[biasvar_add],1,1.0,1.0,,1.0,1.0
H2,N_n1000_low,global_oof_top1[biasvar_add],1,0.0,0.0,,0.0,0.0
H2,N_n1000_low,global_oof_error[MSES],1,0.10027900778161525,0.10027900778161525,,0.10027900778161525,0.10027900778161525
H2,N_n1000_low,global_oof_regret[MSES],1,0.09085057813784958,0.09085057813784958,,0.09085057813784958,0.09085057813784958
H2,N_n1000_low,global_oof_oracle_ratio[MSES],1,10.635812278377303,10.635812278377303,,10.635812278377303,10.635812278377303
H2,N_n1000_low,global_oof_catastrophic[MSES],1,1.0,1.0,,1.0,1.0
H2,N_n1000_low,global_oof_top1[MSES],1,0.0,0.0,,0.0,0.0
H2,N_n1000_low,global_oof_top2[MSES],1,0.0,0.0,,0.0,0.0
H2,N_n1000_low,spearman[product],1,-0.2571428571428572,-0.2571428571428572,,-0.2571428571428572,-0.2571428571428572
H2,N_n1000_low,kendall[product],1,-0.2,-0.2,,-0.2,-0.2
H2,N_n1000_low,top2[product],1,0.0,0.0,,0.0,0.0
H2,N_n1000_low,spearman[h_only],1,-0.5002164033860248,-0.5002164033860248,,-0.5002164033860248,-0.5002164033860248
H2,N_n1000_low,kendall[h_only],1,-0.3580574370197165,-0.3580574370197165,,-0.3580574370197165,-0.3580574370197165
H2,N_n1000_low,top2[h_only],1,0.0,0.0,,0.0,0.0
H2,N_n1000_low,spearman[q_only],1,0.26482044885142486,0.26482044885142486,,0.26482044885142486,0.26482044885142486
H2,N_n1000_low,kendall[q_only],1,0.21483446221182986,0.21483446221182986,,0.21483446221182986,0.21483446221182986
H2,N_n1000_low,top2[q_only],1,0.0,0.0,,0.0,0.0
H2,N_n1000_low,spearman[sum],1,-0.3714285714285715,-0.3714285714285715,,-0.3714285714285715,-0.3714285714285715
H2,N_n1000_low,kendall[sum],1,-0.3333333333333333,-0.3333333333333333,,-0.3333333333333333,-0.3333333333333333
H2,N_n1000_low,top2[sum],1,0.0,0.0,,0.0,0.0
H2,N_n1000_low,spearman[max],1,-0.5797710356524485,-0.5797710356524485,,-0.5797710356524485,-0.5797710356524485
H2,N_n1000_low,kendall[max],1,-0.41403933560541256,-0.41403933560541256,,-0.41403933560541256,-0.41403933560541256
H2,N_n1000_low,top2[max],1,0.0,0.0,,0.0,0.0
H2,N_n1000_low,spearman[variance_only],1,0.5428571428571429,0.5428571428571429,,0.5428571428571429,0.5428571428571429
H2,N_n1000_low,kendall[variance_only],1,0.4666666666666666,0.4666666666666666,,0.4666666666666666,0.4666666666666666
H2,N_n1000_low,top2[variance_only],1,0.0,0.0,,0.0,0.0
H2,N_n1000_low,spearman[biasvar_mult],1,0.4285714285714286,0.4285714285714286,,0.4285714285714286,0.4285714285714286
H2,N_n1000_low,kendall[biasvar_mult],1,0.2,0.2,,0.2,0.2
H2,N_n1000_low,top2[biasvar_mult],1,0.0,0.0,,0.0,0.0
H2,N_n1000_low,spearman[biasvar_add],1,0.2,0.2,,0.2,0.2
H2,N_n1000_low,kendall[biasvar_add],1,0.06666666666666665,0.06666666666666665,,0.06666666666666665,0.06666666666666665
H2,N_n1000_low,top2[biasvar_add],1,0.0,0.0,,0.0,0.0
H2,N_n2000_low,oracle_best_error,1,0.07017664510713328,0.07017664510713328,,0.07017664510713328,0.07017664510713328
H2,N_n2000_low,global_oof_mses_survivor_count,1,5.0,5.0,,5.0,5.0
H2,N_n2000_low,global_oof_error[product],1,0.08177872228621597,0.08177872228621597,,0.08177872228621597,0.08177872228621597
H2,N_n2000_low,global_oof_regret[product],1,0.011602077179082682,0.011602077179082682,,0.011602077179082682,0.011602077179082682
H2,N_n2000_low,global_oof_oracle_ratio[product],1,1.1653267573593087,1.1653267573593087,,1.1653267573593087,1.1653267573593087
H2,N_n2000_low,global_oof_catastrophic[product],1,0.0,0.0,,0.0,0.0
H2,N_n2000_low,global_oof_top1[product],1,0.0,0.0,,0.0,0.0
H2,N_n2000_low,global_oof_error[h_only],1,0.07084069829846285,0.07084069829846285,,0.07084069829846285,0.07084069829846285
H2,N_n2000_low,global_oof_regret[h_only],1,0.0006640531913295611,0.0006640531913295611,,0.0006640531913295611,0.0006640531913295611
H2,N_n2000_low,global_oof_oracle_ratio[h_only],1,1.0094625952737744,1.0094625952737744,,1.0094625952737744,1.0094625952737744
H2,N_n2000_low,global_oof_catastrophic[h_only],1,0.0,0.0,,0.0,0.0
H2,N_n2000_low,global_oof_top1[h_only],1,0.0,0.0,,0.0,0.0
H2,N_n2000_low,global_oof_error[q_only],1,0.080322248729224,0.080322248729224,,0.080322248729224,0.080322248729224
H2,N_n2000_low,global_oof_regret[q_only],1,0.010145603622090715,0.010145603622090715,,0.010145603622090715,0.010145603622090715
H2,N_n2000_low,global_oof_oracle_ratio[q_only],1,1.1445723659980842,1.1445723659980842,,1.1445723659980842,1.1445723659980842
H2,N_n2000_low,global_oof_catastrophic[q_only],1,0.0,0.0,,0.0,0.0
H2,N_n2000_low,global_oof_top1[q_only],1,0.0,0.0,,0.0,0.0
H2,N_n2000_low,global_oof_error[sum],1,0.08177872228621597,0.08177872228621597,,0.08177872228621597,0.08177872228621597
H2,N_n2000_low,global_oof_regret[sum],1,0.011602077179082682,0.011602077179082682,,0.011602077179082682,0.011602077179082682
H2,N_n2000_low,global_oof_oracle_ratio[sum],1,1.1653267573593087,1.1653267573593087,,1.1653267573593087,1.1653267573593087
H2,N_n2000_low,global_oof_catastrophic[sum],1,0.0,0.0,,0.0,0.0
H2,N_n2000_low,global_oof_top1[sum],1,0.0,0.0,,0.0,0.0
H2,N_n2000_low,global_oof_error[max],1,0.08177872228621597,0.08177872228621597,,0.08177872228621597,0.08177872228621597
H2,N_n2000_low,global_oof_regret[max],1,0.011602077179082682,0.011602077179082682,,0.011602077179082682,0.011602077179082682
H2,N_n2000_low,global_oof_oracle_ratio[max],1,1.1653267573593087,1.1653267573593087,,1.1653267573593087,1.1653267573593087
H2,N_n2000_low,global_oof_catastrophic[max],1,0.0,0.0,,0.0,0.0
H2,N_n2000_low,global_oof_top1[max],1,0.0,0.0,,0.0,0.0
H2,N_n2000_low,global_oof_error[variance_only],1,0.07084069829846285,0.07084069829846285,,0.07084069829846285,0.07084069829846285
H2,N_n2000_low,global_oof_regret[variance_only],1,0.0006640531913295611,0.0006640531913295611,,0.0006640531913295611,0.0006640531913295611
H2,N_n2000_low,global_oof_oracle_ratio[variance_only],1,1.0094625952737744,1.0094625952737744,,1.0094625952737744,1.0094625952737744
H2,N_n2000_low,global_oof_catastrophic[variance_only],1,0.0,0.0,,0.0,0.0
H2,N_n2000_low,global_oof_top1[variance_only],1,0.0,0.0,,0.0,0.0
H2,N_n2000_low,global_oof_error[fixed_sieve1],1,0.08177872228621597,0.08177872228621597,,0.08177872228621597,0.08177872228621597
H2,N_n2000_low,global_oof_regret[fixed_sieve1],1,0.011602077179082682,0.011602077179082682,,0.011602077179082682,0.011602077179082682
H2,N_n2000_low,global_oof_oracle_ratio[fixed_sieve1],1,1.1653267573593087,1.1653267573593087,,1.1653267573593087,1.1653267573593087
H2,N_n2000_low,global_oof_catastrophic[fixed_sieve1],1,0.0,0.0,,0.0,0.0
H2,N_n2000_low,global_oof_top1[fixed_sieve1],1,0.0,0.0,,0.0,0.0
H2,N_n2000_low,global_oof_error[fixed_kernel],1,0.07017664510713328,0.07017664510713328,,0.07017664510713328,0.07017664510713328
H2,N_n2000_low,global_oof_regret[fixed_kernel],1,0.0,0.0,,0.0,0.0
H2,N_n2000_low,global_oof_oracle_ratio[fixed_kernel],1,0.9999999999857502,0.9999999999857502,,0.9999999999857502,0.9999999999857502
H2,N_n2000_low,global_oof_catastrophic[fixed_kernel],1,0.0,0.0,,0.0,0.0
H2,N_n2000_low,global_oof_top1[fixed_kernel],1,1.0,1.0,,1.0,1.0
H2,N_n2000_low,global_oof_error[random],1,0.07017664510713328,0.07017664510713328,,0.07017664510713328,0.07017664510713328
H2,N_n2000_low,global_oof_regret[random],1,0.0,0.0,,0.0,0.0
H2,N_n2000_low,global_oof_oracle_ratio[random],1,0.9999999999857502,0.9999999999857502,,0.9999999999857502,0.9999999999857502
H2,N_n2000_low,global_oof_catastrophic[random],1,0.0,0.0,,0.0,0.0
H2,N_n2000_low,global_oof_top1[random],1,1.0,1.0,,1.0,1.0
H2,N_n2000_low,error[oracle],1,0.07017664510713328,0.07017664510713328,,0.07017664510713328,0.07017664510713328
H2,N_n2000_low,regret[oracle],1,0.0,0.0,,0.0,0.0
H2,N_n2000_low,oracle_ratio[oracle],1,0.9999999999857502,0.9999999999857502,,0.9999999999857502,0.9999999999857502
H2,N_n2000_low,catastrophic[oracle],1,0.0,0.0,,0.0,0.0
H2,N_n2000_low,top1[oracle],1,1.0,1.0,,1.0,1.0
H2,N_n2000_low,global_oof_error[biasvar_mult],1,0.08177872228621597,0.08177872228621597,,0.08177872228621597,0.08177872228621597
H2,N_n2000_low,global_oof_regret[biasvar_mult],1,0.011602077179082682,0.011602077179082682,,0.011602077179082682,0.011602077179082682
H2,N_n2000_low,global_oof_oracle_ratio[biasvar_mult],1,1.1653267573593087,1.1653267573593087,,1.1653267573593087,1.1653267573593087
H2,N_n2000_low,global_oof_catastrophic[biasvar_mult],1,0.0,0.0,,0.0,0.0
H2,N_n2000_low,global_oof_top1[biasvar_mult],1,0.0,0.0,,0.0,0.0
H2,N_n2000_low,global_oof_error[biasvar_add],1,0.08177872228621597,0.08177872228621597,,0.08177872228621597,0.08177872228621597
H2,N_n2000_low,global_oof_regret[biasvar_add],1,0.011602077179082682,0.011602077179082682,,0.011602077179082682,0.011602077179082682
H2,N_n2000_low,global_oof_oracle_ratio[biasvar_add],1,1.1653267573593087,1.1653267573593087,,1.1653267573593087,1.1653267573593087
H2,N_n2000_low,global_oof_catastrophic[biasvar_add],1,0.0,0.0,,0.0,0.0
H2,N_n2000_low,global_oof_top1[biasvar_add],1,0.0,0.0,,0.0,0.0
H2,N_n2000_low,global_oof_error[MSES],1,0.07084069829846285,0.07084069829846285,,0.07084069829846285,0.07084069829846285
H2,N_n2000_low,global_oof_regret[MSES],1,0.0006640531913295611,0.0006640531913295611,,0.0006640531913295611,0.0006640531913295611
H2,N_n2000_low,global_oof_oracle_ratio[MSES],1,1.0094625952737744,1.0094625952737744,,1.0094625952737744,1.0094625952737744
H2,N_n2000_low,global_oof_catastrophic[MSES],1,0.0,0.0,,0.0,0.0
H2,N_n2000_low,global_oof_top1[MSES],1,0.0,0.0,,0.0,0.0
H2,N_n2000_low,global_oof_top2[MSES],1,0.0,0.0,,0.0,0.0
H2,N_n2000_low,spearman[product],1,-0.14285714285714288,-0.14285714285714288,,-0.14285714285714288,-0.14285714285714288
H2,N_n2000_low,kendall[product],1,-0.06666666666666665,-0.06666666666666665,,-0.06666666666666665,-0.06666666666666665
H2,N_n2000_low,top2[product],1,0.0,0.0,,0.0,0.0
H2,N_n2000_low,spearman[h_only],1,-0.20597146021777488,-0.20597146021777488,,-0.20597146021777488,-0.20597146021777488
H2,N_n2000_low,kendall[h_only],1,-0.07161148740394328,-0.07161148740394328,,-0.07161148740394328,-0.07161148740394328
H2,N_n2000_low,top2[h_only],1,0.0,0.0,,0.0,0.0
H2,N_n2000_low,spearman[q_only],1,0.08827348295047496,0.08827348295047496,,0.08827348295047496,0.08827348295047496
H2,N_n2000_low,kendall[q_only],1,0.07161148740394328,0.07161148740394328,,0.07161148740394328,0.07161148740394328
H2,N_n2000_low,top2[q_only],1,0.0,0.0,,0.0,0.0
H2,N_n2000_low,spearman[sum],1,-0.3142857142857143,-0.3142857142857143,,-0.3142857142857143,-0.3142857142857143
H2,N_n2000_low,kendall[sum],1,-0.2,-0.2,,-0.2,-0.2
H2,N_n2000_low,top2[sum],1,0.0,0.0,,0.0,0.0
H2,N_n2000_low,spearman[max],1,0.02898855178262242,0.02898855178262242,,0.02898855178262242,0.02898855178262242
H2,N_n2000_low,kendall[max],1,0.0,0.0,,0.0,0.0
H2,N_n2000_low,top2[max],1,0.0,0.0,,0.0,0.0
H2,N_n2000_low,spearman[variance_only],1,0.7142857142857143,0.7142857142857143,,0.7142857142857143,0.7142857142857143
H2,N_n2000_low,kendall[variance_only],1,0.6,0.6,,0.6,0.6
H2,N_n2000_low,top2[variance_only],1,0.0,0.0,,0.0,0.0
H2,N_n2000_low,spearman[biasvar_mult],1,0.48571428571428577,0.48571428571428577,,0.48571428571428577,0.48571428571428577
H2,N_n2000_low,kendall[biasvar_mult],1,0.3333333333333333,0.3333333333333333,,0.3333333333333333,0.3333333333333333
H2,N_n2000_low,top2[biasvar_mult],1,0.0,0.0,,0.0,0.0
H2,N_n2000_low,spearman[biasvar_add],1,0.2571428571428572,0.2571428571428572,,0.2571428571428572,0.2571428571428572
H2,N_n2000_low,kendall[biasvar_add],1,0.2,0.2,,0.2,0.2
H2,N_n2000_low,top2[biasvar_add],1,0.0,0.0,,0.0,0.0
H2,N_n4000_low,oracle_best_error,1,0.002246158544628507,0.002246158544628507,,0.002246158544628507,0.002246158544628507
H2,N_n4000_low,global_oof_mses_survivor_count,1,5.0,5.0,,5.0,5.0
H2,N_n4000_low,global_oof_error[product],1,0.015421141140022465,0.015421141140022465,,0.015421141140022465,0.015421141140022465
H2,N_n4000_low,global_oof_regret[product],1,0.013174982595393958,0.013174982595393958,,0.013174982595393958,0.013174982595393958
H2,N_n4000_low,global_oof_oracle_ratio[product],1,6.865562170593533,6.865562170593533,,6.865562170593533,6.865562170593533
H2,N_n4000_low,global_oof_catastrophic[product],1,1.0,1.0,,1.0,1.0
H2,N_n4000_low,global_oof_top1[product],1,0.0,0.0,,0.0,0.0
H2,N_n4000_low,global_oof_error[h_only],1,0.0159142975651978,0.0159142975651978,,0.0159142975651978,0.0159142975651978
H2,N_n4000_low,global_oof_regret[h_only],1,0.013668139020569292,0.013668139020569292,,0.013668139020569292,0.013668139020569292
H2,N_n4000_low,global_oof_oracle_ratio[h_only],1,7.0851176539475995,7.0851176539475995,,7.0851176539475995,7.0851176539475995
H2,N_n4000_low,global_oof_catastrophic[h_only],1,1.0,1.0,,1.0,1.0
H2,N_n4000_low,global_oof_top1[h_only],1,0.0,0.0,,0.0,0.0
H2,N_n4000_low,global_oof_error[q_only],1,0.01876052109423776,0.01876052109423776,,0.01876052109423776,0.01876052109423776
H2,N_n4000_low,global_oof_regret[q_only],1,0.01651436254960925,0.01651436254960925,,0.01651436254960925,0.01651436254960925
H2,N_n4000_low,global_oof_oracle_ratio[q_only],1,8.352269313646469,8.352269313646469,,8.352269313646469,8.352269313646469
H2,N_n4000_low,global_oof_catastrophic[q_only],1,1.0,1.0,,1.0,1.0
H2,N_n4000_low,global_oof_top1[q_only],1,0.0,0.0,,0.0,0.0
H2,N_n4000_low,global_oof_error[sum],1,0.015421141140022465,0.015421141140022465,,0.015421141140022465,0.015421141140022465
H2,N_n4000_low,global_oof_regret[sum],1,0.013174982595393958,0.013174982595393958,,0.013174982595393958,0.013174982595393958
H2,N_n4000_low,global_oof_oracle_ratio[sum],1,6.865562170593533,6.865562170593533,,6.865562170593533,6.865562170593533
H2,N_n4000_low,global_oof_catastrophic[sum],1,1.0,1.0,,1.0,1.0
H2,N_n4000_low,global_oof_top1[sum],1,0.0,0.0,,0.0,0.0
H2,N_n4000_low,global_oof_error[max],1,0.015421141140022465,0.015421141140022465,,0.015421141140022465,0.015421141140022465
H2,N_n4000_low,global_oof_regret[max],1,0.013174982595393958,0.013174982595393958,,0.013174982595393958,0.013174982595393958
H2,N_n4000_low,global_oof_oracle_ratio[max],1,6.865562170593533,6.865562170593533,,6.865562170593533,6.865562170593533
H2,N_n4000_low,global_oof_catastrophic[max],1,1.0,1.0,,1.0,1.0
H2,N_n4000_low,global_oof_top1[max],1,0.0,0.0,,0.0,0.0
H2,N_n4000_low,global_oof_error[variance_only],1,0.0159142975651978,0.0159142975651978,,0.0159142975651978,0.0159142975651978
H2,N_n4000_low,global_oof_regret[variance_only],1,0.013668139020569292,0.013668139020569292,,0.013668139020569292,0.013668139020569292
H2,N_n4000_low,global_oof_oracle_ratio[variance_only],1,7.0851176539475995,7.0851176539475995,,7.0851176539475995,7.0851176539475995
H2,N_n4000_low,global_oof_catastrophic[variance_only],1,1.0,1.0,,1.0,1.0
H2,N_n4000_low,global_oof_top1[variance_only],1,0.0,0.0,,0.0,0.0
H2,N_n4000_low,global_oof_error[fixed_sieve1],1,0.015421141140022465,0.015421141140022465,,0.015421141140022465,0.015421141140022465
H2,N_n4000_low,global_oof_regret[fixed_sieve1],1,0.013174982595393958,0.013174982595393958,,0.013174982595393958,0.013174982595393958
H2,N_n4000_low,global_oof_oracle_ratio[fixed_sieve1],1,6.865562170593533,6.865562170593533,,6.865562170593533,6.865562170593533
H2,N_n4000_low,global_oof_catastrophic[fixed_sieve1],1,1.0,1.0,,1.0,1.0
H2,N_n4000_low,global_oof_top1[fixed_sieve1],1,0.0,0.0,,0.0,0.0
H2,N_n4000_low,global_oof_error[fixed_kernel],1,0.002246158544628507,0.002246158544628507,,0.002246158544628507,0.002246158544628507
H2,N_n4000_low,global_oof_regret[fixed_kernel],1,0.0,0.0,,0.0,0.0
H2,N_n4000_low,global_oof_oracle_ratio[fixed_kernel],1,0.9999999995547955,0.9999999995547955,,0.9999999995547955,0.9999999995547955
H2,N_n4000_low,global_oof_catastrophic[fixed_kernel],1,0.0,0.0,,0.0,0.0
H2,N_n4000_low,global_oof_top1[fixed_kernel],1,1.0,1.0,,1.0,1.0
H2,N_n4000_low,global_oof_error[random],1,0.002246158544628507,0.002246158544628507,,0.002246158544628507,0.002246158544628507
H2,N_n4000_low,global_oof_regret[random],1,0.0,0.0,,0.0,0.0
H2,N_n4000_low,global_oof_oracle_ratio[random],1,0.9999999995547955,0.9999999995547955,,0.9999999995547955,0.9999999995547955
H2,N_n4000_low,global_oof_catastrophic[random],1,0.0,0.0,,0.0,0.0
H2,N_n4000_low,global_oof_top1[random],1,1.0,1.0,,1.0,1.0
H2,N_n4000_low,error[oracle],1,0.002246158544628507,0.002246158544628507,,0.002246158544628507,0.002246158544628507
H2,N_n4000_low,regret[oracle],1,0.0,0.0,,0.0,0.0
H2,N_n4000_low,oracle_ratio[oracle],1,0.9999999995547955,0.9999999995547955,,0.9999999995547955,0.9999999995547955
H2,N_n4000_low,catastrophic[oracle],1,0.0,0.0,,0.0,0.0
H2,N_n4000_low,top1[oracle],1,1.0,1.0,,1.0,1.0
H2,N_n4000_low,global_oof_error[biasvar_mult],1,0.015421141140022465,0.015421141140022465,,0.015421141140022465,0.015421141140022465
H2,N_n4000_low,global_oof_regret[biasvar_mult],1,0.013174982595393958,0.013174982595393958,,0.013174982595393958,0.013174982595393958
H2,N_n4000_low,global_oof_oracle_ratio[biasvar_mult],1,6.865562170593533,6.865562170593533,,6.865562170593533,6.865562170593533
H2,N_n4000_low,global_oof_catastrophic[biasvar_mult],1,1.0,1.0,,1.0,1.0
H2,N_n4000_low,global_oof_top1[biasvar_mult],1,0.0,0.0,,0.0,0.0
H2,N_n4000_low,global_oof_error[biasvar_add],1,0.015421141140022465,0.015421141140022465,,0.015421141140022465,0.015421141140022465
H2,N_n4000_low,global_oof_regret[biasvar_add],1,0.013174982595393958,0.013174982595393958,,0.013174982595393958,0.013174982595393958
H2,N_n4000_low,global_oof_oracle_ratio[biasvar_add],1,6.865562170593533,6.865562170593533,,6.865562170593533,6.865562170593533
H2,N_n4000_low,global_oof_catastrophic[biasvar_add],1,1.0,1.0,,1.0,1.0
H2,N_n4000_low,global_oof_top1[biasvar_add],1,0.0,0.0,,0.0,0.0
H2,N_n4000_low,global_oof_error[MSES],1,0.0159142975651978,0.0159142975651978,,0.0159142975651978,0.0159142975651978
H2,N_n4000_low,global_oof_regret[MSES],1,0.013668139020569292,0.013668139020569292,,0.013668139020569292,0.013668139020569292
H2,N_n4000_low,global_oof_oracle_ratio[MSES],1,7.0851176539475995,7.0851176539475995,,7.0851176539475995,7.0851176539475995
H2,N_n4000_low,global_oof_catastrophic[MSES],1,1.0,1.0,,1.0,1.0
H2,N_n4000_low,global_oof_top1[MSES],1,0.0,0.0,,0.0,0.0
H2,N_n4000_low,global_oof_top2[MSES],1,0.0,0.0,,0.0,0.0
H2,N_n4000_low,spearman[product],1,-0.028571428571428574,-0.028571428571428574,,-0.028571428571428574,-0.028571428571428574
H2,N_n4000_low,kendall[product],1,0.06666666666666665,0.06666666666666665,,0.06666666666666665,0.06666666666666665
H2,N_n4000_low,top2[product],1,0.0,0.0,,0.0,0.0
H2,N_n4000_low,spearman[h_only],1,0.029424494316824982,0.029424494316824982,,0.029424494316824982,0.029424494316824982
H2,N_n4000_low,kendall[h_only],1,0.07161148740394328,0.07161148740394328,,0.07161148740394328,0.07161148740394328
H2,N_n4000_low,top2[h_only],1,0.0,0.0,,0.0,0.0
H2,N_n4000_low,spearman[q_only],1,0.26482044885142486,0.26482044885142486,,0.26482044885142486,0.26482044885142486
H2,N_n4000_low,kendall[q_only],1,0.21483446221182986,0.21483446221182986,,0.21483446221182986,0.21483446221182986
H2,N_n4000_low,top2[q_only],1,0.0,0.0,,0.0,0.0
H2,N_n4000_low,spearman[sum],1,-0.028571428571428574,-0.028571428571428574,,-0.028571428571428574,-0.028571428571428574
H2,N_n4000_low,kendall[sum],1,0.06666666666666665,0.06666666666666665,,0.06666666666666665,0.06666666666666665
H2,N_n4000_low,top2[sum],1,0.0,0.0,,0.0,0.0
H2,N_n4000_low,spearman[max],1,0.34786262139146906,0.34786262139146906,,0.34786262139146906,0.34786262139146906
H2,N_n4000_low,kendall[max],1,0.2760262237369417,0.2760262237369417,,0.2760262237369417,0.2760262237369417
H2,N_n4000_low,top2[max],1,0.0,0.0,,0.0,0.0
H2,N_n4000_low,spearman[variance_only],1,0.7714285714285715,0.7714285714285715,,0.7714285714285715,0.7714285714285715
H2,N_n4000_low,kendall[variance_only],1,0.6,0.6,,0.6,0.6
H2,N_n4000_low,top2[variance_only],1,0.0,0.0,,0.0,0.0
H2,N_n4000_low,spearman[biasvar_mult],1,0.4285714285714286,0.4285714285714286,,0.4285714285714286,0.4285714285714286
H2,N_n4000_low,kendall[biasvar_mult],1,0.4666666666666666,0.4666666666666666,,0.4666666666666666,0.4666666666666666
H2,N_n4000_low,top2[biasvar_mult],1,0.0,0.0,,0.0,0.0
H2,N_n4000_low,spearman[biasvar_add],1,0.3714285714285715,0.3714285714285715,,0.3714285714285715,0.3714285714285715
H2,N_n4000_low,kendall[biasvar_add],1,0.3333333333333333,0.3333333333333333,,0.3333333333333333,0.3333333333333333
H2,N_n4000_low,top2[biasvar_add],1,0.0,0.0,,0.0,0.0
H2,N_n8000_low,oracle_best_error,1,0.0037714982292543775,0.0037714982292543775,,0.0037714982292543775,0.0037714982292543775
H2,N_n8000_low,global_oof_mses_survivor_count,1,5.0,5.0,,5.0,5.0
H2,N_n8000_low,global_oof_error[product],1,0.0313856308950794,0.0313856308950794,,0.0313856308950794,0.0313856308950794
H2,N_n8000_low,global_oof_regret[product],1,0.02761413266582502,0.02761413266582502,,0.02761413266582502,0.02761413266582502
H2,N_n8000_low,global_oof_oracle_ratio[product],1,8.321793881091791,8.321793881091791,,8.321793881091791,8.321793881091791
H2,N_n8000_low,global_oof_catastrophic[product],1,1.0,1.0,,1.0,1.0
H2,N_n8000_low,global_oof_top1[product],1,0.0,0.0,,0.0,0.0
H2,N_n8000_low,global_oof_error[h_only],1,0.028374782008105726,0.028374782008105726,,0.028374782008105726,0.028374782008105726
H2,N_n8000_low,global_oof_regret[h_only],1,0.024603283778851348,0.024603283778851348,,0.024603283778851348,0.024603283778851348
H2,N_n8000_low,global_oof_oracle_ratio[h_only],1,7.523477481836687,7.523477481836687,,7.523477481836687,7.523477481836687
H2,N_n8000_low,global_oof_catastrophic[h_only],1,1.0,1.0,,1.0,1.0
H2,N_n8000_low,global_oof_top1[h_only],1,0.0,0.0,,0.0,0.0
H2,N_n8000_low,global_oof_error[q_only],1,0.020287256624269667,0.020287256624269667,,0.020287256624269667,0.020287256624269667
H2,N_n8000_low,global_oof_regret[q_only],1,0.01651575839501529,0.01651575839501529,,0.01651575839501529,0.01651575839501529
H2,N_n8000_low,global_oof_oracle_ratio[q_only],1,5.379097479491949,5.379097479491949,,5.379097479491949,5.379097479491949
H2,N_n8000_low,global_oof_catastrophic[q_only],1,1.0,1.0,,1.0,1.0
H2,N_n8000_low,global_oof_top1[q_only],1,0.0,0.0,,0.0,0.0
H2,N_n8000_low,global_oof_error[sum],1,0.0313856308950794,0.0313856308950794,,0.0313856308950794,0.0313856308950794
H2,N_n8000_low,global_oof_regret[sum],1,0.02761413266582502,0.02761413266582502,,0.02761413266582502,0.02761413266582502
H2,N_n8000_low,global_oof_oracle_ratio[sum],1,8.321793881091791,8.321793881091791,,8.321793881091791,8.321793881091791
H2,N_n8000_low,global_oof_catastrophic[sum],1,1.0,1.0,,1.0,1.0
H2,N_n8000_low,global_oof_top1[sum],1,0.0,0.0,,0.0,0.0
H2,N_n8000_low,global_oof_error[max],1,0.0313856308950794,0.0313856308950794,,0.0313856308950794,0.0313856308950794
H2,N_n8000_low,global_oof_regret[max],1,0.02761413266582502,0.02761413266582502,,0.02761413266582502,0.02761413266582502
H2,N_n8000_low,global_oof_oracle_ratio[max],1,8.321793881091791,8.321793881091791,,8.321793881091791,8.321793881091791
H2,N_n8000_low,global_oof_catastrophic[max],1,1.0,1.0,,1.0,1.0
H2,N_n8000_low,global_oof_top1[max],1,0.0,0.0,,0.0,0.0
H2,N_n8000_low,global_oof_error[variance_only],1,0.028374782008105726,0.028374782008105726,,0.028374782008105726,0.028374782008105726
H2,N_n8000_low,global_oof_regret[variance_only],1,0.024603283778851348,0.024603283778851348,,0.024603283778851348,0.024603283778851348
H2,N_n8000_low,global_oof_oracle_ratio[variance_only],1,7.523477481836687,7.523477481836687,,7.523477481836687,7.523477481836687
H2,N_n8000_low,global_oof_catastrophic[variance_only],1,1.0,1.0,,1.0,1.0
H2,N_n8000_low,global_oof_top1[variance_only],1,0.0,0.0,,0.0,0.0
H2,N_n8000_low,global_oof_error[fixed_sieve1],1,0.0313856308950794,0.0313856308950794,,0.0313856308950794,0.0313856308950794
H2,N_n8000_low,global_oof_regret[fixed_sieve1],1,0.02761413266582502,0.02761413266582502,,0.02761413266582502,0.02761413266582502
H2,N_n8000_low,global_oof_oracle_ratio[fixed_sieve1],1,8.321793881091791,8.321793881091791,,8.321793881091791,8.321793881091791
H2,N_n8000_low,global_oof_catastrophic[fixed_sieve1],1,1.0,1.0,,1.0,1.0
H2,N_n8000_low,global_oof_top1[fixed_sieve1],1,0.0,0.0,,0.0,0.0
H2,N_n8000_low,global_oof_error[fixed_kernel],1,0.0037714982292543775,0.0037714982292543775,,0.0037714982292543775,0.0037714982292543775
H2,N_n8000_low,global_oof_regret[fixed_kernel],1,0.0,0.0,,0.0,0.0
H2,N_n8000_low,global_oof_oracle_ratio[fixed_kernel],1,0.9999999997348534,0.9999999997348534,,0.9999999997348534,0.9999999997348534
H2,N_n8000_low,global_oof_catastrophic[fixed_kernel],1,0.0,0.0,,0.0,0.0
H2,N_n8000_low,global_oof_top1[fixed_kernel],1,1.0,1.0,,1.0,1.0
H2,N_n8000_low,global_oof_error[random],1,0.0037714982292543775,0.0037714982292543775,,0.0037714982292543775,0.0037714982292543775
H2,N_n8000_low,global_oof_regret[random],1,0.0,0.0,,0.0,0.0
H2,N_n8000_low,global_oof_oracle_ratio[random],1,0.9999999997348534,0.9999999997348534,,0.9999999997348534,0.9999999997348534
H2,N_n8000_low,global_oof_catastrophic[random],1,0.0,0.0,,0.0,0.0
H2,N_n8000_low,global_oof_top1[random],1,1.0,1.0,,1.0,1.0
H2,N_n8000_low,error[oracle],1,0.0037714982292543775,0.0037714982292543775,,0.0037714982292543775,0.0037714982292543775
H2,N_n8000_low,regret[oracle],1,0.0,0.0,,0.0,0.0
H2,N_n8000_low,oracle_ratio[oracle],1,0.9999999997348534,0.9999999997348534,,0.9999999997348534,0.9999999997348534
H2,N_n8000_low,catastrophic[oracle],1,0.0,0.0,,0.0,0.0
H2,N_n8000_low,top1[oracle],1,1.0,1.0,,1.0,1.0
H2,N_n8000_low,global_oof_error[biasvar_mult],1,0.0313856308950794,0.0313856308950794,,0.0313856308950794,0.0313856308950794
H2,N_n8000_low,global_oof_regret[biasvar_mult],1,0.02761413266582502,0.02761413266582502,,0.02761413266582502,0.02761413266582502
H2,N_n8000_low,global_oof_oracle_ratio[biasvar_mult],1,8.321793881091791,8.321793881091791,,8.321793881091791,8.321793881091791
H2,N_n8000_low,global_oof_catastrophic[biasvar_mult],1,1.0,1.0,,1.0,1.0
H2,N_n8000_low,global_oof_top1[biasvar_mult],1,0.0,0.0,,0.0,0.0
H2,N_n8000_low,global_oof_error[biasvar_add],1,0.0313856308950794,0.0313856308950794,,0.0313856308950794,0.0313856308950794
H2,N_n8000_low,global_oof_regret[biasvar_add],1,0.02761413266582502,0.02761413266582502,,0.02761413266582502,0.02761413266582502
H2,N_n8000_low,global_oof_oracle_ratio[biasvar_add],1,8.321793881091791,8.321793881091791,,8.321793881091791,8.321793881091791
H2,N_n8000_low,global_oof_catastrophic[biasvar_add],1,1.0,1.0,,1.0,1.0
H2,N_n8000_low,global_oof_top1[biasvar_add],1,0.0,0.0,,0.0,0.0
H2,N_n8000_low,global_oof_error[MSES],1,0.028374782008105726,0.028374782008105726,,0.028374782008105726,0.028374782008105726
H2,N_n8000_low,global_oof_regret[MSES],1,0.024603283778851348,0.024603283778851348,,0.024603283778851348,0.024603283778851348
H2,N_n8000_low,global_oof_oracle_ratio[MSES],1,7.523477481836687,7.523477481836687,,7.523477481836687,7.523477481836687
H2,N_n8000_low,global_oof_catastrophic[MSES],1,1.0,1.0,,1.0,1.0
H2,N_n8000_low,global_oof_top1[MSES],1,0.0,0.0,,0.0,0.0
H2,N_n8000_low,global_oof_top2[MSES],1,0.0,0.0,,0.0,0.0
H2,N_n8000_low,spearman[product],1,-0.5428571428571429,-0.5428571428571429,,-0.5428571428571429,-0.5428571428571429
H2,N_n8000_low,kendall[product],1,-0.4666666666666666,-0.4666666666666666,,-0.4666666666666666,-0.4666666666666666
H2,N_n8000_low,top2[product],1,0.0,0.0,,0.0,0.0
H2,N_n8000_low,spearman[h_only],1,-0.44136741475237473,-0.44136741475237473,,-0.44136741475237473,-0.44136741475237473
H2,N_n8000_low,kendall[h_only],1,-0.21483446221182986,-0.21483446221182986,,-0.21483446221182986,-0.21483446221182986
H2,N_n8000_low,top2[h_only],1,0.0,0.0,,0.0,0.0
H2,N_n8000_low,spearman[q_only],1,0.08827348295047496,0.08827348295047496,,0.08827348295047496,0.08827348295047496
H2,N_n8000_low,kendall[q_only],1,0.07161148740394328,0.07161148740394328,,0.07161148740394328,0.07161148740394328
H2,N_n8000_low,top2[q_only],1,0.0,0.0,,0.0,0.0
H2,N_n8000_low,spearman[sum],1,-0.5428571428571429,-0.5428571428571429,,-0.5428571428571429,-0.5428571428571429
H2,N_n8000_low,kendall[sum],1,-0.4666666666666666,-0.4666666666666666,,-0.4666666666666666,-0.4666666666666666
H2,N_n8000_low,top2[sum],1,0.0,0.0,,0.0,0.0
H2,N_n8000_low,spearman[max],1,-0.6957252427829381,-0.6957252427829381,,-0.6957252427829381,-0.6957252427829381
H2,N_n8000_low,kendall[max],1,-0.5520524474738834,-0.5520524474738834,,-0.5520524474738834,-0.5520524474738834
H2,N_n8000_low,top2[max],1,0.0,0.0,,0.0,0.0
H2,N_n8000_low,spearman[variance_only],1,0.48571428571428577,0.48571428571428577,,0.48571428571428577,0.48571428571428577
H2,N_n8000_low,kendall[variance_only],1,0.3333333333333333,0.3333333333333333,,0.3333333333333333,0.3333333333333333
H2,N_n8000_low,top2[variance_only],1,0.0,0.0,,0.0,0.0
H2,N_n8000_low,spearman[biasvar_mult],1,0.08571428571428573,0.08571428571428573,,0.08571428571428573,0.08571428571428573
H2,N_n8000_low,kendall[biasvar_mult],1,-0.06666666666666665,-0.06666666666666665,,-0.06666666666666665,-0.06666666666666665
H2,N_n8000_low,top2[biasvar_mult],1,0.0,0.0,,0.0,0.0
H2,N_n8000_low,spearman[biasvar_add],1,0.08571428571428573,0.08571428571428573,,0.08571428571428573,0.08571428571428573
H2,N_n8000_low,kendall[biasvar_add],1,-0.06666666666666665,-0.06666666666666665,,-0.06666666666666665,-0.06666666666666665
H2,N_n8000_low,top2[biasvar_add],1,0.0,0.0,,0.0,0.0
I2,N_kernel_overregularized,oracle_best_error,1,0.005623217691534288,0.005623217691534288,,0.005623217691534288,0.005623217691534288
I2,N_kernel_overregularized,global_oof_mses_survivor_count,1,0.0,0.0,,0.0,0.0
I2,N_kernel_overregularized,global_oof_error[product],1,0.005623217691534288,0.005623217691534288,,0.005623217691534288,0.005623217691534288
I2,N_kernel_overregularized,global_oof_regret[product],1,0.0,0.0,,0.0,0.0
I2,N_kernel_overregularized,global_oof_oracle_ratio[product],1,0.9999999998221658,0.9999999998221658,,0.9999999998221658,0.9999999998221658
I2,N_kernel_overregularized,global_oof_catastrophic[product],1,0.0,0.0,,0.0,0.0
I2,N_kernel_overregularized,global_oof_top1[product],1,1.0,1.0,,1.0,1.0
I2,N_kernel_overregularized,global_oof_error[h_only],1,0.005623217691534288,0.005623217691534288,,0.005623217691534288,0.005623217691534288
I2,N_kernel_overregularized,global_oof_regret[h_only],1,0.0,0.0,,0.0,0.0
I2,N_kernel_overregularized,global_oof_oracle_ratio[h_only],1,0.9999999998221658,0.9999999998221658,,0.9999999998221658,0.9999999998221658
I2,N_kernel_overregularized,global_oof_catastrophic[h_only],1,0.0,0.0,,0.0,0.0
I2,N_kernel_overregularized,global_oof_top1[h_only],1,1.0,1.0,,1.0,1.0
I2,N_kernel_overregularized,global_oof_error[q_only],1,0.005623217691534288,0.005623217691534288,,0.005623217691534288,0.005623217691534288
I2,N_kernel_overregularized,global_oof_regret[q_only],1,0.0,0.0,,0.0,0.0
I2,N_kernel_overregularized,global_oof_oracle_ratio[q_only],1,0.9999999998221658,0.9999999998221658,,0.9999999998221658,0.9999999998221658
I2,N_kernel_overregularized,global_oof_catastrophic[q_only],1,0.0,0.0,,0.0,0.0
I2,N_kernel_overregularized,global_oof_top1[q_only],1,1.0,1.0,,1.0,1.0
I2,N_kernel_overregularized,global_oof_error[sum],1,0.005623217691534288,0.005623217691534288,,0.005623217691534288,0.005623217691534288
I2,N_kernel_overregularized,global_oof_regret[sum],1,0.0,0.0,,0.0,0.0
I2,N_kernel_overregularized,global_oof_oracle_ratio[sum],1,0.9999999998221658,0.9999999998221658,,0.9999999998221658,0.9999999998221658
I2,N_kernel_overregularized,global_oof_catastrophic[sum],1,0.0,0.0,,0.0,0.0
I2,N_kernel_overregularized,global_oof_top1[sum],1,1.0,1.0,,1.0,1.0
I2,N_kernel_overregularized,global_oof_error[max],1,0.005623217691534288,0.005623217691534288,,0.005623217691534288,0.005623217691534288
I2,N_kernel_overregularized,global_oof_regret[max],1,0.0,0.0,,0.0,0.0
I2,N_kernel_overregularized,global_oof_oracle_ratio[max],1,0.9999999998221658,0.9999999998221658,,0.9999999998221658,0.9999999998221658
I2,N_kernel_overregularized,global_oof_catastrophic[max],1,0.0,0.0,,0.0,0.0
I2,N_kernel_overregularized,global_oof_top1[max],1,1.0,1.0,,1.0,1.0
I2,N_kernel_overregularized,global_oof_error[variance_only],1,0.005623217691534288,0.005623217691534288,,0.005623217691534288,0.005623217691534288
I2,N_kernel_overregularized,global_oof_regret[variance_only],1,0.0,0.0,,0.0,0.0
I2,N_kernel_overregularized,global_oof_oracle_ratio[variance_only],1,0.9999999998221658,0.9999999998221658,,0.9999999998221658,0.9999999998221658
I2,N_kernel_overregularized,global_oof_catastrophic[variance_only],1,0.0,0.0,,0.0,0.0
I2,N_kernel_overregularized,global_oof_top1[variance_only],1,1.0,1.0,,1.0,1.0
I2,N_kernel_overregularized,global_oof_error[fixed_sieve1],1,0.005623217691534288,0.005623217691534288,,0.005623217691534288,0.005623217691534288
I2,N_kernel_overregularized,global_oof_regret[fixed_sieve1],1,0.0,0.0,,0.0,0.0
I2,N_kernel_overregularized,global_oof_oracle_ratio[fixed_sieve1],1,0.9999999998221658,0.9999999998221658,,0.9999999998221658,0.9999999998221658
I2,N_kernel_overregularized,global_oof_catastrophic[fixed_sieve1],1,0.0,0.0,,0.0,0.0
I2,N_kernel_overregularized,global_oof_top1[fixed_sieve1],1,1.0,1.0,,1.0,1.0
I2,N_kernel_overregularized,global_oof_error[fixed_kernel],1,0.005623217691534288,0.005623217691534288,,0.005623217691534288,0.005623217691534288
I2,N_kernel_overregularized,global_oof_regret[fixed_kernel],1,0.0,0.0,,0.0,0.0
I2,N_kernel_overregularized,global_oof_oracle_ratio[fixed_kernel],1,0.9999999998221658,0.9999999998221658,,0.9999999998221658,0.9999999998221658
I2,N_kernel_overregularized,global_oof_catastrophic[fixed_kernel],1,0.0,0.0,,0.0,0.0
I2,N_kernel_overregularized,global_oof_top1[fixed_kernel],1,1.0,1.0,,1.0,1.0
I2,N_kernel_overregularized,global_oof_error[random],1,0.005623217691534288,0.005623217691534288,,0.005623217691534288,0.005623217691534288
I2,N_kernel_overregularized,global_oof_regret[random],1,0.0,0.0,,0.0,0.0
I2,N_kernel_overregularized,global_oof_oracle_ratio[random],1,0.9999999998221658,0.9999999998221658,,0.9999999998221658,0.9999999998221658
I2,N_kernel_overregularized,global_oof_catastrophic[random],1,0.0,0.0,,0.0,0.0
I2,N_kernel_overregularized,global_oof_top1[random],1,1.0,1.0,,1.0,1.0
I2,N_kernel_overregularized,error[oracle],1,0.005623217691534288,0.005623217691534288,,0.005623217691534288,0.005623217691534288
I2,N_kernel_overregularized,regret[oracle],1,0.0,0.0,,0.0,0.0
I2,N_kernel_overregularized,oracle_ratio[oracle],1,0.9999999998221658,0.9999999998221658,,0.9999999998221658,0.9999999998221658
I2,N_kernel_overregularized,catastrophic[oracle],1,0.0,0.0,,0.0,0.0
I2,N_kernel_overregularized,top1[oracle],1,1.0,1.0,,1.0,1.0
I2,N_kernel_overregularized,global_oof_error[biasvar_mult],1,0.005623217691534288,0.005623217691534288,,0.005623217691534288,0.005623217691534288
I2,N_kernel_overregularized,global_oof_regret[biasvar_mult],1,0.0,0.0,,0.0,0.0
I2,N_kernel_overregularized,global_oof_oracle_ratio[biasvar_mult],1,0.9999999998221658,0.9999999998221658,,0.9999999998221658,0.9999999998221658
I2,N_kernel_overregularized,global_oof_catastrophic[biasvar_mult],1,0.0,0.0,,0.0,0.0
I2,N_kernel_overregularized,global_oof_top1[biasvar_mult],1,1.0,1.0,,1.0,1.0
I2,N_kernel_overregularized,global_oof_error[biasvar_add],1,0.005623217691534288,0.005623217691534288,,0.005623217691534288,0.005623217691534288
I2,N_kernel_overregularized,global_oof_regret[biasvar_add],1,0.0,0.0,,0.0,0.0
I2,N_kernel_overregularized,global_oof_oracle_ratio[biasvar_add],1,0.9999999998221658,0.9999999998221658,,0.9999999998221658,0.9999999998221658
I2,N_kernel_overregularized,global_oof_catastrophic[biasvar_add],1,0.0,0.0,,0.0,0.0
I2,N_kernel_overregularized,global_oof_top1[biasvar_add],1,1.0,1.0,,1.0,1.0
I2,N_kernel_overregularized,top2[product],1,1.0,1.0,,1.0,1.0
I2,N_kernel_overregularized,top2[h_only],1,1.0,1.0,,1.0,1.0
I2,N_kernel_overregularized,top2[q_only],1,1.0,1.0,,1.0,1.0
I2,N_kernel_overregularized,top2[sum],1,1.0,1.0,,1.0,1.0
I2,N_kernel_overregularized,top2[max],1,1.0,1.0,,1.0,1.0
I2,N_kernel_overregularized,top2[variance_only],1,1.0,1.0,,1.0,1.0
I2,N_kernel_overregularized,top2[biasvar_mult],1,1.0,1.0,,1.0,1.0
I2,N_kernel_overregularized,top2[biasvar_add],1,1.0,1.0,,1.0,1.0
I2,N_sieve1_only,oracle_best_error,1,0.015421141140022465,0.015421141140022465,,0.015421141140022465,0.015421141140022465
I2,N_sieve1_only,global_oof_mses_survivor_count,1,1.0,1.0,,1.0,1.0
I2,N_sieve1_only,global_oof_error[product],1,0.015421141140022465,0.015421141140022465,,0.015421141140022465,0.015421141140022465
I2,N_sieve1_only,global_oof_regret[product],1,0.0,0.0,,0.0,0.0
I2,N_sieve1_only,global_oof_oracle_ratio[product],1,0.999999999935154,0.999999999935154,,0.999999999935154,0.999999999935154
I2,N_sieve1_only,global_oof_catastrophic[product],1,0.0,0.0,,0.0,0.0
I2,N_sieve1_only,global_oof_top1[product],1,1.0,1.0,,1.0,1.0
I2,N_sieve1_only,global_oof_error[h_only],1,0.015421141140022465,0.015421141140022465,,0.015421141140022465,0.015421141140022465
I2,N_sieve1_only,global_oof_regret[h_only],1,0.0,0.0,,0.0,0.0
I2,N_sieve1_only,global_oof_oracle_ratio[h_only],1,0.999999999935154,0.999999999935154,,0.999999999935154,0.999999999935154
I2,N_sieve1_only,global_oof_catastrophic[h_only],1,0.0,0.0,,0.0,0.0
I2,N_sieve1_only,global_oof_top1[h_only],1,1.0,1.0,,1.0,1.0
I2,N_sieve1_only,global_oof_error[q_only],1,0.015421141140022465,0.015421141140022465,,0.015421141140022465,0.015421141140022465
I2,N_sieve1_only,global_oof_regret[q_only],1,0.0,0.0,,0.0,0.0
I2,N_sieve1_only,global_oof_oracle_ratio[q_only],1,0.999999999935154,0.999999999935154,,0.999999999935154,0.999999999935154
I2,N_sieve1_only,global_oof_catastrophic[q_only],1,0.0,0.0,,0.0,0.0
I2,N_sieve1_only,global_oof_top1[q_only],1,1.0,1.0,,1.0,1.0
I2,N_sieve1_only,global_oof_error[sum],1,0.015421141140022465,0.015421141140022465,,0.015421141140022465,0.015421141140022465
I2,N_sieve1_only,global_oof_regret[sum],1,0.0,0.0,,0.0,0.0
I2,N_sieve1_only,global_oof_oracle_ratio[sum],1,0.999999999935154,0.999999999935154,,0.999999999935154,0.999999999935154
I2,N_sieve1_only,global_oof_catastrophic[sum],1,0.0,0.0,,0.0,0.0
I2,N_sieve1_only,global_oof_top1[sum],1,1.0,1.0,,1.0,1.0
I2,N_sieve1_only,global_oof_error[max],1,0.015421141140022465,0.015421141140022465,,0.015421141140022465,0.015421141140022465
I2,N_sieve1_only,global_oof_regret[max],1,0.0,0.0,,0.0,0.0
I2,N_sieve1_only,global_oof_oracle_ratio[max],1,0.999999999935154,0.999999999935154,,0.999999999935154,0.999999999935154
I2,N_sieve1_only,global_oof_catastrophic[max],1,0.0,0.0,,0.0,0.0
I2,N_sieve1_only,global_oof_top1[max],1,1.0,1.0,,1.0,1.0
I2,N_sieve1_only,global_oof_error[variance_only],1,0.015421141140022465,0.015421141140022465,,0.015421141140022465,0.015421141140022465
I2,N_sieve1_only,global_oof_regret[variance_only],1,0.0,0.0,,0.0,0.0
I2,N_sieve1_only,global_oof_oracle_ratio[variance_only],1,0.999999999935154,0.999999999935154,,0.999999999935154,0.999999999935154
I2,N_sieve1_only,global_oof_catastrophic[variance_only],1,0.0,0.0,,0.0,0.0
I2,N_sieve1_only,global_oof_top1[variance_only],1,1.0,1.0,,1.0,1.0
I2,N_sieve1_only,global_oof_error[fixed_sieve1],1,0.015421141140022465,0.015421141140022465,,0.015421141140022465,0.015421141140022465
I2,N_sieve1_only,global_oof_regret[fixed_sieve1],1,0.0,0.0,,0.0,0.0
I2,N_sieve1_only,global_oof_oracle_ratio[fixed_sieve1],1,0.999999999935154,0.999999999935154,,0.999999999935154,0.999999999935154
I2,N_sieve1_only,global_oof_catastrophic[fixed_sieve1],1,0.0,0.0,,0.0,0.0
I2,N_sieve1_only,global_oof_top1[fixed_sieve1],1,1.0,1.0,,1.0,1.0
I2,N_sieve1_only,global_oof_error[fixed_kernel],1,0.015421141140022465,0.015421141140022465,,0.015421141140022465,0.015421141140022465
I2,N_sieve1_only,global_oof_regret[fixed_kernel],1,0.0,0.0,,0.0,0.0
I2,N_sieve1_only,global_oof_oracle_ratio[fixed_kernel],1,0.999999999935154,0.999999999935154,,0.999999999935154,0.999999999935154
I2,N_sieve1_only,global_oof_catastrophic[fixed_kernel],1,0.0,0.0,,0.0,0.0
I2,N_sieve1_only,global_oof_top1[fixed_kernel],1,1.0,1.0,,1.0,1.0
I2,N_sieve1_only,global_oof_error[random],1,0.015421141140022465,0.015421141140022465,,0.015421141140022465,0.015421141140022465
I2,N_sieve1_only,global_oof_regret[random],1,0.0,0.0,,0.0,0.0
I2,N_sieve1_only,global_oof_oracle_ratio[random],1,0.999999999935154,0.999999999935154,,0.999999999935154,0.999999999935154
I2,N_sieve1_only,global_oof_catastrophic[random],1,0.0,0.0,,0.0,0.0
I2,N_sieve1_only,global_oof_top1[random],1,1.0,1.0,,1.0,1.0
I2,N_sieve1_only,error[oracle],1,0.015421141140022465,0.015421141140022465,,0.015421141140022465,0.015421141140022465
I2,N_sieve1_only,regret[oracle],1,0.0,0.0,,0.0,0.0
I2,N_sieve1_only,oracle_ratio[oracle],1,0.999999999935154,0.999999999935154,,0.999999999935154,0.999999999935154
I2,N_sieve1_only,catastrophic[oracle],1,0.0,0.0,,0.0,0.0
I2,N_sieve1_only,top1[oracle],1,1.0,1.0,,1.0,1.0
I2,N_sieve1_only,global_oof_error[biasvar_mult],1,0.015421141140022465,0.015421141140022465,,0.015421141140022465,0.015421141140022465
I2,N_sieve1_only,global_oof_regret[biasvar_mult],1,0.0,0.0,,0.0,0.0
I2,N_sieve1_only,global_oof_oracle_ratio[biasvar_mult],1,0.999999999935154,0.999999999935154,,0.999999999935154,0.999999999935154
I2,N_sieve1_only,global_oof_catastrophic[biasvar_mult],1,0.0,0.0,,0.0,0.0
I2,N_sieve1_only,global_oof_top1[biasvar_mult],1,1.0,1.0,,1.0,1.0
I2,N_sieve1_only,global_oof_error[biasvar_add],1,0.015421141140022465,0.015421141140022465,,0.015421141140022465,0.015421141140022465
I2,N_sieve1_only,global_oof_regret[biasvar_add],1,0.0,0.0,,0.0,0.0
I2,N_sieve1_only,global_oof_oracle_ratio[biasvar_add],1,0.999999999935154,0.999999999935154,,0.999999999935154,0.999999999935154
I2,N_sieve1_only,global_oof_catastrophic[biasvar_add],1,0.0,0.0,,0.0,0.0
I2,N_sieve1_only,global_oof_top1[biasvar_add],1,1.0,1.0,,1.0,1.0
I2,N_sieve1_only,global_oof_error[MSES],1,0.015421141140022465,0.015421141140022465,,0.015421141140022465,0.015421141140022465
I2,N_sieve1_only,global_oof_regret[MSES],1,0.0,0.0,,0.0,0.0
I2,N_sieve1_only,global_oof_oracle_ratio[MSES],1,0.999999999935154,0.999999999935154,,0.999999999935154,0.999999999935154
I2,N_sieve1_only,global_oof_catastrophic[MSES],1,0.0,0.0,,0.0,0.0
I2,N_sieve1_only,global_oof_top1[MSES],1,1.0,1.0,,1.0,1.0
I2,N_sieve1_only,global_oof_top2[MSES],1,1.0,1.0,,1.0,1.0
I2,N_sieve1_only,top2[product],1,1.0,1.0,,1.0,1.0
I2,N_sieve1_only,top2[h_only],1,1.0,1.0,,1.0,1.0
I2,N_sieve1_only,top2[q_only],1,1.0,1.0,,1.0,1.0
I2,N_sieve1_only,top2[sum],1,1.0,1.0,,1.0,1.0
I2,N_sieve1_only,top2[max],1,1.0,1.0,,1.0,1.0
I2,N_sieve1_only,top2[variance_only],1,1.0,1.0,,1.0,1.0
I2,N_sieve1_only,top2[biasvar_mult],1,1.0,1.0,,1.0,1.0
I2,N_sieve1_only,top2[biasvar_add],1,1.0,1.0,,1.0,1.0
I2,easy_L_full,oracle_best_error,1,0.009252753483653953,0.009252753483653953,,0.009252753483653953,0.009252753483653953
I2,easy_L_full,global_oof_mses_survivor_count,1,4.0,4.0,,4.0,4.0
I2,easy_L_full,global_oof_error[product],1,0.029215786544095734,0.029215786544095734,,0.029215786544095734,0.029215786544095734
I2,easy_L_full,global_oof_regret[product],1,0.01996303306044178,0.01996303306044178,,0.01996303306044178,0.01996303306044178
I2,easy_L_full,global_oof_oracle_ratio[product],1,3.157523497470373,3.157523497470373,,3.157523497470373,3.157523497470373
I2,easy_L_full,global_oof_catastrophic[product],1,1.0,1.0,,1.0,1.0
I2,easy_L_full,global_oof_top1[product],1,0.0,0.0,,0.0,0.0
I2,easy_L_full,global_oof_error[h_only],1,0.03316921164019082,0.03316921164019082,,0.03316921164019082,0.03316921164019082
I2,easy_L_full,global_oof_regret[h_only],1,0.02391645815653687,0.02391645815653687,,0.02391645815653687,0.02391645815653687
I2,easy_L_full,global_oof_oracle_ratio[h_only],1,3.5847936179433755,3.5847936179433755,,3.5847936179433755,3.5847936179433755
I2,easy_L_full,global_oof_catastrophic[h_only],1,1.0,1.0,,1.0,1.0
I2,easy_L_full,global_oof_top1[h_only],1,0.0,0.0,,0.0,0.0
I2,easy_L_full,global_oof_error[q_only],1,0.02209158071034778,0.02209158071034778,,0.02209158071034778,0.02209158071034778
I2,easy_L_full,global_oof_regret[q_only],1,0.012838827226693827,0.012838827226693827,,0.012838827226693827,0.012838827226693827
I2,easy_L_full,global_oof_oracle_ratio[q_only],1,2.3875682786737498,2.3875682786737498,,2.3875682786737498,2.3875682786737498
I2,easy_L_full,global_oof_catastrophic[q_only],1,1.0,1.0,,1.0,1.0
I2,easy_L_full,global_oof_top1[q_only],1,0.0,0.0,,0.0,0.0
I2,easy_L_full,global_oof_error[sum],1,0.029215786544095734,0.029215786544095734,,0.029215786544095734,0.029215786544095734
I2,easy_L_full,global_oof_regret[sum],1,0.01996303306044178,0.01996303306044178,,0.01996303306044178,0.01996303306044178
I2,easy_L_full,global_oof_oracle_ratio[sum],1,3.157523497470373,3.157523497470373,,3.157523497470373,3.157523497470373
I2,easy_L_full,global_oof_catastrophic[sum],1,1.0,1.0,,1.0,1.0
I2,easy_L_full,global_oof_top1[sum],1,0.0,0.0,,0.0,0.0
I2,easy_L_full,global_oof_error[max],1,0.029215786544095734,0.029215786544095734,,0.029215786544095734,0.029215786544095734
I2,easy_L_full,global_oof_regret[max],1,0.01996303306044178,0.01996303306044178,,0.01996303306044178,0.01996303306044178
I2,easy_L_full,global_oof_oracle_ratio[max],1,3.157523497470373,3.157523497470373,,3.157523497470373,3.157523497470373
I2,easy_L_full,global_oof_catastrophic[max],1,1.0,1.0,,1.0,1.0
I2,easy_L_full,global_oof_top1[max],1,0.0,0.0,,0.0,0.0
I2,easy_L_full,global_oof_error[variance_only],1,0.03316921164019082,0.03316921164019082,,0.03316921164019082,0.03316921164019082
I2,easy_L_full,global_oof_regret[variance_only],1,0.02391645815653687,0.02391645815653687,,0.02391645815653687,0.02391645815653687
I2,easy_L_full,global_oof_oracle_ratio[variance_only],1,3.5847936179433755,3.5847936179433755,,3.5847936179433755,3.5847936179433755
I2,easy_L_full,global_oof_catastrophic[variance_only],1,1.0,1.0,,1.0,1.0
I2,easy_L_full,global_oof_top1[variance_only],1,0.0,0.0,,0.0,0.0
I2,easy_L_full,global_oof_error[fixed_sieve1],1,0.029215786544095734,0.029215786544095734,,0.029215786544095734,0.029215786544095734
I2,easy_L_full,global_oof_regret[fixed_sieve1],1,0.01996303306044178,0.01996303306044178,,0.01996303306044178,0.01996303306044178
I2,easy_L_full,global_oof_oracle_ratio[fixed_sieve1],1,3.157523497470373,3.157523497470373,,3.157523497470373,3.157523497470373
I2,easy_L_full,global_oof_catastrophic[fixed_sieve1],1,1.0,1.0,,1.0,1.0
I2,easy_L_full,global_oof_top1[fixed_sieve1],1,0.0,0.0,,0.0,0.0
I2,easy_L_full,global_oof_error[fixed_kernel],1,0.009252753483653953,0.009252753483653953,,0.009252753483653953,0.009252753483653953
I2,easy_L_full,global_oof_regret[fixed_kernel],1,0.0,0.0,,0.0,0.0
I2,easy_L_full,global_oof_oracle_ratio[fixed_kernel],1,0.999999999891924,0.999999999891924,,0.999999999891924,0.999999999891924
I2,easy_L_full,global_oof_catastrophic[fixed_kernel],1,0.0,0.0,,0.0,0.0
I2,easy_L_full,global_oof_top1[fixed_kernel],1,1.0,1.0,,1.0,1.0
I2,easy_L_full,global_oof_error[random],1,0.009252753483653953,0.009252753483653953,,0.009252753483653953,0.009252753483653953
I2,easy_L_full,global_oof_regret[random],1,0.0,0.0,,0.0,0.0
I2,easy_L_full,global_oof_oracle_ratio[random],1,0.999999999891924,0.999999999891924,,0.999999999891924,0.999999999891924
I2,easy_L_full,global_oof_catastrophic[random],1,0.0,0.0,,0.0,0.0
I2,easy_L_full,global_oof_top1[random],1,1.0,1.0,,1.0,1.0
I2,easy_L_full,error[oracle],1,0.009252753483653953,0.009252753483653953,,0.009252753483653953,0.009252753483653953
I2,easy_L_full,regret[oracle],1,0.0,0.0,,0.0,0.0
I2,easy_L_full,oracle_ratio[oracle],1,0.999999999891924,0.999999999891924,,0.999999999891924,0.999999999891924
I2,easy_L_full,catastrophic[oracle],1,0.0,0.0,,0.0,0.0
I2,easy_L_full,top1[oracle],1,1.0,1.0,,1.0,1.0
I2,easy_L_full,global_oof_error[biasvar_mult],1,0.029215786544095734,0.029215786544095734,,0.029215786544095734,0.029215786544095734
I2,easy_L_full,global_oof_regret[biasvar_mult],1,0.01996303306044178,0.01996303306044178,,0.01996303306044178,0.01996303306044178
I2,easy_L_full,global_oof_oracle_ratio[biasvar_mult],1,3.157523497470373,3.157523497470373,,3.157523497470373,3.157523497470373
I2,easy_L_full,global_oof_catastrophic[biasvar_mult],1,1.0,1.0,,1.0,1.0
I2,easy_L_full,global_oof_top1[biasvar_mult],1,0.0,0.0,,0.0,0.0
I2,easy_L_full,global_oof_error[biasvar_add],1,0.029215786544095734,0.029215786544095734,,0.029215786544095734,0.029215786544095734
I2,easy_L_full,global_oof_regret[biasvar_add],1,0.01996303306044178,0.01996303306044178,,0.01996303306044178,0.01996303306044178
I2,easy_L_full,global_oof_oracle_ratio[biasvar_add],1,3.157523497470373,3.157523497470373,,3.157523497470373,3.157523497470373
I2,easy_L_full,global_oof_catastrophic[biasvar_add],1,1.0,1.0,,1.0,1.0
I2,easy_L_full,global_oof_top1[biasvar_add],1,0.0,0.0,,0.0,0.0
I2,easy_L_full,global_oof_error[MSES],1,0.03316921164019082,0.03316921164019082,,0.03316921164019082,0.03316921164019082
I2,easy_L_full,global_oof_regret[MSES],1,0.02391645815653687,0.02391645815653687,,0.02391645815653687,0.02391645815653687
I2,easy_L_full,global_oof_oracle_ratio[MSES],1,3.5847936179433755,3.5847936179433755,,3.5847936179433755,3.5847936179433755
I2,easy_L_full,global_oof_catastrophic[MSES],1,1.0,1.0,,1.0,1.0
I2,easy_L_full,global_oof_top1[MSES],1,0.0,0.0,,0.0,0.0
I2,easy_L_full,global_oof_top2[MSES],1,0.0,0.0,,0.0,0.0
I2,easy_L_full,spearman[product],1,-0.14285714285714288,-0.14285714285714288,,-0.14285714285714288,-0.14285714285714288
I2,easy_L_full,kendall[product],1,-0.06666666666666665,-0.06666666666666665,,-0.06666666666666665,-0.06666666666666665
I2,easy_L_full,top2[product],1,0.0,0.0,,0.0,0.0
I2,easy_L_full,spearman[h_only],1,-0.5002164033860248,-0.5002164033860248,,-0.5002164033860248,-0.5002164033860248
I2,easy_L_full,kendall[h_only],1,-0.3580574370197165,-0.3580574370197165,,-0.3580574370197165,-0.3580574370197165
I2,easy_L_full,top2[h_only],1,0.0,0.0,,0.0,0.0
I2,easy_L_full,spearman[q_only],1,0.44136741475237473,0.44136741475237473,,0.44136741475237473,0.44136741475237473
I2,easy_L_full,kendall[q_only],1,0.3580574370197165,0.3580574370197165,,0.3580574370197165,0.3580574370197165
I2,easy_L_full,top2[q_only],1,0.0,0.0,,0.0,0.0
I2,easy_L_full,spearman[sum],1,-0.2571428571428572,-0.2571428571428572,,-0.2571428571428572,-0.2571428571428572
I2,easy_L_full,kendall[sum],1,-0.2,-0.2,,-0.2,-0.2
I2,easy_L_full,top2[sum],1,0.0,0.0,,0.0,0.0
I2,easy_L_full,spearman[max],1,0.05797710356524484,0.05797710356524484,,0.05797710356524484,0.05797710356524484
I2,easy_L_full,kendall[max],1,0.0,0.0,,0.0,0.0
I2,easy_L_full,top2[max],1,0.0,0.0,,0.0,0.0
I2,easy_L_full,spearman[variance_only],1,0.48571428571428577,0.48571428571428577,,0.48571428571428577,0.48571428571428577
I2,easy_L_full,kendall[variance_only],1,0.3333333333333333,0.3333333333333333,,0.3333333333333333,0.3333333333333333
I2,easy_L_full,top2[variance_only],1,0.0,0.0,,0.0,0.0
I2,easy_L_full,spearman[biasvar_mult],1,0.2571428571428572,0.2571428571428572,,0.2571428571428572,0.2571428571428572
I2,easy_L_full,kendall[biasvar_mult],1,0.2,0.2,,0.2,0.2
I2,easy_L_full,top2[biasvar_mult],1,0.0,0.0,,0.0,0.0
I2,easy_L_full,spearman[biasvar_add],1,0.2571428571428572,0.2571428571428572,,0.2571428571428572,0.2571428571428572
I2,easy_L_full,kendall[biasvar_add],1,0.2,0.2,,0.2,0.2
I2,easy_L_full,top2[biasvar_add],1,0.0,0.0,,0.0,0.0
R,core_L_n1500_high,oracle_best_error,1,0.011383628262536694,0.011383628262536694,,0.011383628262536694,0.011383628262536694
R,core_L_n1500_high,global_oof_mses_survivor_count,1,2.0,2.0,,2.0,2.0
R,core_L_n1500_high,global_oof_error[product],1,0.475772431559809,0.475772431559809,,0.475772431559809,0.475772431559809
R,core_L_n1500_high,global_oof_regret[product],1,0.4643888032972723,0.4643888032972723,,0.4643888032972723,0.4643888032972723
R,core_L_n1500_high,global_oof_oracle_ratio[product],1,41.79444554455214,41.79444554455214,,41.79444554455214,41.79444554455214
R,core_L_n1500_high,global_oof_catastrophic[product],1,1.0,1.0,,1.0,1.0
R,core_L_n1500_high,global_oof_top1[product],1,0.0,0.0,,0.0,0.0
R,core_L_n1500_high,global_oof_error[h_only],1,0.3191757167707949,0.3191757167707949,,0.3191757167707949,0.3191757167707949
R,core_L_n1500_high,global_oof_regret[h_only],1,0.30779208850825823,0.30779208850825823,,0.30779208850825823,0.30779208850825823
R,core_L_n1500_high,global_oof_oracle_ratio[h_only],1,28.038135942400547,28.038135942400547,,28.038135942400547,28.038135942400547
R,core_L_n1500_high,global_oof_catastrophic[h_only],1,1.0,1.0,,1.0,1.0
R,core_L_n1500_high,global_oof_top1[h_only],1,0.0,0.0,,0.0,0.0
R,core_L_n1500_high,global_oof_error[q_only],1,0.048687584594931166,0.048687584594931166,,0.048687584594931166,0.048687584594931166
R,core_L_n1500_high,global_oof_regret[q_only],1,0.03730395633239447,0.03730395633239447,,0.03730395633239447,0.03730395633239447
R,core_L_n1500_high,global_oof_oracle_ratio[q_only],1,4.276983002939766,4.276983002939766,,4.276983002939766,4.276983002939766
R,core_L_n1500_high,global_oof_catastrophic[q_only],1,1.0,1.0,,1.0,1.0
R,core_L_n1500_high,global_oof_top1[q_only],1,0.0,0.0,,0.0,0.0
R,core_L_n1500_high,global_oof_error[sum],1,0.475772431559809,0.475772431559809,,0.475772431559809,0.475772431559809
R,core_L_n1500_high,global_oof_regret[sum],1,0.4643888032972723,0.4643888032972723,,0.4643888032972723,0.4643888032972723
R,core_L_n1500_high,global_oof_oracle_ratio[sum],1,41.79444554455214,41.79444554455214,,41.79444554455214,41.79444554455214
R,core_L_n1500_high,global_oof_catastrophic[sum],1,1.0,1.0,,1.0,1.0
R,core_L_n1500_high,global_oof_top1[sum],1,0.0,0.0,,0.0,0.0
R,core_L_n1500_high,global_oof_error[max],1,0.475772431559809,0.475772431559809,,0.475772431559809,0.475772431559809
R,core_L_n1500_high,global_oof_regret[max],1,0.4643888032972723,0.4643888032972723,,0.4643888032972723,0.4643888032972723
R,core_L_n1500_high,global_oof_oracle_ratio[max],1,41.79444554455214,41.79444554455214,,41.79444554455214,41.79444554455214
R,core_L_n1500_high,global_oof_catastrophic[max],1,1.0,1.0,,1.0,1.0
R,core_L_n1500_high,global_oof_top1[max],1,0.0,0.0,,0.0,0.0
R,core_L_n1500_high,global_oof_error[variance_only],1,0.011383628262536694,0.011383628262536694,,0.011383628262536694,0.011383628262536694
R,core_L_n1500_high,global_oof_regret[variance_only],1,0.0,0.0,,0.0,0.0
R,core_L_n1500_high,global_oof_oracle_ratio[variance_only],1,0.9999999999121545,0.9999999999121545,,0.9999999999121545,0.9999999999121545
R,core_L_n1500_high,global_oof_catastrophic[variance_only],1,0.0,0.0,,0.0,0.0
R,core_L_n1500_high,global_oof_top1[variance_only],1,1.0,1.0,,1.0,1.0
R,core_L_n1500_high,global_oof_error[fixed_sieve1],1,0.475772431559809,0.475772431559809,,0.475772431559809,0.475772431559809
R,core_L_n1500_high,global_oof_regret[fixed_sieve1],1,0.4643888032972723,0.4643888032972723,,0.4643888032972723,0.4643888032972723
R,core_L_n1500_high,global_oof_oracle_ratio[fixed_sieve1],1,41.79444554455214,41.79444554455214,,41.79444554455214,41.79444554455214
R,core_L_n1500_high,global_oof_catastrophic[fixed_sieve1],1,1.0,1.0,,1.0,1.0
R,core_L_n1500_high,global_oof_top1[fixed_sieve1],1,0.0,0.0,,0.0,0.0
R,core_L_n1500_high,global_oof_error[fixed_kernel],1,0.011383628262536694,0.011383628262536694,,0.011383628262536694,0.011383628262536694
R,core_L_n1500_high,global_oof_regret[fixed_kernel],1,0.0,0.0,,0.0,0.0
R,core_L_n1500_high,global_oof_oracle_ratio[fixed_kernel],1,0.9999999999121545,0.9999999999121545,,0.9999999999121545,0.9999999999121545
R,core_L_n1500_high,global_oof_catastrophic[fixed_kernel],1,0.0,0.0,,0.0,0.0
R,core_L_n1500_high,global_oof_top1[fixed_kernel],1,1.0,1.0,,1.0,1.0
R,core_L_n1500_high,global_oof_error[random],1,0.011383628262536694,0.011383628262536694,,0.011383628262536694,0.011383628262536694
R,core_L_n1500_high,global_oof_regret[random],1,0.0,0.0,,0.0,0.0
R,core_L_n1500_high,global_oof_oracle_ratio[random],1,0.9999999999121545,0.9999999999121545,,0.9999999999121545,0.9999999999121545
R,core_L_n1500_high,global_oof_catastrophic[random],1,0.0,0.0,,0.0,0.0
R,core_L_n1500_high,global_oof_top1[random],1,1.0,1.0,,1.0,1.0
R,core_L_n1500_high,error[oracle],1,0.011383628262536694,0.011383628262536694,,0.011383628262536694,0.011383628262536694
R,core_L_n1500_high,regret[oracle],1,0.0,0.0,,0.0,0.0
R,core_L_n1500_high,oracle_ratio[oracle],1,0.9999999999121545,0.9999999999121545,,0.9999999999121545,0.9999999999121545
R,core_L_n1500_high,catastrophic[oracle],1,0.0,0.0,,0.0,0.0
R,core_L_n1500_high,top1[oracle],1,1.0,1.0,,1.0,1.0
R,core_L_n1500_high,global_oof_error[biasvar_mult],1,0.048687584594931166,0.048687584594931166,,0.048687584594931166,0.048687584594931166
R,core_L_n1500_high,global_oof_regret[biasvar_mult],1,0.03730395633239447,0.03730395633239447,,0.03730395633239447,0.03730395633239447
R,core_L_n1500_high,global_oof_oracle_ratio[biasvar_mult],1,4.276983002939766,4.276983002939766,,4.276983002939766,4.276983002939766
R,core_L_n1500_high,global_oof_catastrophic[biasvar_mult],1,1.0,1.0,,1.0,1.0
R,core_L_n1500_high,global_oof_top1[biasvar_mult],1,0.0,0.0,,0.0,0.0
R,core_L_n1500_high,global_oof_error[biasvar_add],1,0.475772431559809,0.475772431559809,,0.475772431559809,0.475772431559809
R,core_L_n1500_high,global_oof_regret[biasvar_add],1,0.4643888032972723,0.4643888032972723,,0.4643888032972723,0.4643888032972723
R,core_L_n1500_high,global_oof_oracle_ratio[biasvar_add],1,41.79444554455214,41.79444554455214,,41.79444554455214,41.79444554455214
R,core_L_n1500_high,global_oof_catastrophic[biasvar_add],1,1.0,1.0,,1.0,1.0
R,core_L_n1500_high,global_oof_top1[biasvar_add],1,0.0,0.0,,0.0,0.0
R,core_L_n1500_high,global_oof_error[MSES],1,0.048687584594931166,0.048687584594931166,,0.048687584594931166,0.048687584594931166
R,core_L_n1500_high,global_oof_regret[MSES],1,0.03730395633239447,0.03730395633239447,,0.03730395633239447,0.03730395633239447
R,core_L_n1500_high,global_oof_oracle_ratio[MSES],1,4.276983002939766,4.276983002939766,,4.276983002939766,4.276983002939766
R,core_L_n1500_high,global_oof_catastrophic[MSES],1,1.0,1.0,,1.0,1.0
R,core_L_n1500_high,global_oof_top1[MSES],1,0.0,0.0,,0.0,0.0
R,core_L_n1500_high,global_oof_top2[MSES],1,0.0,0.0,,0.0,0.0
R,core_L_n1500_high,spearman[product],1,-0.4285714285714286,-0.4285714285714286,,-0.4285714285714286,-0.4285714285714286
R,core_L_n1500_high,kendall[product],1,-0.3333333333333333,-0.3333333333333333,,-0.3333333333333333,-0.3333333333333333
R,core_L_n1500_high,top2[product],1,0.0,0.0,,0.0,0.0
R,core_L_n1500_high,spearman[h_only],1,-0.44136741475237473,-0.44136741475237473,,-0.44136741475237473,-0.44136741475237473
R,core_L_n1500_high,kendall[h_only],1,-0.21483446221182986,-0.21483446221182986,,-0.21483446221182986,-0.21483446221182986
R,core_L_n1500_high,top2[h_only],1,0.0,0.0,,0.0,0.0
R,core_L_n1500_high,spearman[q_only],1,0.14712247158412492,0.14712247158412492,,0.14712247158412492,0.14712247158412492
R,core_L_n1500_high,kendall[q_only],1,0.07161148740394328,0.07161148740394328,,0.07161148740394328,0.07161148740394328
R,core_L_n1500_high,top2[q_only],1,0.0,0.0,,0.0,0.0
R,core_L_n1500_high,spearman[sum],1,-0.7714285714285715,-0.7714285714285715,,-0.7714285714285715,-0.7714285714285715
R,core_L_n1500_high,kendall[sum],1,-0.6,-0.6,,-0.6,-0.6
R,core_L_n1500_high,top2[sum],1,0.0,0.0,,0.0,0.0
R,core_L_n1500_high,spearman[max],1,-0.8116794499134278,-0.8116794499134278,,-0.8116794499134278,-0.8116794499134278
R,core_L_n1500_high,kendall[max],1,-0.6900655593423541,-0.6900655593423541,,-0.6900655593423541,-0.6900655593423541
R,core_L_n1500_high,top2[max],1,0.0,0.0,,0.0,0.0
R,core_L_n1500_high,spearman[variance_only],1,0.8285714285714287,0.8285714285714287,,0.8285714285714287,0.8285714285714287
R,core_L_n1500_high,kendall[variance_only],1,0.7333333333333333,0.7333333333333333,,0.7333333333333333,0.7333333333333333
R,core_L_n1500_high,top2[variance_only],1,1.0,1.0,,1.0,1.0
R,core_L_n1500_high,spearman[biasvar_mult],1,0.48571428571428577,0.48571428571428577,,0.48571428571428577,0.48571428571428577
R,core_L_n1500_high,kendall[biasvar_mult],1,0.3333333333333333,0.3333333333333333,,0.3333333333333333,0.3333333333333333
R,core_L_n1500_high,top2[biasvar_mult],1,0.0,0.0,,0.0,0.0
R,core_L_n1500_high,spearman[biasvar_add],1,0.14285714285714288,0.14285714285714288,,0.14285714285714288,0.14285714285714288
R,core_L_n1500_high,kendall[biasvar_add],1,0.06666666666666665,0.06666666666666665,,0.06666666666666665,0.06666666666666665
R,core_L_n1500_high,top2[biasvar_add],1,0.0,0.0,,0.0,0.0
R,core_L_n1500_low,oracle_best_error,1,0.008403689283404625,0.008403689283404625,,0.008403689283404625,0.008403689283404625
R,core_L_n1500_low,global_oof_mses_survivor_count,1,5.0,5.0,,5.0,5.0
R,core_L_n1500_low,global_oof_error[product],1,0.4927922127938761,0.4927922127938761,,0.4927922127938761,0.4927922127938761
R,core_L_n1500_low,global_oof_regret[product],1,0.48438852351047146,0.48438852351047146,,0.48438852351047146,0.48438852351047146
R,core_L_n1500_low,global_oof_oracle_ratio[product],1,58.6399849061993,58.6399849061993,,58.6399849061993,58.6399849061993
R,core_L_n1500_low,global_oof_catastrophic[product],1,1.0,1.0,,1.0,1.0
R,core_L_n1500_low,global_oof_top1[product],1,0.0,0.0,,0.0,0.0
R,core_L_n1500_low,global_oof_error[h_only],1,0.12599267782860546,0.12599267782860546,,0.12599267782860546,0.12599267782860546
R,core_L_n1500_low,global_oof_regret[h_only],1,0.11758898854520083,0.11758898854520083,,0.11758898854520083,0.11758898854520083
R,core_L_n1500_low,global_oof_oracle_ratio[h_only],1,14.992543579927425,14.992543579927425,,14.992543579927425,14.992543579927425
R,core_L_n1500_low,global_oof_catastrophic[h_only],1,1.0,1.0,,1.0,1.0
R,core_L_n1500_low,global_oof_top1[h_only],1,0.0,0.0,,0.0,0.0
R,core_L_n1500_low,global_oof_error[q_only],1,0.008403689283404625,0.008403689283404625,,0.008403689283404625,0.008403689283404625
R,core_L_n1500_low,global_oof_regret[q_only],1,0.0,0.0,,0.0,0.0
R,core_L_n1500_low,global_oof_oracle_ratio[q_only],1,0.9999999998810046,0.9999999998810046,,0.9999999998810046,0.9999999998810046
R,core_L_n1500_low,global_oof_catastrophic[q_only],1,0.0,0.0,,0.0,0.0
R,core_L_n1500_low,global_oof_top1[q_only],1,1.0,1.0,,1.0,1.0
R,core_L_n1500_low,global_oof_error[sum],1,0.4927922127938761,0.4927922127938761,,0.4927922127938761,0.4927922127938761
R,core_L_n1500_low,global_oof_regret[sum],1,0.48438852351047146,0.48438852351047146,,0.48438852351047146,0.48438852351047146
R,core_L_n1500_low,global_oof_oracle_ratio[sum],1,58.6399849061993,58.6399849061993,,58.6399849061993,58.6399849061993
R,core_L_n1500_low,global_oof_catastrophic[sum],1,1.0,1.0,,1.0,1.0
R,core_L_n1500_low,global_oof_top1[sum],1,0.0,0.0,,0.0,0.0
R,core_L_n1500_low,global_oof_error[max],1,0.4927922127938761,0.4927922127938761,,0.4927922127938761,0.4927922127938761
R,core_L_n1500_low,global_oof_regret[max],1,0.48438852351047146,0.48438852351047146,,0.48438852351047146,0.48438852351047146
R,core_L_n1500_low,global_oof_oracle_ratio[max],1,58.6399849061993,58.6399849061993,,58.6399849061993,58.6399849061993
R,core_L_n1500_low,global_oof_catastrophic[max],1,1.0,1.0,,1.0,1.0
R,core_L_n1500_low,global_oof_top1[max],1,0.0,0.0,,0.0,0.0
R,core_L_n1500_low,global_oof_error[variance_only],1,0.01229911580223475,0.01229911580223475,,0.01229911580223475,0.01229911580223475
R,core_L_n1500_low,global_oof_regret[variance_only],1,0.003895426518830125,0.003895426518830125,,0.003895426518830125,0.003895426518830125
R,core_L_n1500_low,global_oof_oracle_ratio[variance_only],1,1.463537666136606,1.463537666136606,,1.463537666136606,1.463537666136606
R,core_L_n1500_low,global_oof_catastrophic[variance_only],1,0.0,0.0,,0.0,0.0
R,core_L_n1500_low,global_oof_top1[variance_only],1,0.0,0.0,,0.0,0.0
R,core_L_n1500_low,global_oof_error[fixed_sieve1],1,0.4927922127938761,0.4927922127938761,,0.4927922127938761,0.4927922127938761
R,core_L_n1500_low,global_oof_regret[fixed_sieve1],1,0.48438852351047146,0.48438852351047146,,0.48438852351047146,0.48438852351047146
R,core_L_n1500_low,global_oof_oracle_ratio[fixed_sieve1],1,58.6399849061993,58.6399849061993,,58.6399849061993,58.6399849061993
R,core_L_n1500_low,global_oof_catastrophic[fixed_sieve1],1,1.0,1.0,,1.0,1.0
R,core_L_n1500_low,global_oof_top1[fixed_sieve1],1,0.0,0.0,,0.0,0.0
R,core_L_n1500_low,global_oof_error[fixed_kernel],1,0.01229911580223475,0.01229911580223475,,0.01229911580223475,0.01229911580223475
R,core_L_n1500_low,global_oof_regret[fixed_kernel],1,0.003895426518830125,0.003895426518830125,,0.003895426518830125,0.003895426518830125
R,core_L_n1500_low,global_oof_oracle_ratio[fixed_kernel],1,1.463537666136606,1.463537666136606,,1.463537666136606,1.463537666136606
R,core_L_n1500_low,global_oof_catastrophic[fixed_kernel],1,0.0,0.0,,0.0,0.0
R,core_L_n1500_low,global_oof_top1[fixed_kernel],1,0.0,0.0,,0.0,0.0
R,core_L_n1500_low,global_oof_error[random],1,0.01229911580223475,0.01229911580223475,,0.01229911580223475,0.01229911580223475
R,core_L_n1500_low,global_oof_regret[random],1,0.003895426518830125,0.003895426518830125,,0.003895426518830125,0.003895426518830125
R,core_L_n1500_low,global_oof_oracle_ratio[random],1,1.463537666136606,1.463537666136606,,1.463537666136606,1.463537666136606
R,core_L_n1500_low,global_oof_catastrophic[random],1,0.0,0.0,,0.0,0.0
R,core_L_n1500_low,global_oof_top1[random],1,0.0,0.0,,0.0,0.0
R,core_L_n1500_low,error[oracle],1,0.008403689283404625,0.008403689283404625,,0.008403689283404625,0.008403689283404625
R,core_L_n1500_low,regret[oracle],1,0.0,0.0,,0.0,0.0
R,core_L_n1500_low,oracle_ratio[oracle],1,0.9999999998810046,0.9999999998810046,,0.9999999998810046,0.9999999998810046
R,core_L_n1500_low,catastrophic[oracle],1,0.0,0.0,,0.0,0.0
R,core_L_n1500_low,top1[oracle],1,1.0,1.0,,1.0,1.0
R,core_L_n1500_low,global_oof_error[biasvar_mult],1,0.4927922127938761,0.4927922127938761,,0.4927922127938761,0.4927922127938761
R,core_L_n1500_low,global_oof_regret[biasvar_mult],1,0.48438852351047146,0.48438852351047146,,0.48438852351047146,0.48438852351047146
R,core_L_n1500_low,global_oof_oracle_ratio[biasvar_mult],1,58.6399849061993,58.6399849061993,,58.6399849061993,58.6399849061993
R,core_L_n1500_low,global_oof_catastrophic[biasvar_mult],1,1.0,1.0,,1.0,1.0
R,core_L_n1500_low,global_oof_top1[biasvar_mult],1,0.0,0.0,,0.0,0.0
R,core_L_n1500_low,global_oof_error[biasvar_add],1,0.4927922127938761,0.4927922127938761,,0.4927922127938761,0.4927922127938761
R,core_L_n1500_low,global_oof_regret[biasvar_add],1,0.48438852351047146,0.48438852351047146,,0.48438852351047146,0.48438852351047146
R,core_L_n1500_low,global_oof_oracle_ratio[biasvar_add],1,58.6399849061993,58.6399849061993,,58.6399849061993,58.6399849061993
R,core_L_n1500_low,global_oof_catastrophic[biasvar_add],1,1.0,1.0,,1.0,1.0
R,core_L_n1500_low,global_oof_top1[biasvar_add],1,0.0,0.0,,0.0,0.0
R,core_L_n1500_low,global_oof_error[MSES],1,0.008403689283404625,0.008403689283404625,,0.008403689283404625,0.008403689283404625
R,core_L_n1500_low,global_oof_regret[MSES],1,0.0,0.0,,0.0,0.0
R,core_L_n1500_low,global_oof_oracle_ratio[MSES],1,0.9999999998810046,0.9999999998810046,,0.9999999998810046,0.9999999998810046
R,core_L_n1500_low,global_oof_catastrophic[MSES],1,0.0,0.0,,0.0,0.0
R,core_L_n1500_low,global_oof_top1[MSES],1,1.0,1.0,,1.0,1.0
R,core_L_n1500_low,global_oof_top2[MSES],1,1.0,1.0,,1.0,1.0
R,core_L_n1500_low,spearman[product],1,-0.8857142857142858,-0.8857142857142858,,-0.8857142857142858,-0.8857142857142858
R,core_L_n1500_low,kendall[product],1,-0.7333333333333333,-0.7333333333333333,,-0.7333333333333333,-0.7333333333333333
R,core_L_n1500_low,top2[product],1,0.0,0.0,,0.0,0.0
R,core_L_n1500_low,spearman[h_only],1,-0.7944613465542746,-0.7944613465542746,,-0.7944613465542746,-0.7944613465542746
R,core_L_n1500_low,kendall[h_only],1,-0.6445033866354897,-0.6445033866354897,,-0.6445033866354897,-0.6445033866354897
R,core_L_n1500_low,top2[h_only],1,0.0,0.0,,0.0,0.0
R,core_L_n1500_low,spearman[q_only],1,0.08827348295047496,0.08827348295047496,,0.08827348295047496,0.08827348295047496
R,core_L_n1500_low,kendall[q_only],1,0.07161148740394328,0.07161148740394328,,0.07161148740394328,0.07161148740394328
R,core_L_n1500_low,top2[q_only],1,1.0,1.0,,1.0,1.0
R,core_L_n1500_low,spearman[sum],1,-0.6,-0.6,,-0.6,-0.6
R,core_L_n1500_low,kendall[sum],1,-0.4666666666666666,-0.4666666666666666,,-0.4666666666666666,-0.4666666666666666
R,core_L_n1500_low,top2[sum],1,0.0,0.0,,0.0,0.0
R,core_L_n1500_low,spearman[max],1,-0.5217939320872036,-0.5217939320872036,,-0.5217939320872036,-0.5217939320872036
R,core_L_n1500_low,kendall[max],1,-0.41403933560541256,-0.41403933560541256,,-0.41403933560541256,-0.41403933560541256
R,core_L_n1500_low,top2[max],1,0.0,0.0,,0.0,0.0
R,core_L_n1500_low,spearman[variance_only],1,0.48571428571428577,0.48571428571428577,,0.48571428571428577,0.48571428571428577
R,core_L_n1500_low,kendall[variance_only],1,0.3333333333333333,0.3333333333333333,,0.3333333333333333,0.3333333333333333
R,core_L_n1500_low,top2[variance_only],1,1.0,1.0,,1.0,1.0
R,core_L_n1500_low,spearman[biasvar_mult],1,-0.2,-0.2,,-0.2,-0.2
R,core_L_n1500_low,kendall[biasvar_mult],1,-0.06666666666666665,-0.06666666666666665,,-0.06666666666666665,-0.06666666666666665
R,core_L_n1500_low,top2[biasvar_mult],1,1.0,1.0,,1.0,1.0
R,core_L_n1500_low,spearman[biasvar_add],1,-0.2,-0.2,,-0.2,-0.2
R,core_L_n1500_low,kendall[biasvar_add],1,-0.06666666666666665,-0.06666666666666665,,-0.06666666666666665,-0.06666666666666665
R,core_L_n1500_low,top2[biasvar_add],1,1.0,1.0,,1.0,1.0
R,core_L_n6000_high,oracle_best_error,1,0.020114672832352132,0.020114672832352132,,0.020114672832352132,0.020114672832352132
R,core_L_n6000_high,global_oof_mses_survivor_count,1,5.0,5.0,,5.0,5.0
R,core_L_n6000_high,global_oof_error[product],1,0.03434802501775347,0.03434802501775347,,0.03434802501775347,0.03434802501775347
R,core_L_n6000_high,global_oof_regret[product],1,0.014233352185401338,0.014233352185401338,,0.014233352185401338,0.014233352185401338
R,core_L_n6000_high,global_oof_oracle_ratio[product],1,1.7076104246051182,1.7076104246051182,,1.7076104246051182,1.7076104246051182
R,core_L_n6000_high,global_oof_catastrophic[product],1,1.0,1.0,,1.0,1.0
R,core_L_n6000_high,global_oof_top1[product],1,0.0,0.0,,0.0,0.0
R,core_L_n6000_high,global_oof_error[h_only],1,0.05191093379817313,0.05191093379817313,,0.05191093379817313,0.05191093379817313
R,core_L_n6000_high,global_oof_regret[h_only],1,0.031796260965821,0.031796260965821,,0.031796260965821,0.031796260965821
R,core_L_n6000_high,global_oof_oracle_ratio[h_only],1,2.580749596488571,2.580749596488571,,2.580749596488571,2.580749596488571
R,core_L_n6000_high,global_oof_catastrophic[h_only],1,1.0,1.0,,1.0,1.0
R,core_L_n6000_high,global_oof_top1[h_only],1,0.0,0.0,,0.0,0.0
R,core_L_n6000_high,global_oof_error[q_only],1,0.020114672832352132,0.020114672832352132,,0.020114672832352132,0.020114672832352132
R,core_L_n6000_high,global_oof_regret[q_only],1,0.0,0.0,,0.0,0.0
R,core_L_n6000_high,global_oof_oracle_ratio[q_only],1,0.9999999999502851,0.9999999999502851,,0.9999999999502851,0.9999999999502851
R,core_L_n6000_high,global_oof_catastrophic[q_only],1,0.0,0.0,,0.0,0.0
R,core_L_n6000_high,global_oof_top1[q_only],1,1.0,1.0,,1.0,1.0
R,core_L_n6000_high,global_oof_error[sum],1,0.03434802501775347,0.03434802501775347,,0.03434802501775347,0.03434802501775347
R,core_L_n6000_high,global_oof_regret[sum],1,0.014233352185401338,0.014233352185401338,,0.014233352185401338,0.014233352185401338
R,core_L_n6000_high,global_oof_oracle_ratio[sum],1,1.7076104246051182,1.7076104246051182,,1.7076104246051182,1.7076104246051182
R,core_L_n6000_high,global_oof_catastrophic[sum],1,1.0,1.0,,1.0,1.0
R,core_L_n6000_high,global_oof_top1[sum],1,0.0,0.0,,0.0,0.0
R,core_L_n6000_high,global_oof_error[max],1,0.03434802501775347,0.03434802501775347,,0.03434802501775347,0.03434802501775347
R,core_L_n6000_high,global_oof_regret[max],1,0.014233352185401338,0.014233352185401338,,0.014233352185401338,0.014233352185401338
R,core_L_n6000_high,global_oof_oracle_ratio[max],1,1.7076104246051182,1.7076104246051182,,1.7076104246051182,1.7076104246051182
R,core_L_n6000_high,global_oof_catastrophic[max],1,1.0,1.0,,1.0,1.0
R,core_L_n6000_high,global_oof_top1[max],1,0.0,0.0,,0.0,0.0
R,core_L_n6000_high,global_oof_error[variance_only],1,0.07300161450638543,0.07300161450638543,,0.07300161450638543,0.07300161450638543
R,core_L_n6000_high,global_oof_regret[variance_only],1,0.052886941674033294,0.052886941674033294,,0.052886941674033294,0.052886941674033294
R,core_L_n6000_high,global_oof_oracle_ratio[variance_only],1,3.6292717814103086,3.6292717814103086,,3.6292717814103086,3.6292717814103086
R,core_L_n6000_high,global_oof_catastrophic[variance_only],1,1.0,1.0,,1.0,1.0
R,core_L_n6000_high,global_oof_top1[variance_only],1,0.0,0.0,,0.0,0.0
R,core_L_n6000_high,global_oof_error[fixed_sieve1],1,0.03434802501775347,0.03434802501775347,,0.03434802501775347,0.03434802501775347
R,core_L_n6000_high,global_oof_regret[fixed_sieve1],1,0.014233352185401338,0.014233352185401338,,0.014233352185401338,0.014233352185401338
R,core_L_n6000_high,global_oof_oracle_ratio[fixed_sieve1],1,1.7076104246051182,1.7076104246051182,,1.7076104246051182,1.7076104246051182
R,core_L_n6000_high,global_oof_catastrophic[fixed_sieve1],1,1.0,1.0,,1.0,1.0
R,core_L_n6000_high,global_oof_top1[fixed_sieve1],1,0.0,0.0,,0.0,0.0
R,core_L_n6000_high,global_oof_error[fixed_kernel],1,0.07300161450638543,0.07300161450638543,,0.07300161450638543,0.07300161450638543
R,core_L_n6000_high,global_oof_regret[fixed_kernel],1,0.052886941674033294,0.052886941674033294,,0.052886941674033294,0.052886941674033294
R,core_L_n6000_high,global_oof_oracle_ratio[fixed_kernel],1,3.6292717814103086,3.6292717814103086,,3.6292717814103086,3.6292717814103086
R,core_L_n6000_high,global_oof_catastrophic[fixed_kernel],1,1.0,1.0,,1.0,1.0
R,core_L_n6000_high,global_oof_top1[fixed_kernel],1,0.0,0.0,,0.0,0.0
R,core_L_n6000_high,global_oof_error[random],1,0.07300161450638543,0.07300161450638543,,0.07300161450638543,0.07300161450638543
R,core_L_n6000_high,global_oof_regret[random],1,0.052886941674033294,0.052886941674033294,,0.052886941674033294,0.052886941674033294
R,core_L_n6000_high,global_oof_oracle_ratio[random],1,3.6292717814103086,3.6292717814103086,,3.6292717814103086,3.6292717814103086
R,core_L_n6000_high,global_oof_catastrophic[random],1,1.0,1.0,,1.0,1.0
R,core_L_n6000_high,global_oof_top1[random],1,0.0,0.0,,0.0,0.0
R,core_L_n6000_high,error[oracle],1,0.020114672832352132,0.020114672832352132,,0.020114672832352132,0.020114672832352132
R,core_L_n6000_high,regret[oracle],1,0.0,0.0,,0.0,0.0
R,core_L_n6000_high,oracle_ratio[oracle],1,0.9999999999502851,0.9999999999502851,,0.9999999999502851,0.9999999999502851
R,core_L_n6000_high,catastrophic[oracle],1,0.0,0.0,,0.0,0.0
R,core_L_n6000_high,top1[oracle],1,1.0,1.0,,1.0,1.0
R,core_L_n6000_high,global_oof_error[biasvar_mult],1,0.03434802501775347,0.03434802501775347,,0.03434802501775347,0.03434802501775347
R,core_L_n6000_high,global_oof_regret[biasvar_mult],1,0.014233352185401338,0.014233352185401338,,0.014233352185401338,0.014233352185401338
R,core_L_n6000_high,global_oof_oracle_ratio[biasvar_mult],1,1.7076104246051182,1.7076104246051182,,1.7076104246051182,1.7076104246051182
R,core_L_n6000_high,global_oof_catastrophic[biasvar_mult],1,1.0,1.0,,1.0,1.0
R,core_L_n6000_high,global_oof_top1[biasvar_mult],1,0.0,0.0,,0.0,0.0
R,core_L_n6000_high,global_oof_error[biasvar_add],1,0.03434802501775347,0.03434802501775347,,0.03434802501775347,0.03434802501775347
R,core_L_n6000_high,global_oof_regret[biasvar_add],1,0.014233352185401338,0.014233352185401338,,0.014233352185401338,0.014233352185401338
R,core_L_n6000_high,global_oof_oracle_ratio[biasvar_add],1,1.7076104246051182,1.7076104246051182,,1.7076104246051182,1.7076104246051182
R,core_L_n6000_high,global_oof_catastrophic[biasvar_add],1,1.0,1.0,,1.0,1.0
R,core_L_n6000_high,global_oof_top1[biasvar_add],1,0.0,0.0,,0.0,0.0
R,core_L_n6000_high,global_oof_error[MSES],1,0.020114672832352132,0.020114672832352132,,0.020114672832352132,0.020114672832352132
R,core_L_n6000_high,global_oof_regret[MSES],1,0.0,0.0,,0.0,0.0
R,core_L_n6000_high,global_oof_oracle_ratio[MSES],1,0.9999999999502851,0.9999999999502851,,0.9999999999502851,0.9999999999502851
R,core_L_n6000_high,global_oof_catastrophic[MSES],1,0.0,0.0,,0.0,0.0
R,core_L_n6000_high,global_oof_top1[MSES],1,1.0,1.0,,1.0,1.0
R,core_L_n6000_high,global_oof_top2[MSES],1,1.0,1.0,,1.0,1.0
R,core_L_n6000_high,spearman[product],1,0.3142857142857143,0.3142857142857143,,0.3142857142857143,0.3142857142857143
R,core_L_n6000_high,kendall[product],1,0.2,0.2,,0.2,0.2
R,core_L_n6000_high,top2[product],1,0.0,0.0,,0.0,0.0
R,core_L_n6000_high,spearman[h_only],1,-0.029424494316824982,-0.029424494316824982,,-0.029424494316824982,-0.029424494316824982
R,core_L_n6000_high,kendall[h_only],1,-0.07161148740394328,-0.07161148740394328,,-0.07161148740394328,-0.07161148740394328
R,core_L_n6000_high,top2[h_only],1,0.0,0.0,,0.0,0.0
R,core_L_n6000_high,spearman[q_only],1,0.7944613465542746,0.7944613465542746,,0.7944613465542746,0.7944613465542746
R,core_L_n6000_high,kendall[q_only],1,0.6445033866354897,0.6445033866354897,,0.6445033866354897,0.6445033866354897
R,core_L_n6000_high,top2[q_only],1,1.0,1.0,,1.0,1.0
R,core_L_n6000_high,spearman[sum],1,0.3142857142857143,0.3142857142857143,,0.3142857142857143,0.3142857142857143
R,core_L_n6000_high,kendall[sum],1,0.2,0.2,,0.2,0.2
R,core_L_n6000_high,top2[sum],1,0.0,0.0,,0.0,0.0
R,core_L_n6000_high,spearman[max],1,0.34786262139146906,0.34786262139146906,,0.34786262139146906,0.34786262139146906
R,core_L_n6000_high,kendall[max],1,0.2760262237369417,0.2760262237369417,,0.2760262237369417,0.2760262237369417
R,core_L_n6000_high,top2[max],1,0.0,0.0,,0.0,0.0
R,core_L_n6000_high,spearman[variance_only],1,0.6,0.6,,0.6,0.6
R,core_L_n6000_high,kendall[variance_only],1,0.4666666666666666,0.4666666666666666,,0.4666666666666666,0.4666666666666666
R,core_L_n6000_high,top2[variance_only],1,1.0,1.0,,1.0,1.0
R,core_L_n6000_high,spearman[biasvar_mult],1,0.942857142857143,0.942857142857143,,0.942857142857143,0.942857142857143
R,core_L_n6000_high,kendall[biasvar_mult],1,0.8666666666666666,0.8666666666666666,,0.8666666666666666,0.8666666666666666
R,core_L_n6000_high,top2[biasvar_mult],1,1.0,1.0,,1.0,1.0
R,core_L_n6000_high,spearman[biasvar_add],1,0.8857142857142858,0.8857142857142858,,0.8857142857142858,0.8857142857142858
R,core_L_n6000_high,kendall[biasvar_add],1,0.7333333333333333,0.7333333333333333,,0.7333333333333333,0.7333333333333333
R,core_L_n6000_high,top2[biasvar_add],1,1.0,1.0,,1.0,1.0
R,core_L_n6000_low,oracle_best_error,1,0.007451836509482446,0.007451836509482446,,0.007451836509482446,0.007451836509482446
R,core_L_n6000_low,global_oof_mses_survivor_count,1,5.0,5.0,,5.0,5.0
R,core_L_n6000_low,global_oof_error[product],1,0.09754972487109992,0.09754972487109992,,0.09754972487109992,0.09754972487109992
R,core_L_n6000_low,global_oof_regret[product],1,0.09009788836161747,0.09009788836161747,,0.09009788836161747,0.09009788836161747
R,core_L_n6000_low,global_oof_oracle_ratio[product],1,13.090695794771854,13.090695794771854,,13.090695794771854,13.090695794771854
R,core_L_n6000_low,global_oof_catastrophic[product],1,1.0,1.0,,1.0,1.0
R,core_L_n6000_low,global_oof_top1[product],1,0.0,0.0,,0.0,0.0
R,core_L_n6000_low,global_oof_error[h_only],1,0.08746835710963885,0.08746835710963885,,0.08746835710963885,0.08746835710963885
R,core_L_n6000_low,global_oof_regret[h_only],1,0.0800165206001564,0.0800165206001564,,0.0800165206001564,0.0800165206001564
R,core_L_n6000_low,global_oof_oracle_ratio[h_only],1,11.737825566435566,11.737825566435566,,11.737825566435566,11.737825566435566
R,core_L_n6000_low,global_oof_catastrophic[h_only],1,1.0,1.0,,1.0,1.0
R,core_L_n6000_low,global_oof_top1[h_only],1,0.0,0.0,,0.0,0.0
R,core_L_n6000_low,global_oof_error[q_only],1,0.007451836509482446,0.007451836509482446,,0.007451836509482446,0.007451836509482446
R,core_L_n6000_low,global_oof_regret[q_only],1,0.0,0.0,,0.0,0.0
R,core_L_n6000_low,global_oof_oracle_ratio[q_only],1,0.9999999998658048,0.9999999998658048,,0.9999999998658048,0.9999999998658048
R,core_L_n6000_low,global_oof_catastrophic[q_only],1,0.0,0.0,,0.0,0.0
R,core_L_n6000_low,global_oof_top1[q_only],1,1.0,1.0,,1.0,1.0
R,core_L_n6000_low,global_oof_error[sum],1,0.09754972487109992,0.09754972487109992,,0.09754972487109992,0.09754972487109992
R,core_L_n6000_low,global_oof_regret[sum],1,0.09009788836161747,0.09009788836161747,,0.09009788836161747,0.09009788836161747
R,core_L_n6000_low,global_oof_oracle_ratio[sum],1,13.090695794771854,13.090695794771854,,13.090695794771854,13.090695794771854
R,core_L_n6000_low,global_oof_catastrophic[sum],1,1.0,1.0,,1.0,1.0
R,core_L_n6000_low,global_oof_top1[sum],1,0.0,0.0,,0.0,0.0
R,core_L_n6000_low,global_oof_error[max],1,0.09754972487109992,0.09754972487109992,,0.09754972487109992,0.09754972487109992
R,core_L_n6000_low,global_oof_regret[max],1,0.09009788836161747,0.09009788836161747,,0.09009788836161747,0.09009788836161747
R,core_L_n6000_low,global_oof_oracle_ratio[max],1,13.090695794771854,13.090695794771854,,13.090695794771854,13.090695794771854
R,core_L_n6000_low,global_oof_catastrophic[max],1,1.0,1.0,,1.0,1.0
R,core_L_n6000_low,global_oof_top1[max],1,0.0,0.0,,0.0,0.0
R,core_L_n6000_low,global_oof_error[variance_only],1,0.06520706844486113,0.06520706844486113,,0.06520706844486113,0.06520706844486113
R,core_L_n6000_low,global_oof_regret[variance_only],1,0.05775523193537868,0.05775523193537868,,0.05775523193537868,0.05775523193537868
R,core_L_n6000_low,global_oof_oracle_ratio[variance_only],1,8.750469545746851,8.750469545746851,,8.750469545746851,8.750469545746851
R,core_L_n6000_low,global_oof_catastrophic[variance_only],1,1.0,1.0,,1.0,1.0
R,core_L_n6000_low,global_oof_top1[variance_only],1,0.0,0.0,,0.0,0.0
R,core_L_n6000_low,global_oof_error[fixed_sieve1],1,0.09754972487109992,0.09754972487109992,,0.09754972487109992,0.09754972487109992
R,core_L_n6000_low,global_oof_regret[fixed_sieve1],1,0.09009788836161747,0.09009788836161747,,0.09009788836161747,0.09009788836161747
R,core_L_n6000_low,global_oof_oracle_ratio[fixed_sieve1],1,13.090695794771854,13.090695794771854,,13.090695794771854,13.090695794771854
R,core_L_n6000_low,global_oof_catastrophic[fixed_sieve1],1,1.0,1.0,,1.0,1.0
R,core_L_n6000_low,global_oof_top1[fixed_sieve1],1,0.0,0.0,,0.0,0.0
R,core_L_n6000_low,global_oof_error[fixed_kernel],1,0.06520706844486113,0.06520706844486113,,0.06520706844486113,0.06520706844486113
R,core_L_n6000_low,global_oof_regret[fixed_kernel],1,0.05775523193537868,0.05775523193537868,,0.05775523193537868,0.05775523193537868
R,core_L_n6000_low,global_oof_oracle_ratio[fixed_kernel],1,8.750469545746851,8.750469545746851,,8.750469545746851,8.750469545746851
R,core_L_n6000_low,global_oof_catastrophic[fixed_kernel],1,1.0,1.0,,1.0,1.0
R,core_L_n6000_low,global_oof_top1[fixed_kernel],1,0.0,0.0,,0.0,0.0
R,core_L_n6000_low,global_oof_error[random],1,0.06520706844486113,0.06520706844486113,,0.06520706844486113,0.06520706844486113
R,core_L_n6000_low,global_oof_regret[random],1,0.05775523193537868,0.05775523193537868,,0.05775523193537868,0.05775523193537868
R,core_L_n6000_low,global_oof_oracle_ratio[random],1,8.750469545746851,8.750469545746851,,8.750469545746851,8.750469545746851
R,core_L_n6000_low,global_oof_catastrophic[random],1,1.0,1.0,,1.0,1.0
R,core_L_n6000_low,global_oof_top1[random],1,0.0,0.0,,0.0,0.0
R,core_L_n6000_low,error[oracle],1,0.007451836509482446,0.007451836509482446,,0.007451836509482446,0.007451836509482446
R,core_L_n6000_low,regret[oracle],1,0.0,0.0,,0.0,0.0
R,core_L_n6000_low,oracle_ratio[oracle],1,0.9999999998658048,0.9999999998658048,,0.9999999998658048,0.9999999998658048
R,core_L_n6000_low,catastrophic[oracle],1,0.0,0.0,,0.0,0.0
R,core_L_n6000_low,top1[oracle],1,1.0,1.0,,1.0,1.0
R,core_L_n6000_low,global_oof_error[biasvar_mult],1,0.09754972487109992,0.09754972487109992,,0.09754972487109992,0.09754972487109992
R,core_L_n6000_low,global_oof_regret[biasvar_mult],1,0.09009788836161747,0.09009788836161747,,0.09009788836161747,0.09009788836161747
R,core_L_n6000_low,global_oof_oracle_ratio[biasvar_mult],1,13.090695794771854,13.090695794771854,,13.090695794771854,13.090695794771854
R,core_L_n6000_low,global_oof_catastrophic[biasvar_mult],1,1.0,1.0,,1.0,1.0
R,core_L_n6000_low,global_oof_top1[biasvar_mult],1,0.0,0.0,,0.0,0.0
R,core_L_n6000_low,global_oof_error[biasvar_add],1,0.09754972487109992,0.09754972487109992,,0.09754972487109992,0.09754972487109992
R,core_L_n6000_low,global_oof_regret[biasvar_add],1,0.09009788836161747,0.09009788836161747,,0.09009788836161747,0.09009788836161747
R,core_L_n6000_low,global_oof_oracle_ratio[biasvar_add],1,13.090695794771854,13.090695794771854,,13.090695794771854,13.090695794771854
R,core_L_n6000_low,global_oof_catastrophic[biasvar_add],1,1.0,1.0,,1.0,1.0
R,core_L_n6000_low,global_oof_top1[biasvar_add],1,0.0,0.0,,0.0,0.0
R,core_L_n6000_low,global_oof_error[MSES],1,0.007451836509482446,0.007451836509482446,,0.007451836509482446,0.007451836509482446
R,core_L_n6000_low,global_oof_regret[MSES],1,0.0,0.0,,0.0,0.0
R,core_L_n6000_low,global_oof_oracle_ratio[MSES],1,0.9999999998658048,0.9999999998658048,,0.9999999998658048,0.9999999998658048
R,core_L_n6000_low,global_oof_catastrophic[MSES],1,0.0,0.0,,0.0,0.0
R,core_L_n6000_low,global_oof_top1[MSES],1,1.0,1.0,,1.0,1.0
R,core_L_n6000_low,global_oof_top2[MSES],1,1.0,1.0,,1.0,1.0
R,core_L_n6000_low,spearman[product],1,-0.2571428571428572,-0.2571428571428572,,-0.2571428571428572,-0.2571428571428572
R,core_L_n6000_low,kendall[product],1,-0.2,-0.2,,-0.2,-0.2
R,core_L_n6000_low,top2[product],1,0.0,0.0,,0.0,0.0
R,core_L_n6000_low,spearman[h_only],1,-0.6179143806533246,-0.6179143806533246,,-0.6179143806533246,-0.6179143806533246
R,core_L_n6000_low,kendall[h_only],1,-0.5012804118276031,-0.5012804118276031,,-0.5012804118276031,-0.5012804118276031
R,core_L_n6000_low,top2[h_only],1,0.0,0.0,,0.0,0.0
R,core_L_n6000_low,spearman[q_only],1,0.44136741475237473,0.44136741475237473,,0.44136741475237473,0.44136741475237473
R,core_L_n6000_low,kendall[q_only],1,0.3580574370197165,0.3580574370197165,,0.3580574370197165,0.3580574370197165
R,core_L_n6000_low,top2[q_only],1,1.0,1.0,,1.0,1.0
R,core_L_n6000_low,spearman[sum],1,-0.2571428571428572,-0.2571428571428572,,-0.2571428571428572,-0.2571428571428572
R,core_L_n6000_low,kendall[sum],1,-0.2,-0.2,,-0.2,-0.2
R,core_L_n6000_low,top2[sum],1,0.0,0.0,,0.0,0.0
R,core_L_n6000_low,spearman[max],1,-0.05797710356524484,-0.05797710356524484,,-0.05797710356524484,-0.05797710356524484
R,core_L_n6000_low,kendall[max],1,-0.13801311186847084,-0.13801311186847084,,-0.13801311186847084,-0.13801311186847084
R,core_L_n6000_low,top2[max],1,0.0,0.0,,0.0,0.0
R,core_L_n6000_low,spearman[variance_only],1,0.7714285714285715,0.7714285714285715,,0.7714285714285715,0.7714285714285715
R,core_L_n6000_low,kendall[variance_only],1,0.6,0.6,,0.6,0.6
R,core_L_n6000_low,top2[variance_only],1,1.0,1.0,,1.0,1.0
R,core_L_n6000_low,spearman[biasvar_mult],1,0.2571428571428572,0.2571428571428572,,0.2571428571428572,0.2571428571428572
R,core_L_n6000_low,kendall[biasvar_mult],1,0.2,0.2,,0.2,0.2
R,core_L_n6000_low,top2[biasvar_mult],1,1.0,1.0,,1.0,1.0
R,core_L_n6000_low,spearman[biasvar_add],1,0.2571428571428572,0.2571428571428572,,0.2571428571428572,0.2571428571428572
R,core_L_n6000_low,kendall[biasvar_add],1,0.2,0.2,,0.2,0.2
R,core_L_n6000_low,top2[biasvar_add],1,1.0,1.0,,1.0,1.0
R,core_M_n1500_high,oracle_best_error,1,0.016806519908360795,0.016806519908360795,,0.016806519908360795,0.016806519908360795
R,core_M_n1500_high,global_oof_mses_survivor_count,1,4.0,4.0,,4.0,4.0
R,core_M_n1500_high,global_oof_error[product],1,0.11089192932909009,0.11089192932909009,,0.11089192932909009,0.11089192932909009
R,core_M_n1500_high,global_oof_regret[product],1,0.0940854094207293,0.0940854094207293,,0.0940854094207293,0.0940854094207293
R,core_M_n1500_high,global_oof_oracle_ratio[product],1,6.598149404346713,6.598149404346713,,6.598149404346713,6.598149404346713
R,core_M_n1500_high,global_oof_catastrophic[product],1,1.0,1.0,,1.0,1.0
R,core_M_n1500_high,global_oof_top1[product],1,0.0,0.0,,0.0,0.0
R,core_M_n1500_high,global_oof_error[h_only],1,0.04628033789905417,0.04628033789905417,,0.04628033789905417,0.04628033789905417
R,core_M_n1500_high,global_oof_regret[h_only],1,0.029473817990693374,0.029473817990693374,,0.029473817990693374,0.029473817990693374
R,core_M_n1500_high,global_oof_oracle_ratio[h_only],1,2.7537133296273444,2.7537133296273444,,2.7537133296273444,2.7537133296273444
R,core_M_n1500_high,global_oof_catastrophic[h_only],1,1.0,1.0,,1.0,1.0
R,core_M_n1500_high,global_oof_top1[h_only],1,0.0,0.0,,0.0,0.0
R,core_M_n1500_high,global_oof_error[q_only],1,0.045236842754366235,0.045236842754366235,,0.045236842754366235,0.045236842754366235
R,core_M_n1500_high,global_oof_regret[q_only],1,0.02843032284600544,0.02843032284600544,,0.02843032284600544,0.02843032284600544
R,core_M_n1500_high,global_oof_oracle_ratio[q_only],1,2.6916246193937208,2.6916246193937208,,2.6916246193937208,2.6916246193937208
R,core_M_n1500_high,global_oof_catastrophic[q_only],1,1.0,1.0,,1.0,1.0
R,core_M_n1500_high,global_oof_top1[q_only],1,0.0,0.0,,0.0,0.0
R,core_M_n1500_high,global_oof_error[sum],1,0.11089192932909009,0.11089192932909009,,0.11089192932909009,0.11089192932909009
R,core_M_n1500_high,global_oof_regret[sum],1,0.0940854094207293,0.0940854094207293,,0.0940854094207293,0.0940854094207293
R,core_M_n1500_high,global_oof_oracle_ratio[sum],1,6.598149404346713,6.598149404346713,,6.598149404346713,6.598149404346713
R,core_M_n1500_high,global_oof_catastrophic[sum],1,1.0,1.0,,1.0,1.0
R,core_M_n1500_high,global_oof_top1[sum],1,0.0,0.0,,0.0,0.0
R,core_M_n1500_high,global_oof_error[max],1,0.11089192932909009,0.11089192932909009,,0.11089192932909009,0.11089192932909009
R,core_M_n1500_high,global_oof_regret[max],1,0.0940854094207293,0.0940854094207293,,0.0940854094207293,0.0940854094207293
R,core_M_n1500_high,global_oof_oracle_ratio[max],1,6.598149404346713,6.598149404346713,,6.598149404346713,6.598149404346713
R,core_M_n1500_high,global_oof_catastrophic[max],1,1.0,1.0,,1.0,1.0
R,core_M_n1500_high,global_oof_top1[max],1,0.0,0.0,,0.0,0.0
R,core_M_n1500_high,global_oof_error[variance_only],1,0.04628033789905417,0.04628033789905417,,0.04628033789905417,0.04628033789905417
R,core_M_n1500_high,global_oof_regret[variance_only],1,0.029473817990693374,0.029473817990693374,,0.029473817990693374,0.029473817990693374
R,core_M_n1500_high,global_oof_oracle_ratio[variance_only],1,2.7537133296273444,2.7537133296273444,,2.7537133296273444,2.7537133296273444
R,core_M_n1500_high,global_oof_catastrophic[variance_only],1,1.0,1.0,,1.0,1.0
R,core_M_n1500_high,global_oof_top1[variance_only],1,0.0,0.0,,0.0,0.0
R,core_M_n1500_high,global_oof_error[fixed_sieve1],1,0.11089192932909009,0.11089192932909009,,0.11089192932909009,0.11089192932909009
R,core_M_n1500_high,global_oof_regret[fixed_sieve1],1,0.0940854094207293,0.0940854094207293,,0.0940854094207293,0.0940854094207293
R,core_M_n1500_high,global_oof_oracle_ratio[fixed_sieve1],1,6.598149404346713,6.598149404346713,,6.598149404346713,6.598149404346713
R,core_M_n1500_high,global_oof_catastrophic[fixed_sieve1],1,1.0,1.0,,1.0,1.0
R,core_M_n1500_high,global_oof_top1[fixed_sieve1],1,0.0,0.0,,0.0,0.0
R,core_M_n1500_high,global_oof_error[fixed_kernel],1,0.016806519908360795,0.016806519908360795,,0.016806519908360795,0.016806519908360795
R,core_M_n1500_high,global_oof_regret[fixed_kernel],1,0.0,0.0,,0.0,0.0
R,core_M_n1500_high,global_oof_oracle_ratio[fixed_kernel],1,0.9999999999404994,0.9999999999404994,,0.9999999999404994,0.9999999999404994
R,core_M_n1500_high,global_oof_catastrophic[fixed_kernel],1,0.0,0.0,,0.0,0.0
R,core_M_n1500_high,global_oof_top1[fixed_kernel],1,1.0,1.0,,1.0,1.0
R,core_M_n1500_high,global_oof_error[random],1,0.016806519908360795,0.016806519908360795,,0.016806519908360795,0.016806519908360795
R,core_M_n1500_high,global_oof_regret[random],1,0.0,0.0,,0.0,0.0
R,core_M_n1500_high,global_oof_oracle_ratio[random],1,0.9999999999404994,0.9999999999404994,,0.9999999999404994,0.9999999999404994
R,core_M_n1500_high,global_oof_catastrophic[random],1,0.0,0.0,,0.0,0.0
R,core_M_n1500_high,global_oof_top1[random],1,1.0,1.0,,1.0,1.0
R,core_M_n1500_high,error[oracle],1,0.016806519908360795,0.016806519908360795,,0.016806519908360795,0.016806519908360795
R,core_M_n1500_high,regret[oracle],1,0.0,0.0,,0.0,0.0
R,core_M_n1500_high,oracle_ratio[oracle],1,0.9999999999404994,0.9999999999404994,,0.9999999999404994,0.9999999999404994
R,core_M_n1500_high,catastrophic[oracle],1,0.0,0.0,,0.0,0.0
R,core_M_n1500_high,top1[oracle],1,1.0,1.0,,1.0,1.0
R,core_M_n1500_high,global_oof_error[biasvar_mult],1,0.11089192932909009,0.11089192932909009,,0.11089192932909009,0.11089192932909009
R,core_M_n1500_high,global_oof_regret[biasvar_mult],1,0.0940854094207293,0.0940854094207293,,0.0940854094207293,0.0940854094207293
R,core_M_n1500_high,global_oof_oracle_ratio[biasvar_mult],1,6.598149404346713,6.598149404346713,,6.598149404346713,6.598149404346713
R,core_M_n1500_high,global_oof_catastrophic[biasvar_mult],1,1.0,1.0,,1.0,1.0
R,core_M_n1500_high,global_oof_top1[biasvar_mult],1,0.0,0.0,,0.0,0.0
R,core_M_n1500_high,global_oof_error[biasvar_add],1,0.11089192932909009,0.11089192932909009,,0.11089192932909009,0.11089192932909009
R,core_M_n1500_high,global_oof_regret[biasvar_add],1,0.0940854094207293,0.0940854094207293,,0.0940854094207293,0.0940854094207293
R,core_M_n1500_high,global_oof_oracle_ratio[biasvar_add],1,6.598149404346713,6.598149404346713,,6.598149404346713,6.598149404346713
R,core_M_n1500_high,global_oof_catastrophic[biasvar_add],1,1.0,1.0,,1.0,1.0
R,core_M_n1500_high,global_oof_top1[biasvar_add],1,0.0,0.0,,0.0,0.0
R,core_M_n1500_high,global_oof_error[MSES],1,0.04628033789905417,0.04628033789905417,,0.04628033789905417,0.04628033789905417
R,core_M_n1500_high,global_oof_regret[MSES],1,0.029473817990693374,0.029473817990693374,,0.029473817990693374,0.029473817990693374
R,core_M_n1500_high,global_oof_oracle_ratio[MSES],1,2.7537133296273444,2.7537133296273444,,2.7537133296273444,2.7537133296273444
R,core_M_n1500_high,global_oof_catastrophic[MSES],1,1.0,1.0,,1.0,1.0
R,core_M_n1500_high,global_oof_top1[MSES],1,0.0,0.0,,0.0,0.0
R,core_M_n1500_high,global_oof_top2[MSES],1,0.0,0.0,,0.0,0.0
R,core_M_n1500_high,spearman[product],1,-0.48571428571428577,-0.48571428571428577,,-0.48571428571428577,-0.48571428571428577
R,core_M_n1500_high,kendall[product],1,-0.3333333333333333,-0.3333333333333333,,-0.3333333333333333,-0.3333333333333333
R,core_M_n1500_high,top2[product],1,0.0,0.0,,0.0,0.0
R,core_M_n1500_high,spearman[h_only],1,-0.44136741475237473,-0.44136741475237473,,-0.44136741475237473,-0.44136741475237473
R,core_M_n1500_high,kendall[h_only],1,-0.21483446221182986,-0.21483446221182986,,-0.21483446221182986,-0.21483446221182986
R,core_M_n1500_high,top2[h_only],1,0.0,0.0,,0.0,0.0
R,core_M_n1500_high,spearman[q_only],1,0.5590653920196746,0.5590653920196746,,0.5590653920196746,0.5590653920196746
R,core_M_n1500_high,kendall[q_only],1,0.3580574370197165,0.3580574370197165,,0.3580574370197165,0.3580574370197165
R,core_M_n1500_high,top2[q_only],1,0.0,0.0,,0.0,0.0
R,core_M_n1500_high,spearman[sum],1,-0.14285714285714288,-0.14285714285714288,,-0.14285714285714288,-0.14285714285714288
R,core_M_n1500_high,kendall[sum],1,-0.2,-0.2,,-0.2,-0.2
R,core_M_n1500_high,top2[sum],1,0.0,0.0,,0.0,0.0
R,core_M_n1500_high,spearman[max],1,-0.5217939320872036,-0.5217939320872036,,-0.5217939320872036,-0.5217939320872036
R,core_M_n1500_high,kendall[max],1,-0.41403933560541256,-0.41403933560541256,,-0.41403933560541256,-0.41403933560541256
R,core_M_n1500_high,top2[max],1,0.0,0.0,,0.0,0.0
R,core_M_n1500_high,spearman[variance_only],1,0.7142857142857143,0.7142857142857143,,0.7142857142857143,0.7142857142857143
R,core_M_n1500_high,kendall[variance_only],1,0.6,0.6,,0.6,0.6
R,core_M_n1500_high,top2[variance_only],1,1.0,1.0,,1.0,1.0
R,core_M_n1500_high,spearman[biasvar_mult],1,0.4285714285714286,0.4285714285714286,,0.4285714285714286,0.4285714285714286
R,core_M_n1500_high,kendall[biasvar_mult],1,0.2,0.2,,0.2,0.2
R,core_M_n1500_high,top2[biasvar_mult],1,0.0,0.0,,0.0,0.0
R,core_M_n1500_high,spearman[biasvar_add],1,0.4285714285714286,0.4285714285714286,,0.4285714285714286,0.4285714285714286
R,core_M_n1500_high,kendall[biasvar_add],1,0.2,0.2,,0.2,0.2
R,core_M_n1500_high,top2[biasvar_add],1,0.0,0.0,,0.0,0.0
R,core_M_n1500_low,oracle_best_error,1,0.01064527793805381,0.01064527793805381,,0.01064527793805381,0.01064527793805381
R,core_M_n1500_low,global_oof_mses_survivor_count,1,5.0,5.0,,5.0,5.0
R,core_M_n1500_low,global_oof_error[product],1,0.063878143942949,0.063878143942949,,0.063878143942949,0.063878143942949
R,core_M_n1500_low,global_oof_regret[product],1,0.053232866004895185,0.053232866004895185,,0.053232866004895185,0.053232866004895185
R,core_M_n1500_low,global_oof_oracle_ratio[product],1,6.000608373840797,6.000608373840797,,6.000608373840797,6.000608373840797
R,core_M_n1500_low,global_oof_catastrophic[product],1,1.0,1.0,,1.0,1.0
R,core_M_n1500_low,global_oof_top1[product],1,0.0,0.0,,0.0,0.0
R,core_M_n1500_low,global_oof_error[h_only],1,0.01064527793805381,0.01064527793805381,,0.01064527793805381,0.01064527793805381
R,core_M_n1500_low,global_oof_regret[h_only],1,0.0,0.0,,0.0,0.0
R,core_M_n1500_low,global_oof_oracle_ratio[h_only],1,0.9999999999060616,0.9999999999060616,,0.9999999999060616,0.9999999999060616
R,core_M_n1500_low,global_oof_catastrophic[h_only],1,0.0,0.0,,0.0,0.0
R,core_M_n1500_low,global_oof_top1[h_only],1,1.0,1.0,,1.0,1.0
R,core_M_n1500_low,global_oof_error[q_only],1,0.016623526172872993,0.016623526172872993,,0.016623526172872993,0.016623526172872993
R,core_M_n1500_low,global_oof_regret[q_only],1,0.0059782482348191834,0.0059782482348191834,,0.0059782482348191834,0.0059782482348191834
R,core_M_n1500_low,global_oof_oracle_ratio[q_only],1,1.561586862085308,1.561586862085308,,1.561586862085308,1.561586862085308
R,core_M_n1500_low,global_oof_catastrophic[q_only],1,1.0,1.0,,1.0,1.0
R,core_M_n1500_low,global_oof_top1[q_only],1,0.0,0.0,,0.0,0.0
R,core_M_n1500_low,global_oof_error[sum],1,0.063878143942949,0.063878143942949,,0.063878143942949,0.063878143942949
R,core_M_n1500_low,global_oof_regret[sum],1,0.053232866004895185,0.053232866004895185,,0.053232866004895185,0.053232866004895185
R,core_M_n1500_low,global_oof_oracle_ratio[sum],1,6.000608373840797,6.000608373840797,,6.000608373840797,6.000608373840797
R,core_M_n1500_low,global_oof_catastrophic[sum],1,1.0,1.0,,1.0,1.0
R,core_M_n1500_low,global_oof_top1[sum],1,0.0,0.0,,0.0,0.0
R,core_M_n1500_low,global_oof_error[max],1,0.063878143942949,0.063878143942949,,0.063878143942949,0.063878143942949
R,core_M_n1500_low,global_oof_regret[max],1,0.053232866004895185,0.053232866004895185,,0.053232866004895185,0.053232866004895185
R,core_M_n1500_low,global_oof_oracle_ratio[max],1,6.000608373840797,6.000608373840797,,6.000608373840797,6.000608373840797
R,core_M_n1500_low,global_oof_catastrophic[max],1,1.0,1.0,,1.0,1.0
R,core_M_n1500_low,global_oof_top1[max],1,0.0,0.0,,0.0,0.0
R,core_M_n1500_low,global_oof_error[variance_only],1,0.01064527793805381,0.01064527793805381,,0.01064527793805381,0.01064527793805381
R,core_M_n1500_low,global_oof_regret[variance_only],1,0.0,0.0,,0.0,0.0
R,core_M_n1500_low,global_oof_oracle_ratio[variance_only],1,0.9999999999060616,0.9999999999060616,,0.9999999999060616,0.9999999999060616
R,core_M_n1500_low,global_oof_catastrophic[variance_only],1,0.0,0.0,,0.0,0.0
R,core_M_n1500_low,global_oof_top1[variance_only],1,1.0,1.0,,1.0,1.0
R,core_M_n1500_low,global_oof_error[fixed_sieve1],1,0.063878143942949,0.063878143942949,,0.063878143942949,0.063878143942949
R,core_M_n1500_low,global_oof_regret[fixed_sieve1],1,0.053232866004895185,0.053232866004895185,,0.053232866004895185,0.053232866004895185
R,core_M_n1500_low,global_oof_oracle_ratio[fixed_sieve1],1,6.000608373840797,6.000608373840797,,6.000608373840797,6.000608373840797
R,core_M_n1500_low,global_oof_catastrophic[fixed_sieve1],1,1.0,1.0,,1.0,1.0
R,core_M_n1500_low,global_oof_top1[fixed_sieve1],1,0.0,0.0,,0.0,0.0
R,core_M_n1500_low,global_oof_error[fixed_kernel],1,0.01791291386615157,0.01791291386615157,,0.01791291386615157,0.01791291386615157
R,core_M_n1500_low,global_oof_regret[fixed_kernel],1,0.00726763592809776,0.00726763592809776,,0.00726763592809776,0.00726763592809776
R,core_M_n1500_low,global_oof_oracle_ratio[fixed_kernel],1,1.682709833290058,1.682709833290058,,1.682709833290058,1.682709833290058
R,core_M_n1500_low,global_oof_catastrophic[fixed_kernel],1,1.0,1.0,,1.0,1.0
R,core_M_n1500_low,global_oof_top1[fixed_kernel],1,0.0,0.0,,0.0,0.0
R,core_M_n1500_low,global_oof_error[random],1,0.01791291386615157,0.01791291386615157,,0.01791291386615157,0.01791291386615157
R,core_M_n1500_low,global_oof_regret[random],1,0.00726763592809776,0.00726763592809776,,0.00726763592809776,0.00726763592809776
R,core_M_n1500_low,global_oof_oracle_ratio[random],1,1.682709833290058,1.682709833290058,,1.682709833290058,1.682709833290058
R,core_M_n1500_low,global_oof_catastrophic[random],1,1.0,1.0,,1.0,1.0
R,core_M_n1500_low,global_oof_top1[random],1,0.0,0.0,,0.0,0.0
R,core_M_n1500_low,error[oracle],1,0.01064527793805381,0.01064527793805381,,0.01064527793805381,0.01064527793805381
R,core_M_n1500_low,regret[oracle],1,0.0,0.0,,0.0,0.0
R,core_M_n1500_low,oracle_ratio[oracle],1,0.9999999999060616,0.9999999999060616,,0.9999999999060616,0.9999999999060616
R,core_M_n1500_low,catastrophic[oracle],1,0.0,0.0,,0.0,0.0
R,core_M_n1500_low,top1[oracle],1,1.0,1.0,,1.0,1.0
R,core_M_n1500_low,global_oof_error[biasvar_mult],1,0.063878143942949,0.063878143942949,,0.063878143942949,0.063878143942949
R,core_M_n1500_low,global_oof_regret[biasvar_mult],1,0.053232866004895185,0.053232866004895185,,0.053232866004895185,0.053232866004895185
R,core_M_n1500_low,global_oof_oracle_ratio[biasvar_mult],1,6.000608373840797,6.000608373840797,,6.000608373840797,6.000608373840797
R,core_M_n1500_low,global_oof_catastrophic[biasvar_mult],1,1.0,1.0,,1.0,1.0
R,core_M_n1500_low,global_oof_top1[biasvar_mult],1,0.0,0.0,,0.0,0.0
R,core_M_n1500_low,global_oof_error[biasvar_add],1,0.063878143942949,0.063878143942949,,0.063878143942949,0.063878143942949
R,core_M_n1500_low,global_oof_regret[biasvar_add],1,0.053232866004895185,0.053232866004895185,,0.053232866004895185,0.053232866004895185
R,core_M_n1500_low,global_oof_oracle_ratio[biasvar_add],1,6.000608373840797,6.000608373840797,,6.000608373840797,6.000608373840797
R,core_M_n1500_low,global_oof_catastrophic[biasvar_add],1,1.0,1.0,,1.0,1.0
R,core_M_n1500_low,global_oof_top1[biasvar_add],1,0.0,0.0,,0.0,0.0
R,core_M_n1500_low,global_oof_error[MSES],1,0.01064527793805381,0.01064527793805381,,0.01064527793805381,0.01064527793805381
R,core_M_n1500_low,global_oof_regret[MSES],1,0.0,0.0,,0.0,0.0
R,core_M_n1500_low,global_oof_oracle_ratio[MSES],1,0.9999999999060616,0.9999999999060616,,0.9999999999060616,0.9999999999060616
R,core_M_n1500_low,global_oof_catastrophic[MSES],1,0.0,0.0,,0.0,0.0
R,core_M_n1500_low,global_oof_top1[MSES],1,1.0,1.0,,1.0,1.0
R,core_M_n1500_low,global_oof_top2[MSES],1,1.0,1.0,,1.0,1.0
R,core_M_n1500_low,spearman[product],1,0.08571428571428573,0.08571428571428573,,0.08571428571428573,0.08571428571428573
R,core_M_n1500_low,kendall[product],1,0.06666666666666665,0.06666666666666665,,0.06666666666666665,0.06666666666666665
R,core_M_n1500_low,top2[product],1,1.0,1.0,,1.0,1.0
R,core_M_n1500_low,spearman[h_only],1,0.029424494316824982,0.029424494316824982,,0.029424494316824982,0.029424494316824982
R,core_M_n1500_low,kendall[h_only],1,0.07161148740394328,0.07161148740394328,,0.07161148740394328,0.07161148740394328
R,core_M_n1500_low,top2[h_only],1,1.0,1.0,,1.0,1.0
R,core_M_n1500_low,spearman[q_only],1,0.08827348295047496,0.08827348295047496,,0.08827348295047496,0.08827348295047496
R,core_M_n1500_low,kendall[q_only],1,0.07161148740394328,0.07161148740394328,,0.07161148740394328,0.07161148740394328
R,core_M_n1500_low,top2[q_only],1,0.0,0.0,,0.0,0.0
R,core_M_n1500_low,spearman[sum],1,0.08571428571428573,0.08571428571428573,,0.08571428571428573,0.08571428571428573
R,core_M_n1500_low,kendall[sum],1,0.06666666666666665,0.06666666666666665,,0.06666666666666665,0.06666666666666665
R,core_M_n1500_low,top2[sum],1,1.0,1.0,,1.0,1.0
R,core_M_n1500_low,spearman[max],1,-0.11595420713048968,-0.11595420713048968,,-0.11595420713048968,-0.11595420713048968
R,core_M_n1500_low,kendall[max],1,0.0,0.0,,0.0,0.0
R,core_M_n1500_low,top2[max],1,0.0,0.0,,0.0,0.0
R,core_M_n1500_low,spearman[variance_only],1,0.7142857142857143,0.7142857142857143,,0.7142857142857143,0.7142857142857143
R,core_M_n1500_low,kendall[variance_only],1,0.4666666666666666,0.4666666666666666,,0.4666666666666666,0.4666666666666666
R,core_M_n1500_low,top2[variance_only],1,1.0,1.0,,1.0,1.0
R,core_M_n1500_low,spearman[biasvar_mult],1,0.6,0.6,,0.6,0.6
R,core_M_n1500_low,kendall[biasvar_mult],1,0.4666666666666666,0.4666666666666666,,0.4666666666666666,0.4666666666666666
R,core_M_n1500_low,top2[biasvar_mult],1,1.0,1.0,,1.0,1.0
R,core_M_n1500_low,spearman[biasvar_add],1,0.6,0.6,,0.6,0.6
R,core_M_n1500_low,kendall[biasvar_add],1,0.4666666666666666,0.4666666666666666,,0.4666666666666666,0.4666666666666666
R,core_M_n1500_low,top2[biasvar_add],1,1.0,1.0,,1.0,1.0
R,core_M_n6000_high,oracle_best_error,1,0.027383797449894942,0.027383797449894942,,0.027383797449894942,0.027383797449894942
R,core_M_n6000_high,global_oof_mses_survivor_count,1,4.0,4.0,,4.0,4.0
R,core_M_n6000_high,global_oof_error[product],1,0.12332291343594082,0.12332291343594082,,0.12332291343594082,0.12332291343594082
R,core_M_n6000_high,global_oof_regret[product],1,0.09593911598604588,0.09593911598604588,,0.09593911598604588,0.09593911598604588
R,core_M_n6000_high,global_oof_oracle_ratio[product],1,4.503499328648096,4.503499328648096,,4.503499328648096,4.503499328648096
R,core_M_n6000_high,global_oof_catastrophic[product],1,1.0,1.0,,1.0,1.0
R,core_M_n6000_high,global_oof_top1[product],1,0.0,0.0,,0.0,0.0
R,core_M_n6000_high,global_oof_error[h_only],1,0.08629271118061888,0.08629271118061888,,0.08629271118061888,0.08629271118061888
R,core_M_n6000_high,global_oof_regret[h_only],1,0.05890891373072393,0.05890891373072393,,0.05890891373072393,0.05890891373072393
R,core_M_n6000_high,global_oof_oracle_ratio[h_only],1,3.1512324517941797,3.1512324517941797,,3.1512324517941797,3.1512324517941797
R,core_M_n6000_high,global_oof_catastrophic[h_only],1,1.0,1.0,,1.0,1.0
R,core_M_n6000_high,global_oof_top1[h_only],1,0.0,0.0,,0.0,0.0
R,core_M_n6000_high,global_oof_error[q_only],1,0.027383797449894942,0.027383797449894942,,0.027383797449894942,0.027383797449894942
R,core_M_n6000_high,global_oof_regret[q_only],1,0.0,0.0,,0.0,0.0
R,core_M_n6000_high,global_oof_oracle_ratio[q_only],1,0.9999999999634821,0.9999999999634821,,0.9999999999634821,0.9999999999634821
R,core_M_n6000_high,global_oof_catastrophic[q_only],1,0.0,0.0,,0.0,0.0
R,core_M_n6000_high,global_oof_top1[q_only],1,1.0,1.0,,1.0,1.0
R,core_M_n6000_high,global_oof_error[sum],1,0.12332291343594082,0.12332291343594082,,0.12332291343594082,0.12332291343594082
R,core_M_n6000_high,global_oof_regret[sum],1,0.09593911598604588,0.09593911598604588,,0.09593911598604588,0.09593911598604588
R,core_M_n6000_high,global_oof_oracle_ratio[sum],1,4.503499328648096,4.503499328648096,,4.503499328648096,4.503499328648096
R,core_M_n6000_high,global_oof_catastrophic[sum],1,1.0,1.0,,1.0,1.0
R,core_M_n6000_high,global_oof_top1[sum],1,0.0,0.0,,0.0,0.0
R,core_M_n6000_high,global_oof_error[max],1,0.12332291343594082,0.12332291343594082,,0.12332291343594082,0.12332291343594082
R,core_M_n6000_high,global_oof_regret[max],1,0.09593911598604588,0.09593911598604588,,0.09593911598604588,0.09593911598604588
R,core_M_n6000_high,global_oof_oracle_ratio[max],1,4.503499328648096,4.503499328648096,,4.503499328648096,4.503499328648096
R,core_M_n6000_high,global_oof_catastrophic[max],1,1.0,1.0,,1.0,1.0
R,core_M_n6000_high,global_oof_top1[max],1,0.0,0.0,,0.0,0.0
R,core_M_n6000_high,global_oof_error[variance_only],1,0.060659843147971015,0.060659843147971015,,0.060659843147971015,0.060659843147971015
R,core_M_n6000_high,global_oof_regret[variance_only],1,0.03327604569807607,0.03327604569807607,,0.03327604569807607,0.03327604569807607
R,core_M_n6000_high,global_oof_oracle_ratio[variance_only],1,2.2151727954001705,2.2151727954001705,,2.2151727954001705,2.2151727954001705
R,core_M_n6000_high,global_oof_catastrophic[variance_only],1,1.0,1.0,,1.0,1.0
R,core_M_n6000_high,global_oof_top1[variance_only],1,0.0,0.0,,0.0,0.0
R,core_M_n6000_high,global_oof_error[fixed_sieve1],1,0.12332291343594082,0.12332291343594082,,0.12332291343594082,0.12332291343594082
R,core_M_n6000_high,global_oof_regret[fixed_sieve1],1,0.09593911598604588,0.09593911598604588,,0.09593911598604588,0.09593911598604588
R,core_M_n6000_high,global_oof_oracle_ratio[fixed_sieve1],1,4.503499328648096,4.503499328648096,,4.503499328648096,4.503499328648096
R,core_M_n6000_high,global_oof_catastrophic[fixed_sieve1],1,1.0,1.0,,1.0,1.0
R,core_M_n6000_high,global_oof_top1[fixed_sieve1],1,0.0,0.0,,0.0,0.0
R,core_M_n6000_high,global_oof_error[fixed_kernel],1,0.060659843147971015,0.060659843147971015,,0.060659843147971015,0.060659843147971015
R,core_M_n6000_high,global_oof_regret[fixed_kernel],1,0.03327604569807607,0.03327604569807607,,0.03327604569807607,0.03327604569807607
R,core_M_n6000_high,global_oof_oracle_ratio[fixed_kernel],1,2.2151727954001705,2.2151727954001705,,2.2151727954001705,2.2151727954001705
R,core_M_n6000_high,global_oof_catastrophic[fixed_kernel],1,1.0,1.0,,1.0,1.0
R,core_M_n6000_high,global_oof_top1[fixed_kernel],1,0.0,0.0,,0.0,0.0
R,core_M_n6000_high,global_oof_error[random],1,0.060659843147971015,0.060659843147971015,,0.060659843147971015,0.060659843147971015
R,core_M_n6000_high,global_oof_regret[random],1,0.03327604569807607,0.03327604569807607,,0.03327604569807607,0.03327604569807607
R,core_M_n6000_high,global_oof_oracle_ratio[random],1,2.2151727954001705,2.2151727954001705,,2.2151727954001705,2.2151727954001705
R,core_M_n6000_high,global_oof_catastrophic[random],1,1.0,1.0,,1.0,1.0
R,core_M_n6000_high,global_oof_top1[random],1,0.0,0.0,,0.0,0.0
R,core_M_n6000_high,error[oracle],1,0.027383797449894942,0.027383797449894942,,0.027383797449894942,0.027383797449894942
R,core_M_n6000_high,regret[oracle],1,0.0,0.0,,0.0,0.0
R,core_M_n6000_high,oracle_ratio[oracle],1,0.9999999999634821,0.9999999999634821,,0.9999999999634821,0.9999999999634821
R,core_M_n6000_high,catastrophic[oracle],1,0.0,0.0,,0.0,0.0
R,core_M_n6000_high,top1[oracle],1,1.0,1.0,,1.0,1.0
R,core_M_n6000_high,global_oof_error[biasvar_mult],1,0.027383797449894942,0.027383797449894942,,0.027383797449894942,0.027383797449894942
R,core_M_n6000_high,global_oof_regret[biasvar_mult],1,0.0,0.0,,0.0,0.0
R,core_M_n6000_high,global_oof_oracle_ratio[biasvar_mult],1,0.9999999999634821,0.9999999999634821,,0.9999999999634821,0.9999999999634821
R,core_M_n6000_high,global_oof_catastrophic[biasvar_mult],1,0.0,0.0,,0.0,0.0
R,core_M_n6000_high,global_oof_top1[biasvar_mult],1,1.0,1.0,,1.0,1.0
R,core_M_n6000_high,global_oof_error[biasvar_add],1,0.027383797449894942,0.027383797449894942,,0.027383797449894942,0.027383797449894942
R,core_M_n6000_high,global_oof_regret[biasvar_add],1,0.0,0.0,,0.0,0.0
R,core_M_n6000_high,global_oof_oracle_ratio[biasvar_add],1,0.9999999999634821,0.9999999999634821,,0.9999999999634821,0.9999999999634821
R,core_M_n6000_high,global_oof_catastrophic[biasvar_add],1,0.0,0.0,,0.0,0.0
R,core_M_n6000_high,global_oof_top1[biasvar_add],1,1.0,1.0,,1.0,1.0
R,core_M_n6000_high,global_oof_error[MSES],1,0.027383797449894942,0.027383797449894942,,0.027383797449894942,0.027383797449894942
R,core_M_n6000_high,global_oof_regret[MSES],1,0.0,0.0,,0.0,0.0
R,core_M_n6000_high,global_oof_oracle_ratio[MSES],1,0.9999999999634821,0.9999999999634821,,0.9999999999634821,0.9999999999634821
R,core_M_n6000_high,global_oof_catastrophic[MSES],1,0.0,0.0,,0.0,0.0
R,core_M_n6000_high,global_oof_top1[MSES],1,1.0,1.0,,1.0,1.0
R,core_M_n6000_high,global_oof_top2[MSES],1,1.0,1.0,,1.0,1.0
R,core_M_n6000_high,spearman[product],1,-0.028571428571428574,-0.028571428571428574,,-0.028571428571428574,-0.028571428571428574
R,core_M_n6000_high,kendall[product],1,-0.06666666666666665,-0.06666666666666665,,-0.06666666666666665,-0.06666666666666665
R,core_M_n6000_high,top2[product],1,0.0,0.0,,0.0,0.0
R,core_M_n6000_high,spearman[h_only],1,-0.7061878636037997,-0.7061878636037997,,-0.7061878636037997,-0.7061878636037997
R,core_M_n6000_high,kendall[h_only],1,-0.5012804118276031,-0.5012804118276031,,-0.5012804118276031,-0.5012804118276031
R,core_M_n6000_high,top2[h_only],1,0.0,0.0,,0.0,0.0
R,core_M_n6000_high,spearman[q_only],1,0.5296408977028497,0.5296408977028497,,0.5296408977028497,0.5296408977028497
R,core_M_n6000_high,kendall[q_only],1,0.5012804118276031,0.5012804118276031,,0.5012804118276031,0.5012804118276031
R,core_M_n6000_high,top2[q_only],1,1.0,1.0,,1.0,1.0
R,core_M_n6000_high,spearman[sum],1,-0.028571428571428574,-0.028571428571428574,,-0.028571428571428574,-0.028571428571428574
R,core_M_n6000_high,kendall[sum],1,-0.06666666666666665,-0.06666666666666665,,-0.06666666666666665,-0.06666666666666665
R,core_M_n6000_high,top2[sum],1,0.0,0.0,,0.0,0.0
R,core_M_n6000_high,spearman[max],1,0.08696565534786727,0.08696565534786727,,0.08696565534786727,0.08696565534786727
R,core_M_n6000_high,kendall[max],1,0.0,0.0,,0.0,0.0
R,core_M_n6000_high,top2[max],1,0.0,0.0,,0.0,0.0
R,core_M_n6000_high,spearman[variance_only],1,0.8285714285714287,0.8285714285714287,,0.8285714285714287,0.8285714285714287
R,core_M_n6000_high,kendall[variance_only],1,0.7333333333333333,0.7333333333333333,,0.7333333333333333,0.7333333333333333
R,core_M_n6000_high,top2[variance_only],1,1.0,1.0,,1.0,1.0
R,core_M_n6000_high,spearman[biasvar_mult],1,0.942857142857143,0.942857142857143,,0.942857142857143,0.942857142857143
R,core_M_n6000_high,kendall[biasvar_mult],1,0.8666666666666666,0.8666666666666666,,0.8666666666666666,0.8666666666666666
R,core_M_n6000_high,top2[biasvar_mult],1,1.0,1.0,,1.0,1.0
R,core_M_n6000_high,spearman[biasvar_add],1,0.6571428571428573,0.6571428571428573,,0.6571428571428573,0.6571428571428573
R,core_M_n6000_high,kendall[biasvar_add],1,0.6,0.6,,0.6,0.6
R,core_M_n6000_high,top2[biasvar_add],1,1.0,1.0,,1.0,1.0
R,core_M_n6000_low,oracle_best_error,1,0.0011290901873002301,0.0011290901873002301,,0.0011290901873002301,0.0011290901873002301
R,core_M_n6000_low,global_oof_mses_survivor_count,1,3.0,3.0,,3.0,3.0
R,core_M_n6000_low,global_oof_error[product],1,0.008575690670917235,0.008575690670917235,,0.008575690670917235,0.008575690670917235
R,core_M_n6000_low,global_oof_regret[product],1,0.007446600483617005,0.007446600483617005,,0.007446600483617005,0.007446600483617005
R,core_M_n6000_low,global_oof_oracle_ratio[product],1,7.595222029010246,7.595222029010246,,7.595222029010246,7.595222029010246
R,core_M_n6000_low,global_oof_catastrophic[product],1,1.0,1.0,,1.0,1.0
R,core_M_n6000_low,global_oof_top1[product],1,0.0,0.0,,0.0,0.0
R,core_M_n6000_low,global_oof_error[h_only],1,0.001767665696698284,0.001767665696698284,,0.001767665696698284,0.001767665696698284
R,core_M_n6000_low,global_oof_regret[h_only],1,0.0006385755093980539,0.0006385755093980539,,0.0006385755093980539,0.0006385755093980539
R,core_M_n6000_low,global_oof_oracle_ratio[h_only],1,1.5655664312869344,1.5655664312869344,,1.5655664312869344,1.5655664312869344
R,core_M_n6000_low,global_oof_catastrophic[h_only],1,1.0,1.0,,1.0,1.0
R,core_M_n6000_low,global_oof_top1[h_only],1,0.0,0.0,,0.0,0.0
R,core_M_n6000_low,global_oof_error[q_only],1,0.0011290901873002301,0.0011290901873002301,,0.0011290901873002301,0.0011290901873002301
R,core_M_n6000_low,global_oof_regret[q_only],1,0.0,0.0,,0.0,0.0
R,core_M_n6000_low,global_oof_oracle_ratio[q_only],1,0.9999999991143311,0.9999999991143311,,0.9999999991143311,0.9999999991143311
R,core_M_n6000_low,global_oof_catastrophic[q_only],1,0.0,0.0,,0.0,0.0
R,core_M_n6000_low,global_oof_top1[q_only],1,1.0,1.0,,1.0,1.0
R,core_M_n6000_low,global_oof_error[sum],1,0.008575690670917235,0.008575690670917235,,0.008575690670917235,0.008575690670917235
R,core_M_n6000_low,global_oof_regret[sum],1,0.007446600483617005,0.007446600483617005,,0.007446600483617005,0.007446600483617005
R,core_M_n6000_low,global_oof_oracle_ratio[sum],1,7.595222029010246,7.595222029010246,,7.595222029010246,7.595222029010246
R,core_M_n6000_low,global_oof_catastrophic[sum],1,1.0,1.0,,1.0,1.0
R,core_M_n6000_low,global_oof_top1[sum],1,0.0,0.0,,0.0,0.0
R,core_M_n6000_low,global_oof_error[max],1,0.008575690670917235,0.008575690670917235,,0.008575690670917235,0.008575690670917235
R,core_M_n6000_low,global_oof_regret[max],1,0.007446600483617005,0.007446600483617005,,0.007446600483617005,0.007446600483617005
R,core_M_n6000_low,global_oof_oracle_ratio[max],1,7.595222029010246,7.595222029010246,,7.595222029010246,7.595222029010246
R,core_M_n6000_low,global_oof_catastrophic[max],1,1.0,1.0,,1.0,1.0
R,core_M_n6000_low,global_oof_top1[max],1,0.0,0.0,,0.0,0.0
R,core_M_n6000_low,global_oof_error[variance_only],1,0.05226613376434708,0.05226613376434708,,0.05226613376434708,0.05226613376434708
R,core_M_n6000_low,global_oof_regret[variance_only],1,0.05113704357704685,0.05113704357704685,,0.05113704357704685,0.05113704357704685
R,core_M_n6000_low,global_oof_oracle_ratio[variance_only],1,46.290486186077175,46.290486186077175,,46.290486186077175,46.290486186077175
R,core_M_n6000_low,global_oof_catastrophic[variance_only],1,1.0,1.0,,1.0,1.0
R,core_M_n6000_low,global_oof_top1[variance_only],1,0.0,0.0,,0.0,0.0
R,core_M_n6000_low,global_oof_error[fixed_sieve1],1,0.008575690670917235,0.008575690670917235,,0.008575690670917235,0.008575690670917235
R,core_M_n6000_low,global_oof_regret[fixed_sieve1],1,0.007446600483617005,0.007446600483617005,,0.007446600483617005,0.007446600483617005
R,core_M_n6000_low,global_oof_oracle_ratio[fixed_sieve1],1,7.595222029010246,7.595222029010246,,7.595222029010246,7.595222029010246
R,core_M_n6000_low,global_oof_catastrophic[fixed_sieve1],1,1.0,1.0,,1.0,1.0
R,core_M_n6000_low,global_oof_top1[fixed_sieve1],1,0.0,0.0,,0.0,0.0
R,core_M_n6000_low,global_oof_error[fixed_kernel],1,0.05226613376434708,0.05226613376434708,,0.05226613376434708,0.05226613376434708
R,core_M_n6000_low,global_oof_regret[fixed_kernel],1,0.05113704357704685,0.05113704357704685,,0.05113704357704685,0.05113704357704685
R,core_M_n6000_low,global_oof_oracle_ratio[fixed_kernel],1,46.290486186077175,46.290486186077175,,46.290486186077175,46.290486186077175
R,core_M_n6000_low,global_oof_catastrophic[fixed_kernel],1,1.0,1.0,,1.0,1.0
R,core_M_n6000_low,global_oof_top1[fixed_kernel],1,0.0,0.0,,0.0,0.0
R,core_M_n6000_low,global_oof_error[random],1,0.05226613376434708,0.05226613376434708,,0.05226613376434708,0.05226613376434708
R,core_M_n6000_low,global_oof_regret[random],1,0.05113704357704685,0.05113704357704685,,0.05113704357704685,0.05113704357704685
R,core_M_n6000_low,global_oof_oracle_ratio[random],1,46.290486186077175,46.290486186077175,,46.290486186077175,46.290486186077175
R,core_M_n6000_low,global_oof_catastrophic[random],1,1.0,1.0,,1.0,1.0
R,core_M_n6000_low,global_oof_top1[random],1,0.0,0.0,,0.0,0.0
R,core_M_n6000_low,error[oracle],1,0.0011290901873002301,0.0011290901873002301,,0.0011290901873002301,0.0011290901873002301
R,core_M_n6000_low,regret[oracle],1,0.0,0.0,,0.0,0.0
R,core_M_n6000_low,oracle_ratio[oracle],1,0.9999999991143311,0.9999999991143311,,0.9999999991143311,0.9999999991143311
R,core_M_n6000_low,catastrophic[oracle],1,0.0,0.0,,0.0,0.0
R,core_M_n6000_low,top1[oracle],1,1.0,1.0,,1.0,1.0
R,core_M_n6000_low,global_oof_error[biasvar_mult],1,0.008575690670917235,0.008575690670917235,,0.008575690670917235,0.008575690670917235
R,core_M_n6000_low,global_oof_regret[biasvar_mult],1,0.007446600483617005,0.007446600483617005,,0.007446600483617005,0.007446600483617005
R,core_M_n6000_low,global_oof_oracle_ratio[biasvar_mult],1,7.595222029010246,7.595222029010246,,7.595222029010246,7.595222029010246
R,core_M_n6000_low,global_oof_catastrophic[biasvar_mult],1,1.0,1.0,,1.0,1.0
R,core_M_n6000_low,global_oof_top1[biasvar_mult],1,0.0,0.0,,0.0,0.0
R,core_M_n6000_low,global_oof_error[biasvar_add],1,0.008575690670917235,0.008575690670917235,,0.008575690670917235,0.008575690670917235
R,core_M_n6000_low,global_oof_regret[biasvar_add],1,0.007446600483617005,0.007446600483617005,,0.007446600483617005,0.007446600483617005
R,core_M_n6000_low,global_oof_oracle_ratio[biasvar_add],1,7.595222029010246,7.595222029010246,,7.595222029010246,7.595222029010246
R,core_M_n6000_low,global_oof_catastrophic[biasvar_add],1,1.0,1.0,,1.0,1.0
R,core_M_n6000_low,global_oof_top1[biasvar_add],1,0.0,0.0,,0.0,0.0
R,core_M_n6000_low,global_oof_error[MSES],1,0.0011290901873002301,0.0011290901873002301,,0.0011290901873002301,0.0011290901873002301
R,core_M_n6000_low,global_oof_regret[MSES],1,0.0,0.0,,0.0,0.0
R,core_M_n6000_low,global_oof_oracle_ratio[MSES],1,0.9999999991143311,0.9999999991143311,,0.9999999991143311,0.9999999991143311
R,core_M_n6000_low,global_oof_catastrophic[MSES],1,0.0,0.0,,0.0,0.0
R,core_M_n6000_low,global_oof_top1[MSES],1,1.0,1.0,,1.0,1.0
R,core_M_n6000_low,global_oof_top2[MSES],1,1.0,1.0,,1.0,1.0
R,core_M_n6000_low,spearman[product],1,-0.08571428571428573,-0.08571428571428573,,-0.08571428571428573,-0.08571428571428573
R,core_M_n6000_low,kendall[product],1,-0.06666666666666665,-0.06666666666666665,,-0.06666666666666665,-0.06666666666666665
R,core_M_n6000_low,top2[product],1,0.0,0.0,,0.0,0.0
R,core_M_n6000_low,spearman[h_only],1,-0.029424494316824982,-0.029424494316824982,,-0.029424494316824982,-0.029424494316824982
R,core_M_n6000_low,kendall[h_only],1,-0.07161148740394328,-0.07161148740394328,,-0.07161148740394328,-0.07161148740394328
R,core_M_n6000_low,top2[h_only],1,0.0,0.0,,0.0,0.0
R,core_M_n6000_low,spearman[q_only],1,0.6179143806533246,0.6179143806533246,,0.6179143806533246,0.6179143806533246
R,core_M_n6000_low,kendall[q_only],1,0.5012804118276031,0.5012804118276031,,0.5012804118276031,0.5012804118276031
R,core_M_n6000_low,top2[q_only],1,1.0,1.0,,1.0,1.0
R,core_M_n6000_low,spearman[sum],1,0.2,0.2,,0.2,0.2
R,core_M_n6000_low,kendall[sum],1,0.06666666666666665,0.06666666666666665,,0.06666666666666665,0.06666666666666665
R,core_M_n6000_low,top2[sum],1,0.0,0.0,,0.0,0.0
R,core_M_n6000_low,spearman[max],1,-0.17393131069573453,-0.17393131069573453,,-0.17393131069573453,-0.17393131069573453
R,core_M_n6000_low,kendall[max],1,-0.13801311186847084,-0.13801311186847084,,-0.13801311186847084,-0.13801311186847084
R,core_M_n6000_low,top2[max],1,0.0,0.0,,0.0,0.0
R,core_M_n6000_low,spearman[variance_only],1,0.6571428571428573,0.6571428571428573,,0.6571428571428573,0.6571428571428573
R,core_M_n6000_low,kendall[variance_only],1,0.6,0.6,,0.6,0.6
R,core_M_n6000_low,top2[variance_only],1,1.0,1.0,,1.0,1.0
R,core_M_n6000_low,spearman[biasvar_mult],1,0.8285714285714287,0.8285714285714287,,0.8285714285714287,0.8285714285714287
R,core_M_n6000_low,kendall[biasvar_mult],1,0.7333333333333333,0.7333333333333333,,0.7333333333333333,0.7333333333333333
R,core_M_n6000_low,top2[biasvar_mult],1,1.0,1.0,,1.0,1.0
R,core_M_n6000_low,spearman[biasvar_add],1,0.7714285714285715,0.7714285714285715,,0.7714285714285715,0.7714285714285715
R,core_M_n6000_low,kendall[biasvar_add],1,0.6,0.6,,0.6,0.6
R,core_M_n6000_low,top2[biasvar_add],1,1.0,1.0,,1.0,1.0
R,core_N_n1500_high,oracle_best_error,1,0.03887584660160137,0.03887584660160137,,0.03887584660160137,0.03887584660160137
R,core_N_n1500_high,global_oof_mses_survivor_count,1,5.0,5.0,,5.0,5.0
R,core_N_n1500_high,global_oof_error[product],1,0.054834697636990004,0.054834697636990004,,0.054834697636990004,0.054834697636990004
R,core_N_n1500_high,global_oof_regret[product],1,0.015958851035388633,0.015958851035388633,,0.015958851035388633,0.015958851035388633
R,core_N_n1500_high,global_oof_oracle_ratio[product],1,1.4105081285437717,1.4105081285437717,,1.4105081285437717,1.4105081285437717
R,core_N_n1500_high,global_oof_catastrophic[product],1,0.0,0.0,,0.0,0.0
R,core_N_n1500_high,global_oof_top1[product],1,0.0,0.0,,0.0,0.0
R,core_N_n1500_high,global_oof_error[h_only],1,0.04041510986819141,0.04041510986819141,,0.04041510986819141,0.04041510986819141
R,core_N_n1500_high,global_oof_regret[h_only],1,0.0015392632665900408,0.0015392632665900408,,0.0015392632665900408,0.0015392632665900408
R,core_N_n1500_high,global_oof_oracle_ratio[h_only],1,1.0395943342745633,1.0395943342745633,,1.0395943342745633,1.0395943342745633
R,core_N_n1500_high,global_oof_catastrophic[h_only],1,0.0,0.0,,0.0,0.0
R,core_N_n1500_high,global_oof_top1[h_only],1,0.0,0.0,,0.0,0.0
R,core_N_n1500_high,global_oof_error[q_only],1,0.03887584660160137,0.03887584660160137,,0.03887584660160137,0.03887584660160137
R,core_N_n1500_high,global_oof_regret[q_only],1,0.0,0.0,,0.0,0.0
R,core_N_n1500_high,global_oof_oracle_ratio[q_only],1,0.9999999999742771,0.9999999999742771,,0.9999999999742771,0.9999999999742771
R,core_N_n1500_high,global_oof_catastrophic[q_only],1,0.0,0.0,,0.0,0.0
R,core_N_n1500_high,global_oof_top1[q_only],1,1.0,1.0,,1.0,1.0
R,core_N_n1500_high,global_oof_error[sum],1,0.054834697636990004,0.054834697636990004,,0.054834697636990004,0.054834697636990004
R,core_N_n1500_high,global_oof_regret[sum],1,0.015958851035388633,0.015958851035388633,,0.015958851035388633,0.015958851035388633
R,core_N_n1500_high,global_oof_oracle_ratio[sum],1,1.4105081285437717,1.4105081285437717,,1.4105081285437717,1.4105081285437717
R,core_N_n1500_high,global_oof_catastrophic[sum],1,0.0,0.0,,0.0,0.0
R,core_N_n1500_high,global_oof_top1[sum],1,0.0,0.0,,0.0,0.0
R,core_N_n1500_high,global_oof_error[max],1,0.054834697636990004,0.054834697636990004,,0.054834697636990004,0.054834697636990004
R,core_N_n1500_high,global_oof_regret[max],1,0.015958851035388633,0.015958851035388633,,0.015958851035388633,0.015958851035388633
R,core_N_n1500_high,global_oof_oracle_ratio[max],1,1.4105081285437717,1.4105081285437717,,1.4105081285437717,1.4105081285437717
R,core_N_n1500_high,global_oof_catastrophic[max],1,0.0,0.0,,0.0,0.0
R,core_N_n1500_high,global_oof_top1[max],1,0.0,0.0,,0.0,0.0
R,core_N_n1500_high,global_oof_error[variance_only],1,0.04041510986819141,0.04041510986819141,,0.04041510986819141,0.04041510986819141
R,core_N_n1500_high,global_oof_regret[variance_only],1,0.0015392632665900408,0.0015392632665900408,,0.0015392632665900408,0.0015392632665900408
R,core_N_n1500_high,global_oof_oracle_ratio[variance_only],1,1.0395943342745633,1.0395943342745633,,1.0395943342745633,1.0395943342745633
R,core_N_n1500_high,global_oof_catastrophic[variance_only],1,0.0,0.0,,0.0,0.0
R,core_N_n1500_high,global_oof_top1[variance_only],1,0.0,0.0,,0.0,0.0
R,core_N_n1500_high,global_oof_error[fixed_sieve1],1,0.054834697636990004,0.054834697636990004,,0.054834697636990004,0.054834697636990004
R,core_N_n1500_high,global_oof_regret[fixed_sieve1],1,0.015958851035388633,0.015958851035388633,,0.015958851035388633,0.015958851035388633
R,core_N_n1500_high,global_oof_oracle_ratio[fixed_sieve1],1,1.4105081285437717,1.4105081285437717,,1.4105081285437717,1.4105081285437717
R,core_N_n1500_high,global_oof_catastrophic[fixed_sieve1],1,0.0,0.0,,0.0,0.0
R,core_N_n1500_high,global_oof_top1[fixed_sieve1],1,0.0,0.0,,0.0,0.0
R,core_N_n1500_high,global_oof_error[fixed_kernel],1,0.07077408192553214,0.07077408192553214,,0.07077408192553214,0.07077408192553214
R,core_N_n1500_high,global_oof_regret[fixed_kernel],1,0.03189823532393077,0.03189823532393077,,0.03189823532393077,0.03189823532393077
R,core_N_n1500_high,global_oof_oracle_ratio[fixed_kernel],1,1.8205155156877357,1.8205155156877357,,1.8205155156877357,1.8205155156877357
R,core_N_n1500_high,global_oof_catastrophic[fixed_kernel],1,1.0,1.0,,1.0,1.0
R,core_N_n1500_high,global_oof_top1[fixed_kernel],1,0.0,0.0,,0.0,0.0
R,core_N_n1500_high,global_oof_error[random],1,0.07077408192553214,0.07077408192553214,,0.07077408192553214,0.07077408192553214
R,core_N_n1500_high,global_oof_regret[random],1,0.03189823532393077,0.03189823532393077,,0.03189823532393077,0.03189823532393077
R,core_N_n1500_high,global_oof_oracle_ratio[random],1,1.8205155156877357,1.8205155156877357,,1.8205155156877357,1.8205155156877357
R,core_N_n1500_high,global_oof_catastrophic[random],1,1.0,1.0,,1.0,1.0
R,core_N_n1500_high,global_oof_top1[random],1,0.0,0.0,,0.0,0.0
R,core_N_n1500_high,error[oracle],1,0.03887584660160137,0.03887584660160137,,0.03887584660160137,0.03887584660160137
R,core_N_n1500_high,regret[oracle],1,0.0,0.0,,0.0,0.0
R,core_N_n1500_high,oracle_ratio[oracle],1,0.9999999999742771,0.9999999999742771,,0.9999999999742771,0.9999999999742771
R,core_N_n1500_high,catastrophic[oracle],1,0.0,0.0,,0.0,0.0
R,core_N_n1500_high,top1[oracle],1,1.0,1.0,,1.0,1.0
R,core_N_n1500_high,global_oof_error[biasvar_mult],1,0.054834697636990004,0.054834697636990004,,0.054834697636990004,0.054834697636990004
R,core_N_n1500_high,global_oof_regret[biasvar_mult],1,0.015958851035388633,0.015958851035388633,,0.015958851035388633,0.015958851035388633
R,core_N_n1500_high,global_oof_oracle_ratio[biasvar_mult],1,1.4105081285437717,1.4105081285437717,,1.4105081285437717,1.4105081285437717
R,core_N_n1500_high,global_oof_catastrophic[biasvar_mult],1,0.0,0.0,,0.0,0.0
R,core_N_n1500_high,global_oof_top1[biasvar_mult],1,0.0,0.0,,0.0,0.0
R,core_N_n1500_high,global_oof_error[biasvar_add],1,0.054834697636990004,0.054834697636990004,,0.054834697636990004,0.054834697636990004
R,core_N_n1500_high,global_oof_regret[biasvar_add],1,0.015958851035388633,0.015958851035388633,,0.015958851035388633,0.015958851035388633
R,core_N_n1500_high,global_oof_oracle_ratio[biasvar_add],1,1.4105081285437717,1.4105081285437717,,1.4105081285437717,1.4105081285437717
R,core_N_n1500_high,global_oof_catastrophic[biasvar_add],1,0.0,0.0,,0.0,0.0
R,core_N_n1500_high,global_oof_top1[biasvar_add],1,0.0,0.0,,0.0,0.0
R,core_N_n1500_high,global_oof_error[MSES],1,0.04041510986819141,0.04041510986819141,,0.04041510986819141,0.04041510986819141
R,core_N_n1500_high,global_oof_regret[MSES],1,0.0015392632665900408,0.0015392632665900408,,0.0015392632665900408,0.0015392632665900408
R,core_N_n1500_high,global_oof_oracle_ratio[MSES],1,1.0395943342745633,1.0395943342745633,,1.0395943342745633,1.0395943342745633
R,core_N_n1500_high,global_oof_catastrophic[MSES],1,0.0,0.0,,0.0,0.0
R,core_N_n1500_high,global_oof_top1[MSES],1,0.0,0.0,,0.0,0.0
R,core_N_n1500_high,global_oof_top2[MSES],1,0.0,0.0,,0.0,0.0
R,core_N_n1500_high,spearman[product],1,0.3714285714285715,0.3714285714285715,,0.3714285714285715,0.3714285714285715
R,core_N_n1500_high,kendall[product],1,0.2,0.2,,0.2,0.2
R,core_N_n1500_high,top2[product],1,0.0,0.0,,0.0,0.0
R,core_N_n1500_high,spearman[h_only],1,0.029424494316824982,0.029424494316824982,,0.029424494316824982,0.029424494316824982
R,core_N_n1500_high,kendall[h_only],1,0.07161148740394328,0.07161148740394328,,0.07161148740394328,0.07161148740394328
R,core_N_n1500_high,top2[h_only],1,0.0,0.0,,0.0,0.0
R,core_N_n1500_high,spearman[q_only],1,0.7944613465542746,0.7944613465542746,,0.7944613465542746,0.7944613465542746
R,core_N_n1500_high,kendall[q_only],1,0.6445033866354897,0.6445033866354897,,0.6445033866354897,0.6445033866354897
R,core_N_n1500_high,top2[q_only],1,1.0,1.0,,1.0,1.0
R,core_N_n1500_high,spearman[sum],1,0.5428571428571429,0.5428571428571429,,0.5428571428571429,0.5428571428571429
R,core_N_n1500_high,kendall[sum],1,0.2,0.2,,0.2,0.2
R,core_N_n1500_high,top2[sum],1,0.0,0.0,,0.0,0.0
R,core_N_n1500_high,spearman[max],1,-0.05797710356524484,-0.05797710356524484,,-0.05797710356524484,-0.05797710356524484
R,core_N_n1500_high,kendall[max],1,-0.13801311186847084,-0.13801311186847084,,-0.13801311186847084,-0.13801311186847084
R,core_N_n1500_high,top2[max],1,0.0,0.0,,0.0,0.0
R,core_N_n1500_high,spearman[variance_only],1,0.6,0.6,,0.6,0.6
R,core_N_n1500_high,kendall[variance_only],1,0.4666666666666666,0.4666666666666666,,0.4666666666666666,0.4666666666666666
R,core_N_n1500_high,top2[variance_only],1,0.0,0.0,,0.0,0.0
R,core_N_n1500_high,spearman[biasvar_mult],1,0.7714285714285715,0.7714285714285715,,0.7714285714285715,0.7714285714285715
R,core_N_n1500_high,kendall[biasvar_mult],1,0.6,0.6,,0.6,0.6
R,core_N_n1500_high,top2[biasvar_mult],1,0.0,0.0,,0.0,0.0
R,core_N_n1500_high,spearman[biasvar_add],1,0.7714285714285715,0.7714285714285715,,0.7714285714285715,0.7714285714285715
R,core_N_n1500_high,kendall[biasvar_add],1,0.6,0.6,,0.6,0.6
R,core_N_n1500_high,top2[biasvar_add],1,0.0,0.0,,0.0,0.0
R,core_N_n1500_low,oracle_best_error,1,0.0002320125784790461,0.0002320125784790461,,0.0002320125784790461,0.0002320125784790461
R,core_N_n1500_low,global_oof_mses_survivor_count,1,5.0,5.0,,5.0,5.0
R,core_N_n1500_low,global_oof_error[product],1,0.0002320125784790461,0.0002320125784790461,,0.0002320125784790461,0.0002320125784790461
R,core_N_n1500_low,global_oof_regret[product],1,0.0,0.0,,0.0,0.0
R,core_N_n1500_low,global_oof_oracle_ratio[product],1,0.9999999956898888,0.9999999956898888,,0.9999999956898888,0.9999999956898888
R,core_N_n1500_low,global_oof_catastrophic[product],1,0.0,0.0,,0.0,0.0
R,core_N_n1500_low,global_oof_top1[product],1,1.0,1.0,,1.0,1.0
R,core_N_n1500_low,global_oof_error[h_only],1,0.005048297572541105,0.005048297572541105,,0.005048297572541105,0.005048297572541105
R,core_N_n1500_low,global_oof_regret[h_only],1,0.004816284994062059,0.004816284994062059,,0.004816284994062059,0.004816284994062059
R,core_N_n1500_low,global_oof_oracle_ratio[h_only],1,21.758723530751638,21.758723530751638,,21.758723530751638,21.758723530751638
R,core_N_n1500_low,global_oof_catastrophic[h_only],1,1.0,1.0,,1.0,1.0
R,core_N_n1500_low,global_oof_top1[h_only],1,0.0,0.0,,0.0,0.0
R,core_N_n1500_low,global_oof_error[q_only],1,0.02685232272683391,0.02685232272683391,,0.02685232272683391,0.02685232272683391
R,core_N_n1500_low,global_oof_regret[q_only],1,0.026620310148354864,0.026620310148354864,,0.026620310148354864,0.026620310148354864
R,core_N_n1500_low,global_oof_oracle_ratio[q_only],1,115.73649492250502,115.73649492250502,,115.73649492250502,115.73649492250502
R,core_N_n1500_low,global_oof_catastrophic[q_only],1,1.0,1.0,,1.0,1.0
R,core_N_n1500_low,global_oof_top1[q_only],1,0.0,0.0,,0.0,0.0
R,core_N_n1500_low,global_oof_error[sum],1,0.0002320125784790461,0.0002320125784790461,,0.0002320125784790461,0.0002320125784790461
R,core_N_n1500_low,global_oof_regret[sum],1,0.0,0.0,,0.0,0.0
R,core_N_n1500_low,global_oof_oracle_ratio[sum],1,0.9999999956898888,0.9999999956898888,,0.9999999956898888,0.9999999956898888
R,core_N_n1500_low,global_oof_catastrophic[sum],1,0.0,0.0,,0.0,0.0
R,core_N_n1500_low,global_oof_top1[sum],1,1.0,1.0,,1.0,1.0
R,core_N_n1500_low,global_oof_error[max],1,0.0002320125784790461,0.0002320125784790461,,0.0002320125784790461,0.0002320125784790461
R,core_N_n1500_low,global_oof_regret[max],1,0.0,0.0,,0.0,0.0
R,core_N_n1500_low,global_oof_oracle_ratio[max],1,0.9999999956898888,0.9999999956898888,,0.9999999956898888,0.9999999956898888
R,core_N_n1500_low,global_oof_catastrophic[max],1,0.0,0.0,,0.0,0.0
R,core_N_n1500_low,global_oof_top1[max],1,1.0,1.0,,1.0,1.0
R,core_N_n1500_low,global_oof_error[variance_only],1,0.005048297572541105,0.005048297572541105,,0.005048297572541105,0.005048297572541105
R,core_N_n1500_low,global_oof_regret[variance_only],1,0.004816284994062059,0.004816284994062059,,0.004816284994062059,0.004816284994062059
R,core_N_n1500_low,global_oof_oracle_ratio[variance_only],1,21.758723530751638,21.758723530751638,,21.758723530751638,21.758723530751638
R,core_N_n1500_low,global_oof_catastrophic[variance_only],1,1.0,1.0,,1.0,1.0
R,core_N_n1500_low,global_oof_top1[variance_only],1,0.0,0.0,,0.0,0.0
R,core_N_n1500_low,global_oof_error[fixed_sieve1],1,0.0002320125784790461,0.0002320125784790461,,0.0002320125784790461,0.0002320125784790461
R,core_N_n1500_low,global_oof_regret[fixed_sieve1],1,0.0,0.0,,0.0,0.0
R,core_N_n1500_low,global_oof_oracle_ratio[fixed_sieve1],1,0.9999999956898888,0.9999999956898888,,0.9999999956898888,0.9999999956898888
R,core_N_n1500_low,global_oof_catastrophic[fixed_sieve1],1,0.0,0.0,,0.0,0.0
R,core_N_n1500_low,global_oof_top1[fixed_sieve1],1,1.0,1.0,,1.0,1.0
R,core_N_n1500_low,global_oof_error[fixed_kernel],1,0.07162166050343965,0.07162166050343965,,0.07162166050343965,0.07162166050343965
R,core_N_n1500_low,global_oof_regret[fixed_kernel],1,0.07138964792496061,0.07138964792496061,,0.07138964792496061,0.07138964792496061
R,core_N_n1500_low,global_oof_oracle_ratio[fixed_kernel],1,308.69731574148574,308.69731574148574,,308.69731574148574,308.69731574148574
R,core_N_n1500_low,global_oof_catastrophic[fixed_kernel],1,1.0,1.0,,1.0,1.0
R,core_N_n1500_low,global_oof_top1[fixed_kernel],1,0.0,0.0,,0.0,0.0
R,core_N_n1500_low,global_oof_error[random],1,0.07162166050343965,0.07162166050343965,,0.07162166050343965,0.07162166050343965
R,core_N_n1500_low,global_oof_regret[random],1,0.07138964792496061,0.07138964792496061,,0.07138964792496061,0.07138964792496061
R,core_N_n1500_low,global_oof_oracle_ratio[random],1,308.69731574148574,308.69731574148574,,308.69731574148574,308.69731574148574
R,core_N_n1500_low,global_oof_catastrophic[random],1,1.0,1.0,,1.0,1.0
R,core_N_n1500_low,global_oof_top1[random],1,0.0,0.0,,0.0,0.0
R,core_N_n1500_low,error[oracle],1,0.0002320125784790461,0.0002320125784790461,,0.0002320125784790461,0.0002320125784790461
R,core_N_n1500_low,regret[oracle],1,0.0,0.0,,0.0,0.0
R,core_N_n1500_low,oracle_ratio[oracle],1,0.9999999956898888,0.9999999956898888,,0.9999999956898888,0.9999999956898888
R,core_N_n1500_low,catastrophic[oracle],1,0.0,0.0,,0.0,0.0
R,core_N_n1500_low,top1[oracle],1,1.0,1.0,,1.0,1.0
R,core_N_n1500_low,global_oof_error[biasvar_mult],1,0.0002320125784790461,0.0002320125784790461,,0.0002320125784790461,0.0002320125784790461
R,core_N_n1500_low,global_oof_regret[biasvar_mult],1,0.0,0.0,,0.0,0.0
R,core_N_n1500_low,global_oof_oracle_ratio[biasvar_mult],1,0.9999999956898888,0.9999999956898888,,0.9999999956898888,0.9999999956898888
R,core_N_n1500_low,global_oof_catastrophic[biasvar_mult],1,0.0,0.0,,0.0,0.0
R,core_N_n1500_low,global_oof_top1[biasvar_mult],1,1.0,1.0,,1.0,1.0
R,core_N_n1500_low,global_oof_error[biasvar_add],1,0.0002320125784790461,0.0002320125784790461,,0.0002320125784790461,0.0002320125784790461
R,core_N_n1500_low,global_oof_regret[biasvar_add],1,0.0,0.0,,0.0,0.0
R,core_N_n1500_low,global_oof_oracle_ratio[biasvar_add],1,0.9999999956898888,0.9999999956898888,,0.9999999956898888,0.9999999956898888
R,core_N_n1500_low,global_oof_catastrophic[biasvar_add],1,0.0,0.0,,0.0,0.0
R,core_N_n1500_low,global_oof_top1[biasvar_add],1,1.0,1.0,,1.0,1.0
R,core_N_n1500_low,global_oof_error[MSES],1,0.005048297572541105,0.005048297572541105,,0.005048297572541105,0.005048297572541105
R,core_N_n1500_low,global_oof_regret[MSES],1,0.004816284994062059,0.004816284994062059,,0.004816284994062059,0.004816284994062059
R,core_N_n1500_low,global_oof_oracle_ratio[MSES],1,21.758723530751638,21.758723530751638,,21.758723530751638,21.758723530751638
R,core_N_n1500_low,global_oof_catastrophic[MSES],1,1.0,1.0,,1.0,1.0
R,core_N_n1500_low,global_oof_top1[MSES],1,0.0,0.0,,0.0,0.0
R,core_N_n1500_low,global_oof_top2[MSES],1,1.0,1.0,,1.0,1.0
R,core_N_n1500_low,spearman[product],1,0.942857142857143,0.942857142857143,,0.942857142857143,0.942857142857143
R,core_N_n1500_low,kendall[product],1,0.8666666666666666,0.8666666666666666,,0.8666666666666666,0.8666666666666666
R,core_N_n1500_low,top2[product],1,1.0,1.0,,1.0,1.0
R,core_N_n1500_low,spearman[h_only],1,0.7944613465542746,0.7944613465542746,,0.7944613465542746,0.7944613465542746
R,core_N_n1500_low,kendall[h_only],1,0.6445033866354897,0.6445033866354897,,0.6445033866354897,0.6445033866354897
R,core_N_n1500_low,top2[h_only],1,1.0,1.0,,1.0,1.0
R,core_N_n1500_low,spearman[q_only],1,0.6179143806533246,0.6179143806533246,,0.6179143806533246,0.6179143806533246
R,core_N_n1500_low,kendall[q_only],1,0.5012804118276031,0.5012804118276031,,0.5012804118276031,0.5012804118276031
R,core_N_n1500_low,top2[q_only],1,1.0,1.0,,1.0,1.0
R,core_N_n1500_low,spearman[sum],1,0.8857142857142858,0.8857142857142858,,0.8857142857142858,0.8857142857142858
R,core_N_n1500_low,kendall[sum],1,0.7333333333333333,0.7333333333333333,,0.7333333333333333,0.7333333333333333
R,core_N_n1500_low,top2[sum],1,1.0,1.0,,1.0,1.0
R,core_N_n1500_low,spearman[max],1,0.9276336570439174,0.9276336570439174,,0.9276336570439174,0.9276336570439174
R,core_N_n1500_low,kendall[max],1,0.8280786712108251,0.8280786712108251,,0.8280786712108251,0.8280786712108251
R,core_N_n1500_low,top2[max],1,1.0,1.0,,1.0,1.0
R,core_N_n1500_low,spearman[variance_only],1,0.48571428571428577,0.48571428571428577,,0.48571428571428577,0.48571428571428577
R,core_N_n1500_low,kendall[variance_only],1,0.3333333333333333,0.3333333333333333,,0.3333333333333333,0.3333333333333333
R,core_N_n1500_low,top2[variance_only],1,0.0,0.0,,0.0,0.0
R,core_N_n1500_low,spearman[biasvar_mult],1,0.8285714285714287,0.8285714285714287,,0.8285714285714287,0.8285714285714287
R,core_N_n1500_low,kendall[biasvar_mult],1,0.7333333333333333,0.7333333333333333,,0.7333333333333333,0.7333333333333333
R,core_N_n1500_low,top2[biasvar_mult],1,1.0,1.0,,1.0,1.0
R,core_N_n1500_low,spearman[biasvar_add],1,0.8285714285714287,0.8285714285714287,,0.8285714285714287,0.8285714285714287
R,core_N_n1500_low,kendall[biasvar_add],1,0.7333333333333333,0.7333333333333333,,0.7333333333333333,0.7333333333333333
R,core_N_n1500_low,top2[biasvar_add],1,1.0,1.0,,1.0,1.0
R,core_N_n6000_high,oracle_best_error,1,0.01623446114898308,0.01623446114898308,,0.01623446114898308,0.01623446114898308
R,core_N_n6000_high,global_oof_mses_survivor_count,1,4.0,4.0,,4.0,4.0
R,core_N_n6000_high,global_oof_error[product],1,0.09784912498172571,0.09784912498172571,,0.09784912498172571,0.09784912498172571
R,core_N_n6000_high,global_oof_regret[product],1,0.08161466383274263,0.08161466383274263,,0.08161466383274263,0.08161466383274263
R,core_N_n6000_high,global_oof_oracle_ratio[product],1,6.0272480914358955,6.0272480914358955,,6.0272480914358955,6.0272480914358955
R,core_N_n6000_high,global_oof_catastrophic[product],1,1.0,1.0,,1.0,1.0
R,core_N_n6000_high,global_oof_top1[product],1,0.0,0.0,,0.0,0.0
R,core_N_n6000_high,global_oof_error[h_only],1,0.01623446114898308,0.01623446114898308,,0.01623446114898308,0.01623446114898308
R,core_N_n6000_high,global_oof_regret[h_only],1,0.0,0.0,,0.0,0.0
R,core_N_n6000_high,global_oof_oracle_ratio[h_only],1,0.9999999999384027,0.9999999999384027,,0.9999999999384027,0.9999999999384027
R,core_N_n6000_high,global_oof_catastrophic[h_only],1,0.0,0.0,,0.0,0.0
R,core_N_n6000_high,global_oof_top1[h_only],1,1.0,1.0,,1.0,1.0
R,core_N_n6000_high,global_oof_error[q_only],1,0.02701012683113535,0.02701012683113535,,0.02701012683113535,0.02701012683113535
R,core_N_n6000_high,global_oof_regret[q_only],1,0.010775665682152269,0.010775665682152269,,0.010775665682152269,0.010775665682152269
R,core_N_n6000_high,global_oof_oracle_ratio[q_only],1,1.6637525928086316,1.6637525928086316,,1.6637525928086316,1.6637525928086316
R,core_N_n6000_high,global_oof_catastrophic[q_only],1,1.0,1.0,,1.0,1.0
R,core_N_n6000_high,global_oof_top1[q_only],1,0.0,0.0,,0.0,0.0
R,core_N_n6000_high,global_oof_error[sum],1,0.09784912498172571,0.09784912498172571,,0.09784912498172571,0.09784912498172571
R,core_N_n6000_high,global_oof_regret[sum],1,0.08161466383274263,0.08161466383274263,,0.08161466383274263,0.08161466383274263
R,core_N_n6000_high,global_oof_oracle_ratio[sum],1,6.0272480914358955,6.0272480914358955,,6.0272480914358955,6.0272480914358955
R,core_N_n6000_high,global_oof_catastrophic[sum],1,1.0,1.0,,1.0,1.0
R,core_N_n6000_high,global_oof_top1[sum],1,0.0,0.0,,0.0,0.0
R,core_N_n6000_high,global_oof_error[max],1,0.09784912498172571,0.09784912498172571,,0.09784912498172571,0.09784912498172571
R,core_N_n6000_high,global_oof_regret[max],1,0.08161466383274263,0.08161466383274263,,0.08161466383274263,0.08161466383274263
R,core_N_n6000_high,global_oof_oracle_ratio[max],1,6.0272480914358955,6.0272480914358955,,6.0272480914358955,6.0272480914358955
R,core_N_n6000_high,global_oof_catastrophic[max],1,1.0,1.0,,1.0,1.0
R,core_N_n6000_high,global_oof_top1[max],1,0.0,0.0,,0.0,0.0
R,core_N_n6000_high,global_oof_error[variance_only],1,0.033445050115398,0.033445050115398,,0.033445050115398,0.033445050115398
R,core_N_n6000_high,global_oof_regret[variance_only],1,0.01721058896641492,0.01721058896641492,,0.01721058896641492,0.01721058896641492
R,core_N_n6000_high,global_oof_oracle_ratio[variance_only],1,2.0601268995880937,2.0601268995880937,,2.0601268995880937,2.0601268995880937
R,core_N_n6000_high,global_oof_catastrophic[variance_only],1,1.0,1.0,,1.0,1.0
R,core_N_n6000_high,global_oof_top1[variance_only],1,0.0,0.0,,0.0,0.0
R,core_N_n6000_high,global_oof_error[fixed_sieve1],1,0.09784912498172571,0.09784912498172571,,0.09784912498172571,0.09784912498172571
R,core_N_n6000_high,global_oof_regret[fixed_sieve1],1,0.08161466383274263,0.08161466383274263,,0.08161466383274263,0.08161466383274263
R,core_N_n6000_high,global_oof_oracle_ratio[fixed_sieve1],1,6.0272480914358955,6.0272480914358955,,6.0272480914358955,6.0272480914358955
R,core_N_n6000_high,global_oof_catastrophic[fixed_sieve1],1,1.0,1.0,,1.0,1.0
R,core_N_n6000_high,global_oof_top1[fixed_sieve1],1,0.0,0.0,,0.0,0.0
R,core_N_n6000_high,global_oof_error[fixed_kernel],1,0.033445050115398,0.033445050115398,,0.033445050115398,0.033445050115398
R,core_N_n6000_high,global_oof_regret[fixed_kernel],1,0.01721058896641492,0.01721058896641492,,0.01721058896641492,0.01721058896641492
R,core_N_n6000_high,global_oof_oracle_ratio[fixed_kernel],1,2.0601268995880937,2.0601268995880937,,2.0601268995880937,2.0601268995880937
R,core_N_n6000_high,global_oof_catastrophic[fixed_kernel],1,1.0,1.0,,1.0,1.0
R,core_N_n6000_high,global_oof_top1[fixed_kernel],1,0.0,0.0,,0.0,0.0
R,core_N_n6000_high,global_oof_error[random],1,0.033445050115398,0.033445050115398,,0.033445050115398,0.033445050115398
R,core_N_n6000_high,global_oof_regret[random],1,0.01721058896641492,0.01721058896641492,,0.01721058896641492,0.01721058896641492
R,core_N_n6000_high,global_oof_oracle_ratio[random],1,2.0601268995880937,2.0601268995880937,,2.0601268995880937,2.0601268995880937
R,core_N_n6000_high,global_oof_catastrophic[random],1,1.0,1.0,,1.0,1.0
R,core_N_n6000_high,global_oof_top1[random],1,0.0,0.0,,0.0,0.0
R,core_N_n6000_high,error[oracle],1,0.01623446114898308,0.01623446114898308,,0.01623446114898308,0.01623446114898308
R,core_N_n6000_high,regret[oracle],1,0.0,0.0,,0.0,0.0
R,core_N_n6000_high,oracle_ratio[oracle],1,0.9999999999384027,0.9999999999384027,,0.9999999999384027,0.9999999999384027
R,core_N_n6000_high,catastrophic[oracle],1,0.0,0.0,,0.0,0.0
R,core_N_n6000_high,top1[oracle],1,1.0,1.0,,1.0,1.0
R,core_N_n6000_high,global_oof_error[biasvar_mult],1,0.09784912498172571,0.09784912498172571,,0.09784912498172571,0.09784912498172571
R,core_N_n6000_high,global_oof_regret[biasvar_mult],1,0.08161466383274263,0.08161466383274263,,0.08161466383274263,0.08161466383274263
R,core_N_n6000_high,global_oof_oracle_ratio[biasvar_mult],1,6.0272480914358955,6.0272480914358955,,6.0272480914358955,6.0272480914358955
R,core_N_n6000_high,global_oof_catastrophic[biasvar_mult],1,1.0,1.0,,1.0,1.0
R,core_N_n6000_high,global_oof_top1[biasvar_mult],1,0.0,0.0,,0.0,0.0
R,core_N_n6000_high,global_oof_error[biasvar_add],1,0.09784912498172571,0.09784912498172571,,0.09784912498172571,0.09784912498172571
R,core_N_n6000_high,global_oof_regret[biasvar_add],1,0.08161466383274263,0.08161466383274263,,0.08161466383274263,0.08161466383274263
R,core_N_n6000_high,global_oof_oracle_ratio[biasvar_add],1,6.0272480914358955,6.0272480914358955,,6.0272480914358955,6.0272480914358955
R,core_N_n6000_high,global_oof_catastrophic[biasvar_add],1,1.0,1.0,,1.0,1.0
R,core_N_n6000_high,global_oof_top1[biasvar_add],1,0.0,0.0,,0.0,0.0
R,core_N_n6000_high,global_oof_error[MSES],1,0.02701012683113535,0.02701012683113535,,0.02701012683113535,0.02701012683113535
R,core_N_n6000_high,global_oof_regret[MSES],1,0.010775665682152269,0.010775665682152269,,0.010775665682152269,0.010775665682152269
R,core_N_n6000_high,global_oof_oracle_ratio[MSES],1,1.6637525928086316,1.6637525928086316,,1.6637525928086316,1.6637525928086316
R,core_N_n6000_high,global_oof_catastrophic[MSES],1,1.0,1.0,,1.0,1.0
R,core_N_n6000_high,global_oof_top1[MSES],1,0.0,0.0,,0.0,0.0
R,core_N_n6000_high,global_oof_top2[MSES],1,0.0,0.0,,0.0,0.0
R,core_N_n6000_high,spearman[product],1,-0.08571428571428573,-0.08571428571428573,,-0.08571428571428573,-0.08571428571428573
R,core_N_n6000_high,kendall[product],1,-0.06666666666666665,-0.06666666666666665,,-0.06666666666666665,-0.06666666666666665
R,core_N_n6000_high,top2[product],1,0.0,0.0,,0.0,0.0
R,core_N_n6000_high,spearman[h_only],1,-0.26482044885142486,-0.26482044885142486,,-0.26482044885142486,-0.26482044885142486
R,core_N_n6000_high,kendall[h_only],1,-0.3580574370197165,-0.3580574370197165,,-0.3580574370197165,-0.3580574370197165
R,core_N_n6000_high,top2[h_only],1,1.0,1.0,,1.0,1.0
R,core_N_n6000_high,spearman[q_only],1,-0.08827348295047496,-0.08827348295047496,,-0.08827348295047496,-0.08827348295047496
R,core_N_n6000_high,kendall[q_only],1,-0.07161148740394328,-0.07161148740394328,,-0.07161148740394328,-0.07161148740394328
R,core_N_n6000_high,top2[q_only],1,0.0,0.0,,0.0,0.0
R,core_N_n6000_high,spearman[sum],1,-0.3142857142857143,-0.3142857142857143,,-0.3142857142857143,-0.3142857142857143
R,core_N_n6000_high,kendall[sum],1,-0.2,-0.2,,-0.2,-0.2
R,core_N_n6000_high,top2[sum],1,0.0,0.0,,0.0,0.0
R,core_N_n6000_high,spearman[max],1,-0.23190841426097936,-0.23190841426097936,,-0.23190841426097936,-0.23190841426097936
R,core_N_n6000_high,kendall[max],1,-0.13801311186847084,-0.13801311186847084,,-0.13801311186847084,-0.13801311186847084
R,core_N_n6000_high,top2[max],1,0.0,0.0,,0.0,0.0
R,core_N_n6000_high,spearman[variance_only],1,0.6,0.6,,0.6,0.6
R,core_N_n6000_high,kendall[variance_only],1,0.3333333333333333,0.3333333333333333,,0.3333333333333333,0.3333333333333333
R,core_N_n6000_high,top2[variance_only],1,0.0,0.0,,0.0,0.0
R,core_N_n6000_high,spearman[biasvar_mult],1,0.08571428571428573,0.08571428571428573,,0.08571428571428573,0.08571428571428573
R,core_N_n6000_high,kendall[biasvar_mult],1,0.2,0.2,,0.2,0.2
R,core_N_n6000_high,top2[biasvar_mult],1,0.0,0.0,,0.0,0.0
R,core_N_n6000_high,spearman[biasvar_add],1,0.028571428571428574,0.028571428571428574,,0.028571428571428574,0.028571428571428574
R,core_N_n6000_high,kendall[biasvar_add],1,0.06666666666666665,0.06666666666666665,,0.06666666666666665,0.06666666666666665
R,core_N_n6000_high,top2[biasvar_add],1,0.0,0.0,,0.0,0.0
R,core_N_n6000_low,oracle_best_error,1,0.008225625654152191,0.008225625654152191,,0.008225625654152191,0.008225625654152191
R,core_N_n6000_low,global_oof_mses_survivor_count,1,4.0,4.0,,4.0,4.0
R,core_N_n6000_low,global_oof_error[product],1,0.009689263854709473,0.009689263854709473,,0.009689263854709473,0.009689263854709473
R,core_N_n6000_low,global_oof_regret[product],1,0.0014636382005572823,0.0014636382005572823,,0.0014636382005572823,0.0014636382005572823
R,core_N_n6000_low,global_oof_oracle_ratio[product],1,1.1779363979006898,1.1779363979006898,,1.1779363979006898,1.1779363979006898
R,core_N_n6000_low,global_oof_catastrophic[product],1,0.0,0.0,,0.0,0.0
R,core_N_n6000_low,global_oof_top1[product],1,0.0,0.0,,0.0,0.0
R,core_N_n6000_low,global_oof_error[h_only],1,0.008225625654152191,0.008225625654152191,,0.008225625654152191,0.008225625654152191
R,core_N_n6000_low,global_oof_regret[h_only],1,0.0,0.0,,0.0,0.0
R,core_N_n6000_low,global_oof_oracle_ratio[h_only],1,0.9999999998784287,0.9999999998784287,,0.9999999998784287,0.9999999998784287
R,core_N_n6000_low,global_oof_catastrophic[h_only],1,0.0,0.0,,0.0,0.0
R,core_N_n6000_low,global_oof_top1[h_only],1,1.0,1.0,,1.0,1.0
R,core_N_n6000_low,global_oof_error[q_only],1,0.0109144392620949,0.0109144392620949,,0.0109144392620949,0.0109144392620949
R,core_N_n6000_low,global_oof_regret[q_only],1,0.0026888136079427083,0.0026888136079427083,,0.0026888136079427083,0.0026888136079427083
R,core_N_n6000_low,global_oof_oracle_ratio[q_only],1,1.326882564277472,1.326882564277472,,1.326882564277472,1.326882564277472
R,core_N_n6000_low,global_oof_catastrophic[q_only],1,0.0,0.0,,0.0,0.0
R,core_N_n6000_low,global_oof_top1[q_only],1,0.0,0.0,,0.0,0.0
R,core_N_n6000_low,global_oof_error[sum],1,0.009689263854709473,0.009689263854709473,,0.009689263854709473,0.009689263854709473
R,core_N_n6000_low,global_oof_regret[sum],1,0.0014636382005572823,0.0014636382005572823,,0.0014636382005572823,0.0014636382005572823
R,core_N_n6000_low,global_oof_oracle_ratio[sum],1,1.1779363979006898,1.1779363979006898,,1.1779363979006898,1.1779363979006898
R,core_N_n6000_low,global_oof_catastrophic[sum],1,0.0,0.0,,0.0,0.0
R,core_N_n6000_low,global_oof_top1[sum],1,0.0,0.0,,0.0,0.0
R,core_N_n6000_low,global_oof_error[max],1,0.009689263854709473,0.009689263854709473,,0.009689263854709473,0.009689263854709473
R,core_N_n6000_low,global_oof_regret[max],1,0.0014636382005572823,0.0014636382005572823,,0.0014636382005572823,0.0014636382005572823
R,core_N_n6000_low,global_oof_oracle_ratio[max],1,1.1779363979006898,1.1779363979006898,,1.1779363979006898,1.1779363979006898
R,core_N_n6000_low,global_oof_catastrophic[max],1,0.0,0.0,,0.0,0.0
R,core_N_n6000_low,global_oof_top1[max],1,0.0,0.0,,0.0,0.0
R,core_N_n6000_low,global_oof_error[variance_only],1,0.008225625654152191,0.008225625654152191,,0.008225625654152191,0.008225625654152191
R,core_N_n6000_low,global_oof_regret[variance_only],1,0.0,0.0,,0.0,0.0
R,core_N_n6000_low,global_oof_oracle_ratio[variance_only],1,0.9999999998784287,0.9999999998784287,,0.9999999998784287,0.9999999998784287
R,core_N_n6000_low,global_oof_catastrophic[variance_only],1,0.0,0.0,,0.0,0.0
R,core_N_n6000_low,global_oof_top1[variance_only],1,1.0,1.0,,1.0,1.0
R,core_N_n6000_low,global_oof_error[fixed_sieve1],1,0.009689263854709473,0.009689263854709473,,0.009689263854709473,0.009689263854709473
R,core_N_n6000_low,global_oof_regret[fixed_sieve1],1,0.0014636382005572823,0.0014636382005572823,,0.0014636382005572823,0.0014636382005572823
R,core_N_n6000_low,global_oof_oracle_ratio[fixed_sieve1],1,1.1779363979006898,1.1779363979006898,,1.1779363979006898,1.1779363979006898
R,core_N_n6000_low,global_oof_catastrophic[fixed_sieve1],1,0.0,0.0,,0.0,0.0
R,core_N_n6000_low,global_oof_top1[fixed_sieve1],1,0.0,0.0,,0.0,0.0
R,core_N_n6000_low,global_oof_error[fixed_kernel],1,0.02870254208754819,0.02870254208754819,,0.02870254208754819,0.02870254208754819
R,core_N_n6000_low,global_oof_regret[fixed_kernel],1,0.020476916433395997,0.020476916433395997,,0.020476916433395997,0.020476916433395997
R,core_N_n6000_low,global_oof_oracle_ratio[fixed_kernel],1,3.48940534019684,3.48940534019684,,3.48940534019684,3.48940534019684
R,core_N_n6000_low,global_oof_catastrophic[fixed_kernel],1,1.0,1.0,,1.0,1.0
R,core_N_n6000_low,global_oof_top1[fixed_kernel],1,0.0,0.0,,0.0,0.0
R,core_N_n6000_low,global_oof_error[random],1,0.02870254208754819,0.02870254208754819,,0.02870254208754819,0.02870254208754819
R,core_N_n6000_low,global_oof_regret[random],1,0.020476916433395997,0.020476916433395997,,0.020476916433395997,0.020476916433395997
R,core_N_n6000_low,global_oof_oracle_ratio[random],1,3.48940534019684,3.48940534019684,,3.48940534019684,3.48940534019684
R,core_N_n6000_low,global_oof_catastrophic[random],1,1.0,1.0,,1.0,1.0
R,core_N_n6000_low,global_oof_top1[random],1,0.0,0.0,,0.0,0.0
R,core_N_n6000_low,error[oracle],1,0.008225625654152191,0.008225625654152191,,0.008225625654152191,0.008225625654152191
R,core_N_n6000_low,regret[oracle],1,0.0,0.0,,0.0,0.0
R,core_N_n6000_low,oracle_ratio[oracle],1,0.9999999998784287,0.9999999998784287,,0.9999999998784287,0.9999999998784287
R,core_N_n6000_low,catastrophic[oracle],1,0.0,0.0,,0.0,0.0
R,core_N_n6000_low,top1[oracle],1,1.0,1.0,,1.0,1.0
R,core_N_n6000_low,global_oof_error[biasvar_mult],1,0.009689263854709473,0.009689263854709473,,0.009689263854709473,0.009689263854709473
R,core_N_n6000_low,global_oof_regret[biasvar_mult],1,0.0014636382005572823,0.0014636382005572823,,0.0014636382005572823,0.0014636382005572823
R,core_N_n6000_low,global_oof_oracle_ratio[biasvar_mult],1,1.1779363979006898,1.1779363979006898,,1.1779363979006898,1.1779363979006898
R,core_N_n6000_low,global_oof_catastrophic[biasvar_mult],1,0.0,0.0,,0.0,0.0
R,core_N_n6000_low,global_oof_top1[biasvar_mult],1,0.0,0.0,,0.0,0.0
R,core_N_n6000_low,global_oof_error[biasvar_add],1,0.009689263854709473,0.009689263854709473,,0.009689263854709473,0.009689263854709473
R,core_N_n6000_low,global_oof_regret[biasvar_add],1,0.0014636382005572823,0.0014636382005572823,,0.0014636382005572823,0.0014636382005572823
R,core_N_n6000_low,global_oof_oracle_ratio[biasvar_add],1,1.1779363979006898,1.1779363979006898,,1.1779363979006898,1.1779363979006898
R,core_N_n6000_low,global_oof_catastrophic[biasvar_add],1,0.0,0.0,,0.0,0.0
R,core_N_n6000_low,global_oof_top1[biasvar_add],1,0.0,0.0,,0.0,0.0
R,core_N_n6000_low,global_oof_error[MSES],1,0.008225625654152191,0.008225625654152191,,0.008225625654152191,0.008225625654152191
R,core_N_n6000_low,global_oof_regret[MSES],1,0.0,0.0,,0.0,0.0
R,core_N_n6000_low,global_oof_oracle_ratio[MSES],1,0.9999999998784287,0.9999999998784287,,0.9999999998784287,0.9999999998784287
R,core_N_n6000_low,global_oof_catastrophic[MSES],1,0.0,0.0,,0.0,0.0
R,core_N_n6000_low,global_oof_top1[MSES],1,1.0,1.0,,1.0,1.0
R,core_N_n6000_low,global_oof_top2[MSES],1,1.0,1.0,,1.0,1.0
R,core_N_n6000_low,spearman[product],1,0.4285714285714286,0.4285714285714286,,0.4285714285714286,0.4285714285714286
R,core_N_n6000_low,kendall[product],1,0.3333333333333333,0.3333333333333333,,0.3333333333333333,0.3333333333333333
R,core_N_n6000_low,top2[product],1,0.0,0.0,,0.0,0.0
R,core_N_n6000_low,spearman[h_only],1,0.5002164033860248,0.5002164033860248,,0.5002164033860248,0.5002164033860248
R,core_N_n6000_low,kendall[h_only],1,0.3580574370197165,0.3580574370197165,,0.3580574370197165,0.3580574370197165
R,core_N_n6000_low,top2[h_only],1,1.0,1.0,,1.0,1.0
R,core_N_n6000_low,spearman[q_only],1,0.44136741475237473,0.44136741475237473,,0.44136741475237473,0.44136741475237473
R,core_N_n6000_low,kendall[q_only],1,0.3580574370197165,0.3580574370197165,,0.3580574370197165,0.3580574370197165
R,core_N_n6000_low,top2[q_only],1,0.0,0.0,,0.0,0.0
R,core_N_n6000_low,spearman[sum],1,0.4285714285714286,0.4285714285714286,,0.4285714285714286,0.4285714285714286
R,core_N_n6000_low,kendall[sum],1,0.3333333333333333,0.3333333333333333,,0.3333333333333333,0.3333333333333333
R,core_N_n6000_low,top2[sum],1,0.0,0.0,,0.0,0.0
R,core_N_n6000_low,spearman[max],1,0.5217939320872036,0.5217939320872036,,0.5217939320872036,0.5217939320872036
R,core_N_n6000_low,kendall[max],1,0.41403933560541256,0.41403933560541256,,0.41403933560541256,0.41403933560541256
R,core_N_n6000_low,top2[max],1,0.0,0.0,,0.0,0.0
R,core_N_n6000_low,spearman[variance_only],1,0.942857142857143,0.942857142857143,,0.942857142857143,0.942857142857143
R,core_N_n6000_low,kendall[variance_only],1,0.8666666666666666,0.8666666666666666,,0.8666666666666666,0.8666666666666666
R,core_N_n6000_low,top2[variance_only],1,1.0,1.0,,1.0,1.0
R,core_N_n6000_low,spearman[biasvar_mult],1,0.8857142857142858,0.8857142857142858,,0.8857142857142858,0.8857142857142858
R,core_N_n6000_low,kendall[biasvar_mult],1,0.7333333333333333,0.7333333333333333,,0.7333333333333333,0.7333333333333333
R,core_N_n6000_low,top2[biasvar_mult],1,1.0,1.0,,1.0,1.0
R,core_N_n6000_low,spearman[biasvar_add],1,0.8857142857142858,0.8857142857142858,,0.8857142857142858,0.8857142857142858
R,core_N_n6000_low,kendall[biasvar_add],1,0.7333333333333333,0.7333333333333333,,0.7333333333333333,0.7333333333333333
R,core_N_n6000_low,top2[biasvar_add],1,1.0,1.0,,1.0,1.0
R,core_Q_n1500_high,oracle_best_error,1,0.17222028793968935,0.17222028793968935,,0.17222028793968935,0.17222028793968935
R,core_Q_n1500_high,global_oof_mses_survivor_count,1,4.0,4.0,,4.0,4.0
R,core_Q_n1500_high,global_oof_error[product],1,0.2839973188639132,0.2839973188639132,,0.2839973188639132,0.2839973188639132
R,core_Q_n1500_high,global_oof_regret[product],1,0.11177703092422386,0.11177703092422386,,0.11177703092422386,0.11177703092422386
R,core_Q_n1500_high,global_oof_oracle_ratio[product],1,1.6490352110067228,1.6490352110067228,,1.6490352110067228,1.6490352110067228
R,core_Q_n1500_high,global_oof_catastrophic[product],1,1.0,1.0,,1.0,1.0
R,core_Q_n1500_high,global_oof_top1[product],1,0.0,0.0,,0.0,0.0
R,core_Q_n1500_high,global_oof_error[h_only],1,0.17222028793968935,0.17222028793968935,,0.17222028793968935,0.17222028793968935
R,core_Q_n1500_high,global_oof_regret[h_only],1,0.0,0.0,,0.0,0.0
R,core_Q_n1500_high,global_oof_oracle_ratio[h_only],1,0.9999999999941934,0.9999999999941934,,0.9999999999941934,0.9999999999941934
R,core_Q_n1500_high,global_oof_catastrophic[h_only],1,0.0,0.0,,0.0,0.0
R,core_Q_n1500_high,global_oof_top1[h_only],1,1.0,1.0,,1.0,1.0
R,core_Q_n1500_high,global_oof_error[q_only],1,0.20503693001947199,0.20503693001947199,,0.20503693001947199,0.20503693001947199
R,core_Q_n1500_high,global_oof_regret[q_only],1,0.03281664207978263,0.03281664207978263,,0.03281664207978263,0.03281664207978263
R,core_Q_n1500_high,global_oof_oracle_ratio[q_only],1,1.1905503844592589,1.1905503844592589,,1.1905503844592589,1.1905503844592589
R,core_Q_n1500_high,global_oof_catastrophic[q_only],1,0.0,0.0,,0.0,0.0
R,core_Q_n1500_high,global_oof_top1[q_only],1,0.0,0.0,,0.0,0.0
R,core_Q_n1500_high,global_oof_error[sum],1,0.2839973188639132,0.2839973188639132,,0.2839973188639132,0.2839973188639132
R,core_Q_n1500_high,global_oof_regret[sum],1,0.11177703092422386,0.11177703092422386,,0.11177703092422386,0.11177703092422386
R,core_Q_n1500_high,global_oof_oracle_ratio[sum],1,1.6490352110067228,1.6490352110067228,,1.6490352110067228,1.6490352110067228
R,core_Q_n1500_high,global_oof_catastrophic[sum],1,1.0,1.0,,1.0,1.0
R,core_Q_n1500_high,global_oof_top1[sum],1,0.0,0.0,,0.0,0.0
R,core_Q_n1500_high,global_oof_error[max],1,0.2839973188639132,0.2839973188639132,,0.2839973188639132,0.2839973188639132
R,core_Q_n1500_high,global_oof_regret[max],1,0.11177703092422386,0.11177703092422386,,0.11177703092422386,0.11177703092422386
R,core_Q_n1500_high,global_oof_oracle_ratio[max],1,1.6490352110067228,1.6490352110067228,,1.6490352110067228,1.6490352110067228
R,core_Q_n1500_high,global_oof_catastrophic[max],1,1.0,1.0,,1.0,1.0
R,core_Q_n1500_high,global_oof_top1[max],1,0.0,0.0,,0.0,0.0
R,core_Q_n1500_high,global_oof_error[variance_only],1,0.17222028793968935,0.17222028793968935,,0.17222028793968935,0.17222028793968935
R,core_Q_n1500_high,global_oof_regret[variance_only],1,0.0,0.0,,0.0,0.0
R,core_Q_n1500_high,global_oof_oracle_ratio[variance_only],1,0.9999999999941934,0.9999999999941934,,0.9999999999941934,0.9999999999941934
R,core_Q_n1500_high,global_oof_catastrophic[variance_only],1,0.0,0.0,,0.0,0.0
R,core_Q_n1500_high,global_oof_top1[variance_only],1,1.0,1.0,,1.0,1.0
R,core_Q_n1500_high,global_oof_error[fixed_sieve1],1,0.2839973188639132,0.2839973188639132,,0.2839973188639132,0.2839973188639132
R,core_Q_n1500_high,global_oof_regret[fixed_sieve1],1,0.11177703092422386,0.11177703092422386,,0.11177703092422386,0.11177703092422386
R,core_Q_n1500_high,global_oof_oracle_ratio[fixed_sieve1],1,1.6490352110067228,1.6490352110067228,,1.6490352110067228,1.6490352110067228
R,core_Q_n1500_high,global_oof_catastrophic[fixed_sieve1],1,1.0,1.0,,1.0,1.0
R,core_Q_n1500_high,global_oof_top1[fixed_sieve1],1,0.0,0.0,,0.0,0.0
R,core_Q_n1500_high,global_oof_error[fixed_kernel],1,0.32592977697261183,0.32592977697261183,,0.32592977697261183,0.32592977697261183
R,core_Q_n1500_high,global_oof_regret[fixed_kernel],1,0.15370948903292248,0.15370948903292248,,0.15370948903292248,0.15370948903292248
R,core_Q_n1500_high,global_oof_oracle_ratio[fixed_kernel],1,1.8925167346419616,1.8925167346419616,,1.8925167346419616,1.8925167346419616
R,core_Q_n1500_high,global_oof_catastrophic[fixed_kernel],1,1.0,1.0,,1.0,1.0
R,core_Q_n1500_high,global_oof_top1[fixed_kernel],1,0.0,0.0,,0.0,0.0
R,core_Q_n1500_high,global_oof_error[random],1,0.32592977697261183,0.32592977697261183,,0.32592977697261183,0.32592977697261183
R,core_Q_n1500_high,global_oof_regret[random],1,0.15370948903292248,0.15370948903292248,,0.15370948903292248,0.15370948903292248
R,core_Q_n1500_high,global_oof_oracle_ratio[random],1,1.8925167346419616,1.8925167346419616,,1.8925167346419616,1.8925167346419616
R,core_Q_n1500_high,global_oof_catastrophic[random],1,1.0,1.0,,1.0,1.0
R,core_Q_n1500_high,global_oof_top1[random],1,0.0,0.0,,0.0,0.0
R,core_Q_n1500_high,error[oracle],1,0.17222028793968935,0.17222028793968935,,0.17222028793968935,0.17222028793968935
R,core_Q_n1500_high,regret[oracle],1,0.0,0.0,,0.0,0.0
R,core_Q_n1500_high,oracle_ratio[oracle],1,0.9999999999941934,0.9999999999941934,,0.9999999999941934,0.9999999999941934
R,core_Q_n1500_high,catastrophic[oracle],1,0.0,0.0,,0.0,0.0
R,core_Q_n1500_high,top1[oracle],1,1.0,1.0,,1.0,1.0
R,core_Q_n1500_high,global_oof_error[biasvar_mult],1,0.2839973188639132,0.2839973188639132,,0.2839973188639132,0.2839973188639132
R,core_Q_n1500_high,global_oof_regret[biasvar_mult],1,0.11177703092422386,0.11177703092422386,,0.11177703092422386,0.11177703092422386
R,core_Q_n1500_high,global_oof_oracle_ratio[biasvar_mult],1,1.6490352110067228,1.6490352110067228,,1.6490352110067228,1.6490352110067228
R,core_Q_n1500_high,global_oof_catastrophic[biasvar_mult],1,1.0,1.0,,1.0,1.0
R,core_Q_n1500_high,global_oof_top1[biasvar_mult],1,0.0,0.0,,0.0,0.0
R,core_Q_n1500_high,global_oof_error[biasvar_add],1,0.2839973188639132,0.2839973188639132,,0.2839973188639132,0.2839973188639132
R,core_Q_n1500_high,global_oof_regret[biasvar_add],1,0.11177703092422386,0.11177703092422386,,0.11177703092422386,0.11177703092422386
R,core_Q_n1500_high,global_oof_oracle_ratio[biasvar_add],1,1.6490352110067228,1.6490352110067228,,1.6490352110067228,1.6490352110067228
R,core_Q_n1500_high,global_oof_catastrophic[biasvar_add],1,1.0,1.0,,1.0,1.0
R,core_Q_n1500_high,global_oof_top1[biasvar_add],1,0.0,0.0,,0.0,0.0
R,core_Q_n1500_high,global_oof_error[MSES],1,0.17222028793968935,0.17222028793968935,,0.17222028793968935,0.17222028793968935
R,core_Q_n1500_high,global_oof_regret[MSES],1,0.0,0.0,,0.0,0.0
R,core_Q_n1500_high,global_oof_oracle_ratio[MSES],1,0.9999999999941934,0.9999999999941934,,0.9999999999941934,0.9999999999941934
R,core_Q_n1500_high,global_oof_catastrophic[MSES],1,0.0,0.0,,0.0,0.0
R,core_Q_n1500_high,global_oof_top1[MSES],1,1.0,1.0,,1.0,1.0
R,core_Q_n1500_high,global_oof_top2[MSES],1,1.0,1.0,,1.0,1.0
R,core_Q_n1500_high,spearman[product],1,0.3714285714285715,0.3714285714285715,,0.3714285714285715,0.3714285714285715
R,core_Q_n1500_high,kendall[product],1,0.2,0.2,,0.2,0.2
R,core_Q_n1500_high,top2[product],1,1.0,1.0,,1.0,1.0
R,core_Q_n1500_high,spearman[h_only],1,0.20597146021777488,0.20597146021777488,,0.20597146021777488,0.20597146021777488
R,core_Q_n1500_high,kendall[h_only],1,0.07161148740394328,0.07161148740394328,,0.07161148740394328,0.07161148740394328
R,core_Q_n1500_high,top2[h_only],1,1.0,1.0,,1.0,1.0
R,core_Q_n1500_high,spearman[q_only],1,0.6767633692869747,0.6767633692869747,,0.6767633692869747,0.6767633692869747
R,core_Q_n1500_high,kendall[q_only],1,0.5012804118276031,0.5012804118276031,,0.5012804118276031,0.5012804118276031
R,core_Q_n1500_high,top2[q_only],1,0.0,0.0,,0.0,0.0
R,core_Q_n1500_high,spearman[sum],1,0.6,0.6,,0.6,0.6
R,core_Q_n1500_high,kendall[sum],1,0.3333333333333333,0.3333333333333333,,0.3333333333333333,0.3333333333333333
R,core_Q_n1500_high,top2[sum],1,1.0,1.0,,1.0,1.0
R,core_Q_n1500_high,spearman[max],1,0.14494275891311212,0.14494275891311212,,0.14494275891311212,0.14494275891311212
R,core_Q_n1500_high,kendall[max],1,0.0,0.0,,0.0,0.0
R,core_Q_n1500_high,top2[max],1,1.0,1.0,,1.0,1.0
R,core_Q_n1500_high,spearman[variance_only],1,0.7714285714285715,0.7714285714285715,,0.7714285714285715,0.7714285714285715
R,core_Q_n1500_high,kendall[variance_only],1,0.6,0.6,,0.6,0.6
R,core_Q_n1500_high,top2[variance_only],1,1.0,1.0,,1.0,1.0
R,core_Q_n1500_high,spearman[biasvar_mult],1,0.7714285714285715,0.7714285714285715,,0.7714285714285715,0.7714285714285715
R,core_Q_n1500_high,kendall[biasvar_mult],1,0.6,0.6,,0.6,0.6
R,core_Q_n1500_high,top2[biasvar_mult],1,1.0,1.0,,1.0,1.0
R,core_Q_n1500_high,spearman[biasvar_add],1,0.7714285714285715,0.7714285714285715,,0.7714285714285715,0.7714285714285715
R,core_Q_n1500_high,kendall[biasvar_add],1,0.6,0.6,,0.6,0.6
R,core_Q_n1500_high,top2[biasvar_add],1,1.0,1.0,,1.0,1.0
R,core_Q_n1500_low,oracle_best_error,1,0.1474097595006446,0.1474097595006446,,0.1474097595006446,0.1474097595006446
R,core_Q_n1500_low,global_oof_mses_survivor_count,1,5.0,5.0,,5.0,5.0
R,core_Q_n1500_low,global_oof_error[product],1,0.19903759263465604,0.19903759263465604,,0.19903759263465604,0.19903759263465604
R,core_Q_n1500_low,global_oof_regret[product],1,0.051627833134011425,0.051627833134011425,,0.051627833134011425,0.051627833134011425
R,core_Q_n1500_low,global_oof_oracle_ratio[product],1,1.3502334805209109,1.3502334805209109,,1.3502334805209109,1.3502334805209109
R,core_Q_n1500_low,global_oof_catastrophic[product],1,0.0,0.0,,0.0,0.0
R,core_Q_n1500_low,global_oof_top1[product],1,0.0,0.0,,0.0,0.0
R,core_Q_n1500_low,global_oof_error[h_only],1,0.1474097595006446,0.1474097595006446,,0.1474097595006446,0.1474097595006446
R,core_Q_n1500_low,global_oof_regret[h_only],1,0.0,0.0,,0.0,0.0
R,core_Q_n1500_low,global_oof_oracle_ratio[h_only],1,0.9999999999932162,0.9999999999932162,,0.9999999999932162,0.9999999999932162
R,core_Q_n1500_low,global_oof_catastrophic[h_only],1,0.0,0.0,,0.0,0.0
R,core_Q_n1500_low,global_oof_top1[h_only],1,1.0,1.0,,1.0,1.0
R,core_Q_n1500_low,global_oof_error[q_only],1,0.161686623530367,0.161686623530367,,0.161686623530367,0.161686623530367
R,core_Q_n1500_low,global_oof_regret[q_only],1,0.014276864029722391,0.014276864029722391,,0.014276864029722391,0.014276864029722391
R,core_Q_n1500_low,global_oof_oracle_ratio[q_only],1,1.0968515522784168,1.0968515522784168,,1.0968515522784168,1.0968515522784168
R,core_Q_n1500_low,global_oof_catastrophic[q_only],1,0.0,0.0,,0.0,0.0
R,core_Q_n1500_low,global_oof_top1[q_only],1,0.0,0.0,,0.0,0.0
R,core_Q_n1500_low,global_oof_error[sum],1,0.19903759263465604,0.19903759263465604,,0.19903759263465604,0.19903759263465604
R,core_Q_n1500_low,global_oof_regret[sum],1,0.051627833134011425,0.051627833134011425,,0.051627833134011425,0.051627833134011425
R,core_Q_n1500_low,global_oof_oracle_ratio[sum],1,1.3502334805209109,1.3502334805209109,,1.3502334805209109,1.3502334805209109
R,core_Q_n1500_low,global_oof_catastrophic[sum],1,0.0,0.0,,0.0,0.0
R,core_Q_n1500_low,global_oof_top1[sum],1,0.0,0.0,,0.0,0.0
R,core_Q_n1500_low,global_oof_error[max],1,0.19903759263465604,0.19903759263465604,,0.19903759263465604,0.19903759263465604
R,core_Q_n1500_low,global_oof_regret[max],1,0.051627833134011425,0.051627833134011425,,0.051627833134011425,0.051627833134011425
R,core_Q_n1500_low,global_oof_oracle_ratio[max],1,1.3502334805209109,1.3502334805209109,,1.3502334805209109,1.3502334805209109
R,core_Q_n1500_low,global_oof_catastrophic[max],1,0.0,0.0,,0.0,0.0
R,core_Q_n1500_low,global_oof_top1[max],1,0.0,0.0,,0.0,0.0
R,core_Q_n1500_low,global_oof_error[variance_only],1,0.1474097595006446,0.1474097595006446,,0.1474097595006446,0.1474097595006446
R,core_Q_n1500_low,global_oof_regret[variance_only],1,0.0,0.0,,0.0,0.0
R,core_Q_n1500_low,global_oof_oracle_ratio[variance_only],1,0.9999999999932162,0.9999999999932162,,0.9999999999932162,0.9999999999932162
R,core_Q_n1500_low,global_oof_catastrophic[variance_only],1,0.0,0.0,,0.0,0.0
R,core_Q_n1500_low,global_oof_top1[variance_only],1,1.0,1.0,,1.0,1.0
R,core_Q_n1500_low,global_oof_error[fixed_sieve1],1,0.19903759263465604,0.19903759263465604,,0.19903759263465604,0.19903759263465604
R,core_Q_n1500_low,global_oof_regret[fixed_sieve1],1,0.051627833134011425,0.051627833134011425,,0.051627833134011425,0.051627833134011425
R,core_Q_n1500_low,global_oof_oracle_ratio[fixed_sieve1],1,1.3502334805209109,1.3502334805209109,,1.3502334805209109,1.3502334805209109
R,core_Q_n1500_low,global_oof_catastrophic[fixed_sieve1],1,0.0,0.0,,0.0,0.0
R,core_Q_n1500_low,global_oof_top1[fixed_sieve1],1,0.0,0.0,,0.0,0.0
R,core_Q_n1500_low,global_oof_error[fixed_kernel],1,0.3248714159254168,0.3248714159254168,,0.3248714159254168,0.3248714159254168
R,core_Q_n1500_low,global_oof_regret[fixed_kernel],1,0.17746165642477219,0.17746165642477219,,0.17746165642477219,0.17746165642477219
R,core_Q_n1500_low,global_oof_oracle_ratio[fixed_kernel],1,2.2038663995092693,2.2038663995092693,,2.2038663995092693,2.2038663995092693
R,core_Q_n1500_low,global_oof_catastrophic[fixed_kernel],1,1.0,1.0,,1.0,1.0
R,core_Q_n1500_low,global_oof_top1[fixed_kernel],1,0.0,0.0,,0.0,0.0
R,core_Q_n1500_low,global_oof_error[random],1,0.3248714159254168,0.3248714159254168,,0.3248714159254168,0.3248714159254168
R,core_Q_n1500_low,global_oof_regret[random],1,0.17746165642477219,0.17746165642477219,,0.17746165642477219,0.17746165642477219
R,core_Q_n1500_low,global_oof_oracle_ratio[random],1,2.2038663995092693,2.2038663995092693,,2.2038663995092693,2.2038663995092693
R,core_Q_n1500_low,global_oof_catastrophic[random],1,1.0,1.0,,1.0,1.0
R,core_Q_n1500_low,global_oof_top1[random],1,0.0,0.0,,0.0,0.0
R,core_Q_n1500_low,error[oracle],1,0.1474097595006446,0.1474097595006446,,0.1474097595006446,0.1474097595006446
R,core_Q_n1500_low,regret[oracle],1,0.0,0.0,,0.0,0.0
R,core_Q_n1500_low,oracle_ratio[oracle],1,0.9999999999932162,0.9999999999932162,,0.9999999999932162,0.9999999999932162
R,core_Q_n1500_low,catastrophic[oracle],1,0.0,0.0,,0.0,0.0
R,core_Q_n1500_low,top1[oracle],1,1.0,1.0,,1.0,1.0
R,core_Q_n1500_low,global_oof_error[biasvar_mult],1,0.19903759263465604,0.19903759263465604,,0.19903759263465604,0.19903759263465604
R,core_Q_n1500_low,global_oof_regret[biasvar_mult],1,0.051627833134011425,0.051627833134011425,,0.051627833134011425,0.051627833134011425
R,core_Q_n1500_low,global_oof_oracle_ratio[biasvar_mult],1,1.3502334805209109,1.3502334805209109,,1.3502334805209109,1.3502334805209109
R,core_Q_n1500_low,global_oof_catastrophic[biasvar_mult],1,0.0,0.0,,0.0,0.0
R,core_Q_n1500_low,global_oof_top1[biasvar_mult],1,0.0,0.0,,0.0,0.0
R,core_Q_n1500_low,global_oof_error[biasvar_add],1,0.19903759263465604,0.19903759263465604,,0.19903759263465604,0.19903759263465604
R,core_Q_n1500_low,global_oof_regret[biasvar_add],1,0.051627833134011425,0.051627833134011425,,0.051627833134011425,0.051627833134011425
R,core_Q_n1500_low,global_oof_oracle_ratio[biasvar_add],1,1.3502334805209109,1.3502334805209109,,1.3502334805209109,1.3502334805209109
R,core_Q_n1500_low,global_oof_catastrophic[biasvar_add],1,0.0,0.0,,0.0,0.0
R,core_Q_n1500_low,global_oof_top1[biasvar_add],1,0.0,0.0,,0.0,0.0
R,core_Q_n1500_low,global_oof_error[MSES],1,0.1474097595006446,0.1474097595006446,,0.1474097595006446,0.1474097595006446
R,core_Q_n1500_low,global_oof_regret[MSES],1,0.0,0.0,,0.0,0.0
R,core_Q_n1500_low,global_oof_oracle_ratio[MSES],1,0.9999999999932162,0.9999999999932162,,0.9999999999932162,0.9999999999932162
R,core_Q_n1500_low,global_oof_catastrophic[MSES],1,0.0,0.0,,0.0,0.0
R,core_Q_n1500_low,global_oof_top1[MSES],1,1.0,1.0,,1.0,1.0
R,core_Q_n1500_low,global_oof_top2[MSES],1,1.0,1.0,,1.0,1.0
R,core_Q_n1500_low,spearman[product],1,0.3142857142857143,0.3142857142857143,,0.3142857142857143,0.3142857142857143
R,core_Q_n1500_low,kendall[product],1,0.2,0.2,,0.2,0.2
R,core_Q_n1500_low,top2[product],1,1.0,1.0,,1.0,1.0
R,core_Q_n1500_low,spearman[h_only],1,0.41194292043554975,0.41194292043554975,,0.41194292043554975,0.41194292043554975
R,core_Q_n1500_low,kendall[h_only],1,0.3580574370197165,0.3580574370197165,,0.3580574370197165,0.3580574370197165
R,core_Q_n1500_low,top2[h_only],1,1.0,1.0,,1.0,1.0
R,core_Q_n1500_low,spearman[q_only],1,0.17654696590094993,0.17654696590094993,,0.17654696590094993,0.17654696590094993
R,core_Q_n1500_low,kendall[q_only],1,0.07161148740394328,0.07161148740394328,,0.07161148740394328,0.07161148740394328
R,core_Q_n1500_low,top2[q_only],1,0.0,0.0,,0.0,0.0
R,core_Q_n1500_low,spearman[sum],1,0.4285714285714286,0.4285714285714286,,0.4285714285714286,0.4285714285714286
R,core_Q_n1500_low,kendall[sum],1,0.3333333333333333,0.3333333333333333,,0.3333333333333333,0.3333333333333333
R,core_Q_n1500_low,top2[sum],1,1.0,1.0,,1.0,1.0
R,core_Q_n1500_low,spearman[max],1,0.0,0.0,,0.0,0.0
R,core_Q_n1500_low,kendall[max],1,0.0,0.0,,0.0,0.0
R,core_Q_n1500_low,top2[max],1,0.0,0.0,,0.0,0.0
R,core_Q_n1500_low,spearman[variance_only],1,0.7142857142857143,0.7142857142857143,,0.7142857142857143,0.7142857142857143
R,core_Q_n1500_low,kendall[variance_only],1,0.6,0.6,,0.6,0.6
R,core_Q_n1500_low,top2[variance_only],1,1.0,1.0,,1.0,1.0
R,core_Q_n1500_low,spearman[biasvar_mult],1,0.7714285714285715,0.7714285714285715,,0.7714285714285715,0.7714285714285715
R,core_Q_n1500_low,kendall[biasvar_mult],1,0.6,0.6,,0.6,0.6
R,core_Q_n1500_low,top2[biasvar_mult],1,1.0,1.0,,1.0,1.0
R,core_Q_n1500_low,spearman[biasvar_add],1,0.6571428571428573,0.6571428571428573,,0.6571428571428573,0.6571428571428573
R,core_Q_n1500_low,kendall[biasvar_add],1,0.4666666666666666,0.4666666666666666,,0.4666666666666666,0.4666666666666666
R,core_Q_n1500_low,top2[biasvar_add],1,1.0,1.0,,1.0,1.0
R,core_Q_n6000_high,oracle_best_error,1,0.0707520192795903,0.0707520192795903,,0.0707520192795903,0.0707520192795903
R,core_Q_n6000_high,global_oof_mses_survivor_count,1,5.0,5.0,,5.0,5.0
R,core_Q_n6000_high,global_oof_error[product],1,0.1204521733354047,0.1204521733354047,,0.1204521733354047,0.1204521733354047
R,core_Q_n6000_high,global_oof_regret[product],1,0.049700154055814405,0.049700154055814405,,0.049700154055814405,0.049700154055814405
R,core_Q_n6000_high,global_oof_oracle_ratio[product],1,1.7024556268523188,1.7024556268523188,,1.7024556268523188,1.7024556268523188
R,core_Q_n6000_high,global_oof_catastrophic[product],1,1.0,1.0,,1.0,1.0
R,core_Q_n6000_high,global_oof_top1[product],1,0.0,0.0,,0.0,0.0
R,core_Q_n6000_high,global_oof_error[h_only],1,0.0707520192795903,0.0707520192795903,,0.0707520192795903,0.0707520192795903
R,core_Q_n6000_high,global_oof_regret[h_only],1,0.0,0.0,,0.0,0.0
R,core_Q_n6000_high,global_oof_oracle_ratio[h_only],1,0.9999999999858661,0.9999999999858661,,0.9999999999858661,0.9999999999858661
R,core_Q_n6000_high,global_oof_catastrophic[h_only],1,0.0,0.0,,0.0,0.0
R,core_Q_n6000_high,global_oof_top1[h_only],1,1.0,1.0,,1.0,1.0
R,core_Q_n6000_high,global_oof_error[q_only],1,0.13254792041714958,0.13254792041714958,,0.13254792041714958,0.13254792041714958
R,core_Q_n6000_high,global_oof_regret[q_only],1,0.061795901137559284,0.061795901137559284,,0.061795901137559284,0.061795901137559284
R,core_Q_n6000_high,global_oof_oracle_ratio[q_only],1,1.87341537054211,1.87341537054211,,1.87341537054211,1.87341537054211
R,core_Q_n6000_high,global_oof_catastrophic[q_only],1,1.0,1.0,,1.0,1.0
R,core_Q_n6000_high,global_oof_top1[q_only],1,0.0,0.0,,0.0,0.0
R,core_Q_n6000_high,global_oof_error[sum],1,0.1204521733354047,0.1204521733354047,,0.1204521733354047,0.1204521733354047
R,core_Q_n6000_high,global_oof_regret[sum],1,0.049700154055814405,0.049700154055814405,,0.049700154055814405,0.049700154055814405
R,core_Q_n6000_high,global_oof_oracle_ratio[sum],1,1.7024556268523188,1.7024556268523188,,1.7024556268523188,1.7024556268523188
R,core_Q_n6000_high,global_oof_catastrophic[sum],1,1.0,1.0,,1.0,1.0
R,core_Q_n6000_high,global_oof_top1[sum],1,0.0,0.0,,0.0,0.0
R,core_Q_n6000_high,global_oof_error[max],1,0.1204521733354047,0.1204521733354047,,0.1204521733354047,0.1204521733354047
R,core_Q_n6000_high,global_oof_regret[max],1,0.049700154055814405,0.049700154055814405,,0.049700154055814405,0.049700154055814405
R,core_Q_n6000_high,global_oof_oracle_ratio[max],1,1.7024556268523188,1.7024556268523188,,1.7024556268523188,1.7024556268523188
R,core_Q_n6000_high,global_oof_catastrophic[max],1,1.0,1.0,,1.0,1.0
R,core_Q_n6000_high,global_oof_top1[max],1,0.0,0.0,,0.0,0.0
R,core_Q_n6000_high,global_oof_error[variance_only],1,0.1210530231609599,0.1210530231609599,,0.1210530231609599,0.1210530231609599
R,core_Q_n6000_high,global_oof_regret[variance_only],1,0.0503010038813696,0.0503010038813696,,0.0503010038813696,0.0503010038813696
R,core_Q_n6000_high,global_oof_oracle_ratio[variance_only],1,1.7109479615116636,1.7109479615116636,,1.7109479615116636,1.7109479615116636
R,core_Q_n6000_high,global_oof_catastrophic[variance_only],1,1.0,1.0,,1.0,1.0
R,core_Q_n6000_high,global_oof_top1[variance_only],1,0.0,0.0,,0.0,0.0
R,core_Q_n6000_high,global_oof_error[fixed_sieve1],1,0.1204521733354047,0.1204521733354047,,0.1204521733354047,0.1204521733354047
R,core_Q_n6000_high,global_oof_regret[fixed_sieve1],1,0.049700154055814405,0.049700154055814405,,0.049700154055814405,0.049700154055814405
R,core_Q_n6000_high,global_oof_oracle_ratio[fixed_sieve1],1,1.7024556268523188,1.7024556268523188,,1.7024556268523188,1.7024556268523188
R,core_Q_n6000_high,global_oof_catastrophic[fixed_sieve1],1,1.0,1.0,,1.0,1.0
R,core_Q_n6000_high,global_oof_top1[fixed_sieve1],1,0.0,0.0,,0.0,0.0
R,core_Q_n6000_high,global_oof_error[fixed_kernel],1,0.3706917816635589,0.3706917816635589,,0.3706917816635589,0.3706917816635589
R,core_Q_n6000_high,global_oof_regret[fixed_kernel],1,0.2999397623839686,0.2999397623839686,,0.2999397623839686,0.2999397623839686
R,core_Q_n6000_high,global_oof_oracle_ratio[fixed_kernel],1,5.2393102759860355,5.2393102759860355,,5.2393102759860355,5.2393102759860355
R,core_Q_n6000_high,global_oof_catastrophic[fixed_kernel],1,1.0,1.0,,1.0,1.0
R,core_Q_n6000_high,global_oof_top1[fixed_kernel],1,0.0,0.0,,0.0,0.0
R,core_Q_n6000_high,global_oof_error[random],1,0.3706917816635589,0.3706917816635589,,0.3706917816635589,0.3706917816635589
R,core_Q_n6000_high,global_oof_regret[random],1,0.2999397623839686,0.2999397623839686,,0.2999397623839686,0.2999397623839686
R,core_Q_n6000_high,global_oof_oracle_ratio[random],1,5.2393102759860355,5.2393102759860355,,5.2393102759860355,5.2393102759860355
R,core_Q_n6000_high,global_oof_catastrophic[random],1,1.0,1.0,,1.0,1.0
R,core_Q_n6000_high,global_oof_top1[random],1,0.0,0.0,,0.0,0.0
R,core_Q_n6000_high,error[oracle],1,0.0707520192795903,0.0707520192795903,,0.0707520192795903,0.0707520192795903
R,core_Q_n6000_high,regret[oracle],1,0.0,0.0,,0.0,0.0
R,core_Q_n6000_high,oracle_ratio[oracle],1,0.9999999999858661,0.9999999999858661,,0.9999999999858661,0.9999999999858661
R,core_Q_n6000_high,catastrophic[oracle],1,0.0,0.0,,0.0,0.0
R,core_Q_n6000_high,top1[oracle],1,1.0,1.0,,1.0,1.0
R,core_Q_n6000_high,global_oof_error[biasvar_mult],1,0.1204521733354047,0.1204521733354047,,0.1204521733354047,0.1204521733354047
R,core_Q_n6000_high,global_oof_regret[biasvar_mult],1,0.049700154055814405,0.049700154055814405,,0.049700154055814405,0.049700154055814405
R,core_Q_n6000_high,global_oof_oracle_ratio[biasvar_mult],1,1.7024556268523188,1.7024556268523188,,1.7024556268523188,1.7024556268523188
R,core_Q_n6000_high,global_oof_catastrophic[biasvar_mult],1,1.0,1.0,,1.0,1.0
R,core_Q_n6000_high,global_oof_top1[biasvar_mult],1,0.0,0.0,,0.0,0.0
R,core_Q_n6000_high,global_oof_error[biasvar_add],1,0.1204521733354047,0.1204521733354047,,0.1204521733354047,0.1204521733354047
R,core_Q_n6000_high,global_oof_regret[biasvar_add],1,0.049700154055814405,0.049700154055814405,,0.049700154055814405,0.049700154055814405
R,core_Q_n6000_high,global_oof_oracle_ratio[biasvar_add],1,1.7024556268523188,1.7024556268523188,,1.7024556268523188,1.7024556268523188
R,core_Q_n6000_high,global_oof_catastrophic[biasvar_add],1,1.0,1.0,,1.0,1.0
R,core_Q_n6000_high,global_oof_top1[biasvar_add],1,0.0,0.0,,0.0,0.0
R,core_Q_n6000_high,global_oof_error[MSES],1,0.1210530231609599,0.1210530231609599,,0.1210530231609599,0.1210530231609599
R,core_Q_n6000_high,global_oof_regret[MSES],1,0.0503010038813696,0.0503010038813696,,0.0503010038813696,0.0503010038813696
R,core_Q_n6000_high,global_oof_oracle_ratio[MSES],1,1.7109479615116636,1.7109479615116636,,1.7109479615116636,1.7109479615116636
R,core_Q_n6000_high,global_oof_catastrophic[MSES],1,1.0,1.0,,1.0,1.0
R,core_Q_n6000_high,global_oof_top1[MSES],1,0.0,0.0,,0.0,0.0
R,core_Q_n6000_high,global_oof_top2[MSES],1,0.0,0.0,,0.0,0.0
R,core_Q_n6000_high,spearman[product],1,0.8857142857142858,0.8857142857142858,,0.8857142857142858,0.8857142857142858
R,core_Q_n6000_high,kendall[product],1,0.7333333333333333,0.7333333333333333,,0.7333333333333333,0.7333333333333333
R,core_Q_n6000_high,top2[product],1,1.0,1.0,,1.0,1.0
R,core_Q_n6000_high,spearman[h_only],1,0.7944613465542746,0.7944613465542746,,0.7944613465542746,0.7944613465542746
R,core_Q_n6000_high,kendall[h_only],1,0.6445033866354897,0.6445033866354897,,0.6445033866354897,0.6445033866354897
R,core_Q_n6000_high,top2[h_only],1,1.0,1.0,,1.0,1.0
R,core_Q_n6000_high,spearman[q_only],1,0.6179143806533246,0.6179143806533246,,0.6179143806533246,0.6179143806533246
R,core_Q_n6000_high,kendall[q_only],1,0.5012804118276031,0.5012804118276031,,0.5012804118276031,0.5012804118276031
R,core_Q_n6000_high,top2[q_only],1,0.0,0.0,,0.0,0.0
R,core_Q_n6000_high,spearman[sum],1,0.8857142857142858,0.8857142857142858,,0.8857142857142858,0.8857142857142858
R,core_Q_n6000_high,kendall[sum],1,0.7333333333333333,0.7333333333333333,,0.7333333333333333,0.7333333333333333
R,core_Q_n6000_high,top2[sum],1,1.0,1.0,,1.0,1.0
R,core_Q_n6000_high,spearman[max],1,0.9276336570439174,0.9276336570439174,,0.9276336570439174,0.9276336570439174
R,core_Q_n6000_high,kendall[max],1,0.8280786712108251,0.8280786712108251,,0.8280786712108251,0.8280786712108251
R,core_Q_n6000_high,top2[max],1,1.0,1.0,,1.0,1.0
R,core_Q_n6000_high,spearman[variance_only],1,0.14285714285714288,0.14285714285714288,,0.14285714285714288,0.14285714285714288
R,core_Q_n6000_high,kendall[variance_only],1,0.06666666666666665,0.06666666666666665,,0.06666666666666665,0.06666666666666665
R,core_Q_n6000_high,top2[variance_only],1,0.0,0.0,,0.0,0.0
R,core_Q_n6000_high,spearman[biasvar_mult],1,0.6571428571428573,0.6571428571428573,,0.6571428571428573,0.6571428571428573
R,core_Q_n6000_high,kendall[biasvar_mult],1,0.6,0.6,,0.6,0.6
R,core_Q_n6000_high,top2[biasvar_mult],1,0.0,0.0,,0.0,0.0
R,core_Q_n6000_high,spearman[biasvar_add],1,0.8285714285714287,0.8285714285714287,,0.8285714285714287,0.8285714285714287
R,core_Q_n6000_high,kendall[biasvar_add],1,0.7333333333333333,0.7333333333333333,,0.7333333333333333,0.7333333333333333
R,core_Q_n6000_high,top2[biasvar_add],1,0.0,0.0,,0.0,0.0
R,core_Q_n6000_low,oracle_best_error,1,0.095873836240151,0.095873836240151,,0.095873836240151,0.095873836240151
R,core_Q_n6000_low,global_oof_mses_survivor_count,1,3.0,3.0,,3.0,3.0
R,core_Q_n6000_low,global_oof_error[product],1,0.1291073833004479,0.1291073833004479,,0.1291073833004479,0.1291073833004479
R,core_Q_n6000_low,global_oof_regret[product],1,0.03323354706029691,0.03323354706029691,,0.03323354706029691,0.03323354706029691
R,core_Q_n6000_low,global_oof_oracle_ratio[product],1,1.3466383359867307,1.3466383359867307,,1.3466383359867307,1.3466383359867307
R,core_Q_n6000_low,global_oof_catastrophic[product],1,0.0,0.0,,0.0,0.0
R,core_Q_n6000_low,global_oof_top1[product],1,0.0,0.0,,0.0,0.0
R,core_Q_n6000_low,global_oof_error[h_only],1,0.095873836240151,0.095873836240151,,0.095873836240151,0.095873836240151
R,core_Q_n6000_low,global_oof_regret[h_only],1,0.0,0.0,,0.0,0.0
R,core_Q_n6000_low,global_oof_oracle_ratio[h_only],1,0.9999999999895696,0.9999999999895696,,0.9999999999895696,0.9999999999895696
R,core_Q_n6000_low,global_oof_catastrophic[h_only],1,0.0,0.0,,0.0,0.0
R,core_Q_n6000_low,global_oof_top1[h_only],1,1.0,1.0,,1.0,1.0
R,core_Q_n6000_low,global_oof_error[q_only],1,0.13191975669962575,0.13191975669962575,,0.13191975669962575,0.13191975669962575
R,core_Q_n6000_low,global_oof_regret[q_only],1,0.036045920459474745,0.036045920459474745,,0.036045920459474745,0.036045920459474745
R,core_Q_n6000_low,global_oof_oracle_ratio[q_only],1,1.375972443282739,1.375972443282739,,1.375972443282739,1.375972443282739
R,core_Q_n6000_low,global_oof_catastrophic[q_only],1,0.0,0.0,,0.0,0.0
R,core_Q_n6000_low,global_oof_top1[q_only],1,0.0,0.0,,0.0,0.0
R,core_Q_n6000_low,global_oof_error[sum],1,0.1291073833004479,0.1291073833004479,,0.1291073833004479,0.1291073833004479
R,core_Q_n6000_low,global_oof_regret[sum],1,0.03323354706029691,0.03323354706029691,,0.03323354706029691,0.03323354706029691
R,core_Q_n6000_low,global_oof_oracle_ratio[sum],1,1.3466383359867307,1.3466383359867307,,1.3466383359867307,1.3466383359867307
R,core_Q_n6000_low,global_oof_catastrophic[sum],1,0.0,0.0,,0.0,0.0
R,core_Q_n6000_low,global_oof_top1[sum],1,0.0,0.0,,0.0,0.0
R,core_Q_n6000_low,global_oof_error[max],1,0.1291073833004479,0.1291073833004479,,0.1291073833004479,0.1291073833004479
R,core_Q_n6000_low,global_oof_regret[max],1,0.03323354706029691,0.03323354706029691,,0.03323354706029691,0.03323354706029691
R,core_Q_n6000_low,global_oof_oracle_ratio[max],1,1.3466383359867307,1.3466383359867307,,1.3466383359867307,1.3466383359867307
R,core_Q_n6000_low,global_oof_catastrophic[max],1,0.0,0.0,,0.0,0.0
R,core_Q_n6000_low,global_oof_top1[max],1,0.0,0.0,,0.0,0.0
R,core_Q_n6000_low,global_oof_error[variance_only],1,0.12915775047754807,0.12915775047754807,,0.12915775047754807,0.12915775047754807
R,core_Q_n6000_low,global_oof_regret[variance_only],1,0.03328391423739707,0.03328391423739707,,0.03328391423739707,0.03328391423739707
R,core_Q_n6000_low,global_oof_oracle_ratio[variance_only],1,1.3471636844975954,1.3471636844975954,,1.3471636844975954,1.3471636844975954
R,core_Q_n6000_low,global_oof_catastrophic[variance_only],1,0.0,0.0,,0.0,0.0
R,core_Q_n6000_low,global_oof_top1[variance_only],1,0.0,0.0,,0.0,0.0
R,core_Q_n6000_low,global_oof_error[fixed_sieve1],1,0.1291073833004479,0.1291073833004479,,0.1291073833004479,0.1291073833004479
R,core_Q_n6000_low,global_oof_regret[fixed_sieve1],1,0.03323354706029691,0.03323354706029691,,0.03323354706029691,0.03323354706029691
R,core_Q_n6000_low,global_oof_oracle_ratio[fixed_sieve1],1,1.3466383359867307,1.3466383359867307,,1.3466383359867307,1.3466383359867307
R,core_Q_n6000_low,global_oof_catastrophic[fixed_sieve1],1,0.0,0.0,,0.0,0.0
R,core_Q_n6000_low,global_oof_top1[fixed_sieve1],1,0.0,0.0,,0.0,0.0
R,core_Q_n6000_low,global_oof_error[fixed_kernel],1,0.36570526686654814,0.36570526686654814,,0.36570526686654814,0.36570526686654814
R,core_Q_n6000_low,global_oof_regret[fixed_kernel],1,0.26983143062639714,0.26983143062639714,,0.26983143062639714,0.26983143062639714
R,core_Q_n6000_low,global_oof_oracle_ratio[fixed_kernel],1,3.8144428261605325,3.8144428261605325,,3.8144428261605325,3.8144428261605325
R,core_Q_n6000_low,global_oof_catastrophic[fixed_kernel],1,1.0,1.0,,1.0,1.0
R,core_Q_n6000_low,global_oof_top1[fixed_kernel],1,0.0,0.0,,0.0,0.0
R,core_Q_n6000_low,global_oof_error[random],1,0.36570526686654814,0.36570526686654814,,0.36570526686654814,0.36570526686654814
R,core_Q_n6000_low,global_oof_regret[random],1,0.26983143062639714,0.26983143062639714,,0.26983143062639714,0.26983143062639714
R,core_Q_n6000_low,global_oof_oracle_ratio[random],1,3.8144428261605325,3.8144428261605325,,3.8144428261605325,3.8144428261605325
R,core_Q_n6000_low,global_oof_catastrophic[random],1,1.0,1.0,,1.0,1.0
R,core_Q_n6000_low,global_oof_top1[random],1,0.0,0.0,,0.0,0.0
R,core_Q_n6000_low,error[oracle],1,0.095873836240151,0.095873836240151,,0.095873836240151,0.095873836240151
R,core_Q_n6000_low,regret[oracle],1,0.0,0.0,,0.0,0.0
R,core_Q_n6000_low,oracle_ratio[oracle],1,0.9999999999895696,0.9999999999895696,,0.9999999999895696,0.9999999999895696
R,core_Q_n6000_low,catastrophic[oracle],1,0.0,0.0,,0.0,0.0
R,core_Q_n6000_low,top1[oracle],1,1.0,1.0,,1.0,1.0
R,core_Q_n6000_low,global_oof_error[biasvar_mult],1,0.1291073833004479,0.1291073833004479,,0.1291073833004479,0.1291073833004479
R,core_Q_n6000_low,global_oof_regret[biasvar_mult],1,0.03323354706029691,0.03323354706029691,,0.03323354706029691,0.03323354706029691
R,core_Q_n6000_low,global_oof_oracle_ratio[biasvar_mult],1,1.3466383359867307,1.3466383359867307,,1.3466383359867307,1.3466383359867307
R,core_Q_n6000_low,global_oof_catastrophic[biasvar_mult],1,0.0,0.0,,0.0,0.0
R,core_Q_n6000_low,global_oof_top1[biasvar_mult],1,0.0,0.0,,0.0,0.0
R,core_Q_n6000_low,global_oof_error[biasvar_add],1,0.1291073833004479,0.1291073833004479,,0.1291073833004479,0.1291073833004479
R,core_Q_n6000_low,global_oof_regret[biasvar_add],1,0.03323354706029691,0.03323354706029691,,0.03323354706029691,0.03323354706029691
R,core_Q_n6000_low,global_oof_oracle_ratio[biasvar_add],1,1.3466383359867307,1.3466383359867307,,1.3466383359867307,1.3466383359867307
R,core_Q_n6000_low,global_oof_catastrophic[biasvar_add],1,0.0,0.0,,0.0,0.0
R,core_Q_n6000_low,global_oof_top1[biasvar_add],1,0.0,0.0,,0.0,0.0
R,core_Q_n6000_low,global_oof_error[MSES],1,0.1291073833004479,0.1291073833004479,,0.1291073833004479,0.1291073833004479
R,core_Q_n6000_low,global_oof_regret[MSES],1,0.03323354706029691,0.03323354706029691,,0.03323354706029691,0.03323354706029691
R,core_Q_n6000_low,global_oof_oracle_ratio[MSES],1,1.3466383359867307,1.3466383359867307,,1.3466383359867307,1.3466383359867307
R,core_Q_n6000_low,global_oof_catastrophic[MSES],1,0.0,0.0,,0.0,0.0
R,core_Q_n6000_low,global_oof_top1[MSES],1,0.0,0.0,,0.0,0.0
R,core_Q_n6000_low,global_oof_top2[MSES],1,0.0,0.0,,0.0,0.0
R,core_Q_n6000_low,spearman[product],1,0.8285714285714287,0.8285714285714287,,0.8285714285714287,0.8285714285714287
R,core_Q_n6000_low,kendall[product],1,0.6,0.6,,0.6,0.6
R,core_Q_n6000_low,top2[product],1,1.0,1.0,,1.0,1.0
R,core_Q_n6000_low,spearman[h_only],1,0.7944613465542746,0.7944613465542746,,0.7944613465542746,0.7944613465542746
R,core_Q_n6000_low,kendall[h_only],1,0.6445033866354897,0.6445033866354897,,0.6445033866354897,0.6445033866354897
R,core_Q_n6000_low,top2[h_only],1,1.0,1.0,,1.0,1.0
R,core_Q_n6000_low,spearman[q_only],1,0.6179143806533246,0.6179143806533246,,0.6179143806533246,0.6179143806533246
R,core_Q_n6000_low,kendall[q_only],1,0.5012804118276031,0.5012804118276031,,0.5012804118276031,0.5012804118276031
R,core_Q_n6000_low,top2[q_only],1,0.0,0.0,,0.0,0.0
R,core_Q_n6000_low,spearman[sum],1,0.8857142857142858,0.8857142857142858,,0.8857142857142858,0.8857142857142858
R,core_Q_n6000_low,kendall[sum],1,0.7333333333333333,0.7333333333333333,,0.7333333333333333,0.7333333333333333
R,core_Q_n6000_low,top2[sum],1,1.0,1.0,,1.0,1.0
R,core_Q_n6000_low,spearman[max],1,0.9276336570439174,0.9276336570439174,,0.9276336570439174,0.9276336570439174
R,core_Q_n6000_low,kendall[max],1,0.8280786712108251,0.8280786712108251,,0.8280786712108251,0.8280786712108251
R,core_Q_n6000_low,top2[max],1,1.0,1.0,,1.0,1.0
R,core_Q_n6000_low,spearman[variance_only],1,0.3142857142857143,0.3142857142857143,,0.3142857142857143,0.3142857142857143
R,core_Q_n6000_low,kendall[variance_only],1,0.2,0.2,,0.2,0.2
R,core_Q_n6000_low,top2[variance_only],1,0.0,0.0,,0.0,0.0
R,core_Q_n6000_low,spearman[biasvar_mult],1,0.942857142857143,0.942857142857143,,0.942857142857143,0.942857142857143
R,core_Q_n6000_low,kendall[biasvar_mult],1,0.8666666666666666,0.8666666666666666,,0.8666666666666666,0.8666666666666666
R,core_Q_n6000_low,top2[biasvar_mult],1,1.0,1.0,,1.0,1.0
R,core_Q_n6000_low,spearman[biasvar_add],1,0.942857142857143,0.942857142857143,,0.942857142857143,0.942857142857143
R,core_Q_n6000_low,kendall[biasvar_add],1,0.8666666666666666,0.8666666666666666,,0.8666666666666666,0.8666666666666666
R,core_Q_n6000_low,top2[biasvar_add],1,1.0,1.0,,1.0,1.0
R,stress_L_n3000_low_p40,oracle_best_error,1,0.013331792094360861,0.013331792094360861,,0.013331792094360861,0.013331792094360861
R,stress_L_n3000_low_p40,global_oof_mses_survivor_count,1,3.0,3.0,,3.0,3.0
R,stress_L_n3000_low_p40,global_oof_error[product],1,0.01577807051106006,0.01577807051106006,,0.01577807051106006,0.01577807051106006
R,stress_L_n3000_low_p40,global_oof_regret[product],1,0.002446278416699199,0.002446278416699199,,0.002446278416699199,0.002446278416699199
R,stress_L_n3000_low_p40,global_oof_oracle_ratio[product],1,1.183492091550876,1.183492091550876,,1.183492091550876,1.183492091550876
R,stress_L_n3000_low_p40,global_oof_catastrophic[product],1,0.0,0.0,,0.0,0.0
R,stress_L_n3000_low_p40,global_oof_top1[product],1,0.0,0.0,,0.0,0.0
R,stress_L_n3000_low_p40,global_oof_error[h_only],1,0.0441717973352076,0.0441717973352076,,0.0441717973352076,0.0441717973352076
R,stress_L_n3000_low_p40,global_oof_regret[h_only],1,0.030840005240846735,0.030840005240846735,,0.030840005240846735,0.030840005240846735
R,stress_L_n3000_low_p40,global_oof_oracle_ratio[h_only],1,3.3132677902004115,3.3132677902004115,,3.3132677902004115,3.3132677902004115
R,stress_L_n3000_low_p40,global_oof_catastrophic[h_only],1,1.0,1.0,,1.0,1.0
R,stress_L_n3000_low_p40,global_oof_top1[h_only],1,0.0,0.0,,0.0,0.0
R,stress_L_n3000_low_p40,global_oof_error[q_only],1,0.014592707955211504,0.014592707955211504,,0.014592707955211504,0.014592707955211504
R,stress_L_n3000_low_p40,global_oof_regret[q_only],1,0.0012609158608506421,0.0012609158608506421,,0.0012609158608506421,0.0012609158608506421
R,stress_L_n3000_low_p40,global_oof_oracle_ratio[q_only],1,1.0945796222166868,1.0945796222166868,,1.0945796222166868,1.0945796222166868
R,stress_L_n3000_low_p40,global_oof_catastrophic[q_only],1,0.0,0.0,,0.0,0.0
R,stress_L_n3000_low_p40,global_oof_top1[q_only],1,0.0,0.0,,0.0,0.0
R,stress_L_n3000_low_p40,global_oof_error[sum],1,0.01577807051106006,0.01577807051106006,,0.01577807051106006,0.01577807051106006
R,stress_L_n3000_low_p40,global_oof_regret[sum],1,0.002446278416699199,0.002446278416699199,,0.002446278416699199,0.002446278416699199
R,stress_L_n3000_low_p40,global_oof_oracle_ratio[sum],1,1.183492091550876,1.183492091550876,,1.183492091550876,1.183492091550876
R,stress_L_n3000_low_p40,global_oof_catastrophic[sum],1,0.0,0.0,,0.0,0.0
R,stress_L_n3000_low_p40,global_oof_top1[sum],1,0.0,0.0,,0.0,0.0
R,stress_L_n3000_low_p40,global_oof_error[max],1,0.01577807051106006,0.01577807051106006,,0.01577807051106006,0.01577807051106006
R,stress_L_n3000_low_p40,global_oof_regret[max],1,0.002446278416699199,0.002446278416699199,,0.002446278416699199,0.002446278416699199
R,stress_L_n3000_low_p40,global_oof_oracle_ratio[max],1,1.183492091550876,1.183492091550876,,1.183492091550876,1.183492091550876
R,stress_L_n3000_low_p40,global_oof_catastrophic[max],1,0.0,0.0,,0.0,0.0
R,stress_L_n3000_low_p40,global_oof_top1[max],1,0.0,0.0,,0.0,0.0
R,stress_L_n3000_low_p40,global_oof_error[variance_only],1,0.013331792094360861,0.013331792094360861,,0.013331792094360861,0.013331792094360861
R,stress_L_n3000_low_p40,global_oof_regret[variance_only],1,0.0,0.0,,0.0,0.0
R,stress_L_n3000_low_p40,global_oof_oracle_ratio[variance_only],1,0.9999999999249913,0.9999999999249913,,0.9999999999249913,0.9999999999249913
R,stress_L_n3000_low_p40,global_oof_catastrophic[variance_only],1,0.0,0.0,,0.0,0.0
R,stress_L_n3000_low_p40,global_oof_top1[variance_only],1,1.0,1.0,,1.0,1.0
R,stress_L_n3000_low_p40,global_oof_error[fixed_sieve1],1,0.01577807051106006,0.01577807051106006,,0.01577807051106006,0.01577807051106006
R,stress_L_n3000_low_p40,global_oof_regret[fixed_sieve1],1,0.002446278416699199,0.002446278416699199,,0.002446278416699199,0.002446278416699199
R,stress_L_n3000_low_p40,global_oof_oracle_ratio[fixed_sieve1],1,1.183492091550876,1.183492091550876,,1.183492091550876,1.183492091550876
R,stress_L_n3000_low_p40,global_oof_catastrophic[fixed_sieve1],1,0.0,0.0,,0.0,0.0
R,stress_L_n3000_low_p40,global_oof_top1[fixed_sieve1],1,0.0,0.0,,0.0,0.0
R,stress_L_n3000_low_p40,global_oof_error[fixed_kernel],1,0.013331792094360861,0.013331792094360861,,0.013331792094360861,0.013331792094360861
R,stress_L_n3000_low_p40,global_oof_regret[fixed_kernel],1,0.0,0.0,,0.0,0.0
R,stress_L_n3000_low_p40,global_oof_oracle_ratio[fixed_kernel],1,0.9999999999249913,0.9999999999249913,,0.9999999999249913,0.9999999999249913
R,stress_L_n3000_low_p40,global_oof_catastrophic[fixed_kernel],1,0.0,0.0,,0.0,0.0
R,stress_L_n3000_low_p40,global_oof_top1[fixed_kernel],1,1.0,1.0,,1.0,1.0
R,stress_L_n3000_low_p40,global_oof_error[random],1,0.013331792094360861,0.013331792094360861,,0.013331792094360861,0.013331792094360861
R,stress_L_n3000_low_p40,global_oof_regret[random],1,0.0,0.0,,0.0,0.0
R,stress_L_n3000_low_p40,global_oof_oracle_ratio[random],1,0.9999999999249913,0.9999999999249913,,0.9999999999249913,0.9999999999249913
R,stress_L_n3000_low_p40,global_oof_catastrophic[random],1,0.0,0.0,,0.0,0.0
R,stress_L_n3000_low_p40,global_oof_top1[random],1,1.0,1.0,,1.0,1.0
R,stress_L_n3000_low_p40,error[oracle],1,0.013331792094360861,0.013331792094360861,,0.013331792094360861,0.013331792094360861
R,stress_L_n3000_low_p40,regret[oracle],1,0.0,0.0,,0.0,0.0
R,stress_L_n3000_low_p40,oracle_ratio[oracle],1,0.9999999999249913,0.9999999999249913,,0.9999999999249913,0.9999999999249913
R,stress_L_n3000_low_p40,catastrophic[oracle],1,0.0,0.0,,0.0,0.0
R,stress_L_n3000_low_p40,top1[oracle],1,1.0,1.0,,1.0,1.0
R,stress_L_n3000_low_p40,global_oof_error[biasvar_mult],1,0.01577807051106006,0.01577807051106006,,0.01577807051106006,0.01577807051106006
R,stress_L_n3000_low_p40,global_oof_regret[biasvar_mult],1,0.002446278416699199,0.002446278416699199,,0.002446278416699199,0.002446278416699199
R,stress_L_n3000_low_p40,global_oof_oracle_ratio[biasvar_mult],1,1.183492091550876,1.183492091550876,,1.183492091550876,1.183492091550876
R,stress_L_n3000_low_p40,global_oof_catastrophic[biasvar_mult],1,0.0,0.0,,0.0,0.0
R,stress_L_n3000_low_p40,global_oof_top1[biasvar_mult],1,0.0,0.0,,0.0,0.0
R,stress_L_n3000_low_p40,global_oof_error[biasvar_add],1,0.014592707955211504,0.014592707955211504,,0.014592707955211504,0.014592707955211504
R,stress_L_n3000_low_p40,global_oof_regret[biasvar_add],1,0.0012609158608506421,0.0012609158608506421,,0.0012609158608506421,0.0012609158608506421
R,stress_L_n3000_low_p40,global_oof_oracle_ratio[biasvar_add],1,1.0945796222166868,1.0945796222166868,,1.0945796222166868,1.0945796222166868
R,stress_L_n3000_low_p40,global_oof_catastrophic[biasvar_add],1,0.0,0.0,,0.0,0.0
R,stress_L_n3000_low_p40,global_oof_top1[biasvar_add],1,0.0,0.0,,0.0,0.0
R,stress_L_n3000_low_p40,global_oof_error[MSES],1,0.014592707955211504,0.014592707955211504,,0.014592707955211504,0.014592707955211504
R,stress_L_n3000_low_p40,global_oof_regret[MSES],1,0.0012609158608506421,0.0012609158608506421,,0.0012609158608506421,0.0012609158608506421
R,stress_L_n3000_low_p40,global_oof_oracle_ratio[MSES],1,1.0945796222166868,1.0945796222166868,,1.0945796222166868,1.0945796222166868
R,stress_L_n3000_low_p40,global_oof_catastrophic[MSES],1,0.0,0.0,,0.0,0.0
R,stress_L_n3000_low_p40,global_oof_top1[MSES],1,0.0,0.0,,0.0,0.0
R,stress_L_n3000_low_p40,global_oof_top2[MSES],1,0.0,0.0,,0.0,0.0
R,stress_L_n3000_low_p40,spearman[product],1,-0.7999999999999999,-0.7999999999999999,,-0.7999999999999999,-0.7999999999999999
R,stress_L_n3000_low_p40,kendall[product],1,-0.6666666666666669,-0.6666666666666669,,-0.6666666666666669,-0.6666666666666669
R,stress_L_n3000_low_p40,top2[product],1,0.0,0.0,,0.0,0.0
R,stress_L_n3000_low_p40,spearman[h_only],1,-0.8944271909999159,-0.8944271909999159,,-0.8944271909999159,-0.8944271909999159
R,stress_L_n3000_low_p40,kendall[h_only],1,-0.8164965809277261,-0.8164965809277261,,-0.8164965809277261,-0.8164965809277261
R,stress_L_n3000_low_p40,top2[h_only],1,0.0,0.0,,0.0,0.0
R,stress_L_n3000_low_p40,spearman[q_only],1,0.0,0.0,,0.0,0.0
R,stress_L_n3000_low_p40,kendall[q_only],1,0.0,0.0,,0.0,0.0
R,stress_L_n3000_low_p40,top2[q_only],1,0.0,0.0,,0.0,0.0
R,stress_L_n3000_low_p40,spearman[sum],1,-0.7999999999999999,-0.7999999999999999,,-0.7999999999999999,-0.7999999999999999
R,stress_L_n3000_low_p40,kendall[sum],1,-0.6666666666666669,-0.6666666666666669,,-0.6666666666666669,-0.6666666666666669
R,stress_L_n3000_low_p40,top2[sum],1,0.0,0.0,,0.0,0.0
R,stress_L_n3000_low_p40,spearman[max],1,-0.7378647873726218,-0.7378647873726218,,-0.7378647873726218,-0.7378647873726218
R,stress_L_n3000_low_p40,kendall[max],1,-0.5477225575051662,-0.5477225575051662,,-0.5477225575051662,-0.5477225575051662
R,stress_L_n3000_low_p40,top2[max],1,0.0,0.0,,0.0,0.0
R,stress_L_n3000_low_p40,spearman[variance_only],1,0.7999999999999999,0.7999999999999999,,0.7999999999999999,0.7999999999999999
R,stress_L_n3000_low_p40,kendall[variance_only],1,0.6666666666666669,0.6666666666666669,,0.6666666666666669,0.6666666666666669
R,stress_L_n3000_low_p40,top2[variance_only],1,1.0,1.0,,1.0,1.0
R,stress_L_n3000_low_p40,spearman[biasvar_mult],1,-0.7999999999999999,-0.7999999999999999,,-0.7999999999999999,-0.7999999999999999
R,stress_L_n3000_low_p40,kendall[biasvar_mult],1,-0.6666666666666669,-0.6666666666666669,,-0.6666666666666669,-0.6666666666666669
R,stress_L_n3000_low_p40,top2[biasvar_mult],1,0.0,0.0,,0.0,0.0
R,stress_L_n3000_low_p40,spearman[biasvar_add],1,0.39999999999999997,0.39999999999999997,,0.39999999999999997,0.39999999999999997
R,stress_L_n3000_low_p40,kendall[biasvar_add],1,0.3333333333333334,0.3333333333333334,,0.3333333333333334,0.3333333333333334
R,stress_L_n3000_low_p40,top2[biasvar_add],1,0.0,0.0,,0.0,0.0
R,stress_M_n3000_low_p40,oracle_best_error,1,0.0020022588152346366,0.0020022588152346366,,0.0020022588152346366,0.0020022588152346366
R,stress_M_n3000_low_p40,global_oof_mses_survivor_count,1,3.0,3.0,,3.0,3.0
R,stress_M_n3000_low_p40,global_oof_error[product],1,0.2610319493823834,0.2610319493823834,,0.2610319493823834,0.2610319493823834
R,stress_M_n3000_low_p40,global_oof_regret[product],1,0.25902969056714875,0.25902969056714875,,0.25902969056714875,0.25902969056714875
R,stress_M_n3000_low_p40,global_oof_oracle_ratio[product],1,130.368735183431,130.368735183431,,130.368735183431,130.368735183431
R,stress_M_n3000_low_p40,global_oof_catastrophic[product],1,1.0,1.0,,1.0,1.0
R,stress_M_n3000_low_p40,global_oof_top1[product],1,0.0,0.0,,0.0,0.0
R,stress_M_n3000_low_p40,global_oof_error[h_only],1,0.08508145124202104,0.08508145124202104,,0.08508145124202104,0.08508145124202104
R,stress_M_n3000_low_p40,global_oof_regret[h_only],1,0.08307919242678641,0.08307919242678641,,0.08307919242678641,0.08307919242678641
R,stress_M_n3000_low_p40,global_oof_oracle_ratio[h_only],1,42.49273398232384,42.49273398232384,,42.49273398232384,42.49273398232384
R,stress_M_n3000_low_p40,global_oof_catastrophic[h_only],1,1.0,1.0,,1.0,1.0
R,stress_M_n3000_low_p40,global_oof_top1[h_only],1,0.0,0.0,,0.0,0.0
R,stress_M_n3000_low_p40,global_oof_error[q_only],1,0.0020022588152346366,0.0020022588152346366,,0.0020022588152346366,0.0020022588152346366
R,stress_M_n3000_low_p40,global_oof_regret[q_only],1,0.0,0.0,,0.0,0.0
R,stress_M_n3000_low_p40,global_oof_oracle_ratio[q_only],1,0.9999999995005641,0.9999999995005641,,0.9999999995005641,0.9999999995005641
R,stress_M_n3000_low_p40,global_oof_catastrophic[q_only],1,0.0,0.0,,0.0,0.0
R,stress_M_n3000_low_p40,global_oof_top1[q_only],1,1.0,1.0,,1.0,1.0
R,stress_M_n3000_low_p40,global_oof_error[sum],1,0.2610319493823834,0.2610319493823834,,0.2610319493823834,0.2610319493823834
R,stress_M_n3000_low_p40,global_oof_regret[sum],1,0.25902969056714875,0.25902969056714875,,0.25902969056714875,0.25902969056714875
R,stress_M_n3000_low_p40,global_oof_oracle_ratio[sum],1,130.368735183431,130.368735183431,,130.368735183431,130.368735183431
R,stress_M_n3000_low_p40,global_oof_catastrophic[sum],1,1.0,1.0,,1.0,1.0
R,stress_M_n3000_low_p40,global_oof_top1[sum],1,0.0,0.0,,0.0,0.0
R,stress_M_n3000_low_p40,global_oof_error[max],1,0.2610319493823834,0.2610319493823834,,0.2610319493823834,0.2610319493823834
R,stress_M_n3000_low_p40,global_oof_regret[max],1,0.25902969056714875,0.25902969056714875,,0.25902969056714875,0.25902969056714875
R,stress_M_n3000_low_p40,global_oof_oracle_ratio[max],1,130.368735183431,130.368735183431,,130.368735183431,130.368735183431
R,stress_M_n3000_low_p40,global_oof_catastrophic[max],1,1.0,1.0,,1.0,1.0
R,stress_M_n3000_low_p40,global_oof_top1[max],1,0.0,0.0,,0.0,0.0
R,stress_M_n3000_low_p40,global_oof_error[variance_only],1,0.029897795485218204,0.029897795485218204,,0.029897795485218204,0.029897795485218204
R,stress_M_n3000_low_p40,global_oof_regret[variance_only],1,0.027895536669983567,0.027895536669983567,,0.027895536669983567,0.027895536669983567
R,stress_M_n3000_low_p40,global_oof_oracle_ratio[variance_only],1,14.932033382898389,14.932033382898389,,14.932033382898389,14.932033382898389
R,stress_M_n3000_low_p40,global_oof_catastrophic[variance_only],1,1.0,1.0,,1.0,1.0
R,stress_M_n3000_low_p40,global_oof_top1[variance_only],1,0.0,0.0,,0.0,0.0
R,stress_M_n3000_low_p40,global_oof_error[fixed_sieve1],1,0.2610319493823834,0.2610319493823834,,0.2610319493823834,0.2610319493823834
R,stress_M_n3000_low_p40,global_oof_regret[fixed_sieve1],1,0.25902969056714875,0.25902969056714875,,0.25902969056714875,0.25902969056714875
R,stress_M_n3000_low_p40,global_oof_oracle_ratio[fixed_sieve1],1,130.368735183431,130.368735183431,,130.368735183431,130.368735183431
R,stress_M_n3000_low_p40,global_oof_catastrophic[fixed_sieve1],1,1.0,1.0,,1.0,1.0
R,stress_M_n3000_low_p40,global_oof_top1[fixed_sieve1],1,0.0,0.0,,0.0,0.0
R,stress_M_n3000_low_p40,global_oof_error[fixed_kernel],1,0.029897795485218204,0.029897795485218204,,0.029897795485218204,0.029897795485218204
R,stress_M_n3000_low_p40,global_oof_regret[fixed_kernel],1,0.027895536669983567,0.027895536669983567,,0.027895536669983567,0.027895536669983567
R,stress_M_n3000_low_p40,global_oof_oracle_ratio[fixed_kernel],1,14.932033382898389,14.932033382898389,,14.932033382898389,14.932033382898389
R,stress_M_n3000_low_p40,global_oof_catastrophic[fixed_kernel],1,1.0,1.0,,1.0,1.0
R,stress_M_n3000_low_p40,global_oof_top1[fixed_kernel],1,0.0,0.0,,0.0,0.0
R,stress_M_n3000_low_p40,global_oof_error[random],1,0.029897795485218204,0.029897795485218204,,0.029897795485218204,0.029897795485218204
R,stress_M_n3000_low_p40,global_oof_regret[random],1,0.027895536669983567,0.027895536669983567,,0.027895536669983567,0.027895536669983567
R,stress_M_n3000_low_p40,global_oof_oracle_ratio[random],1,14.932033382898389,14.932033382898389,,14.932033382898389,14.932033382898389
R,stress_M_n3000_low_p40,global_oof_catastrophic[random],1,1.0,1.0,,1.0,1.0
R,stress_M_n3000_low_p40,global_oof_top1[random],1,0.0,0.0,,0.0,0.0
R,stress_M_n3000_low_p40,error[oracle],1,0.0020022588152346366,0.0020022588152346366,,0.0020022588152346366,0.0020022588152346366
R,stress_M_n3000_low_p40,regret[oracle],1,0.0,0.0,,0.0,0.0
R,stress_M_n3000_low_p40,oracle_ratio[oracle],1,0.9999999995005641,0.9999999995005641,,0.9999999995005641,0.9999999995005641
R,stress_M_n3000_low_p40,catastrophic[oracle],1,0.0,0.0,,0.0,0.0
R,stress_M_n3000_low_p40,top1[oracle],1,1.0,1.0,,1.0,1.0
R,stress_M_n3000_low_p40,global_oof_error[biasvar_mult],1,0.2610319493823834,0.2610319493823834,,0.2610319493823834,0.2610319493823834
R,stress_M_n3000_low_p40,global_oof_regret[biasvar_mult],1,0.25902969056714875,0.25902969056714875,,0.25902969056714875,0.25902969056714875
R,stress_M_n3000_low_p40,global_oof_oracle_ratio[biasvar_mult],1,130.368735183431,130.368735183431,,130.368735183431,130.368735183431
R,stress_M_n3000_low_p40,global_oof_catastrophic[biasvar_mult],1,1.0,1.0,,1.0,1.0
R,stress_M_n3000_low_p40,global_oof_top1[biasvar_mult],1,0.0,0.0,,0.0,0.0
R,stress_M_n3000_low_p40,global_oof_error[biasvar_add],1,0.0020022588152346366,0.0020022588152346366,,0.0020022588152346366,0.0020022588152346366
R,stress_M_n3000_low_p40,global_oof_regret[biasvar_add],1,0.0,0.0,,0.0,0.0
R,stress_M_n3000_low_p40,global_oof_oracle_ratio[biasvar_add],1,0.9999999995005641,0.9999999995005641,,0.9999999995005641,0.9999999995005641
R,stress_M_n3000_low_p40,global_oof_catastrophic[biasvar_add],1,0.0,0.0,,0.0,0.0
R,stress_M_n3000_low_p40,global_oof_top1[biasvar_add],1,1.0,1.0,,1.0,1.0
R,stress_M_n3000_low_p40,global_oof_error[MSES],1,0.0020022588152346366,0.0020022588152346366,,0.0020022588152346366,0.0020022588152346366
R,stress_M_n3000_low_p40,global_oof_regret[MSES],1,0.0,0.0,,0.0,0.0
R,stress_M_n3000_low_p40,global_oof_oracle_ratio[MSES],1,0.9999999995005641,0.9999999995005641,,0.9999999995005641,0.9999999995005641
R,stress_M_n3000_low_p40,global_oof_catastrophic[MSES],1,0.0,0.0,,0.0,0.0
R,stress_M_n3000_low_p40,global_oof_top1[MSES],1,1.0,1.0,,1.0,1.0
R,stress_M_n3000_low_p40,global_oof_top2[MSES],1,1.0,1.0,,1.0,1.0
R,stress_M_n3000_low_p40,spearman[product],1,-0.7999999999999999,-0.7999999999999999,,-0.7999999999999999,-0.7999999999999999
R,stress_M_n3000_low_p40,kendall[product],1,-0.6666666666666669,-0.6666666666666669,,-0.6666666666666669,-0.6666666666666669
R,stress_M_n3000_low_p40,top2[product],1,0.0,0.0,,0.0,0.0
R,stress_M_n3000_low_p40,spearman[h_only],1,-0.8944271909999159,-0.8944271909999159,,-0.8944271909999159,-0.8944271909999159
R,stress_M_n3000_low_p40,kendall[h_only],1,-0.8164965809277261,-0.8164965809277261,,-0.8164965809277261,-0.8164965809277261
R,stress_M_n3000_low_p40,top2[h_only],1,0.0,0.0,,0.0,0.0
R,stress_M_n3000_low_p40,spearman[q_only],1,0.0,0.0,,0.0,0.0
R,stress_M_n3000_low_p40,kendall[q_only],1,0.0,0.0,,0.0,0.0
R,stress_M_n3000_low_p40,top2[q_only],1,1.0,1.0,,1.0,1.0
R,stress_M_n3000_low_p40,spearman[sum],1,-0.7999999999999999,-0.7999999999999999,,-0.7999999999999999,-0.7999999999999999
R,stress_M_n3000_low_p40,kendall[sum],1,-0.6666666666666669,-0.6666666666666669,,-0.6666666666666669,-0.6666666666666669
R,stress_M_n3000_low_p40,top2[sum],1,0.0,0.0,,0.0,0.0
R,stress_M_n3000_low_p40,spearman[max],1,-0.9486832980505139,-0.9486832980505139,,-0.9486832980505139,-0.9486832980505139
R,stress_M_n3000_low_p40,kendall[max],1,-0.912870929175277,-0.912870929175277,,-0.912870929175277,-0.912870929175277
R,stress_M_n3000_low_p40,top2[max],1,0.0,0.0,,0.0,0.0
R,stress_M_n3000_low_p40,spearman[variance_only],1,0.7999999999999999,0.7999999999999999,,0.7999999999999999,0.7999999999999999
R,stress_M_n3000_low_p40,kendall[variance_only],1,0.6666666666666669,0.6666666666666669,,0.6666666666666669,0.6666666666666669
R,stress_M_n3000_low_p40,top2[variance_only],1,1.0,1.0,,1.0,1.0
R,stress_M_n3000_low_p40,spearman[biasvar_mult],1,-0.39999999999999997,-0.39999999999999997,,-0.39999999999999997,-0.39999999999999997
R,stress_M_n3000_low_p40,kendall[biasvar_mult],1,-0.3333333333333334,-0.3333333333333334,,-0.3333333333333334,-0.3333333333333334
R,stress_M_n3000_low_p40,top2[biasvar_mult],1,1.0,1.0,,1.0,1.0
R,stress_M_n3000_low_p40,spearman[biasvar_add],1,0.39999999999999997,0.39999999999999997,,0.39999999999999997,0.39999999999999997
R,stress_M_n3000_low_p40,kendall[biasvar_add],1,0.3333333333333334,0.3333333333333334,,0.3333333333333334,0.3333333333333334
R,stress_M_n3000_low_p40,top2[biasvar_add],1,1.0,1.0,,1.0,1.0
R,stress_N_n3000_low_p40,oracle_best_error,1,0.011651713725889912,0.011651713725889912,,0.011651713725889912,0.011651713725889912
R,stress_N_n3000_low_p40,global_oof_mses_survivor_count,1,3.0,3.0,,3.0,3.0
R,stress_N_n3000_low_p40,global_oof_error[product],1,0.028013912158172838,0.028013912158172838,,0.028013912158172838,0.028013912158172838
R,stress_N_n3000_low_p40,global_oof_regret[product],1,0.016362198432282926,0.016362198432282926,,0.016362198432282926,0.016362198432282926
R,stress_N_n3000_low_p40,global_oof_oracle_ratio[product],1,2.404273981905522,2.404273981905522,,2.404273981905522,2.404273981905522
R,stress_N_n3000_low_p40,global_oof_catastrophic[product],1,1.0,1.0,,1.0,1.0
R,stress_N_n3000_low_p40,global_oof_top1[product],1,0.0,0.0,,0.0,0.0
R,stress_N_n3000_low_p40,global_oof_error[h_only],1,0.03332545758243033,0.03332545758243033,,0.03332545758243033,0.03332545758243033
R,stress_N_n3000_low_p40,global_oof_regret[h_only],1,0.021673743856540417,0.021673743856540417,,0.021673743856540417,0.021673743856540417
R,stress_N_n3000_low_p40,global_oof_oracle_ratio[h_only],1,2.860133570353826,2.860133570353826,,2.860133570353826,2.860133570353826
R,stress_N_n3000_low_p40,global_oof_catastrophic[h_only],1,1.0,1.0,,1.0,1.0
R,stress_N_n3000_low_p40,global_oof_top1[h_only],1,0.0,0.0,,0.0,0.0
R,stress_N_n3000_low_p40,global_oof_error[q_only],1,0.011651713725889912,0.011651713725889912,,0.011651713725889912,0.011651713725889912
R,stress_N_n3000_low_p40,global_oof_regret[q_only],1,0.0,0.0,,0.0,0.0
R,stress_N_n3000_low_p40,global_oof_oracle_ratio[q_only],1,0.9999999999141757,0.9999999999141757,,0.9999999999141757,0.9999999999141757
R,stress_N_n3000_low_p40,global_oof_catastrophic[q_only],1,0.0,0.0,,0.0,0.0
R,stress_N_n3000_low_p40,global_oof_top1[q_only],1,1.0,1.0,,1.0,1.0
R,stress_N_n3000_low_p40,global_oof_error[sum],1,0.028013912158172838,0.028013912158172838,,0.028013912158172838,0.028013912158172838
R,stress_N_n3000_low_p40,global_oof_regret[sum],1,0.016362198432282926,0.016362198432282926,,0.016362198432282926,0.016362198432282926
R,stress_N_n3000_low_p40,global_oof_oracle_ratio[sum],1,2.404273981905522,2.404273981905522,,2.404273981905522,2.404273981905522
R,stress_N_n3000_low_p40,global_oof_catastrophic[sum],1,1.0,1.0,,1.0,1.0
R,stress_N_n3000_low_p40,global_oof_top1[sum],1,0.0,0.0,,0.0,0.0
R,stress_N_n3000_low_p40,global_oof_error[max],1,0.028013912158172838,0.028013912158172838,,0.028013912158172838,0.028013912158172838
R,stress_N_n3000_low_p40,global_oof_regret[max],1,0.016362198432282926,0.016362198432282926,,0.016362198432282926,0.016362198432282926
R,stress_N_n3000_low_p40,global_oof_oracle_ratio[max],1,2.404273981905522,2.404273981905522,,2.404273981905522,2.404273981905522
R,stress_N_n3000_low_p40,global_oof_catastrophic[max],1,1.0,1.0,,1.0,1.0
R,stress_N_n3000_low_p40,global_oof_top1[max],1,0.0,0.0,,0.0,0.0
R,stress_N_n3000_low_p40,global_oof_error[variance_only],1,0.03332545758243033,0.03332545758243033,,0.03332545758243033,0.03332545758243033
R,stress_N_n3000_low_p40,global_oof_regret[variance_only],1,0.021673743856540417,0.021673743856540417,,0.021673743856540417,0.021673743856540417
R,stress_N_n3000_low_p40,global_oof_oracle_ratio[variance_only],1,2.860133570353826,2.860133570353826,,2.860133570353826,2.860133570353826
R,stress_N_n3000_low_p40,global_oof_catastrophic[variance_only],1,1.0,1.0,,1.0,1.0
R,stress_N_n3000_low_p40,global_oof_top1[variance_only],1,0.0,0.0,,0.0,0.0
R,stress_N_n3000_low_p40,global_oof_error[fixed_sieve1],1,0.028013912158172838,0.028013912158172838,,0.028013912158172838,0.028013912158172838
R,stress_N_n3000_low_p40,global_oof_regret[fixed_sieve1],1,0.016362198432282926,0.016362198432282926,,0.016362198432282926,0.016362198432282926
R,stress_N_n3000_low_p40,global_oof_oracle_ratio[fixed_sieve1],1,2.404273981905522,2.404273981905522,,2.404273981905522,2.404273981905522
R,stress_N_n3000_low_p40,global_oof_catastrophic[fixed_sieve1],1,1.0,1.0,,1.0,1.0
R,stress_N_n3000_low_p40,global_oof_top1[fixed_sieve1],1,0.0,0.0,,0.0,0.0
R,stress_N_n3000_low_p40,global_oof_error[fixed_kernel],1,0.041207741061914493,0.041207741061914493,,0.041207741061914493,0.041207741061914493
R,stress_N_n3000_low_p40,global_oof_regret[fixed_kernel],1,0.029556027336024582,0.029556027336024582,,0.029556027336024582,0.029556027336024582
R,stress_N_n3000_low_p40,global_oof_oracle_ratio[fixed_kernel],1,3.536624914394778,3.536624914394778,,3.536624914394778,3.536624914394778
R,stress_N_n3000_low_p40,global_oof_catastrophic[fixed_kernel],1,1.0,1.0,,1.0,1.0
R,stress_N_n3000_low_p40,global_oof_top1[fixed_kernel],1,0.0,0.0,,0.0,0.0
R,stress_N_n3000_low_p40,global_oof_error[random],1,0.041207741061914493,0.041207741061914493,,0.041207741061914493,0.041207741061914493
R,stress_N_n3000_low_p40,global_oof_regret[random],1,0.029556027336024582,0.029556027336024582,,0.029556027336024582,0.029556027336024582
R,stress_N_n3000_low_p40,global_oof_oracle_ratio[random],1,3.536624914394778,3.536624914394778,,3.536624914394778,3.536624914394778
R,stress_N_n3000_low_p40,global_oof_catastrophic[random],1,1.0,1.0,,1.0,1.0
R,stress_N_n3000_low_p40,global_oof_top1[random],1,0.0,0.0,,0.0,0.0
R,stress_N_n3000_low_p40,error[oracle],1,0.011651713725889912,0.011651713725889912,,0.011651713725889912,0.011651713725889912
R,stress_N_n3000_low_p40,regret[oracle],1,0.0,0.0,,0.0,0.0
R,stress_N_n3000_low_p40,oracle_ratio[oracle],1,0.9999999999141757,0.9999999999141757,,0.9999999999141757,0.9999999999141757
R,stress_N_n3000_low_p40,catastrophic[oracle],1,0.0,0.0,,0.0,0.0
R,stress_N_n3000_low_p40,top1[oracle],1,1.0,1.0,,1.0,1.0
R,stress_N_n3000_low_p40,global_oof_error[biasvar_mult],1,0.028013912158172838,0.028013912158172838,,0.028013912158172838,0.028013912158172838
R,stress_N_n3000_low_p40,global_oof_regret[biasvar_mult],1,0.016362198432282926,0.016362198432282926,,0.016362198432282926,0.016362198432282926
R,stress_N_n3000_low_p40,global_oof_oracle_ratio[biasvar_mult],1,2.404273981905522,2.404273981905522,,2.404273981905522,2.404273981905522
R,stress_N_n3000_low_p40,global_oof_catastrophic[biasvar_mult],1,1.0,1.0,,1.0,1.0
R,stress_N_n3000_low_p40,global_oof_top1[biasvar_mult],1,0.0,0.0,,0.0,0.0
R,stress_N_n3000_low_p40,global_oof_error[biasvar_add],1,0.03332545758243033,0.03332545758243033,,0.03332545758243033,0.03332545758243033
R,stress_N_n3000_low_p40,global_oof_regret[biasvar_add],1,0.021673743856540417,0.021673743856540417,,0.021673743856540417,0.021673743856540417
R,stress_N_n3000_low_p40,global_oof_oracle_ratio[biasvar_add],1,2.860133570353826,2.860133570353826,,2.860133570353826,2.860133570353826
R,stress_N_n3000_low_p40,global_oof_catastrophic[biasvar_add],1,1.0,1.0,,1.0,1.0
R,stress_N_n3000_low_p40,global_oof_top1[biasvar_add],1,0.0,0.0,,0.0,0.0
R,stress_N_n3000_low_p40,global_oof_error[MSES],1,0.03332545758243033,0.03332545758243033,,0.03332545758243033,0.03332545758243033
R,stress_N_n3000_low_p40,global_oof_regret[MSES],1,0.021673743856540417,0.021673743856540417,,0.021673743856540417,0.021673743856540417
R,stress_N_n3000_low_p40,global_oof_oracle_ratio[MSES],1,2.860133570353826,2.860133570353826,,2.860133570353826,2.860133570353826
R,stress_N_n3000_low_p40,global_oof_catastrophic[MSES],1,1.0,1.0,,1.0,1.0
R,stress_N_n3000_low_p40,global_oof_top1[MSES],1,0.0,0.0,,0.0,0.0
R,stress_N_n3000_low_p40,global_oof_top2[MSES],1,0.0,0.0,,0.0,0.0
R,stress_N_n3000_low_p40,spearman[product],1,0.39999999999999997,0.39999999999999997,,0.39999999999999997,0.39999999999999997
R,stress_N_n3000_low_p40,kendall[product],1,0.3333333333333334,0.3333333333333334,,0.3333333333333334,0.3333333333333334
R,stress_N_n3000_low_p40,top2[product],1,0.0,0.0,,0.0,0.0
R,stress_N_n3000_low_p40,spearman[h_only],1,0.0,0.0,,0.0,0.0
R,stress_N_n3000_low_p40,kendall[h_only],1,0.0,0.0,,0.0,0.0
R,stress_N_n3000_low_p40,top2[h_only],1,0.0,0.0,,0.0,0.0
R,stress_N_n3000_low_p40,spearman[q_only],1,0.8944271909999159,0.8944271909999159,,0.8944271909999159,0.8944271909999159
R,stress_N_n3000_low_p40,kendall[q_only],1,0.8164965809277261,0.8164965809277261,,0.8164965809277261,0.8164965809277261
R,stress_N_n3000_low_p40,top2[q_only],1,1.0,1.0,,1.0,1.0
R,stress_N_n3000_low_p40,spearman[sum],1,0.39999999999999997,0.39999999999999997,,0.39999999999999997,0.39999999999999997
R,stress_N_n3000_low_p40,kendall[sum],1,0.3333333333333334,0.3333333333333334,,0.3333333333333334,0.3333333333333334
R,stress_N_n3000_low_p40,top2[sum],1,0.0,0.0,,0.0,0.0
R,stress_N_n3000_low_p40,spearman[max],1,0.10540925533894598,0.10540925533894598,,0.10540925533894598,0.10540925533894598
R,stress_N_n3000_low_p40,kendall[max],1,0.18257418583505539,0.18257418583505539,,0.18257418583505539,0.18257418583505539
R,stress_N_n3000_low_p40,top2[max],1,0.0,0.0,,0.0,0.0
R,stress_N_n3000_low_p40,spearman[variance_only],1,-0.39999999999999997,-0.39999999999999997,,-0.39999999999999997,-0.39999999999999997
R,stress_N_n3000_low_p40,kendall[variance_only],1,-0.3333333333333334,-0.3333333333333334,,-0.3333333333333334,-0.3333333333333334
R,stress_N_n3000_low_p40,top2[variance_only],1,0.0,0.0,,0.0,0.0
R,stress_N_n3000_low_p40,spearman[biasvar_mult],1,0.39999999999999997,0.39999999999999997,,0.39999999999999997,0.39999999999999997
R,stress_N_n3000_low_p40,kendall[biasvar_mult],1,0.3333333333333334,0.3333333333333334,,0.3333333333333334,0.3333333333333334
R,stress_N_n3000_low_p40,top2[biasvar_mult],1,0.0,0.0,,0.0,0.0
R,stress_N_n3000_low_p40,spearman[biasvar_add],1,0.19999999999999998,0.19999999999999998,,0.19999999999999998,0.19999999999999998
R,stress_N_n3000_low_p40,kendall[biasvar_add],1,0.0,0.0,,0.0,0.0
R,stress_N_n3000_low_p40,top2[biasvar_add],1,0.0,0.0,,0.0,0.0
R,stress_Q_n3000_low_p40,oracle_best_error,1,0.10541696314367122,0.10541696314367122,,0.10541696314367122,0.10541696314367122
R,stress_Q_n3000_low_p40,global_oof_mses_survivor_count,1,3.0,3.0,,3.0,3.0
R,stress_Q_n3000_low_p40,global_oof_error[product],1,0.12581204348934882,0.12581204348934882,,0.12581204348934882,0.12581204348934882
R,stress_Q_n3000_low_p40,global_oof_regret[product],1,0.020395080345677608,0.020395080345677608,,0.020395080345677608,0.020395080345677608
R,stress_Q_n3000_low_p40,global_oof_oracle_ratio[product],1,1.1934705737698779,1.1934705737698779,,1.1934705737698779,1.1934705737698779
R,stress_Q_n3000_low_p40,global_oof_catastrophic[product],1,0.0,0.0,,0.0,0.0
R,stress_Q_n3000_low_p40,global_oof_top1[product],1,0.0,0.0,,0.0,0.0
R,stress_Q_n3000_low_p40,global_oof_error[h_only],1,0.10541696314367122,0.10541696314367122,,0.10541696314367122,0.10541696314367122
R,stress_Q_n3000_low_p40,global_oof_regret[h_only],1,0.0,0.0,,0.0,0.0
R,stress_Q_n3000_low_p40,global_oof_oracle_ratio[h_only],1,0.9999999999905138,0.9999999999905138,,0.9999999999905138,0.9999999999905138
R,stress_Q_n3000_low_p40,global_oof_catastrophic[h_only],1,0.0,0.0,,0.0,0.0
R,stress_Q_n3000_low_p40,global_oof_top1[h_only],1,1.0,1.0,,1.0,1.0
R,stress_Q_n3000_low_p40,global_oof_error[q_only],1,0.1391858090265652,0.1391858090265652,,0.1391858090265652,0.1391858090265652
R,stress_Q_n3000_low_p40,global_oof_regret[q_only],1,0.03376884588289397,0.03376884588289397,,0.03376884588289397,0.03376884588289397
R,stress_Q_n3000_low_p40,global_oof_oracle_ratio[q_only],1,1.3203359770054328,1.3203359770054328,,1.3203359770054328,1.3203359770054328
R,stress_Q_n3000_low_p40,global_oof_catastrophic[q_only],1,0.0,0.0,,0.0,0.0
R,stress_Q_n3000_low_p40,global_oof_top1[q_only],1,0.0,0.0,,0.0,0.0
R,stress_Q_n3000_low_p40,global_oof_error[sum],1,0.12581204348934882,0.12581204348934882,,0.12581204348934882,0.12581204348934882
R,stress_Q_n3000_low_p40,global_oof_regret[sum],1,0.020395080345677608,0.020395080345677608,,0.020395080345677608,0.020395080345677608
R,stress_Q_n3000_low_p40,global_oof_oracle_ratio[sum],1,1.1934705737698779,1.1934705737698779,,1.1934705737698779,1.1934705737698779
R,stress_Q_n3000_low_p40,global_oof_catastrophic[sum],1,0.0,0.0,,0.0,0.0
R,stress_Q_n3000_low_p40,global_oof_top1[sum],1,0.0,0.0,,0.0,0.0
R,stress_Q_n3000_low_p40,global_oof_error[max],1,0.12581204348934882,0.12581204348934882,,0.12581204348934882,0.12581204348934882
R,stress_Q_n3000_low_p40,global_oof_regret[max],1,0.020395080345677608,0.020395080345677608,,0.020395080345677608,0.020395080345677608
R,stress_Q_n3000_low_p40,global_oof_oracle_ratio[max],1,1.1934705737698779,1.1934705737698779,,1.1934705737698779,1.1934705737698779
R,stress_Q_n3000_low_p40,global_oof_catastrophic[max],1,0.0,0.0,,0.0,0.0
R,stress_Q_n3000_low_p40,global_oof_top1[max],1,0.0,0.0,,0.0,0.0
R,stress_Q_n3000_low_p40,global_oof_error[variance_only],1,0.10541696314367122,0.10541696314367122,,0.10541696314367122,0.10541696314367122
R,stress_Q_n3000_low_p40,global_oof_regret[variance_only],1,0.0,0.0,,0.0,0.0
R,stress_Q_n3000_low_p40,global_oof_oracle_ratio[variance_only],1,0.9999999999905138,0.9999999999905138,,0.9999999999905138,0.9999999999905138
R,stress_Q_n3000_low_p40,global_oof_catastrophic[variance_only],1,0.0,0.0,,0.0,0.0
R,stress_Q_n3000_low_p40,global_oof_top1[variance_only],1,1.0,1.0,,1.0,1.0
R,stress_Q_n3000_low_p40,global_oof_error[fixed_sieve1],1,0.12581204348934882,0.12581204348934882,,0.12581204348934882,0.12581204348934882
R,stress_Q_n3000_low_p40,global_oof_regret[fixed_sieve1],1,0.020395080345677608,0.020395080345677608,,0.020395080345677608,0.020395080345677608
R,stress_Q_n3000_low_p40,global_oof_oracle_ratio[fixed_sieve1],1,1.1934705737698779,1.1934705737698779,,1.1934705737698779,1.1934705737698779
R,stress_Q_n3000_low_p40,global_oof_catastrophic[fixed_sieve1],1,0.0,0.0,,0.0,0.0
R,stress_Q_n3000_low_p40,global_oof_top1[fixed_sieve1],1,0.0,0.0,,0.0,0.0
R,stress_Q_n3000_low_p40,global_oof_error[fixed_kernel],1,0.2584398638325309,0.2584398638325309,,0.2584398638325309,0.2584398638325309
R,stress_Q_n3000_low_p40,global_oof_regret[fixed_kernel],1,0.1530229006888597,0.1530229006888597,,0.1530229006888597,0.1530229006888597
R,stress_Q_n3000_low_p40,global_oof_oracle_ratio[fixed_kernel],1,2.4515965564086253,2.4515965564086253,,2.4515965564086253,2.4515965564086253
R,stress_Q_n3000_low_p40,global_oof_catastrophic[fixed_kernel],1,1.0,1.0,,1.0,1.0
R,stress_Q_n3000_low_p40,global_oof_top1[fixed_kernel],1,0.0,0.0,,0.0,0.0
R,stress_Q_n3000_low_p40,global_oof_error[random],1,0.2584398638325309,0.2584398638325309,,0.2584398638325309,0.2584398638325309
R,stress_Q_n3000_low_p40,global_oof_regret[random],1,0.1530229006888597,0.1530229006888597,,0.1530229006888597,0.1530229006888597
R,stress_Q_n3000_low_p40,global_oof_oracle_ratio[random],1,2.4515965564086253,2.4515965564086253,,2.4515965564086253,2.4515965564086253
R,stress_Q_n3000_low_p40,global_oof_catastrophic[random],1,1.0,1.0,,1.0,1.0
R,stress_Q_n3000_low_p40,global_oof_top1[random],1,0.0,0.0,,0.0,0.0
R,stress_Q_n3000_low_p40,error[oracle],1,0.10541696314367122,0.10541696314367122,,0.10541696314367122,0.10541696314367122
R,stress_Q_n3000_low_p40,regret[oracle],1,0.0,0.0,,0.0,0.0
R,stress_Q_n3000_low_p40,oracle_ratio[oracle],1,0.9999999999905138,0.9999999999905138,,0.9999999999905138,0.9999999999905138
R,stress_Q_n3000_low_p40,catastrophic[oracle],1,0.0,0.0,,0.0,0.0
R,stress_Q_n3000_low_p40,top1[oracle],1,1.0,1.0,,1.0,1.0
R,stress_Q_n3000_low_p40,global_oof_error[biasvar_mult],1,0.12581204348934882,0.12581204348934882,,0.12581204348934882,0.12581204348934882
R,stress_Q_n3000_low_p40,global_oof_regret[biasvar_mult],1,0.020395080345677608,0.020395080345677608,,0.020395080345677608,0.020395080345677608
R,stress_Q_n3000_low_p40,global_oof_oracle_ratio[biasvar_mult],1,1.1934705737698779,1.1934705737698779,,1.1934705737698779,1.1934705737698779
R,stress_Q_n3000_low_p40,global_oof_catastrophic[biasvar_mult],1,0.0,0.0,,0.0,0.0
R,stress_Q_n3000_low_p40,global_oof_top1[biasvar_mult],1,0.0,0.0,,0.0,0.0
R,stress_Q_n3000_low_p40,global_oof_error[biasvar_add],1,0.10541696314367122,0.10541696314367122,,0.10541696314367122,0.10541696314367122
R,stress_Q_n3000_low_p40,global_oof_regret[biasvar_add],1,0.0,0.0,,0.0,0.0
R,stress_Q_n3000_low_p40,global_oof_oracle_ratio[biasvar_add],1,0.9999999999905138,0.9999999999905138,,0.9999999999905138,0.9999999999905138
R,stress_Q_n3000_low_p40,global_oof_catastrophic[biasvar_add],1,0.0,0.0,,0.0,0.0
R,stress_Q_n3000_low_p40,global_oof_top1[biasvar_add],1,1.0,1.0,,1.0,1.0
R,stress_Q_n3000_low_p40,global_oof_error[MSES],1,0.10541696314367122,0.10541696314367122,,0.10541696314367122,0.10541696314367122
R,stress_Q_n3000_low_p40,global_oof_regret[MSES],1,0.0,0.0,,0.0,0.0
R,stress_Q_n3000_low_p40,global_oof_oracle_ratio[MSES],1,0.9999999999905138,0.9999999999905138,,0.9999999999905138,0.9999999999905138
R,stress_Q_n3000_low_p40,global_oof_catastrophic[MSES],1,0.0,0.0,,0.0,0.0
R,stress_Q_n3000_low_p40,global_oof_top1[MSES],1,1.0,1.0,,1.0,1.0
R,stress_Q_n3000_low_p40,global_oof_top2[MSES],1,1.0,1.0,,1.0,1.0
R,stress_Q_n3000_low_p40,spearman[product],1,0.7999999999999999,0.7999999999999999,,0.7999999999999999,0.7999999999999999
R,stress_Q_n3000_low_p40,kendall[product],1,0.6666666666666669,0.6666666666666669,,0.6666666666666669,0.6666666666666669
R,stress_Q_n3000_low_p40,top2[product],1,1.0,1.0,,1.0,1.0
R,stress_Q_n3000_low_p40,spearman[h_only],1,0.8944271909999159,0.8944271909999159,,0.8944271909999159,0.8944271909999159
R,stress_Q_n3000_low_p40,kendall[h_only],1,0.8164965809277261,0.8164965809277261,,0.8164965809277261,0.8164965809277261
R,stress_Q_n3000_low_p40,top2[h_only],1,1.0,1.0,,1.0,1.0
R,stress_Q_n3000_low_p40,spearman[q_only],1,0.0,0.0,,0.0,0.0
R,stress_Q_n3000_low_p40,kendall[q_only],1,0.0,0.0,,0.0,0.0
R,stress_Q_n3000_low_p40,top2[q_only],1,0.0,0.0,,0.0,0.0
R,stress_Q_n3000_low_p40,spearman[sum],1,0.7999999999999999,0.7999999999999999,,0.7999999999999999,0.7999999999999999
R,stress_Q_n3000_low_p40,kendall[sum],1,0.6666666666666669,0.6666666666666669,,0.6666666666666669,0.6666666666666669
R,stress_Q_n3000_low_p40,top2[sum],1,1.0,1.0,,1.0,1.0
R,stress_Q_n3000_low_p40,spearman[max],1,0.7378647873726218,0.7378647873726218,,0.7378647873726218,0.7378647873726218
R,stress_Q_n3000_low_p40,kendall[max],1,0.5477225575051662,0.5477225575051662,,0.5477225575051662,0.5477225575051662
R,stress_Q_n3000_low_p40,top2[max],1,1.0,1.0,,1.0,1.0
R,stress_Q_n3000_low_p40,spearman[variance_only],1,0.7999999999999999,0.7999999999999999,,0.7999999999999999,0.7999999999999999
R,stress_Q_n3000_low_p40,kendall[variance_only],1,0.6666666666666669,0.6666666666666669,,0.6666666666666669,0.6666666666666669
R,stress_Q_n3000_low_p40,top2[variance_only],1,1.0,1.0,,1.0,1.0
R,stress_Q_n3000_low_p40,spearman[biasvar_mult],1,0.7999999999999999,0.7999999999999999,,0.7999999999999999,0.7999999999999999
R,stress_Q_n3000_low_p40,kendall[biasvar_mult],1,0.6666666666666669,0.6666666666666669,,0.6666666666666669,0.6666666666666669
R,stress_Q_n3000_low_p40,top2[biasvar_mult],1,1.0,1.0,,1.0,1.0
R,stress_Q_n3000_low_p40,spearman[biasvar_add],1,0.7999999999999999,0.7999999999999999,,0.7999999999999999,0.7999999999999999
R,stress_Q_n3000_low_p40,kendall[biasvar_add],1,0.6666666666666669,0.6666666666666669,,0.6666666666666669,0.6666666666666669
R,stress_Q_n3000_low_p40,top2[biasvar_add],1,1.0,1.0,,1.0,1.0
