study,config_id,candidate,n_rep,D_h_rff_l2_mean,D_h_rff_l2_median,D_q_rff_l2_mean,D_q_rff_l2_median,D_h_mmr_mean,D_h_mmr_median,D_q_mmr_mean,D_q_mmr_median,min_p_h_mean,min_p_h_median,min_p_q_mean,min_p_q_median,min_p_DR_mean,min_p_DR_median,screen_pass_mean,screen_pass_median,po_var_mean_mean,po_var_mean_median,mean_ate_ci_width_by_contrast_mean,mean_ate_ci_width_by_contrast_median,pehe_mean,pehe_median,ate_err_mean,ate_err_median,ess_mean,ess_median,max_q_mean,max_q_median,q_balance_mean,q_balance_median,selected_by_product_mean,selected_by_product_median,selected_by_variance_only_mean,selected_by_variance_only_median,selected_by_MSES_mean,selected_by_MSES_median,oracle_best_mean,oracle_best_median,fixed_sieve1_mean,fixed_sieve1_median,fixed_kernel_mean,fixed_kernel_median,nested_selected_fraction[MSES]_mean,nested_selected_fraction[MSES]_median
B2,S1_n4000,kernel_kernel,1,0.0470721694454272,0.0470721694454272,0.3139307157927669,0.3139307157927669,0.0600272120489452,0.0600272120489452,0.4687778737721946,0.4687778737721946,0.002,0.002,0.002,0.002,0.002,0.002,0.0,0.0,9.649989141694446,9.649989141694446,0.1921389998047502,0.1921389998047502,0.7087825532671254,0.7087825532671254,0.2722684290383999,0.2722684290383999,997.7893469457888,997.7893469457888,2.4054713249206543,2.4054713249206543,0.4980163565501571,0.4980163565501571,0.0,0.0,0.0,0.0,0.0,0.0,0.0,0.0,0.0,0.0,1.0,1.0,,
B2,S1_n4000,kernel_sieve1,1,0.0470721694454272,0.0470721694454272,0.019209524725451,0.019209524725451,0.0600272120489452,0.0600272120489452,0.0730387646001303,0.0730387646001303,0.002,0.002,0.002,0.002,0.002,0.002,0.0,0.0,70.31864802216614,70.31864802216614,0.51926462741944,0.51926462741944,0.8504530684560602,0.8504530684560602,0.1222828162031012,0.1222828162031012,649.6951163906726,649.6951163906726,23.01049405572528,23.01049405572528,0.0663541512738508,0.0663541512738508,0.0,0.0,0.0,0.0,0.0,0.0,0.0,0.0,0.0,0.0,0.0,0.0,,
B2,S1_n4000,sieve1_kernel,1,0.005634737366678,0.005634737366678,0.3139307157927669,0.3139307157927669,0.0063337690433626,0.0063337690433626,0.4687778737721946,0.4687778737721946,0.12,0.12,0.002,0.002,0.12,0.12,1.0,1.0,3.7454704632729343,3.7454704632729343,0.1198192380630055,0.1198192380630055,0.5277014143518245,0.5277014143518245,0.1149591067859156,0.1149591067859156,997.7893469457888,997.7893469457888,2.4054713249206543,2.4054713249206543,0.4980163565501571,0.4980163565501571,0.0,0.0,1.0,1.0,1.0,1.0,0.0,0.0,0.0,0.0,0.0,0.0,,
B2,S1_n4000,sieve1_sieve1,1,0.005634737366678,0.005634737366678,0.019209524725451,0.019209524725451,0.0063337690433626,0.0063337690433626,0.0730387646001303,0.0730387646001303,0.146,0.146,0.002,0.002,0.146,0.146,1.0,1.0,26.536571874993932,26.536571874993932,0.319284037181327,0.319284037181327,0.5998767314861027,0.5998767314861027,0.0932973649912737,0.0932973649912737,649.6951163906726,649.6951163906726,23.01049405572528,23.01049405572528,0.0663541512738508,0.0663541512738508,1.0,1.0,0.0,0.0,0.0,0.0,1.0,1.0,1.0,1.0,0.0,0.0,,
B2,S1_n4000,sieve2_sieve2,1,0.006565092798742,0.006565092798742,0.0415887292892692,0.0415887292892692,0.0511749836013441,0.0511749836013441,0.0780407755420808,0.0780407755420808,0.6,0.6,0.002,0.002,0.6,0.6,1.0,1.0,72.92576708914862,72.92576708914862,0.5291238676974742,0.5291238676974742,0.5762994763309066,0.5762994763309066,0.1408257995961121,0.1408257995961121,428.8282643788096,428.8282643788096,50.0,50.0,0.304041247082143,0.304041247082143,0.0,0.0,0.0,0.0,0.0,0.0,0.0,0.0,0.0,0.0,0.0,0.0,,
B2,S1_n4000,sieve3_sieve3,1,0.0153390756729839,0.0153390756729839,0.0798052030714542,0.0798052030714542,0.0830784434208909,0.0830784434208909,0.1103812758222121,0.1103812758222121,0.048,0.048,0.002,0.002,0.048,0.048,1.0,1.0,112531.3231467334,112531.3231467334,20.78627534087929,20.78627534087929,7.436049409443122,7.436049409443122,3.3309407086761453,3.3309407086761453,383.8611269630949,383.8611269630949,50.0,50.0,0.9193645348504762,0.9193645348504762,0.0,0.0,0.0,0.0,0.0,0.0,0.0,0.0,0.0,0.0,0.0,0.0,,
C2,S2_n4000,kernel_kernel,1,0.0815542406460037,0.0815542406460037,0.2892457478507836,0.2892457478507836,0.0853844748731804,0.0853844748731804,0.4451591198997076,0.4451591198997076,0.002,0.002,0.002,0.002,0.002,0.002,0.0,0.0,10.611836034696758,10.611836034696758,0.201889510748801,0.201889510748801,0.6421681120182755,0.6421681120182755,0.510336654172224,0.510336654172224,997.5931256289166,997.5931256289166,2.4482192993164062,2.4482192993164062,0.4980565155074,0.4980565155074,0.0,0.0,0.0,0.0,0.0,0.0,0.0,0.0,0.0,0.0,1.0,1.0,,
C2,S2_n4000,kernel_sieve1,1,0.0815542406460037,0.0815542406460037,0.0180413020358224,0.0180413020358224,0.0853844748731804,0.0853844748731804,0.0172430307475583,0.0172430307475583,0.002,0.002,0.004,0.004,0.004,0.004,0.0,0.0,68.18884152702451,68.18884152702451,0.5117924920130289,0.5117924920130289,0.7406454652979784,0.7406454652979784,0.1393770643141045,0.1393770643141045,659.868742126047,659.868742126047,22.42848529620461,22.42848529620461,0.065815730332333,0.065815730332333,0.0,0.0,0.0,0.0,0.0,0.0,0.0,0.0,0.0,0.0,0.0,0.0,,
C2,S2_n4000,sieve1_kernel,1,0.0083968347441878,0.0083968347441878,0.2892457478507836,0.2892457478507836,0.0333127469220189,0.0333127469220189,0.4451591198997076,0.4451591198997076,0.038,0.038,0.002,0.002,0.038,0.038,1.0,1.0,4.000920431200259,4.000920431200259,0.1239658447265191,0.1239658447265191,0.4615257199470353,0.4615257199470353,0.039752956303421,0.039752956303421,997.5931256289166,997.5931256289166,2.4482192993164062,2.4482192993164062,0.4980565155074,0.4980565155074,0.0,0.0,1.0,1.0,1.0,1.0,0.0,0.0,0.0,0.0,0.0,0.0,,
C2,S2_n4000,sieve1_sieve1,1,0.0083968347441878,0.0083968347441878,0.0180413020358224,0.0180413020358224,0.0333127469220189,0.0333127469220189,0.0172430307475583,0.0172430307475583,0.028,0.028,0.01,0.01,0.092,0.092,1.0,1.0,25.11110293132943,25.11110293132943,0.3105888267701942,0.3105888267701942,0.3693334294024432,0.3693334294024432,0.0350674841945217,0.0350674841945217,659.868742126047,659.868742126047,22.42848529620461,22.42848529620461,0.065815730332333,0.065815730332333,1.0,1.0,0.0,0.0,0.0,0.0,1.0,1.0,1.0,1.0,0.0,0.0,,
C2,S2_n4000,sieve2_sieve2,1,0.0073144071878105,0.0073144071878105,0.0389051602085549,0.0389051602085549,0.0219485257639088,0.0219485257639088,0.0349174507947742,0.0349174507947742,0.664,0.664,0.002,0.002,0.664,0.664,1.0,1.0,74.64120900408136,74.64120900408136,0.5354190972697582,0.5354190972697582,0.4043510055210235,0.4043510055210235,0.212815040481436,0.212815040481436,408.5480995080147,408.5480995080147,50.0,50.0,0.3219099088586883,0.3219099088586883,0.0,0.0,0.0,0.0,0.0,0.0,0.0,0.0,0.0,0.0,0.0,0.0,,
C2,S2_n4000,sieve3_sieve3,1,0.013135272318582,0.013135272318582,0.075981397081267,0.075981397081267,0.0660454732042348,0.0660454732042348,0.10116770995066,0.10116770995066,0.002,0.002,0.002,0.002,0.002,0.002,0.0,0.0,142998.77703433446,142998.77703433446,23.36273586451475,23.36273586451475,1.0853603383808228,1.0853603383808228,1.78051859456871,1.78051859456871,381.2306697680631,381.2306697680631,50.0,50.0,0.9786449544185364,0.9786449544185364,0.0,0.0,0.0,0.0,0.0,0.0,0.0,0.0,0.0,0.0,0.0,0.0,,
D2,nonlinear_n4000,kernel_kernel,1,0.2107341948909503,0.2107341948909503,0.0835014567897244,0.0835014567897244,0.3005072090960203,0.3005072090960203,0.1728318833057628,0.1728318833057628,0.002,0.002,0.002,0.002,0.002,0.002,0.0,0.0,22.295524325420093,22.295524325420093,0.2926610432711088,0.2926610432711088,0.8413741099154105,0.8413741099154105,0.953807099531646,0.953807099531646,1999.554731547886,1999.554731547886,1.9838223457336424,1.9838223457336424,0.0907860654443502,0.0907860654443502,0.0,0.0,0.0,0.0,0.0,0.0,0.0,0.0,0.0,0.0,1.0,1.0,,
D2,nonlinear_n4000,kernel_sieve1,1,0.2107341948909503,0.2107341948909503,0.0404797144965281,0.0404797144965281,0.3005072090960203,0.3005072090960203,0.122185836506507,0.122185836506507,0.002,0.002,0.002,0.002,0.002,0.002,0.0,0.0,40.133292357628974,40.133292357628974,0.3926525893472083,0.3926525893472083,0.704986930728318,0.704986930728318,0.5032709751760622,0.5032709751760622,1128.0769962401234,1128.0769962401234,25.211025568183288,25.211025568183288,0.1372815363313922,0.1372815363313922,0.0,0.0,0.0,0.0,0.0,0.0,0.0,0.0,0.0,0.0,0.0,0.0,,
D2,nonlinear_n4000,sieve1_kernel,1,0.0149666002682103,0.0149666002682103,0.0835014567897244,0.0835014567897244,0.0810509835625621,0.0810509835625621,0.1728318833057628,0.1728318833057628,0.002,0.002,0.002,0.002,0.002,0.002,0.0,0.0,14.713079507264244,14.713079507264244,0.2377430676909556,0.2377430676909556,0.3699043619337028,0.3699043619337028,0.328654525978461,0.328654525978461,1999.554731547886,1999.554731547886,1.9838223457336424,1.9838223457336424,0.0907860654443502,0.0907860654443502,0.0,0.0,1.0,1.0,0.0,0.0,1.0,1.0,0.0,0.0,0.0,0.0,,
D2,nonlinear_n4000,sieve1_sieve1,1,0.0149666002682103,0.0149666002682103,0.0404797144965281,0.0404797144965281,0.0810509835625621,0.0810509835625621,0.122185836506507,0.122185836506507,0.002,0.002,0.002,0.002,0.002,0.002,0.0,0.0,51.84273825712813,51.84273825712813,0.4462724092844901,0.4462724092844901,0.5425925949590448,0.5425925949590448,0.3409317937357095,0.3409317937357095,1128.0769962401234,1128.0769962401234,25.211025568183288,25.211025568183288,0.1372815363313922,0.1372815363313922,1.0,1.0,0.0,0.0,0.0,0.0,0.0,0.0,1.0,1.0,0.0,0.0,,
D2,nonlinear_n4000,sieve2_sieve2,1,0.0236365098601678,0.0236365098601678,0.0367399469765535,0.0367399469765535,0.0537107008253676,0.0537107008253676,0.0635564701277392,0.0635564701277392,0.004,0.004,0.002,0.002,0.004,0.004,0.0,0.0,411354.2596180933,411354.2596180933,39.75246563106328,39.75246563106328,2.8015220014985163,2.8015220014985163,0.4638226076363221,0.4638226076363221,751.5183513190716,751.5183513190716,50.0,50.0,0.2187845326808142,0.2187845326808142,0.0,0.0,0.0,0.0,0.0,0.0,0.0,0.0,0.0,0.0,0.0,0.0,,
D2,nonlinear_n4000,sieve3_sieve3,1,0.009895484800626,0.009895484800626,0.0761925831104161,0.0761925831104161,0.0325116178748708,0.0325116178748708,0.0711660141416322,0.0711660141416322,0.08,0.08,0.002,0.002,0.08,0.08,1.0,1.0,49292.97249472854,49292.97249472854,13.760955022662822,13.760955022662822,2.290078197254356,2.290078197254356,1.881478881200103,1.881478881200103,763.5735730120161,763.5735730120161,50.0,50.0,0.614937233951262,0.614937233951262,0.0,0.0,0.0,0.0,1.0,1.0,0.0,0.0,0.0,0.0,0.0,0.0,,
E2,hamd_n1500,kernel_kernel,1,0.0426814636251575,0.0426814636251575,0.3740886638877668,0.3740886638877668,0.0397475005152768,0.0397475005152768,0.564895867984698,0.564895867984698,0.002,0.002,0.002,0.002,0.002,0.002,0.0,0.0,7.943179806989512,7.943179806989512,0.2849970136090318,0.2849970136090318,0.6389368448590567,0.6389368448590567,0.2483193796707761,0.2483193796707761,374.94352882813257,374.94352882813257,1.888368368148804,1.888368368148804,0.5538109098672868,0.5538109098672868,0.0,0.0,0.0,0.0,0.0,0.0,0.0,0.0,0.0,0.0,1.0,1.0,,
E2,hamd_n1500,kernel_sieve1,1,0.0426814636251575,0.0426814636251575,0.0437947736461349,0.0437947736461349,0.0397475005152768,0.0397475005152768,0.0604600648780965,0.0604600648780965,0.002,0.002,0.004,0.004,0.004,0.004,0.0,0.0,133.11838563524438,133.11838563524438,1.1672039147571176,1.1672039147571176,0.7352155900011881,0.7352155900011881,0.4695258032512923,0.4695258032512923,221.61945634361075,221.61945634361075,27.82864111120661,27.82864111120661,0.2437388268622946,0.2437388268622946,0.0,0.0,0.0,0.0,0.0,0.0,0.0,0.0,0.0,0.0,0.0,0.0,,
E2,hamd_n1500,sieve1_kernel,1,0.0168837462533163,0.0168837462533163,0.3740886638877668,0.3740886638877668,0.0617218808302421,0.0617218808302421,0.564895867984698,0.564895867984698,0.44,0.44,0.002,0.002,0.44,0.44,1.0,1.0,3.955180842899287,3.955180842899287,0.2012648482899957,0.2012648482899957,0.8484210738979507,0.8484210738979507,0.0700984463075468,0.0700984463075468,374.94352882813257,374.94352882813257,1.888368368148804,1.888368368148804,0.5538109098672868,0.5538109098672868,0.0,0.0,0.0,0.0,1.0,1.0,1.0,1.0,0.0,0.0,0.0,0.0,,
E2,hamd_n1500,sieve1_sieve1,1,0.0168837462533163,0.0168837462533163,0.0437947736461349,0.0437947736461349,0.0617218808302421,0.0617218808302421,0.0604600648780965,0.0604600648780965,0.426,0.426,0.006,0.006,0.426,0.426,1.0,1.0,54.22249538169427,54.22249538169427,0.7452698414501221,0.7452698414501221,1.2889850776540253,1.2889850776540253,0.4626865053078042,0.4626865053078042,221.61945634361075,221.61945634361075,27.82864111120661,27.82864111120661,0.2437388268622946,0.2437388268622946,1.0,1.0,0.0,0.0,0.0,0.0,0.0,0.0,1.0,1.0,0.0,0.0,,
E2,hamd_n1500,sieve2_sieve2,1,0.0211488897760358,0.0211488897760358,0.0920325864629051,0.0920325864629051,0.078229304658952,0.078229304658952,0.1286953534912001,0.1286953534912001,0.1,0.1,0.002,0.002,0.1,0.1,1.0,1.0,51.78367316333733,51.78367316333733,0.7141500916624195,0.7141500916624195,1.4375198145661463,1.4375198145661463,0.4139971318770101,0.4139971318770101,169.52589562035269,169.52589562035269,25.51582953780518,25.51582953780518,0.3071837527938511,0.3071837527938511,0.0,0.0,0.0,0.0,0.0,0.0,0.0,0.0,0.0,0.0,0.0,0.0,,
E2,hamd_n1500,sieve3_sieve3,1,0.0297518149774928,0.0297518149774928,3.8888140954195327,3.8888140954195327,0.0680007323537858,0.0680007323537858,5.84561289274386,5.84561289274386,0.002,0.002,0.002,0.002,0.002,0.002,0.0,0.0,1.3919727457051432,1.3919727457051432,0.1190175497648487,0.1190175497648487,0.8503393410659557,0.8503393410659557,0.3388083599553791,0.3388083599553791,182.9211350330472,182.9211350330472,2.279815155924487,2.279815155924487,0.9523578388810932,0.9523578388810932,0.0,0.0,1.0,1.0,0.0,0.0,0.0,0.0,0.0,0.0,0.0,0.0,,
F2,S1_cU0.0_n4000,kernel_kernel,1,0.0671802614353008,0.0671802614353008,0.3370342724320494,0.3370342724320494,0.062819570823282,0.062819570823282,0.4459150472300362,0.4459150472300362,0.002,0.002,0.002,0.002,0.002,0.002,0.0,0.0,10.056121751653691,10.056121751653691,0.1964156294784971,0.1964156294784971,0.7994455263853063,0.7994455263853063,0.1127712062924818,0.1127712062924818,997.569820605195,997.569820605195,2.4258975982666016,2.4258975982666016,0.4971862413436173,0.4971862413436173,0.0,0.0,0.0,0.0,0.0,0.0,0.0,0.0,0.0,0.0,1.0,1.0,,
F2,S1_cU0.0_n4000,kernel_sieve1,1,0.0671802614353008,0.0671802614353008,0.0137673925244367,0.0137673925244367,0.062819570823282,0.062819570823282,0.0537154198226688,0.0537154198226688,0.002,0.002,0.002,0.002,0.002,0.002,0.0,0.0,53.81575550100485,53.81575550100485,0.4546329648011957,0.4546329648011957,0.5045824628523697,0.5045824628523697,0.0586196139947954,0.0586196139947954,738.6761269598538,738.6761269598538,18.41189919724305,18.41189919724305,0.0341140933390162,0.0341140933390162,0.0,0.0,0.0,0.0,0.0,0.0,0.0,0.0,0.0,0.0,0.0,0.0,,
F2,S1_cU0.0_n4000,sieve1_kernel,1,0.0068611889176128,0.0068611889176128,0.3370342724320494,0.3370342724320494,0.0,0.0,0.4459150472300362,0.4459150472300362,0.594,0.594,0.002,0.002,0.594,0.594,1.0,1.0,3.797139484651413,3.797139484651413,0.1207581054494627,0.1207581054494627,0.5609839342925613,0.5609839342925613,0.0879873819713822,0.0879873819713822,997.569820605195,997.569820605195,2.4258975982666016,2.4258975982666016,0.4971862413436173,0.4971862413436173,0.0,0.0,1.0,1.0,1.0,1.0,0.0,0.0,0.0,0.0,0.0,0.0,,
F2,S1_cU0.0_n4000,sieve1_sieve1,1,0.0068611889176128,0.0068611889176128,0.0137673925244367,0.0137673925244367,0.0,0.0,0.0537154198226688,0.0537154198226688,0.564,0.564,0.002,0.002,0.564,0.564,1.0,1.0,21.275526582655207,21.275526582655207,0.2858650957539061,0.2858650957539061,0.6326082641743238,0.6326082641743238,0.079779330658864,0.079779330658864,738.6761269598538,738.6761269598538,18.41189919724305,18.41189919724305,0.0341140933390162,0.0341140933390162,1.0,1.0,0.0,0.0,0.0,0.0,0.0,0.0,1.0,1.0,0.0,0.0,,
F2,S1_cU0.0_n4000,sieve2_sieve2,1,0.0062620455831343,0.0062620455831343,0.0455001570303544,0.0455001570303544,0.0080867430962245,0.0080867430962245,0.0567283190909989,0.0567283190909989,0.846,0.846,0.002,0.002,0.846,0.846,1.0,1.0,42.530564101783845,42.530564101783845,0.4036876948603143,0.4036876948603143,0.6191539303433302,0.6191539303433302,0.0483424171184699,0.0483424171184699,507.6417696473724,507.6417696473724,50.0,50.0,0.2796715536578382,0.2796715536578382,0.0,0.0,0.0,0.0,0.0,0.0,1.0,1.0,0.0,0.0,0.0,0.0,,
F2,S1_cU0.0_n4000,sieve3_sieve3,1,0.0108377036452262,0.0108377036452262,0.091121363322963,0.091121363322963,0.0454659421563906,0.0454659421563906,0.1361268798838934,0.1361268798838934,0.214,0.214,0.002,0.002,0.214,0.214,1.0,1.0,150431.5641008676,150431.5641008676,23.298606659570027,23.298606659570027,11.895229869457168,11.895229869457168,7.746751309755687,7.746751309755687,386.4749777709981,386.4749777709981,50.0,50.0,1.0352703037386313,1.0352703037386313,0.0,0.0,0.0,0.0,0.0,0.0,0.0,0.0,0.0,0.0,0.0,0.0,,
F2,S1_cU0.5_n4000,kernel_kernel,1,0.0568829396881379,0.0568829396881379,0.3224909432420986,0.3224909432420986,0.059407675046539,0.059407675046539,0.4490895699798729,0.4490895699798729,0.002,0.002,0.002,0.002,0.002,0.002,0.0,0.0,9.837546859280812,9.837546859280812,0.1941992658381037,0.1941992658381037,0.8059399561252952,0.8059399561252952,0.198196187685078,0.198196187685078,997.6666777738787,997.6666777738787,2.417080879211426,2.417080879211426,0.4974031453728675,0.4974031453728675,0.0,0.0,0.0,0.0,0.0,0.0,0.0,0.0,0.0,0.0,1.0,1.0,,
F2,S1_cU0.5_n4000,kernel_sieve1,1,0.0568829396881379,0.0568829396881379,0.0125739747071018,0.0125739747071018,0.059407675046539,0.059407675046539,0.042020717972607,0.042020717972607,0.002,0.002,0.148,0.148,0.148,0.148,1.0,1.0,57.50351567477369,57.50351567477369,0.4698790214907811,0.4698790214907811,0.5068497572736826,0.5068497572736826,0.0869768999215357,0.0869768999215357,705.4759732211664,705.4759732211664,19.10516378198918,19.10516378198918,0.0365997603961201,0.0365997603961201,0.0,0.0,0.0,0.0,0.0,0.0,0.0,0.0,0.0,0.0,0.0,0.0,,
F2,S1_cU0.5_n4000,sieve1_kernel,1,0.005758783629546,0.005758783629546,0.3224909432420986,0.3224909432420986,0.0,0.0,0.4490895699798729,0.4490895699798729,0.836,0.836,0.002,0.002,0.836,0.836,1.0,1.0,3.778725929579601,3.778725929579601,0.1204246303357791,0.1204246303357791,0.5534732124539513,0.5534732124539513,0.1056636391518612,0.1056636391518612,997.6666777738787,997.6666777738787,2.417080879211426,2.417080879211426,0.4974031453728675,0.4974031453728675,0.0,0.0,1.0,1.0,1.0,1.0,0.0,0.0,0.0,0.0,0.0,0.0,,
F2,S1_cU0.5_n4000,sieve1_sieve1,1,0.005758783629546,0.005758783629546,0.0125739747071018,0.0125739747071018,0.0,0.0,0.042020717972607,0.042020717972607,0.826,0.826,0.132,0.132,0.826,0.826,1.0,1.0,22.197431066385423,22.197431066385423,0.2919832774161914,0.2919832774161914,0.5555388528037623,0.5555388528037623,0.0935054545271348,0.0935054545271348,705.4759732211664,705.4759732211664,19.10516378198918,19.10516378198918,0.0365997603961201,0.0365997603961201,1.0,1.0,0.0,0.0,0.0,0.0,0.0,0.0,1.0,1.0,0.0,0.0,,
F2,S1_cU0.5_n4000,sieve2_sieve2,1,0.0073472856395258,0.0073472856395258,0.042522984908754,0.042522984908754,0.0330778948506707,0.0330778948506707,0.0460993326394455,0.0460993326394455,0.228,0.228,0.002,0.002,0.228,0.228,1.0,1.0,48.19503240689457,48.19503240689457,0.4297774890800352,0.4297774890800352,0.5232196722143635,0.5232196722143635,0.068143563242021,0.068143563242021,485.7348870594311,485.7348870594311,50.0,50.0,0.2759502085865363,0.2759502085865363,0.0,0.0,0.0,0.0,0.0,0.0,1.0,1.0,0.0,0.0,0.0,0.0,,
F2,S1_cU0.5_n4000,sieve3_sieve3,1,0.0160211350118313,0.0160211350118313,0.0862522891211641,0.0862522891211641,0.0376306453551881,0.0376306453551881,0.1335871496687897,0.1335871496687897,0.002,0.002,0.002,0.002,0.002,0.002,0.0,0.0,136828.35306571974,136828.35306571974,22.817419534276407,22.817419534276407,0.7603660790283205,0.7603660790283205,2.112115643114626,2.112115643114626,393.8880743914574,393.8880743914574,50.0,50.0,1.0040150378143826,1.0040150378143826,0.0,0.0,0.0,0.0,0.0,0.0,0.0,0.0,0.0,0.0,0.0,0.0,,
F2,S1_cU1.0_n4000,kernel_kernel,1,0.0464203851672689,0.0464203851672689,0.2990105855313325,0.2990105855313325,0.0600019822203509,0.0600019822203509,0.4683462630572189,0.4683462630572189,0.002,0.002,0.002,0.002,0.002,0.002,0.0,0.0,9.649989141694446,9.649989141694446,0.1921389998047502,0.1921389998047502,0.7087825532671254,0.7087825532671254,0.2722684290383999,0.2722684290383999,997.7893469457888,997.7893469457888,2.4054713249206543,2.4054713249206543,0.4980163565501571,0.4980163565501571,0.0,0.0,0.0,0.0,0.0,0.0,0.0,0.0,0.0,0.0,1.0,1.0,,
F2,S1_cU1.0_n4000,kernel_sieve1,1,0.0464203851672689,0.0464203851672689,0.0176175921140628,0.0176175921140628,0.0600019822203509,0.0600019822203509,0.0729488870060929,0.0729488870060929,0.002,0.002,0.016,0.016,0.016,0.016,1.0,1.0,70.31864802216614,70.31864802216614,0.51926462741944,0.51926462741944,0.8504530684560602,0.8504530684560602,0.1222828162031012,0.1222828162031012,649.6951163906726,649.6951163906726,23.01049405572528,23.01049405572528,0.0663541512738508,0.0663541512738508,0.0,0.0,0.0,0.0,0.0,0.0,0.0,0.0,0.0,0.0,0.0,0.0,,
F2,S1_cU1.0_n4000,sieve1_kernel,1,0.0073240944669097,0.0073240944669097,0.2990105855313325,0.2990105855313325,0.0063893640290351,0.0063893640290351,0.4683462630572189,0.4683462630572189,0.012,0.012,0.002,0.002,0.012,0.012,0.0,0.0,3.7454704632729343,3.7454704632729343,0.1198192380630055,0.1198192380630055,0.5277014143518245,0.5277014143518245,0.1149591067859156,0.1149591067859156,997.7893469457888,997.7893469457888,2.4054713249206543,2.4054713249206543,0.4980163565501571,0.4980163565501571,0.0,0.0,1.0,1.0,0.0,0.0,0.0,0.0,0.0,0.0,0.0,0.0,,
F2,S1_cU1.0_n4000,sieve1_sieve1,1,0.0073240944669097,0.0073240944669097,0.0176175921140628,0.0176175921140628,0.0063893640290351,0.0063893640290351,0.0729488870060929,0.0729488870060929,0.012,0.012,0.014,0.014,0.234,0.234,1.0,1.0,26.536571874993932,26.536571874993932,0.319284037181327,0.319284037181327,0.5998767314861027,0.5998767314861027,0.0932973649912737,0.0932973649912737,649.6951163906726,649.6951163906726,23.01049405572528,23.01049405572528,0.0663541512738508,0.0663541512738508,1.0,1.0,0.0,0.0,1.0,1.0,1.0,1.0,1.0,1.0,0.0,0.0,,
F2,S1_cU1.0_n4000,sieve2_sieve2,1,0.0062619878233748,0.0062619878233748,0.0394051517529511,0.0394051517529511,0.0511428919171228,0.0511428919171228,0.0779676162443061,0.0779676162443061,0.784,0.784,0.002,0.002,0.784,0.784,1.0,1.0,72.92576708914862,72.92576708914862,0.5291238676974742,0.5291238676974742,0.5762994763309066,0.5762994763309066,0.1408257995961121,0.1408257995961121,428.8282643788096,428.8282643788096,50.0,50.0,0.304041247082143,0.304041247082143,0.0,0.0,0.0,0.0,0.0,0.0,0.0,0.0,0.0,0.0,0.0,0.0,,
F2,S1_cU1.0_n4000,sieve3_sieve3,1,0.0156131858301325,0.0156131858301325,0.0761317175484739,0.0761317175484739,0.0830037559155597,0.0830037559155597,0.1102629027270344,0.1102629027270344,0.002,0.002,0.002,0.002,0.002,0.002,0.0,0.0,112531.3231467334,112531.3231467334,20.78627534087929,20.78627534087929,7.436049409443122,7.436049409443122,3.3309407086761453,3.3309407086761453,383.8611269630949,383.8611269630949,50.0,50.0,0.9193645348504762,0.9193645348504762,0.0,0.0,0.0,0.0,0.0,0.0,0.0,0.0,0.0,0.0,0.0,0.0,,
F2,S1_cU2.0_n4000,kernel_kernel,1,0.0406822152524558,0.0406822152524558,0.3471185732564095,0.3471185732564095,0.0941003400489811,0.0941003400489811,0.4807348356764121,0.4807348356764121,0.002,0.002,0.002,0.002,0.002,0.002,0.0,0.0,9.301436384538455,9.301436384538455,0.1881310571972434,0.1881310571972434,0.7880305627852863,0.7880305627852863,0.3779669220011672,0.3779669220011672,998.043565741467,998.043565741467,2.413732051849365,2.413732051849365,0.500672517389059,0.500672517389059,0.0,0.0,0.0,0.0,0.0,0.0,0.0,0.0,0.0,0.0,1.0,1.0,,
F2,S1_cU2.0_n4000,kernel_sieve1,1,0.0406822152524558,0.0406822152524558,0.0338338332615551,0.0338338332615551,0.0941003400489811,0.0941003400489811,0.0801548675949018,0.0801548675949018,0.002,0.002,0.002,0.002,0.002,0.002,0.0,0.0,90.9720061811044,90.9720061811044,0.5903092171052539,0.5903092171052539,0.6355760256321205,0.6355760256321205,0.2299818459173315,0.2299818459173315,577.5580724641443,577.5580724641443,34.80826863056243,34.80826863056243,0.137645278551585,0.137645278551585,0.0,0.0,0.0,0.0,0.0,0.0,0.0,0.0,0.0,0.0,0.0,0.0,,
F2,S1_cU2.0_n4000,sieve1_kernel,1,0.0082872754992133,0.0082872754992133,0.3471185732564095,0.3471185732564095,0.0141575093814045,0.0141575093814045,0.4807348356764121,0.4807348356764121,0.142,0.142,0.002,0.002,0.142,0.142,1.0,1.0,3.725640959364961,3.725640959364961,0.1193444787425246,0.1193444787425246,0.567875156932477,0.567875156932477,0.1453831697762552,0.1453831697762552,998.043565741467,998.043565741467,2.413732051849365,2.413732051849365,0.500672517389059,0.500672517389059,0.0,0.0,1.0,1.0,1.0,1.0,0.0,0.0,0.0,0.0,0.0,0.0,,
F2,S1_cU2.0_n4000,sieve1_sieve1,1,0.0082872754992133,0.0082872754992133,0.0338338332615551,0.0338338332615551,0.0141575093814045,0.0141575093814045,0.0801548675949018,0.0801548675949018,0.182,0.182,0.002,0.002,0.182,0.182,1.0,1.0,34.454515590737714,34.454515590737714,0.3637433191195027,0.3637433191195027,0.6215063221262521,0.6215063221262521,0.1450753071601575,0.1450753071601575,577.5580724641443,577.5580724641443,34.80826863056243,34.80826863056243,0.137645278551585,0.137645278551585,1.0,1.0,0.0,0.0,0.0,0.0,1.0,1.0,1.0,1.0,0.0,0.0,,
F2,S1_cU2.0_n4000,sieve2_sieve2,1,0.0076160306324633,0.0076160306324633,0.0456463063353876,0.0456463063353876,0.0118039259226445,0.0118039259226445,0.1104578619816245,0.1104578619816245,0.288,0.288,0.002,0.002,0.288,0.288,1.0,1.0,87.4484119847798,87.4484119847798,0.5783243693999803,0.5783243693999803,0.669700087117787,0.669700087117787,0.3146273900450609,0.3146273900450609,389.2031489792721,389.2031489792721,50.0,50.0,0.3265298865141707,0.3265298865141707,0.0,0.0,0.0,0.0,0.0,0.0,0.0,0.0,0.0,0.0,0.0,0.0,,
F2,S1_cU2.0_n4000,sieve3_sieve3,1,0.017623016297037,0.017623016297037,0.0816651925530203,0.0816651925530203,0.0581196817609961,0.0581196817609961,0.0636226291243182,0.0636226291243182,0.002,0.002,0.002,0.002,0.002,0.002,0.0,0.0,118852.18522960604,118852.18522960604,19.79539266903561,19.79539266903561,0.9233178639380863,0.9233178639380863,3.9395599291960433,3.9395599291960433,375.56989563541066,375.56989563541066,50.0,50.0,0.8656691630571576,0.8656691630571576,0.0,0.0,0.0,0.0,0.0,0.0,0.0,0.0,0.0,0.0,0.0,0.0,,
G2,S1_additive0.0_n4000,kernel_kernel,1,0.0457454027602815,0.0457454027602815,0.3126116524460584,0.3126116524460584,0.0600196181407635,0.0600196181407635,0.4672222402498853,0.4672222402498853,0.002,0.002,0.002,0.002,0.002,0.002,0.0,0.0,9.649989141694446,9.649989141694446,0.1921389998047502,0.1921389998047502,0.7087825532671254,0.7087825532671254,0.2722684290383999,0.2722684290383999,997.7893469457888,997.7893469457888,2.4054713249206543,2.4054713249206543,0.4980163565501571,0.4980163565501571,0.0,0.0,0.0,0.0,0.0,0.0,0.0,0.0,0.0,0.0,1.0,1.0,,
G2,S1_additive0.0_n4000,kernel_sieve1,1,0.0457454027602815,0.0457454027602815,0.018691491160925,0.018691491160925,0.0600196181407635,0.0600196181407635,0.0727150651560759,0.0727150651560759,0.002,0.002,0.002,0.002,0.002,0.002,0.0,0.0,70.31864802216614,70.31864802216614,0.51926462741944,0.51926462741944,0.8504530684560602,0.8504530684560602,0.1222828162031012,0.1222828162031012,649.6951163906726,649.6951163906726,23.01049405572528,23.01049405572528,0.0663541512738508,0.0663541512738508,0.0,0.0,0.0,0.0,0.0,0.0,0.0,0.0,0.0,0.0,0.0,0.0,,
G2,S1_additive0.0_n4000,sieve1_kernel,1,0.009610102749501,0.009610102749501,0.3126116524460584,0.3126116524460584,0.0063505717407254,0.0063505717407254,0.4672222402498853,0.4672222402498853,0.002,0.002,0.002,0.002,0.002,0.002,0.0,0.0,3.7454704632729343,3.7454704632729343,0.1198192380630055,0.1198192380630055,0.5277014143518245,0.5277014143518245,0.1149591067859156,0.1149591067859156,997.7893469457888,997.7893469457888,2.4054713249206543,2.4054713249206543,0.4980163565501571,0.4980163565501571,0.0,0.0,1.0,1.0,0.0,0.0,0.0,0.0,0.0,0.0,0.0,0.0,,
G2,S1_additive0.0_n4000,sieve1_sieve1,1,0.009610102749501,0.009610102749501,0.018691491160925,0.018691491160925,0.0063505717407254,0.0063505717407254,0.0727150651560759,0.0727150651560759,0.002,0.002,0.002,0.002,0.002,0.002,0.0,0.0,26.536571874993932,26.536571874993932,0.319284037181327,0.319284037181327,0.5998767314861027,0.5998767314861027,0.0932973649912737,0.0932973649912737,649.6951163906726,649.6951163906726,23.01049405572528,23.01049405572528,0.0663541512738508,0.0663541512738508,1.0,1.0,0.0,0.0,0.0,0.0,1.0,1.0,1.0,1.0,0.0,0.0,,
G2,S1_additive0.0_n4000,sieve2_sieve2,1,0.0058646842222395,0.0058646842222395,0.0421103010929817,0.0421103010929817,0.0511653247661321,0.0511653247661321,0.077776748834274,0.077776748834274,0.776,0.776,0.002,0.002,0.776,0.776,1.0,1.0,72.92576708914862,72.92576708914862,0.5291238676974742,0.5291238676974742,0.5762994763309066,0.5762994763309066,0.1408257995961121,0.1408257995961121,428.8282643788096,428.8282643788096,50.0,50.0,0.304041247082143,0.304041247082143,0.0,0.0,0.0,0.0,1.0,1.0,0.0,0.0,0.0,0.0,0.0,0.0,,
G2,S1_additive0.0_n4000,sieve3_sieve3,1,0.0146756854899027,0.0146756854899027,0.0803229817185557,0.0803229817185557,0.0830559576866669,0.0830559576866669,0.1099549147702707,0.1099549147702707,0.006,0.006,0.002,0.002,0.006,0.006,0.0,0.0,112531.3231467334,112531.3231467334,20.78627534087929,20.78627534087929,7.436049409443122,7.436049409443122,3.3309407086761453,3.3309407086761453,383.8611269630949,383.8611269630949,50.0,50.0,0.9193645348504762,0.9193645348504762,0.0,0.0,0.0,0.0,0.0,0.0,0.0,0.0,0.0,0.0,0.0,0.0,,
G2,S1_additive0.1_n4000,kernel_kernel,1,0.047209585192998,0.047209585192998,0.3222091401936588,0.3222091401936588,0.0597537708850916,0.0597537708850916,0.4686687536669158,0.4686687536669158,0.002,0.002,0.002,0.002,0.002,0.002,0.0,0.0,9.651064848522005,9.651064848522005,0.192149875235685,0.192149875235685,0.7100966942219256,0.7100966942219256,0.272351879672857,0.272351879672857,997.7815946302406,997.7815946302406,2.4050779342651367,2.4050779342651367,0.4979876417666674,0.4979876417666674,0.0,0.0,0.0,0.0,0.0,0.0,0.0,0.0,0.0,0.0,1.0,1.0,,
G2,S1_additive0.1_n4000,kernel_sieve1,1,0.047209585192998,0.047209585192998,0.0190713842630296,0.0190713842630296,0.0597537708850916,0.0597537708850916,0.073109928399722,0.073109928399722,0.002,0.002,0.002,0.002,0.002,0.002,0.0,0.0,70.43333500265884,70.43333500265884,0.5196396173225007,0.5196396173225007,0.8357569541054178,0.8357569541054178,0.1263794136015747,0.1263794136015747,649.0409460099683,649.0409460099683,22.937066390348363,22.937066390348363,0.067262842161321,0.067262842161321,0.0,0.0,0.0,0.0,0.0,0.0,0.0,0.0,0.0,0.0,0.0,0.0,,
G2,S1_additive0.1_n4000,sieve1_kernel,1,0.0063046354595227,0.0063046354595227,0.3222091401936588,0.3222091401936588,0.0106943623512373,0.0106943623512373,0.4686687536669158,0.4686687536669158,0.506,0.506,0.002,0.002,0.506,0.506,1.0,1.0,3.7844403959291495,3.7844403959291495,0.1204445689388011,0.1204445689388011,0.5230887579936208,0.5230887579936208,0.1171635075131505,0.1171635075131505,997.7815946302406,997.7815946302406,2.4050779342651367,2.4050779342651367,0.4979876417666674,0.4979876417666674,0.0,0.0,1.0,1.0,1.0,1.0,0.0,0.0,0.0,0.0,0.0,0.0,,
G2,S1_additive0.1_n4000,sieve1_sieve1,1,0.0063046354595227,0.0063046354595227,0.0190713842630296,0.0190713842630296,0.0106943623512373,0.0106943623512373,0.073109928399722,0.073109928399722,0.514,0.514,0.006,0.006,0.514,0.514,1.0,1.0,26.90992389821523,26.90992389821523,0.3215217349701717,0.3215217349701717,0.5785109673608134,0.5785109673608134,0.0974731470680871,0.0974731470680871,649.0409460099683,649.0409460099683,22.937066390348363,22.937066390348363,0.067262842161321,0.067262842161321,1.0,1.0,0.0,0.0,0.0,0.0,1.0,1.0,1.0,1.0,0.0,0.0,,
G2,S1_additive0.1_n4000,sieve2_sieve2,1,0.0059506745785532,0.0059506745785532,0.0435766748548573,0.0435766748548573,0.0530786699730968,0.0530786699730968,0.0701072383278671,0.0701072383278671,0.68,0.68,0.002,0.002,0.68,0.68,1.0,1.0,74.46868917145481,74.46868917145481,0.5345799279182798,0.5345799279182798,0.5529344850533255,0.5529344850533255,0.1440672438108624,0.1440672438108624,426.3671776334956,426.3671776334956,50.0,50.0,0.3094434329930441,0.3094434329930441,0.0,0.0,0.0,0.0,0.0,0.0,0.0,0.0,0.0,0.0,0.0,0.0,,
G2,S1_additive0.1_n4000,sieve3_sieve3,1,0.0147409804521616,0.0147409804521616,0.0831331328833919,0.0831331328833919,0.0432018969364124,0.0432018969364124,0.1102904247082066,0.1102904247082066,0.028,0.028,0.002,0.002,0.028,0.028,1.0,1.0,72620.64991491071,72620.64991491071,16.31818771087947,16.31818771087947,5.648862834840624,5.648862834840624,3.25698195923046,3.25698195923046,384.0010098879786,384.0010098879786,50.0,50.0,0.9188724394048962,0.9188724394048962,0.0,0.0,0.0,0.0,0.0,0.0,0.0,0.0,0.0,0.0,0.0,0.0,,
G2,S1_additive0.2_n4000,kernel_kernel,1,0.0500921738005364,0.0500921738005364,0.3187910633029228,0.3187910633029228,0.0595940217588328,0.0595940217588328,0.466648638951282,0.466648638951282,0.002,0.002,0.002,0.002,0.002,0.002,0.0,0.0,9.652299493305902,9.652299493305902,0.1921621174525325,0.1921621174525325,0.7114541760735361,0.7114541760735361,0.2724200961143744,0.2724200961143744,997.7717379241452,997.7717379241452,2.4027013778686523,2.4027013778686523,0.4979446906596422,0.4979446906596422,0.0,0.0,0.0,0.0,0.0,0.0,0.0,0.0,0.0,0.0,1.0,1.0,,
G2,S1_additive0.2_n4000,kernel_sieve1,1,0.0500921738005364,0.0500921738005364,0.0193443325869488,0.0193443325869488,0.0595940217588328,0.0595940217588328,0.0728985732546571,0.0728985732546571,0.002,0.002,0.01,0.01,0.01,0.01,0.0,0.0,70.85800167445394,70.85800167445394,0.5211169603353419,0.5211169603353419,0.8381902883781327,0.8381902883781327,0.1311531606662647,0.1311531606662647,646.5814476743528,646.5814476743528,23.16519740927858,23.16519740927858,0.0690336882944932,0.0690336882944932,0.0,0.0,0.0,0.0,0.0,0.0,0.0,0.0,0.0,0.0,0.0,0.0,,
G2,S1_additive0.2_n4000,sieve1_kernel,1,0.007117999427184,0.007117999427184,0.3187910633029228,0.3187910633029228,0.0124348230422501,0.0124348230422501,0.466648638951282,0.466648638951282,0.036,0.036,0.002,0.002,0.036,0.036,1.0,1.0,3.8856440502284624,3.8856440502284624,0.1220488981872729,0.1220488981872729,0.5206507655729257,0.5206507655729257,0.1192910227622031,0.1192910227622031,997.7717379241452,997.7717379241452,2.4027013778686523,2.4027013778686523,0.4979446906596422,0.4979446906596422,0.0,0.0,1.0,1.0,1.0,1.0,0.0,0.0,0.0,0.0,0.0,0.0,,
G2,S1_additive0.2_n4000,sieve1_sieve1,1,0.007117999427184,0.007117999427184,0.0193443325869488,0.0193443325869488,0.0124348230422501,0.0124348230422501,0.0728985732546571,0.0728985732546571,0.06,0.06,0.01,0.01,0.06,0.06,1.0,1.0,27.81327648602517,27.81327648602517,0.3268638754212873,0.3268638754212873,0.5875165996701902,0.5875165996701902,0.102123519387909,0.102123519387909,646.5814476743528,646.5814476743528,23.16519740927858,23.16519740927858,0.0690336882944932,0.0690336882944932,1.0,1.0,0.0,0.0,0.0,0.0,1.0,1.0,1.0,1.0,0.0,0.0,,
G2,S1_additive0.2_n4000,sieve2_sieve2,1,0.0062739254096682,0.0062739254096682,0.0429931073464402,0.0429931073464402,0.0527902583463879,0.0527902583463879,0.068250601015747,0.068250601015747,0.864,0.864,0.002,0.002,0.864,0.864,1.0,1.0,79.9360293540647,79.9360293540647,0.5537205724779856,0.5537205724779856,0.6545908523456396,0.6545908523456396,0.1370463679638511,0.1370463679638511,423.3036480450344,423.3036480450344,50.0,50.0,0.3188180967469773,0.3188180967469773,0.0,0.0,0.0,0.0,0.0,0.0,0.0,0.0,0.0,0.0,0.0,0.0,,
G2,S1_additive0.2_n4000,sieve3_sieve3,1,0.0123245137385773,0.0123245137385773,0.079618032891685,0.079618032891685,0.022500611969174,0.022500611969174,0.1061414315765547,0.1061414315765547,0.006,0.006,0.002,0.002,0.006,0.006,0.0,0.0,102296.33968838133,102296.33968838133,18.89590272743976,18.89590272743976,17.281673787784893,17.281673787784893,2.6741911544318517,2.6741911544318517,382.7282202609105,382.7282202609105,50.0,50.0,0.9058997709604276,0.9058997709604276,0.0,0.0,0.0,0.0,0.0,0.0,0.0,0.0,0.0,0.0,0.0,0.0,,
G2,S1_additive0.3_n4000,kernel_kernel,1,0.0537865166426454,0.0537865166426454,0.3386490121513589,0.3386490121513589,0.0593219629111466,0.0593219629111466,0.468216538004395,0.468216538004395,0.002,0.002,0.002,0.002,0.002,0.002,0.0,0.0,9.650090103641231,9.650090103641231,0.1921404397796073,0.1921404397796073,0.7080930972620013,0.7080930972620013,0.2723161087796517,0.2723161087796517,997.7776712216772,997.7776712216772,2.39754581451416,2.39754581451416,0.4979854903966189,0.4979854903966189,0.0,0.0,0.0,0.0,0.0,0.0,0.0,0.0,0.0,0.0,1.0,1.0,,
G2,S1_additive0.3_n4000,kernel_sieve1,1,0.0537865166426454,0.0537865166426454,0.0209700634643834,0.0209700634643834,0.0593219629111466,0.0593219629111466,0.0733562298779131,0.0733562298779131,0.002,0.002,0.006,0.006,0.006,0.006,0.0,0.0,71.61295980909914,71.61295980909914,0.5237507165699998,0.5237507165699998,0.8295388448483122,0.8295388448483122,0.1369230040366314,0.1369230040366314,642.7334134033068,642.7334134033068,23.661878533972637,23.661878533972637,0.0719867108711094,0.0719867108711094,0.0,0.0,0.0,0.0,0.0,0.0,0.0,0.0,0.0,0.0,0.0,0.0,,
G2,S1_additive0.3_n4000,sieve1_kernel,1,0.0089468803455689,0.0089468803455689,0.3386490121513589,0.3386490121513589,0.0129538812668652,0.0129538812668652,0.468216538004395,0.468216538004395,0.014,0.014,0.002,0.002,0.014,0.014,1.0,1.0,4.0496011073736495,4.0496011073736495,0.1246021495238935,0.1246021495238935,0.5163455370692814,0.5163455370692814,0.1212847547577951,0.1212847547577951,997.7776712216772,997.7776712216772,2.39754581451416,2.39754581451416,0.4979854903966189,0.4979854903966189,0.0,0.0,1.0,1.0,1.0,1.0,0.0,0.0,0.0,0.0,0.0,0.0,,
G2,S1_additive0.3_n4000,sieve1_sieve1,1,0.0089468803455689,0.0089468803455689,0.0209700634643834,0.0209700634643834,0.0129538812668652,0.0129538812668652,0.0733562298779131,0.0733562298779131,0.02,0.02,0.004,0.004,0.05,0.05,1.0,1.0,29.28075982400922,29.28075982400922,0.3353539462580421,0.3353539462580421,0.5950598819161182,0.5950598819161182,0.1069467873816959,0.1069467873816959,642.7334134033068,642.7334134033068,23.661878533972637,23.661878533972637,0.0719867108711094,0.0719867108711094,1.0,1.0,0.0,0.0,0.0,0.0,1.0,1.0,1.0,1.0,0.0,0.0,,
G2,S1_additive0.3_n4000,sieve2_sieve2,1,0.0078077366732348,0.0078077366732348,0.0474425210686103,0.0474425210686103,0.0516893860782814,0.0516893860782814,0.0656368000483296,0.0656368000483296,0.18,0.18,0.002,0.002,0.18,0.18,1.0,1.0,90.32323592041654,90.32323592041654,0.5885184508686488,0.5885184508686488,0.5949550157895406,0.5949550157895406,0.1213136888326284,0.1213136888326284,419.89873614171904,419.89873614171904,50.0,50.0,0.3307188863491154,0.3307188863491154,0.0,0.0,0.0,0.0,0.0,0.0,0.0,0.0,0.0,0.0,0.0,0.0,,
G2,S1_additive0.3_n4000,sieve3_sieve3,1,0.012618046381876,0.012618046381876,0.0830948567348125,0.0830948567348125,0.0477024135896898,0.0477024135896898,0.10208677562136,0.10208677562136,0.03,0.03,0.002,0.002,0.03,0.03,1.0,1.0,225343.12080710256,225343.12080710256,28.68349031183857,28.68349031183857,0.7347358879896129,0.7347358879896129,10.101738043981117,10.101738043981117,380.02613226335535,380.02613226335535,50.0,50.0,0.8840494759229316,0.8840494759229316,0.0,0.0,0.0,0.0,0.0,0.0,0.0,0.0,0.0,0.0,0.0,0.0,,
G2,S1_heavy_tail0.0_n4000,kernel_kernel,1,0.0437300882356748,0.0437300882356748,0.3261990081035986,0.3261990081035986,0.0600781745997714,0.0600781745997714,0.4668060349849387,0.4668060349849387,0.002,0.002,0.002,0.002,0.002,0.002,0.0,0.0,9.649989141694446,9.649989141694446,0.1921389998047502,0.1921389998047502,0.7087825532671254,0.7087825532671254,0.2722684290383999,0.2722684290383999,997.7893469457888,997.7893469457888,2.4054713249206543,2.4054713249206543,0.4980163565501571,0.4980163565501571,0.0,0.0,0.0,0.0,0.0,0.0,0.0,0.0,0.0,0.0,1.0,1.0,,
G2,S1_heavy_tail0.0_n4000,kernel_sieve1,1,0.0437300882356748,0.0437300882356748,0.0199782674324758,0.0199782674324758,0.0600781745997714,0.0600781745997714,0.0726285737354833,0.0726285737354833,0.002,0.002,0.002,0.002,0.002,0.002,0.0,0.0,70.31864802216614,70.31864802216614,0.51926462741944,0.51926462741944,0.8504530684560602,0.8504530684560602,0.1222828162031012,0.1222828162031012,649.6951163906726,649.6951163906726,23.01049405572528,23.01049405572528,0.0663541512738508,0.0663541512738508,0.0,0.0,0.0,0.0,0.0,0.0,0.0,0.0,0.0,0.0,0.0,0.0,,
G2,S1_heavy_tail0.0_n4000,sieve1_kernel,1,0.0077648071566617,0.0077648071566617,0.3261990081035986,0.3261990081035986,0.0062194217351486,0.0062194217351486,0.4668060349849387,0.4668060349849387,0.094,0.094,0.002,0.002,0.094,0.094,1.0,1.0,3.7454704632729343,3.7454704632729343,0.1198192380630055,0.1198192380630055,0.5277014143518245,0.5277014143518245,0.1149591067859156,0.1149591067859156,997.7893469457888,997.7893469457888,2.4054713249206543,2.4054713249206543,0.4980163565501571,0.4980163565501571,0.0,0.0,1.0,1.0,1.0,1.0,0.0,0.0,0.0,0.0,0.0,0.0,,
G2,S1_heavy_tail0.0_n4000,sieve1_sieve1,1,0.0077648071566617,0.0077648071566617,0.0199782674324758,0.0199782674324758,0.0062194217351486,0.0062194217351486,0.0726285737354833,0.0726285737354833,0.108,0.108,0.002,0.002,0.108,0.108,1.0,1.0,26.536571874993932,26.536571874993932,0.319284037181327,0.319284037181327,0.5998767314861027,0.5998767314861027,0.0932973649912737,0.0932973649912737,649.6951163906726,649.6951163906726,23.01049405572528,23.01049405572528,0.0663541512738508,0.0663541512738508,1.0,1.0,0.0,0.0,0.0,0.0,1.0,1.0,1.0,1.0,0.0,0.0,,
G2,S1_heavy_tail0.0_n4000,sieve2_sieve2,1,0.005980336384246,0.005980336384246,0.0431820509976613,0.0431820509976613,0.0512397944173638,0.0512397944173638,0.0777059499915853,0.0777059499915853,0.466,0.466,0.002,0.002,0.466,0.466,1.0,1.0,72.92576708914862,72.92576708914862,0.5291238676974742,0.5291238676974742,0.5762994763309066,0.5762994763309066,0.1408257995961121,0.1408257995961121,428.8282643788096,428.8282643788096,50.0,50.0,0.304041247082143,0.304041247082143,0.0,0.0,0.0,0.0,0.0,0.0,0.0,0.0,0.0,0.0,0.0,0.0,,
G2,S1_heavy_tail0.0_n4000,sieve3_sieve3,1,0.0161350092745176,0.0161350092745176,0.0832282989872755,0.0832282989872755,0.0832294694313414,0.0832294694313414,0.1098409769678397,0.1098409769678397,0.002,0.002,0.002,0.002,0.002,0.002,0.0,0.0,112531.3231467334,112531.3231467334,20.78627534087929,20.78627534087929,7.436049409443122,7.436049409443122,3.3309407086761453,3.3309407086761453,383.8611269630949,383.8611269630949,50.0,50.0,0.9193645348504762,0.9193645348504762,0.0,0.0,0.0,0.0,0.0,0.0,0.0,0.0,0.0,0.0,0.0,0.0,,
G2,S1_heavy_tail0.1_n4000,kernel_kernel,1,0.0463565044780136,0.0463565044780136,0.3126475703959314,0.3126475703959314,0.0600142688364922,0.0600142688364922,0.4677823263287292,0.4677823263287292,0.002,0.002,0.002,0.002,0.002,0.002,0.0,0.0,9.64954679521978,9.64954679521978,0.1921347516583643,0.1921347516583643,0.7100004002780183,0.7100004002780183,0.2723665131283316,0.2723665131283316,997.7782591676652,997.7782591676652,2.4039998054504395,2.4039998054504395,0.4979374460503459,0.4979374460503459,0.0,0.0,0.0,0.0,0.0,0.0,0.0,0.0,0.0,0.0,1.0,1.0,,
G2,S1_heavy_tail0.1_n4000,kernel_sieve1,1,0.0463565044780136,0.0463565044780136,0.0196213315801321,0.0196213315801321,0.0600142688364922,0.0600142688364922,0.0780968013826698,0.0780968013826698,0.002,0.002,0.002,0.002,0.002,0.002,0.0,0.0,70.0978371616767,70.0978371616767,0.5183748628326224,0.5183748628326224,0.8517461791721805,0.8517461791721805,0.125398242255444,0.125398242255444,647.6559240433108,647.6559240433108,23.911306584472797,23.911306584472797,0.069029100357055,0.069029100357055,0.0,0.0,0.0,0.0,0.0,0.0,0.0,0.0,0.0,0.0,0.0,0.0,,
G2,S1_heavy_tail0.1_n4000,sieve1_kernel,1,0.0060808246094321,0.0060808246094321,0.3126475703959314,0.3126475703959314,0.0,0.0,0.4677823263287292,0.4677823263287292,0.67,0.67,0.002,0.002,0.67,0.67,1.0,1.0,3.865459682643402,3.865459682643402,0.1217122896208223,0.1217122896208223,0.5339696923923676,0.5339696923923676,0.1120652147365496,0.1120652147365496,997.7782591676652,997.7782591676652,2.4039998054504395,2.4039998054504395,0.4979374460503459,0.4979374460503459,0.0,0.0,1.0,1.0,1.0,1.0,0.0,0.0,0.0,0.0,0.0,0.0,,
G2,S1_heavy_tail0.1_n4000,sieve1_sieve1,1,0.0060808246094321,0.0060808246094321,0.0196213315801321,0.0196213315801321,0.0,0.0,0.0780968013826698,0.0780968013826698,0.71,0.71,0.004,0.004,0.71,0.71,1.0,1.0,27.291848186287904,27.291848186287904,0.323786404052703,0.323786404052703,0.548700593690321,0.548700593690321,0.0953138194064537,0.0953138194064537,647.6559240433108,647.6559240433108,23.911306584472797,23.911306584472797,0.069029100357055,0.069029100357055,1.0,1.0,0.0,0.0,0.0,0.0,1.0,1.0,1.0,1.0,0.0,0.0,,
G2,S1_heavy_tail0.1_n4000,sieve2_sieve2,1,0.0064628829425782,0.0064628829425782,0.0409195493841166,0.0409195493841166,0.0389473252050075,0.0389473252050075,0.0723946582398628,0.0723946582398628,0.484,0.484,0.002,0.002,0.484,0.484,1.0,1.0,74.55448762568892,74.55448762568892,0.535054036391336,0.535054036391336,0.5843288751712801,0.5843288751712801,0.1286830732851107,0.1286830732851107,425.69706812708273,425.69706812708273,50.0,50.0,0.3058092518495275,0.3058092518495275,0.0,0.0,0.0,0.0,0.0,0.0,0.0,0.0,0.0,0.0,0.0,0.0,,
G2,S1_heavy_tail0.1_n4000,sieve3_sieve3,1,0.0135520297727817,0.0135520297727817,0.0788820107599574,0.0788820107599574,0.0461218475873826,0.0461218475873826,0.1183574386120117,0.1183574386120117,0.012,0.012,0.002,0.002,0.012,0.012,0.0,0.0,87109.07622687421,87109.07622687421,17.625056220481973,17.625056220481973,20.398154076690886,20.398154076690886,3.6347597996957326,3.6347597996957326,383.5901845364295,383.5901845364295,50.0,50.0,0.9074603373037794,0.9074603373037794,0.0,0.0,0.0,0.0,0.0,0.0,0.0,0.0,0.0,0.0,0.0,0.0,,
G2,S1_heavy_tail0.2_n4000,kernel_kernel,1,0.045631582338281,0.045631582338281,0.2911366950615937,0.2911366950615937,0.0598184455823934,0.0598184455823934,0.468831185990228,0.468831185990228,0.002,0.002,0.002,0.002,0.002,0.002,0.0,0.0,9.645627277266072,9.645627277266072,0.1920957411793515,0.1920957411793515,0.7086074380496554,0.7086074380496554,0.272183532068608,0.272183532068608,997.7602780873616,997.7602780873616,2.39707612991333,2.39707612991333,0.4979029249250888,0.4979029249250888,0.0,0.0,0.0,0.0,0.0,0.0,0.0,0.0,0.0,0.0,1.0,1.0,,
G2,S1_heavy_tail0.2_n4000,kernel_sieve1,1,0.045631582338281,0.045631582338281,0.0188297220051813,0.0188297220051813,0.0598184455823934,0.0598184455823934,0.0839448455762369,0.0839448455762369,0.002,0.002,0.016,0.016,0.016,0.016,1.0,1.0,70.72479459703594,70.72479459703594,0.5205104134643707,0.5205104134643707,0.8633021230158014,0.8633021230158014,0.1290953126812136,0.1290953126812136,640.7805910168158,640.7805910168158,25.688829728019694,25.688829728019694,0.0753888840118494,0.0753888840118494,0.0,0.0,0.0,0.0,0.0,0.0,0.0,0.0,0.0,0.0,0.0,0.0,,
G2,S1_heavy_tail0.2_n4000,sieve1_kernel,1,0.006755773443508,0.006755773443508,0.2911366950615937,0.2911366950615937,0.0,0.0,0.468831185990228,0.468831185990228,0.286,0.286,0.002,0.002,0.286,0.286,1.0,1.0,4.158633978352953,4.158633978352953,0.1262225406547432,0.1262225406547432,0.5352719762473022,0.5352719762473022,0.1076802145778521,0.1076802145778521,997.7602780873616,997.7602780873616,2.39707612991333,2.39707612991333,0.4979029249250888,0.4979029249250888,0.0,0.0,1.0,1.0,1.0,1.0,0.0,0.0,0.0,0.0,0.0,0.0,,
G2,S1_heavy_tail0.2_n4000,sieve1_sieve1,1,0.006755773443508,0.006755773443508,0.0188297220051813,0.0188297220051813,0.0,0.0,0.0839448455762369,0.0839448455762369,0.244,0.244,0.01,0.01,0.244,0.244,1.0,1.0,29.75690455890471,29.75690455890471,0.3380121937935209,0.3380121937935209,0.5549068953978802,0.5549068953978802,0.0977249721998942,0.0977249721998942,640.7805910168158,640.7805910168158,25.688829728019694,25.688829728019694,0.0753888840118494,0.0753888840118494,1.0,1.0,0.0,0.0,0.0,0.0,1.0,1.0,1.0,1.0,0.0,0.0,,
G2,S1_heavy_tail0.2_n4000,sieve2_sieve2,1,0.00735279524556,0.00735279524556,0.0377121027727675,0.0377121027727675,0.0396287897868656,0.0396287897868656,0.0709877876343772,0.0709877876343772,0.364,0.364,0.002,0.002,0.364,0.364,1.0,1.0,97.91550796811352,97.91550796811352,0.6128087440925619,0.6128087440925619,0.5854974233594918,0.5854974233594918,0.101856848231844,0.101856848231844,414.9473845227302,414.9473845227302,50.0,50.0,0.3096442372938977,0.3096442372938977,0.0,0.0,0.0,0.0,0.0,0.0,0.0,0.0,0.0,0.0,0.0,0.0,,
G2,S1_heavy_tail0.2_n4000,sieve3_sieve3,1,0.0207277178042302,0.0207277178042302,0.071621919528579,0.071621919528579,0.0417272055846236,0.0417272055846236,0.1032277111650325,0.1032277111650325,0.002,0.002,0.002,0.002,0.002,0.002,0.0,0.0,125052.15832029008,125052.15832029008,21.584935335634697,21.584935335634697,30.967982993553896,30.967982993553896,4.752422429332493,4.752422429332493,379.9805875561024,379.9805875561024,50.0,50.0,0.8667156881027587,0.8667156881027587,0.0,0.0,0.0,0.0,0.0,0.0,0.0,0.0,0.0,0.0,0.0,0.0,,
G2,S1_heavy_tail0.3_n4000,kernel_kernel,1,0.044984665809808,0.044984665809808,0.3118344624454226,0.3118344624454226,0.0594863765897469,0.0594863765897469,0.4668682261255077,0.4668682261255077,0.002,0.002,0.002,0.002,0.002,0.002,0.0,0.0,9.640015539585407,9.640015539585407,0.1920400899801476,0.1920400899801476,0.7114538754404878,0.7114538754404878,0.2719856376990956,0.2719856376990956,997.7342420862954,997.7342420862954,2.4464406967163086,2.4464406967163086,0.4979206984266638,0.4979206984266638,0.0,0.0,0.0,0.0,0.0,0.0,0.0,0.0,0.0,0.0,1.0,1.0,,
G2,S1_heavy_tail0.3_n4000,kernel_sieve1,1,0.044984665809808,0.044984665809808,0.0215851502186522,0.0215851502186522,0.0594863765897469,0.0594863765897469,0.0886468530814252,0.0886468530814252,0.002,0.002,0.002,0.002,0.002,0.002,0.0,0.0,72.2697186466072,72.2697186466072,0.5258348172355443,0.5258348172355443,0.8812541552201372,0.8812541552201372,0.1323178803544027,0.1323178803544027,628.9403920035256,628.9403920035256,32.47342945761081,32.47342945761081,0.0847439929435706,0.0847439929435706,0.0,0.0,0.0,0.0,0.0,0.0,0.0,0.0,0.0,0.0,0.0,0.0,,
G2,S1_heavy_tail0.3_n4000,sieve1_kernel,1,0.0084292252075915,0.0084292252075915,0.3118344624454226,0.3118344624454226,0.0,0.0,0.4668682261255077,0.4668682261255077,0.102,0.102,0.002,0.002,0.102,0.102,1.0,1.0,4.626679275813824,4.626679275813824,0.1330930525763806,0.1330930525763806,0.5461487644700259,0.5461487644700259,0.1015798554836105,0.1015798554836105,997.7342420862954,997.7342420862954,2.4464406967163086,2.4464406967163086,0.4979206984266638,0.4979206984266638,0.0,0.0,1.0,1.0,1.0,1.0,0.0,0.0,0.0,0.0,0.0,0.0,,
G2,S1_heavy_tail0.3_n4000,sieve1_sieve1,1,0.0084292252075915,0.0084292252075915,0.0215851502186522,0.0215851502186522,0.0,0.0,0.0886468530814252,0.0886468530814252,0.116,0.116,0.002,0.002,0.116,0.116,1.0,1.0,34.17776537507455,34.17776537507455,0.361936333297773,0.361936333297773,0.5489132010884051,0.5489132010884051,0.0987930476738755,0.0987930476738755,628.9403920035256,628.9403920035256,32.47342945761081,32.47342945761081,0.0847439929435706,0.0847439929435706,1.0,1.0,0.0,0.0,0.0,0.0,1.0,1.0,1.0,1.0,0.0,0.0,,
G2,S1_heavy_tail0.3_n4000,sieve2_sieve2,1,0.0117548436054293,0.0117548436054293,0.043789610269136,0.043789610269136,0.0349139955916563,0.0349139955916563,0.0669982460357638,0.0669982460357638,0.044,0.044,0.002,0.002,0.044,0.044,1.0,1.0,193.80851745112264,193.80851745112264,0.8605288643276197,0.8605288643276197,0.688585974452382,0.688585974452382,0.2770290878870507,0.2770290878870507,419.10756755956805,419.10756755956805,50.0,50.0,0.3253503279553435,0.3253503279553435,0.0,0.0,0.0,0.0,0.0,0.0,0.0,0.0,0.0,0.0,0.0,0.0,,
G2,S1_heavy_tail0.3_n4000,sieve3_sieve3,1,0.0189736951942672,0.0189736951942672,0.0762774069666542,0.0762774069666542,0.0467937836211185,0.0467937836211185,0.0858132738428821,0.0858132738428821,0.004,0.004,0.002,0.002,0.004,0.004,0.0,0.0,233353.24740685264,233353.24740685264,28.801583507265704,28.801583507265704,1.091702540114326,1.091702540114326,5.756736228555785,5.756736228555785,380.13620881503687,380.13620881503687,50.0,50.0,0.8553883768242383,0.8553883768242383,0.0,0.0,0.0,0.0,0.0,0.0,0.0,0.0,0.0,0.0,0.0,0.0,,
G2,S1_missing0.0_n4000,kernel_kernel,1,0.0438830085851496,0.0438830085851496,0.3395108061056496,0.3395108061056496,0.0599784806620411,0.0599784806620411,0.4668921334958105,0.4668921334958105,0.002,0.002,0.002,0.002,0.002,0.002,0.0,0.0,9.649989141694446,9.649989141694446,0.1921389998047502,0.1921389998047502,0.7087825532671254,0.7087825532671254,0.2722684290383999,0.2722684290383999,997.7893469457888,997.7893469457888,2.4054713249206543,2.4054713249206543,0.4980163565501571,0.4980163565501571,0.0,0.0,0.0,0.0,0.0,0.0,0.0,0.0,0.0,0.0,1.0,1.0,,
G2,S1_missing0.0_n4000,kernel_sieve1,1,0.0438830085851496,0.0438830085851496,0.0209664430726775,0.0209664430726775,0.0599784806620411,0.0599784806620411,0.0726464619046204,0.0726464619046204,0.002,0.002,0.002,0.002,0.002,0.002,0.0,0.0,70.31864802216614,70.31864802216614,0.51926462741944,0.51926462741944,0.8504530684560602,0.8504530684560602,0.1222828162031012,0.1222828162031012,649.6951163906726,649.6951163906726,23.01049405572528,23.01049405572528,0.0663541512738508,0.0663541512738508,0.0,0.0,0.0,0.0,0.0,0.0,0.0,0.0,0.0,0.0,0.0,0.0,,
G2,S1_missing0.0_n4000,sieve1_kernel,1,0.0063797985375555,0.0063797985375555,0.3395108061056496,0.3395108061056496,0.0064405673803882,0.0064405673803882,0.4668921334958105,0.4668921334958105,0.392,0.392,0.002,0.002,0.392,0.392,1.0,1.0,3.7454704632729343,3.7454704632729343,0.1198192380630055,0.1198192380630055,0.5277014143518245,0.5277014143518245,0.1149591067859156,0.1149591067859156,997.7893469457888,997.7893469457888,2.4054713249206543,2.4054713249206543,0.4980163565501571,0.4980163565501571,0.0,0.0,1.0,1.0,1.0,1.0,0.0,0.0,0.0,0.0,0.0,0.0,,
G2,S1_missing0.0_n4000,sieve1_sieve1,1,0.0063797985375555,0.0063797985375555,0.0209664430726775,0.0209664430726775,0.0064405673803882,0.0064405673803882,0.0726464619046204,0.0726464619046204,0.41,0.41,0.01,0.01,0.41,0.41,1.0,1.0,26.536571874993932,26.536571874993932,0.319284037181327,0.319284037181327,0.5998767314861027,0.5998767314861027,0.0932973649912737,0.0932973649912737,649.6951163906726,649.6951163906726,23.01049405572528,23.01049405572528,0.0663541512738508,0.0663541512738508,1.0,1.0,0.0,0.0,0.0,0.0,1.0,1.0,1.0,1.0,0.0,0.0,,
G2,S1_missing0.0_n4000,sieve2_sieve2,1,0.0061127481034456,0.0061127481034456,0.044392061297595,0.044392061297595,0.0511129949936915,0.0511129949936915,0.0777206012880891,0.0777206012880891,0.702,0.702,0.002,0.002,0.702,0.702,1.0,1.0,72.92576708914862,72.92576708914862,0.5291238676974742,0.5291238676974742,0.5762994763309066,0.5762994763309066,0.1408257995961121,0.1408257995961121,428.8282643788096,428.8282643788096,50.0,50.0,0.304041247082143,0.304041247082143,0.0,0.0,0.0,0.0,0.0,0.0,0.0,0.0,0.0,0.0,0.0,0.0,,
G2,S1_missing0.0_n4000,sieve3_sieve3,1,0.0156209545615778,0.0156209545615778,0.0856438228588704,0.0856438228588704,0.0829342324157748,0.0829342324157748,0.1098645421348593,0.1098645421348593,0.064,0.064,0.002,0.002,0.064,0.064,1.0,1.0,112531.3231467334,112531.3231467334,20.78627534087929,20.78627534087929,7.436049409443122,7.436049409443122,3.3309407086761453,3.3309407086761453,383.8611269630949,383.8611269630949,50.0,50.0,0.9193645348504762,0.9193645348504762,0.0,0.0,0.0,0.0,0.0,0.0,0.0,0.0,0.0,0.0,0.0,0.0,,
G2,S1_missing0.1_n4000,kernel_kernel,1,0.0468756576449169,0.0468756576449169,0.3342930870835656,0.3342930870835656,0.0595504643234563,0.0595504643234563,0.4679123043587165,0.4679123043587165,0.002,0.002,0.002,0.002,0.002,0.002,0.0,0.0,9.644663719588914,9.644663719588914,0.1920854672693598,0.1920854672693598,0.7185196172852072,0.7185196172852072,0.2721904571406453,0.2721904571406453,997.783343270708,997.783343270708,2.37813663482666,2.37813663482666,0.4980665126666427,0.4980665126666427,0.0,0.0,0.0,0.0,0.0,0.0,0.0,0.0,0.0,0.0,1.0,1.0,,
G2,S1_missing0.1_n4000,kernel_sieve1,1,0.0468756576449169,0.0468756576449169,0.0208595240322697,0.0208595240322697,0.0595504643234563,0.0595504643234563,0.0705784867930604,0.0705784867930604,0.002,0.002,0.002,0.002,0.002,0.002,0.0,0.0,70.86046902042573,70.86046902042573,0.5210976557948842,0.5210976557948842,0.8442529316243226,0.8442529316243226,0.1338284524921025,0.1338284524921025,646.3191476025636,646.3191476025636,24.15853024739166,24.15853024739166,0.0727224974634008,0.0727224974634008,0.0,0.0,0.0,0.0,0.0,0.0,0.0,0.0,0.0,0.0,0.0,0.0,,
G2,S1_missing0.1_n4000,sieve1_kernel,1,0.009114439659621,0.009114439659621,0.3342930870835656,0.3342930870835656,0.0,0.0,0.4679123043587165,0.4679123043587165,0.002,0.002,0.002,0.002,0.002,0.002,0.0,0.0,4.205431345701171,4.205431345701171,0.1269900589906754,0.1269900589906754,0.5471326599897567,0.5471326599897567,0.1305459237177919,0.1305459237177919,997.783343270708,997.783343270708,2.37813663482666,2.37813663482666,0.4980665126666427,0.4980665126666427,0.0,0.0,1.0,1.0,0.0,0.0,0.0,0.0,0.0,0.0,0.0,0.0,,
G2,S1_missing0.1_n4000,sieve1_sieve1,1,0.009114439659621,0.009114439659621,0.0208595240322697,0.0208595240322697,0.0,0.0,0.0705784867930604,0.0705784867930604,0.002,0.002,0.002,0.002,0.002,0.002,0.0,0.0,29.92022405536376,29.92022405536376,0.3389743707997126,0.3389743707997126,0.5729390673958309,0.5729390673958309,0.112402110457164,0.112402110457164,646.3191476025636,646.3191476025636,24.15853024739166,24.15853024739166,0.0727224974634008,0.0727224974634008,1.0,1.0,0.0,0.0,0.0,0.0,1.0,1.0,1.0,1.0,0.0,0.0,,
G2,S1_missing0.1_n4000,sieve2_sieve2,1,0.0090490570025093,0.0090490570025093,0.0481127612082877,0.0481127612082877,0.0309538860773534,0.0309538860773534,0.0626534264377135,0.0626534264377135,0.11,0.11,0.002,0.002,0.11,0.11,1.0,1.0,128.99819031762613,128.99819031762613,0.703876875302731,0.703876875302731,0.6147696345458651,0.6147696345458651,0.2581997536259641,0.2581997536259641,422.7049278858982,422.7049278858982,50.0,50.0,0.3455094704634244,0.3455094704634244,0.0,0.0,0.0,0.0,1.0,1.0,0.0,0.0,0.0,0.0,0.0,0.0,,
G2,S1_missing0.1_n4000,sieve3_sieve3,1,0.0127957732965764,0.0127957732965764,0.0818528750081682,0.0818528750081682,0.0850955605117864,0.0850955605117864,0.0976347815497765,0.0976347815497765,0.044,0.044,0.002,0.002,0.044,0.044,1.0,1.0,144241.02336374356,144241.02336374356,23.0307858687692,23.0307858687692,32.54369513845018,32.54369513845018,10.873942399887053,10.873942399887053,366.7317032694862,366.7317032694862,50.0,50.0,0.9219910160753736,0.9219910160753736,0.0,0.0,0.0,0.0,0.0,0.0,0.0,0.0,0.0,0.0,0.0,0.0,,
G2,S1_missing0.2_n4000,kernel_kernel,1,0.0391147147872092,0.0391147147872092,0.3258272166028033,0.3258272166028033,0.0595468550737197,0.0595468550737197,0.4686473327499354,0.4686473327499354,0.002,0.002,0.002,0.002,0.002,0.002,0.0,0.0,9.6494908445092,9.6494908445092,0.1921324374647945,0.1921324374647945,0.7145848470424588,0.7145848470424588,0.2719897499758533,0.2719897499758533,997.7640978388772,997.7640978388772,2.3804101943969727,2.3804101943969727,0.4979950731396674,0.4979950731396674,0.0,0.0,0.0,0.0,0.0,0.0,0.0,0.0,0.0,0.0,1.0,1.0,,
G2,S1_missing0.2_n4000,kernel_sieve1,1,0.0391147147872092,0.0391147147872092,0.0205285903424143,0.0205285903424143,0.0595468550737197,0.0595468550737197,0.0688680542878328,0.0688680542878328,0.002,0.002,0.002,0.002,0.002,0.002,0.0,0.0,69.96858635933589,69.96858635933589,0.5179127709630115,0.5179127709630115,0.8444212168946108,0.8444212168946108,0.1466701219676675,0.1466701219676675,651.9178324662248,651.9178324662248,24.326525740812315,24.326525740812315,0.0753154427731865,0.0753154427731865,0.0,0.0,0.0,0.0,0.0,0.0,0.0,0.0,0.0,0.0,0.0,0.0,,
G2,S1_missing0.2_n4000,sieve1_kernel,1,0.0085412963788116,0.0085412963788116,0.3258272166028033,0.3258272166028033,0.0,0.0,0.4686473327499354,0.4686473327499354,0.002,0.002,0.002,0.002,0.002,0.002,0.0,0.0,4.66687130211448,4.66687130211448,0.1338277839809907,0.1338277839809907,0.5864498678320024,0.5864498678320024,0.1308750376038722,0.1308750376038722,997.7640978388772,997.7640978388772,2.3804101943969727,2.3804101943969727,0.4979950731396674,0.4979950731396674,0.0,0.0,1.0,1.0,0.0,0.0,0.0,0.0,0.0,0.0,0.0,0.0,,
G2,S1_missing0.2_n4000,sieve1_sieve1,1,0.0085412963788116,0.0085412963788116,0.0205285903424143,0.0205285903424143,0.0,0.0,0.0688680542878328,0.0688680542878328,0.004,0.004,0.002,0.002,0.004,0.004,0.0,0.0,32.941709668111514,32.941709668111514,0.3556523231913445,0.3556523231913445,0.6719334442516667,0.6719334442516667,0.1222137501863779,0.1222137501863779,651.9178324662248,651.9178324662248,24.326525740812315,24.326525740812315,0.0753154427731865,0.0753154427731865,1.0,1.0,0.0,0.0,0.0,0.0,1.0,1.0,1.0,1.0,0.0,0.0,,
G2,S1_missing0.2_n4000,sieve2_sieve2,1,0.0122123421477064,0.0122123421477064,0.0502169539912231,0.0502169539912231,0.012437045784308,0.012437045784308,0.0804614715299901,0.0804614715299901,0.01,0.01,0.002,0.002,0.01,0.01,0.0,0.0,584.4210255710997,584.4210255710997,1.4198811867860597,1.4198811867860597,2.833868122031709,2.833868122031709,0.735876104918026,0.735876104918026,435.1746402052117,435.1746402052117,50.0,50.0,0.360080155952991,0.360080155952991,0.0,0.0,0.0,0.0,0.0,0.0,0.0,0.0,0.0,0.0,0.0,0.0,,
G2,S1_missing0.2_n4000,sieve3_sieve3,1,0.0174026837544189,0.0174026837544189,0.0795871878365781,0.0795871878365781,0.0212576232632669,0.0212576232632669,0.0583754161149996,0.0583754161149996,0.006,0.006,0.002,0.002,0.006,0.006,0.0,0.0,73920.56696332626,73920.56696332626,16.748479188178038,16.748479188178038,1.292165628484281,1.292165628484281,7.880013783093372,7.880013783093372,373.85685952968817,373.85685952968817,50.0,50.0,0.8918072870253607,0.8918072870253607,0.0,0.0,0.0,0.0,0.0,0.0,0.0,0.0,0.0,0.0,0.0,0.0,,
G2,S1_missing0.3_n4000,kernel_kernel,1,0.0467212022510576,0.0467212022510576,0.348183788943526,0.348183788943526,0.059446230973571,0.059446230973571,0.4655177873708607,0.4655177873708607,0.002,0.002,0.002,0.002,0.002,0.002,0.0,0.0,9.648376253930188,9.648376253930188,0.1921196449109397,0.1921196449109397,0.7148658129900262,0.7148658129900262,0.271882412113636,0.271882412113636,997.7260781758246,997.7260781758246,2.385544776916504,2.385544776916504,0.4979233074858784,0.4979233074858784,0.0,0.0,0.0,0.0,0.0,0.0,0.0,0.0,0.0,0.0,1.0,1.0,,
G2,S1_missing0.3_n4000,kernel_sieve1,1,0.0467212022510576,0.0467212022510576,0.0249348127499672,0.0249348127499672,0.059446230973571,0.059446230973571,0.0694269168485158,0.0694269168485158,0.002,0.002,0.002,0.002,0.002,0.002,0.0,0.0,73.06827247836692,73.06827247836692,0.5291059072573702,0.5291059072573702,0.806278473116057,0.806278473116057,0.1321248194061886,0.1321248194061886,643.3727069877015,643.3727069877015,26.39985736075507,26.39985736075507,0.0928637373889806,0.0928637373889806,0.0,0.0,0.0,0.0,0.0,0.0,0.0,0.0,0.0,0.0,0.0,0.0,,
G2,S1_missing0.3_n4000,sieve1_kernel,1,0.0083475684816343,0.0083475684816343,0.348183788943526,0.348183788943526,0.0,0.0,0.4655177873708607,0.4655177873708607,0.002,0.002,0.002,0.002,0.002,0.002,0.0,0.0,5.237424372319705,5.237424372319705,0.1417042539106061,0.1417042539106061,0.6021141133001229,0.6021141133001229,0.0977546576460216,0.0977546576460216,997.7260781758246,997.7260781758246,2.385544776916504,2.385544776916504,0.4979233074858784,0.4979233074858784,0.0,0.0,1.0,1.0,0.0,0.0,0.0,0.0,0.0,0.0,0.0,0.0,,
G2,S1_missing0.3_n4000,sieve1_sieve1,1,0.0083475684816343,0.0083475684816343,0.0249348127499672,0.0249348127499672,0.0,0.0,0.0694269168485158,0.0694269168485158,0.002,0.002,0.002,0.002,0.002,0.002,0.0,0.0,37.89881793677103,37.89881793677103,0.3815543859487754,0.3815543859487754,0.670561118504376,0.670561118504376,0.0892501176526101,0.0892501176526101,643.3727069877015,643.3727069877015,26.39985736075507,26.39985736075507,0.0928637373889806,0.0928637373889806,1.0,1.0,0.0,0.0,0.0,0.0,1.0,1.0,1.0,1.0,0.0,0.0,,
G2,S1_missing0.3_n4000,sieve2_sieve2,1,0.0165789118497255,0.0165789118497255,0.054645071983896,0.054645071983896,0.019514893672357,0.019514893672357,0.0843207608255667,0.0843207608255667,0.01,0.01,0.002,0.002,0.01,0.01,0.0,0.0,9689.176593339083,9689.176593339083,6.028071713077221,6.028071713077221,0.9967847585707892,0.9967847585707892,1.5910675079120882,1.5910675079120882,425.4032083467007,425.4032083467007,50.0,50.0,0.3755390788299848,0.3755390788299848,0.0,0.0,0.0,0.0,0.0,0.0,0.0,0.0,0.0,0.0,0.0,0.0,,
G2,S1_missing0.3_n4000,sieve3_sieve3,1,0.0130646896648942,0.0130646896648942,0.0857904870360496,0.0857904870360496,0.0422884977028117,0.0422884977028117,0.0501047998042627,0.0501047998042627,0.004,0.004,0.002,0.002,0.004,0.004,0.0,0.0,207926.57759214757,207926.57759214757,27.35054354999141,27.35054354999141,31.909465018866264,31.909465018866264,4.03336261212504,4.03336261212504,375.1166170855775,375.1166170855775,50.0,50.0,0.8664827770979555,0.8664827770979555,0.0,0.0,0.0,0.0,0.0,0.0,0.0,0.0,0.0,0.0,0.0,0.0,,
G2,S1_shift0.0_n4000,kernel_kernel,1,0.0505614276791712,0.0505614276791712,0.3181889541971293,0.3181889541971293,0.0600007131380844,0.0600007131380844,0.4665163336183902,0.4665163336183902,0.002,0.002,0.002,0.002,0.002,0.002,0.0,0.0,9.649989141694446,9.649989141694446,0.1921389998047502,0.1921389998047502,0.7087825532671254,0.7087825532671254,0.2722684290383999,0.2722684290383999,997.7893469457888,997.7893469457888,2.4054713249206543,2.4054713249206543,0.4980163565501571,0.4980163565501571,0.0,0.0,0.0,0.0,0.0,0.0,0.0,0.0,0.0,0.0,1.0,1.0,,
G2,S1_shift0.0_n4000,kernel_sieve1,1,0.0505614276791712,0.0505614276791712,0.0188020617429023,0.0188020617429023,0.0600007131380844,0.0600007131380844,0.0725683992410097,0.0725683992410097,0.002,0.002,0.004,0.004,0.004,0.004,0.0,0.0,70.31864802216614,70.31864802216614,0.51926462741944,0.51926462741944,0.8504530684560602,0.8504530684560602,0.1222828162031012,0.1222828162031012,649.6951163906726,649.6951163906726,23.01049405572528,23.01049405572528,0.0663541512738508,0.0663541512738508,0.0,0.0,0.0,0.0,0.0,0.0,0.0,0.0,0.0,0.0,0.0,0.0,,
G2,S1_shift0.0_n4000,sieve1_kernel,1,0.0099012824222066,0.0099012824222066,0.3181889541971293,0.3181889541971293,0.0063921432434543,0.0063921432434543,0.4665163336183902,0.4665163336183902,0.042,0.042,0.002,0.002,0.042,0.042,1.0,1.0,3.7454704632729343,3.7454704632729343,0.1198192380630055,0.1198192380630055,0.5277014143518245,0.5277014143518245,0.1149591067859156,0.1149591067859156,997.7893469457888,997.7893469457888,2.4054713249206543,2.4054713249206543,0.4980163565501571,0.4980163565501571,0.0,0.0,1.0,1.0,1.0,1.0,0.0,0.0,0.0,0.0,0.0,0.0,,
G2,S1_shift0.0_n4000,sieve1_sieve1,1,0.0099012824222066,0.0099012824222066,0.0188020617429023,0.0188020617429023,0.0063921432434543,0.0063921432434543,0.0725683992410097,0.0725683992410097,0.052,0.052,0.002,0.002,0.052,0.052,1.0,1.0,26.536571874993932,26.536571874993932,0.319284037181327,0.319284037181327,0.5998767314861027,0.5998767314861027,0.0932973649912737,0.0932973649912737,649.6951163906726,649.6951163906726,23.01049405572528,23.01049405572528,0.0663541512738508,0.0663541512738508,1.0,1.0,0.0,0.0,0.0,0.0,1.0,1.0,1.0,1.0,0.0,0.0,,
G2,S1_shift0.0_n4000,sieve2_sieve2,1,0.0057549953511692,0.0057549953511692,0.0424111507985828,0.0424111507985828,0.0511412775728787,0.0511412775728787,0.0776566309749599,0.0776566309749599,0.638,0.638,0.002,0.002,0.638,0.638,1.0,1.0,72.92576708914862,72.92576708914862,0.5291238676974742,0.5291238676974742,0.5762994763309066,0.5762994763309066,0.1408257995961121,0.1408257995961121,428.8282643788096,428.8282643788096,50.0,50.0,0.304041247082143,0.304041247082143,0.0,0.0,0.0,0.0,0.0,0.0,0.0,0.0,0.0,0.0,0.0,0.0,,
G2,S1_shift0.0_n4000,sieve3_sieve3,1,0.0151981743403397,0.0151981743403397,0.081646964649662,0.081646964649662,0.0830000004739927,0.0830000004739927,0.1097617034340151,0.1097617034340151,0.028,0.028,0.002,0.002,0.028,0.028,1.0,1.0,112531.3231467334,112531.3231467334,20.78627534087929,20.78627534087929,7.436049409443122,7.436049409443122,3.3309407086761453,3.3309407086761453,383.8611269630949,383.8611269630949,50.0,50.0,0.9193645348504762,0.9193645348504762,0.0,0.0,0.0,0.0,0.0,0.0,0.0,0.0,0.0,0.0,0.0,0.0,,
G2,S1_shift0.1_n4000,kernel_kernel,1,0.0532992508061216,0.0532992508061216,0.3157644129689558,0.3157644129689558,0.0600274651274491,0.0600274651274491,0.4671173900780836,0.4671173900780836,0.002,0.002,0.002,0.002,0.002,0.002,0.0,0.0,9.649989113050625,9.649989113050625,0.1921390001107104,0.1921390001107104,0.7127985673116062,0.7127985673116062,0.2722681627086634,0.2722681627086634,997.789347008237,997.789347008237,2.4054713249206543,2.4054713249206543,0.4980163566991686,0.4980163566991686,0.0,0.0,0.0,0.0,0.0,0.0,0.0,0.0,0.0,0.0,1.0,1.0,,
G2,S1_shift0.1_n4000,kernel_sieve1,1,0.0532992508061216,0.0532992508061216,0.019630823704038,0.019630823704038,0.0600274651274491,0.0600274651274491,0.0726932717450078,0.0726932717450078,0.002,0.002,0.002,0.002,0.002,0.002,0.0,0.0,70.31864953554107,70.31864953554107,0.519264633516816,0.519264633516816,0.8513261320511828,0.8513261320511828,0.1222827521947607,0.1222827521947607,649.6951163906726,649.6951163906726,23.01049405572529,23.01049405572529,0.0663541512738511,0.0663541512738511,0.0,0.0,0.0,0.0,0.0,0.0,0.0,0.0,0.0,0.0,0.0,0.0,,
G2,S1_shift0.1_n4000,sieve1_kernel,1,0.0063044616830122,0.0063044616830122,0.3157644129689558,0.3157644129689558,0.0063332596016822,0.0063332596016822,0.4671173900780836,0.4671173900780836,0.168,0.168,0.002,0.002,0.168,0.168,1.0,1.0,3.7454704582968974,3.7454704582968974,0.1198192379835465,0.1198192379835465,0.527701414430292,0.527701414430292,0.1149591063608846,0.1149591063608846,997.789347008237,997.789347008237,2.4054713249206543,2.4054713249206543,0.4980163566991686,0.4980163566991686,0.0,0.0,1.0,1.0,1.0,1.0,0.0,0.0,0.0,0.0,0.0,0.0,,
G2,S1_shift0.1_n4000,sieve1_sieve1,1,0.0063044616830122,0.0063044616830122,0.019630823704038,0.019630823704038,0.0063332596016822,0.0063332596016822,0.0726932717450078,0.0726932717450078,0.158,0.158,0.002,0.002,0.158,0.158,1.0,1.0,26.536571874993943,26.536571874993943,0.3192840371813271,0.3192840371813271,0.5998767314861027,0.5998767314861027,0.0932973649912738,0.0932973649912738,649.6951163906726,649.6951163906726,23.01049405572529,23.01049405572529,0.0663541512738511,0.0663541512738511,1.0,1.0,0.0,0.0,0.0,0.0,1.0,1.0,1.0,1.0,0.0,0.0,,
G2,S1_shift0.1_n4000,sieve2_sieve2,1,0.0063997066729702,0.0063997066729702,0.0412312405927906,0.0412312405927906,0.0511752759034362,0.0511752759034362,0.077758919478072,0.077758919478072,0.704,0.704,0.002,0.002,0.704,0.704,1.0,1.0,72.92576708914926,72.92576708914926,0.5291238676974768,0.5291238676974768,0.5762994763309066,0.5762994763309066,0.140825799596111,0.140825799596111,428.82826437881016,428.82826437881016,50.0,50.0,0.3040412470821433,0.3040412470821433,0.0,0.0,0.0,0.0,0.0,0.0,0.0,0.0,0.0,0.0,0.0,0.0,,
G2,S1_shift0.1_n4000,sieve3_sieve3,1,0.014852418111051,0.014852418111051,0.0793170299058367,0.0793170299058367,0.0830791239934128,0.0830791239934128,0.1099262062540152,0.1099262062540152,0.06,0.06,0.002,0.002,0.06,0.06,1.0,1.0,112531.32319177128,112531.32319177128,20.786275345010235,20.786275345010235,7.436049450988357,7.436049450988357,3.3309407092095733,3.3309407092095733,383.86112696309607,383.86112696309607,50.0,50.0,0.9193645348503856,0.9193645348503856,0.0,0.0,0.0,0.0,0.0,0.0,0.0,0.0,0.0,0.0,0.0,0.0,,
G2,S1_shift0.2_n4000,kernel_kernel,1,0.052734786813825,0.052734786813825,0.3077138852085968,0.3077138852085968,0.0600125726655449,0.0600125726655449,0.4680271793678259,0.4680271793678259,0.002,0.002,0.002,0.002,0.002,0.002,0.0,0.0,9.649989109714246,9.649989109714246,0.1921389994885712,0.1921389994885712,0.7087931608667466,0.7087931608667466,0.2722684279229342,0.2722684279229342,997.7893470885448,997.7893470885448,2.4054713249206543,2.4054713249206543,0.4980163570195436,0.4980163570195436,0.0,0.0,0.0,0.0,0.0,0.0,0.0,0.0,0.0,0.0,1.0,1.0,,
G2,S1_shift0.2_n4000,kernel_sieve1,1,0.052734786813825,0.052734786813825,0.0181431177132475,0.0181431177132475,0.0600125726655449,0.0600125726655449,0.0728824748080114,0.0728824748080114,0.002,0.002,0.002,0.002,0.002,0.002,0.0,0.0,70.31864812229723,70.31864812229723,0.5192646277899496,0.5192646277899496,0.8504535539879796,0.8504535539879796,0.1222828161630688,0.1222828161630688,649.6951163906728,649.6951163906728,23.010494055725275,23.010494055725275,0.066354151273851,0.066354151273851,0.0,0.0,0.0,0.0,0.0,0.0,0.0,0.0,0.0,0.0,0.0,0.0,,
G2,S1_shift0.2_n4000,sieve1_kernel,1,0.0082555143515142,0.0082555143515142,0.3077138852085968,0.3077138852085968,0.0063661076283143,0.0063661076283143,0.4680271793678259,0.4680271793678259,0.038,0.038,0.002,0.002,0.038,0.038,1.0,1.0,3.7454704577912135,3.7454704577912135,0.1198192379727247,0.1198192379727247,0.5234571305173511,0.5234571305173511,0.1149591061200405,0.1149591061200405,997.7893470885448,997.7893470885448,2.4054713249206543,2.4054713249206543,0.4980163570195436,0.4980163570195436,0.0,0.0,1.0,1.0,1.0,1.0,0.0,0.0,0.0,0.0,0.0,0.0,,
G2,S1_shift0.2_n4000,sieve1_sieve1,1,0.0082555143515142,0.0082555143515142,0.0181431177132475,0.0181431177132475,0.0063661076283143,0.0063661076283143,0.0728824748080114,0.0728824748080114,0.046,0.046,0.002,0.002,0.046,0.046,1.0,1.0,26.53657187499393,26.53657187499393,0.319284037181327,0.319284037181327,0.5998767314861027,0.5998767314861027,0.0932973649912738,0.0932973649912738,649.6951163906728,649.6951163906728,23.010494055725275,23.010494055725275,0.066354151273851,0.066354151273851,1.0,1.0,0.0,0.0,0.0,0.0,1.0,1.0,1.0,1.0,0.0,0.0,,
G2,S1_shift0.2_n4000,sieve2_sieve2,1,0.0063513534385927,0.0063513534385927,0.0405576032594465,0.0405576032594465,0.0511563630680909,0.0511563630680909,0.077913483410389,0.077913483410389,0.546,0.546,0.002,0.002,0.546,0.546,1.0,1.0,72.9257670891494,72.9257670891494,0.5291238676974772,0.5291238676974772,0.5762994763309066,0.5762994763309066,0.140825799596116,0.140825799596116,428.8282643788068,428.8282643788068,50.0,50.0,0.3040412470821482,0.3040412470821482,0.0,0.0,0.0,0.0,0.0,0.0,0.0,0.0,0.0,0.0,0.0,0.0,,
G2,S1_shift0.2_n4000,sieve3_sieve3,1,0.0145895393023938,0.0145895393023938,0.0770950506701324,0.0770950506701324,0.0830350999498672,0.0830350999498672,0.1101754300875152,0.1101754300875152,0.026,0.026,0.002,0.002,0.026,0.026,1.0,1.0,112531.3231713124,112531.3231713124,20.786275343113928,20.786275343113928,7.436049412900836,7.436049412900836,3.3309407086673857,3.3309407086673857,383.8611269630952,383.8611269630952,50.0,50.0,0.9193645348505486,0.9193645348505486,0.0,0.0,0.0,0.0,0.0,0.0,0.0,0.0,0.0,0.0,0.0,0.0,,
G2,S1_shift0.3_n4000,kernel_kernel,1,0.0475254308538307,0.0475254308538307,0.3281511975680808,0.3281511975680808,0.0599520294183131,0.0599520294183131,0.4667412223669356,0.4667412223669356,0.002,0.002,0.002,0.002,0.002,0.002,0.0,0.0,9.64998910047097,9.64998910047097,0.192138999393872,0.192138999393872,0.7115693121739483,0.7115693121739483,0.2722684284060965,0.2722684284060965,997.789347067418,997.789347067418,2.4054713249206543,2.4054713249206543,0.4980163573548197,0.4980163573548197,0.0,0.0,0.0,0.0,0.0,0.0,0.0,0.0,0.0,0.0,1.0,1.0,,
G2,S1_shift0.3_n4000,kernel_sieve1,1,0.0475254308538307,0.0475254308538307,0.020257410851175,0.020257410851175,0.0599520294183131,0.0599520294183131,0.0726151090857988,0.0726151090857988,0.002,0.002,0.002,0.002,0.002,0.002,0.0,0.0,70.318648168196,70.318648168196,0.5192646279644327,0.5192646279644327,0.8526547069831677,0.8526547069831677,0.1222828160382867,0.1222828160382867,649.6951163906726,649.6951163906726,23.01049405572528,23.01049405572528,0.0663541512738508,0.0663541512738508,0.0,0.0,0.0,0.0,0.0,0.0,0.0,0.0,0.0,0.0,0.0,0.0,,
G2,S1_shift0.3_n4000,sieve1_kernel,1,0.0061270680115237,0.0061270680115237,0.3281511975680808,0.3281511975680808,0.0064975421658269,0.0064975421658269,0.4667412223669356,0.4667412223669356,0.564,0.564,0.002,0.002,0.564,0.564,1.0,1.0,3.745470451745341,3.745470451745341,0.1198192378759176,0.1198192378759176,0.5277014170824835,0.5277014170824835,0.1149591060623301,0.1149591060623301,997.789347067418,997.789347067418,2.4054713249206543,2.4054713249206543,0.4980163573548197,0.4980163573548197,0.0,0.0,1.0,1.0,1.0,1.0,0.0,0.0,0.0,0.0,0.0,0.0,,
G2,S1_shift0.3_n4000,sieve1_sieve1,1,0.0061270680115237,0.0061270680115237,0.020257410851175,0.020257410851175,0.0064975421658269,0.0064975421658269,0.0726151090857988,0.0726151090857988,0.536,0.536,0.002,0.002,0.536,0.536,1.0,1.0,26.53657187499393,26.53657187499393,0.319284037181327,0.319284037181327,0.5998767314861027,0.5998767314861027,0.0932973649912738,0.0932973649912738,649.6951163906726,649.6951163906726,23.01049405572528,23.01049405572528,0.0663541512738508,0.0663541512738508,1.0,1.0,0.0,0.0,0.0,0.0,1.0,1.0,1.0,1.0,0.0,0.0,,
G2,S1_shift0.3_n4000,sieve2_sieve2,1,0.0054361960245626,0.0054361960245626,0.0438150469228644,0.0438150469228644,0.0510793413059874,0.0510793413059874,0.0776949187980102,0.0776949187980102,0.728,0.728,0.002,0.002,0.728,0.728,1.0,1.0,72.92576708914807,72.92576708914807,0.5291238676974723,0.5291238676974723,0.5762994763309066,0.5762994763309066,0.1408257995961148,0.1408257995961148,428.82826437881073,428.82826437881073,50.0,50.0,0.3040412470821411,0.3040412470821411,0.0,0.0,0.0,0.0,0.0,0.0,0.0,0.0,0.0,0.0,0.0,0.0,,
G2,S1_shift0.3_n4000,sieve3_sieve3,1,0.015138504666291,0.015138504666291,0.084130881488999,0.084130881488999,0.0828560373738807,0.0828560373738807,0.1098232389876461,0.1098232389876461,0.032,0.032,0.002,0.002,0.032,0.032,1.0,1.0,112531.32315449417,112531.32315449417,20.786275341591523,20.786275341591523,7.436049409710572,7.436049409710572,3.330940709140489,3.330940709140489,383.8611269630955,383.8611269630955,50.0,50.0,0.9193645348504894,0.9193645348504894,0.0,0.0,0.0,0.0,0.0,0.0,0.0,0.0,0.0,0.0,0.0,0.0,,
H2,L_n1000_low,kernel_kernel,1,0.1559906445542846,0.1559906445542846,0.104492274991526,0.104492274991526,0.1608925510646482,0.1608925510646482,0.135644140461549,0.135644140461549,0.002,0.002,0.002,0.002,0.002,0.002,0.0,0.0,8.649495783026987,8.649495783026987,0.3645704486108356,0.3645704486108356,0.4334899365564028,0.4334899365564028,0.0304660711132628,0.0304660711132628,499.5095465998493,499.5095465998493,1.8117492198944087,1.8117492198944087,0.1465988402366638,0.1465988402366638,0.0,0.0,1.0,1.0,0.0,0.0,1.0,1.0,0.0,0.0,1.0,1.0,,
H2,L_n1000_low,kernel_sieve1,1,0.1559906445542846,0.1559906445542846,0.0269700119115317,0.0269700119115317,0.1608925510646482,0.1608925510646482,0.0291340615822379,0.0291340615822379,0.002,0.002,0.564,0.564,0.564,0.564,1.0,1.0,15.575558962580471,15.575558962580471,0.4892241503059682,0.4892241503059682,0.4414201016682162,0.4414201016682162,0.1252569839938532,0.1252569839938532,424.98320416440697,424.98320416440697,7.18602149237521,7.18602149237521,0.0492987385069321,0.0492987385069321,0.0,0.0,0.0,0.0,1.0,1.0,0.0,0.0,0.0,0.0,0.0,0.0,,
H2,L_n1000_low,sieve1_kernel,1,0.0347333386677078,0.0347333386677078,0.104492274991526,0.104492274991526,0.0886409670697646,0.0886409670697646,0.135644140461549,0.135644140461549,0.05,0.05,0.002,0.002,0.05,0.05,1.0,1.0,28.92103647198365,28.92103647198365,0.666642494027413,0.666642494027413,0.5008444522350259,0.5008444522350259,0.2715874070613754,0.2715874070613754,499.5095465998493,499.5095465998493,1.8117492198944087,1.8117492198944087,0.1465988402366638,0.1465988402366638,0.0,0.0,0.0,0.0,0.0,0.0,0.0,0.0,0.0,0.0,0.0,0.0,,
H2,L_n1000_low,sieve1_sieve1,1,0.0347333386677078,0.0347333386677078,0.0269700119115317,0.0269700119115317,0.0886409670697646,0.0886409670697646,0.0291340615822379,0.0291340615822379,0.034,0.034,0.512,0.512,0.512,0.512,1.0,1.0,47.21448404422478,47.21448404422478,0.8517726501932166,0.8517726501932166,0.6486968938105014,0.6486968938105014,0.4974187366476444,0.4974187366476444,424.98320416440697,424.98320416440697,7.18602149237521,7.18602149237521,0.0492987385069321,0.0492987385069321,1.0,1.0,0.0,0.0,0.0,0.0,0.0,0.0,1.0,1.0,0.0,0.0,,
H2,L_n1000_low,sieve2_sieve2,1,0.0277635798231122,0.0277635798231122,0.119887386192279,0.119887386192279,0.0477161191658171,0.0477161191658171,0.1342241943377431,0.1342241943377431,0.102,0.102,0.002,0.002,0.102,0.102,1.0,1.0,9459.152630002498,9459.152630002498,12.056248295953033,12.056248295953033,27.444062823456893,27.444062823456893,7.491027190312264,7.491027190312264,243.45502577479436,243.45502577479436,29.392141603572924,29.392141603572924,0.626222825064887,0.626222825064887,0.0,0.0,0.0,0.0,0.0,0.0,0.0,0.0,0.0,0.0,0.0,0.0,,
H2,L_n1000_low,sieve3_sieve3,1,0.0411640571168019,0.0411640571168019,0.0431087624588305,0.0431087624588305,0.0741038189117364,0.0741038189117364,0.0,0.0,0.002,0.002,0.02,0.02,0.02,0.02,0.0,0.0,98.33112516085842,98.33112516085842,1.2292255292141532,1.2292255292141532,0.3867524696296848,0.3867524696296848,0.1600541029958134,0.1600541029958134,185.3798066313374,185.3798066313374,26.371930715691956,26.371930715691956,0.2033748840978705,0.2033748840978705,0.0,0.0,0.0,0.0,0.0,0.0,0.0,0.0,0.0,0.0,0.0,0.0,,
H2,L_n2000_low,kernel_kernel,1,0.1426065286578465,0.1426065286578465,0.0860553353552193,0.0860553353552193,0.1574958837853526,0.1574958837853526,0.1438214795900221,0.1438214795900221,0.002,0.002,0.002,0.002,0.002,0.002,0.0,0.0,9.426111445935923,9.426111445935923,0.2691146585777424,0.2691146585777424,0.3999353519323279,0.3999353519323279,0.0128816684017195,0.0128816684017195,999.1631874909046,999.1631874909046,1.869331121444702,1.869331121444702,0.1326504903137683,0.1326504903137683,0.0,0.0,1.0,1.0,0.0,0.0,0.0,0.0,0.0,0.0,1.0,1.0,,
H2,L_n2000_low,kernel_sieve1,1,0.1426065286578465,0.1426065286578465,0.011093056948446,0.011093056948446,0.1574958837853526,0.1574958837853526,0.0472617657267157,0.0472617657267157,0.002,0.002,0.196,0.196,0.196,0.196,1.0,1.0,13.786118912362342,13.786118912362342,0.325455847738925,0.325455847738925,0.5665436729472053,0.5665436729472053,0.1118782394015236,0.1118782394015236,909.734134238588,909.734134238588,4.997383190185998,4.997383190185998,0.0114053946921509,0.0114053946921509,0.0,0.0,0.0,0.0,0.0,0.0,0.0,0.0,0.0,0.0,0.0,0.0,,
H2,L_n2000_low,sieve1_kernel,1,0.0090390638063541,0.0090390638063541,0.0860553353552193,0.0860553353552193,0.0,0.0,0.1438214795900221,0.1438214795900221,0.91,0.91,0.002,0.002,0.91,0.91,1.0,1.0,11.41648947777922,11.41648947777922,0.2961674728184601,0.2961674728184601,0.4989468013839846,0.4989468013839846,0.0041905646086572,0.0041905646086572,999.1631874909046,999.1631874909046,1.869331121444702,1.869331121444702,0.1326504903137683,0.1326504903137683,0.0,0.0,0.0,0.0,1.0,1.0,1.0,1.0,0.0,0.0,0.0,0.0,,
H2,L_n2000_low,sieve1_sieve1,1,0.0090390638063541,0.0090390638063541,0.011093056948446,0.011093056948446,0.0,0.0,0.0472617657267157,0.0472617657267157,0.898,0.898,0.26,0.26,0.898,0.898,1.0,1.0,19.58421734611231,19.58421734611231,0.3879039297476246,0.3879039297476246,0.4113437443811614,0.4113437443811614,0.0522923072351232,0.0522923072351232,909.734134238588,909.734134238588,4.997383190185998,4.997383190185998,0.0114053946921509,0.0114053946921509,1.0,1.0,0.0,0.0,0.0,0.0,0.0,0.0,1.0,1.0,0.0,0.0,,
H2,L_n2000_low,sieve2_sieve2,1,0.0162535817737823,0.0162535817737823,0.0405385474263577,0.0405385474263577,0.0545546568763321,0.0545546568763321,0.0761480060461708,0.0761480060461708,0.006,0.006,0.002,0.002,0.018,0.018,0.0,0.0,1206.3843706531318,1206.3843706531318,3.0444855717513497,3.0444855717513497,1.4532758049805723,1.4532758049805723,1.0079720246420976,1.0079720246420976,645.4883284195674,645.4883284195674,17.83185383608546,17.83185383608546,0.1316351386048122,0.1316351386048122,0.0,0.0,0.0,0.0,0.0,0.0,0.0,0.0,0.0,0.0,0.0,0.0,,
H2,L_n2000_low,sieve3_sieve3,1,0.0315414699517057,0.0315414699517057,0.1646406615948659,0.1646406615948659,0.0421783973235548,0.0421783973235548,0.2656700930287847,0.2656700930287847,0.002,0.002,0.002,0.002,0.002,0.002,0.0,0.0,10468.546941564136,10468.546941564136,8.968385577205385,8.968385577205385,16.329800007444632,16.329800007444632,3.883198645300896,3.883198645300896,372.7717291850128,372.7717291850128,50.0,50.0,2.0830486308551595,2.0830486308551595,0.0,0.0,0.0,0.0,0.0,0.0,0.0,0.0,0.0,0.0,0.0,0.0,,
H2,L_n4000_low,kernel_kernel,1,0.1267747291687792,0.1267747291687792,0.0659602656296988,0.0659602656296988,0.1654422921663793,0.1654422921663793,0.0555482970274683,0.0555482970274683,0.002,0.002,0.002,0.002,0.002,0.002,0.0,0.0,9.83768127245565,9.83768127245565,0.1944027684377607,0.1944027684377607,0.2830306541133523,0.2830306541133523,0.0092527534836539,0.0092527534836539,1998.7011327095763,1998.7011327095763,1.9329757690429688,1.9329757690429688,0.1079586320221424,0.1079586320221424,0.0,0.0,0.0,0.0,0.0,0.0,1.0,1.0,0.0,0.0,1.0,1.0,,
H2,L_n4000_low,kernel_sieve1,1,0.1267747291687792,0.1267747291687792,0.0048228990177998,0.0048228990177998,0.1654422921663793,0.1654422921663793,0.0,0.0,0.002,0.002,0.848,0.848,0.848,0.848,1.0,1.0,13.404801441823809,13.404801441823809,0.2269270482311668,0.2269270482311668,0.345843322580063,0.345843322580063,0.0220915807103477,0.0220915807103477,1838.2798153379808,1838.2798153379808,4.741359526361137,4.741359526361137,0.0028629668356707,0.0028629668356707,0.0,0.0,0.0,0.0,0.0,0.0,0.0,0.0,0.0,0.0,0.0,0.0,,
H2,L_n4000_low,sieve1_kernel,1,0.0086581349878551,0.0086581349878551,0.0659602656296988,0.0659602656296988,0.0827647949297391,0.0827647949297391,0.0555482970274683,0.0555482970274683,0.084,0.084,0.002,0.002,0.084,0.084,1.0,1.0,4.570168373838924,4.570168373838924,0.1325019200801996,0.1325019200801996,0.2464919574382828,0.2464919574382828,0.0331692116401908,0.0331692116401908,1998.7011327095763,1998.7011327095763,1.9329757690429688,1.9329757690429688,0.1079586320221424,0.1079586320221424,0.0,0.0,1.0,1.0,1.0,1.0,0.0,0.0,0.0,0.0,0.0,0.0,,
H2,L_n4000_low,sieve1_sieve1,1,0.0086581349878551,0.0086581349878551,0.0048228990177998,0.0048228990177998,0.0827647949297391,0.0827647949297391,0.0,0.0,0.092,0.092,0.81,0.81,0.952,0.952,1.0,1.0,6.483929650367894,6.483929650367894,0.1578247893863739,0.1578247893863739,0.2786496821019351,0.2786496821019351,0.0292157865440957,0.0292157865440957,1838.2798153379808,1838.2798153379808,4.741359526361137,4.741359526361137,0.0028629668356707,0.0028629668356707,1.0,1.0,0.0,0.0,0.0,0.0,0.0,0.0,1.0,1.0,0.0,0.0,,
H2,L_n4000_low,sieve2_sieve2,1,0.0175261263321393,0.0175261263321393,0.0189339772260459,0.0189339772260459,0.0,0.0,0.0,0.0,0.008,0.008,0.014,0.014,0.014,0.014,0.0,0.0,132.07080807215203,132.07080807215203,0.7122943326252001,0.7122943326252001,1.4680693952805743,1.4680693952805743,0.0945209981415966,0.0945209981415966,1641.0142869432707,1641.0142869432707,9.08185173925399,9.08185173925399,0.049498477427983,0.049498477427983,0.0,0.0,0.0,0.0,0.0,0.0,0.0,0.0,0.0,0.0,0.0,0.0,,
H2,L_n4000_low,sieve3_sieve3,1,0.014738669239364,0.014738669239364,0.1045290326609336,0.1045290326609336,0.1030247775048243,0.1030247775048243,0.178736569856292,0.178736569856292,0.002,0.002,0.002,0.002,0.002,0.002,0.0,0.0,18977.00578398905,18977.00578398905,8.538270634020238,8.538270634020238,11.02448736007604,11.02448736007604,2.4673370826304035,2.4673370826304035,817.5473692574488,817.5473692574488,50.0,50.0,0.7689897630922854,0.7689897630922854,0.0,0.0,0.0,0.0,0.0,0.0,0.0,0.0,0.0,0.0,0.0,0.0,,
H2,L_n8000_low,kernel_kernel,1,0.1149131551259557,0.1149131551259557,0.0471548139214801,0.0471548139214801,0.1759676912297745,0.1759676912297745,0.0983368862061715,0.0983368862061715,0.002,0.002,0.002,0.002,0.002,0.002,0.0,0.0,9.487920998964531,9.487920998964531,0.1349977727772242,0.1349977727772242,0.2170245767038731,0.2170245767038731,0.0219119816242467,0.0219119816242467,3998.165904956677,3998.165904956677,2.0495200157165527,2.0495200157165527,0.0768027877360582,0.0768027877360582,0.0,0.0,1.0,1.0,0.0,0.0,0.0,0.0,0.0,0.0,1.0,1.0,,
H2,L_n8000_low,kernel_sieve1,1,0.1149131551259557,0.1149131551259557,0.0031617495730673,0.0031617495730673,0.1759676912297745,0.1759676912297745,0.0,0.0,0.002,0.002,0.996,0.996,0.996,0.996,1.0,1.0,11.921228699729486,11.921228699729486,0.1513218295106175,0.1513218295106175,0.2282135765367851,0.2282135765367851,0.0014993795099109,0.0014993795099109,3719.4159100368497,3719.4159100368497,4.449647103347682,4.449647103347682,0.0017261205820296,0.0017261205820296,0.0,0.0,0.0,0.0,1.0,1.0,1.0,1.0,0.0,0.0,0.0,0.0,,
H2,L_n8000_low,sieve1_kernel,1,0.0109138325655719,0.0109138325655719,0.0471548139214801,0.0471548139214801,0.1289982301174529,0.1289982301174529,0.0983368862061715,0.0983368862061715,0.23,0.23,0.002,0.002,0.23,0.23,1.0,1.0,44.31303724725058,44.31303724725058,0.2917472912376718,0.2917472912376718,0.5429137699808692,0.5429137699808692,0.0159293560483329,0.0159293560483329,3998.165904956677,3998.165904956677,2.0495200157165527,2.0495200157165527,0.0768027877360582,0.0768027877360582,0.0,0.0,0.0,0.0,0.0,0.0,0.0,0.0,0.0,0.0,0.0,0.0,,
H2,L_n8000_low,sieve1_sieve1,1,0.0109138325655719,0.0109138325655719,0.0031617495730673,0.0031617495730673,0.1289982301174529,0.1289982301174529,0.0,0.0,0.224,0.224,0.998,0.998,0.998,0.998,1.0,1.0,59.39868140893449,59.39868140893449,0.3377765344873462,0.3377765344873462,1.052810857037218,1.052810857037218,0.0630998282472901,0.0630998282472901,3719.4159100368497,3719.4159100368497,4.449647103347682,4.449647103347682,0.0017261205820296,0.0017261205820296,1.0,1.0,0.0,0.0,0.0,0.0,0.0,0.0,1.0,1.0,0.0,0.0,,
H2,L_n8000_low,sieve2_sieve2,1,0.0134460104725735,0.0134460104725735,0.0098773673219048,0.0098773673219048,0.0558110515434139,0.0558110515434139,0.0920915101917351,0.0920915101917351,0.006,0.006,0.532,0.532,0.532,0.532,1.0,1.0,184.75629441540892,184.75629441540892,0.5957179620534515,0.5957179620534515,0.4551753391484659,0.4551753391484659,0.0713397423078368,0.0713397423078368,3440.260888383505,3440.260888383505,9.02953178978744,9.02953178978744,0.0246235683848959,0.0246235683848959,0.0,0.0,0.0,0.0,0.0,0.0,0.0,0.0,0.0,0.0,0.0,0.0,,
H2,L_n8000_low,sieve3_sieve3,1,0.0064363610130835,0.0064363610130835,0.0548869576149135,0.0548869576149135,0.1061561189227761,0.1061561189227761,0.0661223254596317,0.0661223254596317,0.302,0.302,0.002,0.002,0.302,0.302,1.0,1.0,3610.389818904006,3610.389818904006,2.6334078233632585,2.6334078233632585,0.996527860540569,0.996527860540569,0.7795864665756611,0.7795864665756611,2327.0500108796687,2327.0500108796687,30.99525704336227,30.99525704336227,0.2455491230991181,0.2455491230991181,0.0,0.0,0.0,0.0,0.0,0.0,0.0,0.0,0.0,0.0,0.0,0.0,,
H2,N_n1000_low,kernel_kernel,1,0.1610137227324813,0.1610137227324813,0.0918127316939153,0.0918127316939153,0.1727595474982602,0.1727595474982602,0.128135236844129,0.128135236844129,0.002,0.002,0.002,0.002,0.002,0.002,0.0,0.0,6.718108989257929,6.718108989257929,0.321299159620023,0.321299159620023,0.4264616437067994,0.4264616437067994,0.0094284296437656,0.0094284296437656,499.5207490565601,499.5207490565601,1.80918550491333,1.80918550491333,0.1464032943844795,0.1464032943844795,0.0,0.0,0.0,0.0,0.0,0.0,1.0,1.0,0.0,0.0,1.0,1.0,,
H2,N_n1000_low,kernel_sieve1,1,0.1610137227324813,0.1610137227324813,0.0165654607906046,0.0165654607906046,0.1727595474982602,0.1727595474982602,0.0480505473962491,0.0480505473962491,0.002,0.002,0.714,0.714,0.714,0.714,1.0,1.0,10.93939505519883,10.93939505519883,0.4099989270427512,0.4099989270427512,0.4257821421004764,0.4257821421004764,0.0953395450310704,0.0953395450310704,446.574183990679,446.574183990679,5.552651078875955,5.552651078875955,0.0300278664347846,0.0300278664347846,0.0,0.0,0.0,0.0,0.0,0.0,0.0,0.0,0.0,0.0,0.0,0.0,,
H2,N_n1000_low,sieve1_kernel,1,0.0108321292588269,0.0108321292588269,0.0918127316939153,0.0918127316939153,0.037596319920466,0.037596319920466,0.128135236844129,0.128135236844129,0.772,0.772,0.002,0.002,0.772,0.772,1.0,1.0,3.7142053988541934,3.7142053988541934,0.2389015819138774,0.2389015819138774,0.5093276468890896,0.5093276468890896,0.1002790077816152,0.1002790077816152,499.5207490565601,499.5207490565601,1.80918550491333,1.80918550491333,0.1464032943844795,0.1464032943844795,0.0,0.0,1.0,1.0,1.0,1.0,0.0,0.0,0.0,0.0,0.0,0.0,,
H2,N_n1000_low,sieve1_sieve1,1,0.0108321292588269,0.0108321292588269,0.0165654607906046,0.0165654607906046,0.037596319920466,0.037596319920466,0.0480505473962491,0.0480505473962491,0.784,0.784,0.692,0.692,0.784,0.784,1.0,1.0,6.226665867818622,6.226665867818622,0.3093241639304115,0.3093241639304115,0.523844933202213,0.523844933202213,0.1091200151122225,0.1091200151122225,446.574183990679,446.574183990679,5.552651078875955,5.552651078875955,0.0300278664347846,0.0300278664347846,1.0,1.0,0.0,0.0,0.0,0.0,0.0,0.0,1.0,1.0,0.0,0.0,,
H2,N_n1000_low,sieve2_sieve2,1,0.0368009376357685,0.0368009376357685,0.1119322337836055,0.1119322337836055,0.0360196128263556,0.0360196128263556,0.1477621866967306,0.1477621866967306,0.006,0.006,0.002,0.002,0.006,0.006,0.0,0.0,5634.643976656015,5634.643976656015,9.305062772646243,9.305062772646243,0.6228951223969843,0.6228951223969843,2.6251444545938107,2.6251444545938107,231.35851556333057,231.35851556333057,29.93791278160464,29.93791278160464,0.710699886078448,0.710699886078448,0.0,0.0,0.0,0.0,0.0,0.0,0.0,0.0,0.0,0.0,0.0,0.0,,
H2,N_n1000_low,sieve3_sieve3,1,0.0387569881666661,0.0387569881666661,0.0352210969770893,0.0352210969770893,0.0347079825262123,0.0347079825262123,0.0,0.0,0.024,0.024,0.016,0.016,0.024,0.024,0.0,0.0,80.55479194783499,80.55479194783499,1.1125813026413898,1.1125813026413898,1.1663097285964266,1.1663097285964266,0.5265167545921005,0.5265167545921005,208.4678009639385,208.4678009639385,23.956835844332005,23.956835844332005,0.161139640039479,0.161139640039479,0.0,0.0,0.0,0.0,0.0,0.0,0.0,0.0,0.0,0.0,0.0,0.0,,
H2,N_n2000_low,kernel_kernel,1,0.1392924436097994,0.1392924436097994,0.0888793924091302,0.0888793924091302,0.1697120987265729,0.1697120987265729,0.15073901226175,0.15073901226175,0.002,0.002,0.002,0.002,0.002,0.002,0.0,0.0,7.149203215435274,7.149203215435274,0.234368850628304,0.234368850628304,0.4115073485100287,0.4115073485100287,0.0701766451071332,0.0701766451071332,999.1850062177408,999.1850062177408,1.8717223405838013,1.8717223405838013,0.1326179145574569,0.1326179145574569,0.0,0.0,0.0,0.0,0.0,0.0,1.0,1.0,0.0,0.0,1.0,1.0,,
H2,N_n2000_low,kernel_sieve1,1,0.1392924436097994,0.1392924436097994,0.0095261770655281,0.0095261770655281,0.1697120987265729,0.1697120987265729,0.0688915506546972,0.0688915506546972,0.002,0.002,0.994,0.994,0.994,0.994,1.0,1.0,10.417510792423952,10.417510792423952,0.2829130942893095,0.2829130942893095,0.7083615031549212,0.7083615031549212,0.080322248729224,0.080322248729224,901.2422711277856,901.2422711277856,4.61954248839355,4.61954248839355,0.0143554194313902,0.0143554194313902,0.0,0.0,0.0,0.0,0.0,0.0,0.0,0.0,0.0,0.0,0.0,0.0,,
H2,N_n2000_low,sieve1_kernel,1,0.0064724445607444,0.0064724445607444,0.0888793924091302,0.0888793924091302,0.0260797487718478,0.0260797487718478,0.15073901226175,0.15073901226175,0.96,0.96,0.002,0.002,0.96,0.96,1.0,1.0,3.9045714613221567,3.9045714613221567,0.1732039360165651,0.1732039360165651,0.4329287866011303,0.4329287866011303,0.0708406982984628,0.0708406982984628,999.1850062177408,999.1850062177408,1.8717223405838013,1.8717223405838013,0.1326179145574569,0.1326179145574569,0.0,0.0,1.0,1.0,1.0,1.0,0.0,0.0,0.0,0.0,0.0,0.0,,
H2,N_n2000_low,sieve1_sieve1,1,0.0064724445607444,0.0064724445607444,0.0095261770655281,0.0095261770655281,0.0260797487718478,0.0260797487718478,0.0688915506546972,0.0688915506546972,0.962,0.962,0.99,0.99,0.99,0.99,1.0,1.0,5.723162363872178,5.723162363872178,0.2096954960749103,0.2096954960749103,0.269452860692193,0.269452860692193,0.0817787222862159,0.0817787222862159,901.2422711277856,901.2422711277856,4.61954248839355,4.61954248839355,0.0143554194313902,0.0143554194313902,1.0,1.0,0.0,0.0,0.0,0.0,0.0,0.0,1.0,1.0,0.0,0.0,,
H2,N_n2000_low,sieve2_sieve2,1,0.0199881666137169,0.0199881666137169,0.0511399158070449,0.0511399158070449,0.0,0.0,0.0863388168755464,0.0863388168755464,0.042,0.042,0.002,0.002,0.042,0.042,1.0,1.0,206.00936510559316,206.00936510559316,1.2580982290661145,1.2580982290661145,0.8890811080487058,0.8890811080487058,0.6910263772827611,0.6910263772827611,682.6155991669069,682.6155991669069,11.68304151621386,11.68304151621386,0.1505745788302861,0.1505745788302861,0.0,0.0,0.0,0.0,0.0,0.0,0.0,0.0,0.0,0.0,0.0,0.0,,
H2,N_n2000_low,sieve3_sieve3,1,0.0218536422535106,0.0218536422535106,0.1606583727179464,0.1606583727179464,0.0513887393928579,0.0513887393928579,0.2500910118056638,0.2500910118056638,0.048,0.048,0.002,0.002,0.048,0.048,1.0,1.0,6830.12300596369,6830.12300596369,7.244114927264767,7.244114927264767,4.969269351194367,4.969269351194367,1.587573948829409,1.587573948829409,355.9568508868632,355.9568508868632,50.0,50.0,1.849617531132904,1.849617531132904,0.0,0.0,0.0,0.0,0.0,0.0,0.0,0.0,0.0,0.0,0.0,0.0,,
H2,N_n4000_low,kernel_kernel,1,0.1332930325786782,0.1332930325786782,0.0700065230549576,0.0700065230549576,0.1757873699275665,0.1757873699275665,0.0477364208112141,0.0477364208112141,0.002,0.002,0.002,0.002,0.002,0.002,0.0,0.0,7.257190832283465,7.257190832283465,0.1669707288757528,0.1669707288757528,0.2600888341545407,0.2600888341545407,0.0022461585446285,0.0022461585446285,1998.6962692365792,1998.6962692365792,1.9356580972671509,1.9356580972671509,0.10708740632236,0.10708740632236,0.0,0.0,0.0,0.0,0.0,0.0,1.0,1.0,0.0,0.0,1.0,1.0,,
H2,N_n4000_low,kernel_sieve1,1,0.1332930325786782,0.1332930325786782,0.0038508761524079,0.0038508761524079,0.1757873699275665,0.1757873699275665,0.0,0.0,0.002,0.002,0.998,0.998,0.998,0.998,1.0,1.0,9.469201104953273,9.469201104953273,0.190727247567799,0.190727247567799,0.3468552492147209,0.3468552492147209,0.0187605210942377,0.0187605210942377,1912.519411597082,1912.519411597082,3.934583732973184,3.934583732973184,0.0029962786725273,0.0029962786725273,0.0,0.0,0.0,0.0,0.0,0.0,0.0,0.0,0.0,0.0,0.0,0.0,,
H2,N_n4000_low,sieve1_kernel,1,0.0046681835793801,0.0046681835793801,0.0700065230549576,0.0700065230549576,0.0717150719481151,0.0717150719481151,0.0477364208112141,0.0477364208112141,0.858,0.858,0.002,0.002,0.858,0.858,1.0,1.0,3.930855234312427,3.930855234312427,0.1228852044313497,0.1228852044313497,0.2546436256974995,0.2546436256974995,0.0159142975651978,0.0159142975651978,1998.6962692365792,1998.6962692365792,1.9356580972671509,1.9356580972671509,0.10708740632236,0.10708740632236,0.0,0.0,1.0,1.0,1.0,1.0,0.0,0.0,0.0,0.0,0.0,0.0,,
H2,N_n4000_low,sieve1_sieve1,1,0.0046681835793801,0.0046681835793801,0.0038508761524079,0.0038508761524079,0.0717150719481151,0.0717150719481151,0.0,0.0,0.854,0.854,1.0,1.0,1.0,1.0,1.0,1.0,5.052823593591702,5.052823593591702,0.139323103314353,0.139323103314353,0.2657520727213263,0.2657520727213263,0.0154211411400224,0.0154211411400224,1912.519411597082,1912.519411597082,3.934583732973184,3.934583732973184,0.0029962786725273,0.0029962786725273,1.0,1.0,0.0,0.0,0.0,0.0,0.0,0.0,1.0,1.0,0.0,0.0,,
H2,N_n4000_low,sieve2_sieve2,1,0.0084736366665552,0.0084736366665552,0.0201237971316223,0.0201237971316223,0.0422530325808918,0.0422530325808918,0.0,0.0,0.176,0.176,0.052,0.052,0.176,0.176,1.0,1.0,32.553337125904555,32.553337125904555,0.3536338500523881,0.3536338500523881,0.3119738445326793,0.3119738445326793,0.0672642111704042,0.0672642111704042,1629.450108429626,1629.450108429626,10.769940622711218,10.769940622711218,0.0503326254971094,0.0503326254971094,0.0,0.0,0.0,0.0,0.0,0.0,0.0,0.0,0.0,0.0,0.0,0.0,,
H2,N_n4000_low,sieve3_sieve3,1,0.0167496592030646,0.0167496592030646,0.1133775314354047,0.1133775314354047,0.0689499732159513,0.0689499732159513,0.1105822098456272,0.1105822098456272,0.08,0.08,0.002,0.002,0.08,0.08,1.0,1.0,16306.578739687708,16306.578739687708,7.914755390180058,7.914755390180058,0.8448908183245565,0.8448908183245565,0.4945730525085856,0.4945730525085856,845.5879904543085,845.5879904543085,50.0,50.0,0.7328734209194627,0.7328734209194627,0.0,0.0,0.0,0.0,0.0,0.0,0.0,0.0,0.0,0.0,0.0,0.0,,
H2,N_n8000_low,kernel_kernel,1,0.1039169371846932,0.1039169371846932,0.0527366905901404,0.0527366905901404,0.1820062491002356,0.1820062491002356,0.1154542849016515,0.1154542849016515,0.002,0.002,0.002,0.002,0.002,0.002,0.0,0.0,7.400017446519755,7.400017446519755,0.119222286135081,0.119222286135081,0.2071516065512769,0.2071516065512769,0.0037714982292543,0.0037714982292543,3998.12740215908,3998.12740215908,2.0401206016540527,2.0401206016540527,0.0769115480333567,0.0769115480333567,0.0,0.0,0.0,0.0,0.0,0.0,1.0,1.0,0.0,0.0,1.0,1.0,,
H2,N_n8000_low,kernel_sieve1,1,0.1039169371846932,0.1039169371846932,0.0028313406972038,0.0028313406972038,0.1820062491002356,0.1820062491002356,0.0664142510818815,0.0664142510818815,0.002,0.002,0.998,0.998,0.998,0.998,1.0,1.0,9.070630398054846,9.070630398054846,0.1319957077657593,0.1319957077657593,0.2256640719153415,0.2256640719153415,0.0202872566242696,0.0202872566242696,3839.829954101447,3839.829954101447,3.5690510183029485,3.5690510183029485,0.0024822745468428,0.0024822745468428,0.0,0.0,0.0,0.0,0.0,0.0,0.0,0.0,0.0,0.0,0.0,0.0,,
H2,N_n8000_low,sieve1_kernel,1,0.0047969739234558,0.0047969739234558,0.0527366905901404,0.0527366905901404,0.0994401275661618,0.0994401275661618,0.1154542849016515,0.1154542849016515,0.92,0.92,0.002,0.002,0.92,0.92,1.0,1.0,5.231386030655806,5.231386030655806,0.1002419387665844,0.1002419387665844,0.2154784835048896,0.2154784835048896,0.0283747820081057,0.0283747820081057,3998.12740215908,3998.12740215908,2.0401206016540527,2.0401206016540527,0.0769115480333567,0.0769115480333567,0.0,0.0,1.0,1.0,1.0,1.0,0.0,0.0,0.0,0.0,0.0,0.0,,
H2,N_n8000_low,sieve1_sieve1,1,0.0047969739234558,0.0047969739234558,0.0028313406972038,0.0028313406972038,0.0994401275661618,0.0994401275661618,0.0664142510818815,0.0664142510818815,0.908,0.908,1.0,1.0,1.0,1.0,1.0,1.0,6.35843637931734,6.35843637931734,0.110513730356878,0.110513730356878,0.2066070645825579,0.2066070645825579,0.0313856308950794,0.0313856308950794,3839.829954101447,3839.829954101447,3.5690510183029485,3.5690510183029485,0.0024822745468428,0.0024822745468428,1.0,1.0,0.0,0.0,0.0,0.0,0.0,0.0,1.0,1.0,0.0,0.0,,
H2,N_n8000_low,sieve2_sieve2,1,0.0097180455610887,0.0097180455610887,0.012205572629947,0.012205572629947,0.0,0.0,0.0751803264040479,0.0751803264040479,0.028,0.028,0.12,0.12,0.12,0.12,1.0,1.0,95.76839360137696,95.76839360137696,0.4288961767485517,0.4288961767485517,1.28171161565832,1.28171161565832,0.1396640342240227,0.1396640342240227,3558.8832672901144,3558.8832672901144,7.70308892450661,7.70308892450661,0.0266489761282883,0.0266489761282883,0.0,0.0,0.0,0.0,0.0,0.0,0.0,0.0,0.0,0.0,0.0,0.0,,
H2,N_n8000_low,sieve3_sieve3,1,0.0068134095710356,0.0068134095710356,0.0668203779647323,0.0668203779647323,0.0566353577601965,0.0566353577601965,0.1271680044419388,0.1271680044419388,0.282,0.282,0.002,0.002,0.282,0.282,1.0,1.0,4048.636740064487,4048.636740064487,2.7886594360580976,2.7886594360580976,0.8961321012661759,0.8961321012661759,0.0569446963567517,0.0569446963567517,2317.3071816398024,2317.3071816398024,20.34358250657941,20.34358250657941,0.2536453465949962,0.2536453465949962,0.0,0.0,0.0,0.0,0.0,0.0,0.0,0.0,0.0,0.0,0.0,0.0,,
I2,N_kernel_overregularized,kernel_kernel,1,0.1242428520583826,0.1242428520583826,0.0664057286140288,0.0664057286140288,0.1691099949586974,0.1691099949586974,0.0449680952098135,0.0449680952098135,0.002,0.002,0.002,0.002,0.002,0.002,0.0,0.0,7.28608591406585,7.28608591406585,0.167302802270241,0.167302802270241,0.2584554345199029,0.2584554345199029,0.0056232176915342,0.0056232176915342,1998.71346287064,1998.71346287064,1.928904414176941,1.928904414176941,0.1066406934410333,0.1066406934410333,1.0,1.0,1.0,1.0,0.0,0.0,1.0,1.0,0.0,0.0,1.0,1.0,,
I2,N_sieve1_only,sieve1_sieve1,1,0.004777478890195,0.004777478890195,0.0052409318668856,0.0052409318668856,0.0715998793316674,0.0715998793316674,0.0,0.0,0.96,0.96,0.444,0.444,0.96,0.96,1.0,1.0,5.052823593591702,5.052823593591702,0.139323103314353,0.139323103314353,0.2657520727213263,0.2657520727213263,0.0154211411400224,0.0154211411400224,1912.519411597082,1912.519411597082,3.934583732973184,3.934583732973184,0.0029962786725273,0.0029962786725273,1.0,1.0,1.0,1.0,1.0,1.0,1.0,1.0,1.0,1.0,0.0,0.0,,
I2,easy_L_full,kernel_kernel,1,0.1271963621929538,0.1271963621929538,0.0714386906791361,0.0714386906791361,0.1652342135618291,0.1652342135618291,0.0554961536184853,0.0554961536184853,0.002,0.002,0.002,0.002,0.002,0.002,0.0,0.0,9.83768127245565,9.83768127245565,0.1944027684377607,0.1944027684377607,0.2830306541133523,0.2830306541133523,0.0092527534836539,0.0092527534836539,1998.7011327095763,1998.7011327095763,1.9329757690429688,1.9329757690429688,0.1079586320221424,0.1079586320221424,0.0,0.0,0.0,0.0,0.0,0.0,1.0,1.0,0.0,0.0,1.0,1.0,,
I2,easy_L_full,kernel_sieve1,1,0.1271963621929538,0.1271963621929538,0.0042724063399081,0.0042724063399081,0.1652342135618291,0.1652342135618291,0.0,0.0,0.002,0.002,0.862,0.862,0.862,0.862,1.0,1.0,13.404801441823809,13.404801441823809,0.2269270482311668,0.2269270482311668,0.345843322580063,0.345843322580063,0.0220915807103477,0.0220915807103477,1838.2798153379808,1838.2798153379808,4.741359526361137,4.741359526361137,0.0028629668356707,0.0028629668356707,0.0,0.0,0.0,0.0,0.0,0.0,0.0,0.0,0.0,0.0,0.0,0.0,,
I2,easy_L_full,sieve1_kernel,1,0.0082897384979447,0.0082897384979447,0.0714386906791361,0.0714386906791361,0.0827084174081675,0.0827084174081675,0.0554961536184853,0.0554961536184853,0.152,0.152,0.002,0.002,0.152,0.152,1.0,1.0,4.570168373838924,4.570168373838924,0.1325019200801996,0.1325019200801996,0.2464919574382828,0.2464919574382828,0.0331692116401908,0.0331692116401908,1998.7011327095763,1998.7011327095763,1.9329757690429688,1.9329757690429688,0.1079586320221424,0.1079586320221424,0.0,0.0,1.0,1.0,1.0,1.0,0.0,0.0,0.0,0.0,0.0,0.0,,
I2,easy_L_full,sieve1_sieve1,1,0.0082897384979447,0.0082897384979447,0.0042724063399081,0.0042724063399081,0.0827084174081675,0.0827084174081675,0.0,0.0,0.158,0.158,0.868,0.868,0.868,0.868,1.0,1.0,6.483929650367894,6.483929650367894,0.1578247893863739,0.1578247893863739,0.2786496821019351,0.2786496821019351,0.0292157865440957,0.0292157865440957,1838.2798153379808,1838.2798153379808,4.741359526361137,4.741359526361137,0.0028629668356707,0.0028629668356707,1.0,1.0,0.0,0.0,0.0,0.0,0.0,0.0,1.0,1.0,0.0,0.0,,
I2,easy_L_full,sieve2_sieve2,1,0.0175407923585675,0.0175407923585675,0.018813431967227,0.018813431967227,0.0,0.0,0.0,0.0,0.006,0.006,0.012,0.012,0.012,0.012,0.0,0.0,132.07080807215203,132.07080807215203,0.7122943326252001,0.7122943326252001,1.4680693952805743,1.4680693952805743,0.0945209981415966,0.0945209981415966,1641.0142869432707,1641.0142869432707,9.08185173925399,9.08185173925399,0.049498477427983,0.049498477427983,0.0,0.0,0.0,0.0,0.0,0.0,0.0,0.0,0.0,0.0,0.0,0.0,,
I2,easy_L_full,sieve3_sieve3,1,0.0157715944989532,0.0157715944989532,0.1083008596896156,0.1083008596896156,0.1025471522872271,0.1025471522872271,0.1783560784334987,0.1783560784334987,0.05,0.05,0.002,0.002,0.05,0.05,1.0,1.0,18977.00578398905,18977.00578398905,8.538270634020238,8.538270634020238,11.02448736007604,11.02448736007604,2.4673370826304035,2.4673370826304035,817.5473692574488,817.5473692574488,50.0,50.0,0.7689897630922854,0.7689897630922854,0.0,0.0,0.0,0.0,0.0,0.0,0.0,0.0,0.0,0.0,0.0,0.0,,
J2,rhc_repeated_split,kernel_kernel,1,0.4308564466644976,0.4308564466644976,0.1121845319330412,0.1121845319330412,0.6540818279871184,0.6540818279871184,0.1113943547893727,0.1113943547893727,0.002,0.002,0.002,0.002,0.002,0.002,0.0,0.0,1689.3706134627698,1689.3706134627698,2.1275600342095,2.1275600342095,,,,,2864.344875868293,2864.344875868293,2.3719162940979004,2.3719162940979004,0.1816105174207645,0.1816105174207645,,,,,,,,,,,,,0.0,0.0
J2,rhc_repeated_split,kernel_sieve1,1,0.4308564466644976,0.4308564466644976,0.0240242891196201,0.0240242891196201,0.6540818279871184,0.6540818279871184,0.0,0.0,0.002,0.002,0.002,0.002,0.002,0.002,0.0,0.0,4430.722674693879,4430.722674693879,3.4455347930598346,3.4455347930598346,,,,,2104.141200657182,2104.141200657182,17.399335084739796,17.399335084739796,0.0901869954303099,0.0901869954303099,,,,,,,,,,,,,0.0,0.0
J2,rhc_repeated_split,sieve1_kernel,1,0.0079688570329093,0.0079688570329093,0.1121845319330412,0.1121845319330412,0.0,0.0,0.1113943547893727,0.1113943547893727,0.518,0.518,0.002,0.002,0.518,0.518,1.0,1.0,601.431232461807,601.431232461807,1.2694404845997738,1.2694404845997738,,,,,2864.344875868293,2864.344875868293,2.3719162940979004,2.3719162940979004,0.1816105174207645,0.1816105174207645,,,,,,,,,,,,,1.0,1.0
J2,rhc_repeated_split,sieve1_sieve1,1,0.0079688570329093,0.0079688570329093,0.0240242891196201,0.0240242891196201,0.0,0.0,0.0,0.0,0.608,0.608,0.002,0.002,0.918,0.918,1.0,1.0,1327.5799651968885,1327.5799651968885,1.8860347954717025,1.8860347954717025,,,,,2104.141200657182,2104.141200657182,17.399335084739796,17.399335084739796,0.0901869954303099,0.0901869954303099,,,,,,,,,,,,,0.0,0.0
R,core_L_n1500_high,kernel_kernel,1,0.1292238295451543,0.1292238295451543,0.087767773899036,0.087767773899036,0.1757185389158389,0.1757185389158389,0.1320167954681984,0.1320167954681984,0.002,0.002,0.002,0.002,0.002,0.002,0.0,0.0,9.32068686060362,9.32068686060362,0.309004209868603,0.309004209868603,0.464661117759956,0.464661117759956,0.0113836282625366,0.0113836282625366,749.3927468522652,749.3927468522652,1.8843026161193848,1.8843026161193848,0.1327376612822214,0.1327376612822214,0.0,0.0,1.0,1.0,0.0,0.0,1.0,1.0,0.0,0.0,1.0,1.0,,
R,core_L_n1500_high,kernel_sieve1,1,0.1292238295451543,0.1292238295451543,0.0163921478769388,0.0163921478769388,0.1757185389158389,0.1757185389158389,0.0570889328080859,0.0570889328080859,0.002,0.002,0.73,0.73,0.73,0.73,1.0,1.0,15.634141683873732,15.634141683873732,0.4002003454696803,0.4002003454696803,0.4022882505525366,0.4022882505525366,0.0486875845949311,0.0486875845949311,638.4241636611634,638.4241636611634,5.510770111950006,5.510770111950006,0.0321180581029352,0.0321180581029352,0.0,0.0,0.0,0.0,1.0,1.0,0.0,0.0,0.0,0.0,0.0,0.0,,
R,core_L_n1500_high,sieve1_kernel,1,0.029087465014795,0.029087465014795,0.087767773899036,0.087767773899036,0.1138788306893275,0.1138788306893275,0.1320167954681984,0.1320167954681984,0.012,0.012,0.002,0.002,0.012,0.012,0.0,0.0,90.87255634343802,90.87255634343802,0.9648433550913178,0.9648433550913178,1.0688323763964036,1.0688323763964036,0.4417426245402504,0.4417426245402504,749.3927468522652,749.3927468522652,1.8843026161193848,1.8843026161193848,0.1327376612822214,0.1327376612822214,0.0,0.0,0.0,0.0,0.0,0.0,0.0,0.0,0.0,0.0,0.0,0.0,,
R,core_L_n1500_high,sieve1_sieve1,1,0.029087465014795,0.029087465014795,0.0163921478769388,0.0163921478769388,0.1138788306893275,0.1138788306893275,0.0570889328080859,0.0570889328080859,0.01,0.01,0.752,0.752,0.794,0.794,1.0,1.0,163.0031993655779,163.0031993655779,1.292226079995606,1.292226079995606,0.9187809131594036,0.9187809131594036,0.475772431559809,0.475772431559809,638.4241636611634,638.4241636611634,5.510770111950006,5.510770111950006,0.0321180581029352,0.0321180581029352,1.0,1.0,0.0,0.0,0.0,0.0,0.0,0.0,1.0,1.0,0.0,0.0,,
R,core_L_n1500_high,sieve2_sieve2,1,0.0323789558592397,0.0323789558592397,0.090401572054807,0.090401572054807,0.0023107131062104,0.0023107131062104,0.0,0.0,0.022,0.022,0.002,0.002,0.022,0.022,0.0,0.0,29921.906405859467,29921.906405859467,17.50794072404479,17.50794072404479,63.47125542326811,63.47125542326811,15.189819048738803,15.189819048738803,346.9953836064474,346.9953836064474,29.91780104760371,29.91780104760371,0.4606840222563558,0.4606840222563558,0.0,0.0,0.0,0.0,0.0,0.0,0.0,0.0,0.0,0.0,0.0,0.0,,
R,core_L_n1500_high,sieve3_sieve3,1,0.0239683474502118,0.0239683474502118,0.1242845052128316,0.1242845052128316,0.102106809634129,0.102106809634129,0.1216572110677491,0.1216572110677491,0.004,0.004,0.002,0.002,0.004,0.004,0.0,0.0,1254.902216955073,1254.902216955073,3.585464119340613,3.585464119340613,0.9175749168789982,0.9175749168789982,0.3191757167707949,0.3191757167707949,270.99650580555146,270.99650580555146,38.043422337910144,38.043422337910144,1.0448701465356185,1.0448701465356185,0.0,0.0,0.0,0.0,0.0,0.0,0.0,0.0,0.0,0.0,0.0,0.0,,
R,core_L_n1500_low,kernel_kernel,1,0.1414368809323671,0.1414368809323671,0.0830343328118028,0.0830343328118028,0.1935533579878082,0.1935533579878082,0.1331470717406974,0.1331470717406974,0.002,0.002,0.002,0.002,0.002,0.002,0.0,0.0,9.314055859158929,9.314055859158929,0.3088942731250503,0.3088942731250503,0.4642588538650549,0.4642588538650549,0.0122991158022347,0.0122991158022347,749.3853853753028,749.3853853753028,1.879643678665161,1.879643678665161,0.1328467102050781,0.1328467102050781,0.0,0.0,1.0,1.0,0.0,0.0,0.0,0.0,0.0,0.0,1.0,1.0,,
R,core_L_n1500_low,kernel_sieve1,1,0.1414368809323671,0.1414368809323671,0.0139667237312873,0.0139667237312873,0.1935533579878082,0.1935533579878082,0.0528341479869085,0.0528341479869085,0.002,0.002,0.75,0.75,0.75,0.75,1.0,1.0,13.64213014080202,13.64213014080202,0.3738363533202019,0.3738363533202019,0.4160408474453312,0.4160408474453312,0.0084036892834046,0.0084036892834046,695.4083012147771,695.4083012147771,4.221948695515052,4.221948695515052,0.0230645478563726,0.0230645478563726,0.0,0.0,0.0,0.0,1.0,1.0,1.0,1.0,0.0,0.0,0.0,0.0,,
R,core_L_n1500_low,sieve1_kernel,1,0.0170844506553805,0.0170844506553805,0.0830343328118028,0.0830343328118028,0.1210331395706538,0.1210331395706538,0.1331470717406974,0.1331470717406974,0.484,0.484,0.002,0.002,0.484,0.484,1.0,1.0,39.991851008053786,39.991851008053786,0.6400681106101952,0.6400681106101952,0.4954717838622836,0.4954717838622836,0.3031597188014668,0.3031597188014668,749.3853853753028,749.3853853753028,1.879643678665161,1.879643678665161,0.1328467102050781,0.1328467102050781,0.0,0.0,0.0,0.0,0.0,0.0,0.0,0.0,0.0,0.0,0.0,0.0,,
R,core_L_n1500_low,sieve1_sieve1,1,0.0170844506553805,0.0170844506553805,0.0139667237312873,0.0139667237312873,0.1210331395706538,0.1210331395706538,0.0528341479869085,0.0528341479869085,0.544,0.544,0.74,0.74,0.756,0.756,1.0,1.0,65.7030253596287,65.7030253596287,0.8204141104288729,0.8204141104288729,1.050123803639864,1.050123803639864,0.4927922127938761,0.4927922127938761,695.4083012147771,695.4083012147771,4.221948695515052,4.221948695515052,0.0230645478563726,0.0230645478563726,1.0,1.0,0.0,0.0,0.0,0.0,0.0,0.0,1.0,1.0,0.0,0.0,,
R,core_L_n1500_low,sieve2_sieve2,1,0.0272645217732776,0.0272645217732776,0.0662396515048549,0.0662396515048549,0.0932401975292371,0.0932401975292371,0.0609278783846958,0.0609278783846958,0.03,0.03,0.002,0.002,0.03,0.03,1.0,1.0,1166.338864117139,1166.338864117139,3.456629333283086,3.456629333283086,0.7015218828989418,0.7015218828989418,0.1193340439219047,0.1193340439219047,476.937446369252,476.937446369252,15.205852420872391,15.205852420872391,0.2526740491804347,0.2526740491804347,0.0,0.0,0.0,0.0,0.0,0.0,0.0,0.0,0.0,0.0,0.0,0.0,,
R,core_L_n1500_low,sieve3_sieve3,1,0.013495060423856,0.013495060423856,0.1379370862003823,0.1379370862003823,0.1012061365730561,0.1012061365730561,0.2058458221598395,0.2058458221598395,0.592,0.592,0.002,0.002,0.592,0.592,1.0,1.0,1761.9584859957115,1761.9584859957115,4.248525930971392,4.248525930971392,0.7863076281381395,0.7863076281381395,0.1259926778286054,0.1259926778286054,287.3529115353849,287.3529115353849,47.82100628804481,47.82100628804481,1.4179091556945491,1.4179091556945491,0.0,0.0,0.0,0.0,0.0,0.0,0.0,0.0,0.0,0.0,0.0,0.0,,
R,core_L_n6000_high,kernel_kernel,1,0.1159208661757724,0.1159208661757724,0.0617531118526013,0.0617531118526013,0.1578058163841664,0.1578058163841664,0.0624998407642204,0.0624998407642204,0.002,0.002,0.002,0.002,0.002,0.002,0.0,0.0,9.90356459176868,9.90356459176868,0.1592598165174098,0.1592598165174098,0.2746310773573257,0.2746310773573257,0.0730016145063854,0.0730016145063854,2998.4423655487853,2998.4423655487853,1.9618914127349851,1.9618914127349851,0.0945975741545359,0.0945975741545359,0.0,0.0,1.0,1.0,0.0,0.0,0.0,0.0,0.0,0.0,1.0,1.0,,
R,core_L_n6000_high,kernel_sieve1,1,0.1159208661757724,0.1159208661757724,0.0051392631025967,0.0051392631025967,0.1578058163841664,0.1578058163841664,0.0276641841477785,0.0276641841477785,0.002,0.002,0.928,0.928,0.928,0.928,1.0,1.0,13.769049187725663,13.769049187725663,0.1877856568174948,0.1877856568174948,0.2484916621858618,0.2484916621858618,0.0201146728323521,0.0201146728323521,2645.826862348936,2645.826862348936,5.330381378733348,5.330381378733348,0.0070335633848702,0.0070335633848702,0.0,0.0,0.0,0.0,1.0,1.0,1.0,1.0,0.0,0.0,0.0,0.0,,
R,core_L_n6000_high,sieve1_kernel,1,0.0072842736860919,0.0072842736860919,0.0617531118526013,0.0617531118526013,0.0474869833564799,0.0474869833564799,0.0624998407642204,0.0624998407642204,0.584,0.584,0.002,0.002,0.584,0.584,1.0,1.0,49.40779223972853,49.40779223972853,0.3557199035459792,0.3557199035459792,0.3789005266263627,0.3789005266263627,0.0519109337981731,0.0519109337981731,2998.4423655487853,2998.4423655487853,1.9618914127349851,1.9618914127349851,0.0945975741545359,0.0945975741545359,0.0,0.0,0.0,0.0,0.0,0.0,0.0,0.0,0.0,0.0,0.0,0.0,,
R,core_L_n6000_high,sieve1_sieve1,1,0.0072842736860919,0.0072842736860919,0.0051392631025967,0.0051392631025967,0.0474869833564799,0.0474869833564799,0.0276641841477785,0.0276641841477785,0.572,0.572,0.944,0.944,0.964,0.964,1.0,1.0,71.33520618029605,71.33520618029605,0.4274274426240672,0.4274274426240672,0.5621463854330846,0.5621463854330846,0.0343480250177534,0.0343480250177534,2645.826862348936,2645.826862348936,5.330381378733348,5.330381378733348,0.0070335633848702,0.0070335633848702,1.0,1.0,0.0,0.0,0.0,0.0,0.0,0.0,1.0,1.0,0.0,0.0,,
R,core_L_n6000_high,sieve2_sieve2,1,0.0107221409465869,0.0107221409465869,0.0306892460128058,0.0306892460128058,0.0,0.0,0.0,0.0,0.038,0.038,0.002,0.002,0.038,0.038,1.0,1.0,3315.321893729954,3315.321893729954,2.91389093675484,2.91389093675484,4.260163064548872,4.260163064548872,1.030941917011845,1.030941917011845,1888.2339529509284,1888.2339529509284,14.74150437967706,14.74150437967706,0.0916395738354874,0.0916395738354874,0.0,0.0,0.0,0.0,0.0,0.0,0.0,0.0,0.0,0.0,0.0,0.0,,
R,core_L_n6000_high,sieve3_sieve3,1,0.010687989711091,0.010687989711091,0.1030069408931827,0.1030069408931827,0.0348529407508109,0.0348529407508109,0.1506055376112255,0.1506055376112255,0.07,0.07,0.002,0.002,0.07,0.07,1.0,1.0,40664.16998661503,40664.16998661503,10.205079631261428,10.205079631261428,11.873460930450529,11.873460930450529,5.914961257888607,5.914961257888607,1245.1545694758609,1245.1545694758609,50.0,50.0,0.6205461696646111,0.6205461696646111,0.0,0.0,0.0,0.0,0.0,0.0,0.0,0.0,0.0,0.0,0.0,0.0,,
R,core_L_n6000_low,kernel_kernel,1,0.122684407117309,0.122684407117309,0.0627570281279283,0.0627570281279283,0.1745218582197626,0.1745218582197626,0.0670830607407966,0.0670830607407966,0.002,0.002,0.002,0.002,0.002,0.002,0.0,0.0,9.689884717734458,9.689884717734458,0.1575323482794326,0.1575323482794326,0.369684858031825,0.369684858031825,0.0652070684448611,0.0652070684448611,2998.4242666330474,2998.4242666330474,1.9693288803100584,1.9693288803100584,0.0947917900880178,0.0947917900880178,0.0,0.0,1.0,1.0,0.0,0.0,0.0,0.0,0.0,0.0,1.0,1.0,,
R,core_L_n6000_low,kernel_sieve1,1,0.122684407117309,0.122684407117309,0.005098554088663,0.005098554088663,0.1745218582197626,0.1745218582197626,0.0,0.0,0.002,0.002,0.6,0.6,0.6,0.6,1.0,1.0,12.5117647551987,12.5117647551987,0.1790068815875921,0.1790068815875921,0.3556595563588275,0.3556595563588275,0.0074518365094824,0.0074518365094824,2815.8241375751063,2815.8241375751063,4.251601904119714,4.251601904119714,0.0038573809621275,0.0038573809621275,0.0,0.0,0.0,0.0,1.0,1.0,1.0,1.0,0.0,0.0,0.0,0.0,,
R,core_L_n6000_low,sieve1_kernel,1,0.0075270325955274,0.0075270325955274,0.0627570281279283,0.0627570281279283,0.0454915246684704,0.0454915246684704,0.0670830607407966,0.0670830607407966,0.446,0.446,0.002,0.002,0.446,0.446,1.0,1.0,52.62902799517167,52.62902799517167,0.3671327407049131,0.3671327407049131,0.3896578408754331,0.3896578408754331,0.0874683571096388,0.0874683571096388,2998.4242666330474,2998.4242666330474,1.9693288803100584,1.9693288803100584,0.0947917900880178,0.0947917900880178,0.0,0.0,0.0,0.0,0.0,0.0,0.0,0.0,0.0,0.0,0.0,0.0,,
R,core_L_n6000_low,sieve1_sieve1,1,0.0075270325955274,0.0075270325955274,0.005098554088663,0.005098554088663,0.0454915246684704,0.0454915246684704,0.0,0.0,0.452,0.452,0.664,0.664,0.948,0.948,1.0,1.0,71.79136918946536,71.79136918946536,0.4287918872664221,0.4287918872664221,0.5957106242546074,0.5957106242546074,0.0975497248710999,0.0975497248710999,2815.8241375751063,2815.8241375751063,4.251601904119714,4.251601904119714,0.0038573809621275,0.0038573809621275,1.0,1.0,0.0,0.0,0.0,0.0,0.0,0.0,1.0,1.0,0.0,0.0,,
R,core_L_n6000_low,sieve2_sieve2,1,0.0099641044081478,0.0099641044081478,0.0125555899753064,0.0125555899753064,0.0640668834573651,0.0640668834573651,0.0121986788732083,0.0121986788732083,0.156,0.156,0.18,0.18,0.45,0.45,1.0,1.0,180.81801715434213,180.81801715434213,0.6805049569744126,0.6805049569744126,0.5726523448955644,0.5726523448955644,0.0698296097636743,0.0698296097636743,2599.577877072719,2599.577877072719,7.502585505275149,7.502585505275149,0.0297619027317084,0.0297619027317084,0.0,0.0,0.0,0.0,0.0,0.0,0.0,0.0,0.0,0.0,0.0,0.0,,
R,core_L_n6000_low,sieve3_sieve3,1,0.0117027864534658,0.0117027864534658,0.0840927650220396,0.0840927650220396,0.0785623044143383,0.0785623044143383,0.1081787972342449,0.1081787972342449,0.072,0.072,0.002,0.002,0.072,0.072,1.0,1.0,4101.666119855701,4101.666119855701,3.241086295882669,3.241086295882669,0.8634157269872419,0.8634157269872419,0.3439387638735045,0.3439387638735045,1537.953890484534,1537.953890484534,33.77857218642821,33.77857218642821,0.4161039699965184,0.4161039699965184,0.0,0.0,0.0,0.0,0.0,0.0,0.0,0.0,0.0,0.0,0.0,0.0,,
R,core_M_n1500_high,kernel_kernel,1,0.1524896737281315,0.1524896737281315,0.0898115756251358,0.0898115756251358,0.1823800641545998,0.1823800641545998,0.1353289318862605,0.1353289318862605,0.002,0.002,0.002,0.002,0.002,0.002,0.0,0.0,6.847177843356812,6.847177843356812,0.2648477217977129,0.2648477217977129,0.4968857406943422,0.4968857406943422,0.0168065199083607,0.0168065199083607,749.3911534452266,749.3911534452266,1.88366961479187,1.88366961479187,0.1327024216651916,0.1327024216651916,0.0,0.0,0.0,0.0,0.0,0.0,1.0,1.0,0.0,0.0,1.0,1.0,,
R,core_M_n1500_high,kernel_sieve1,1,0.1524896737281315,0.1524896737281315,0.022675293581239,0.022675293581239,0.1823800641545998,0.1823800641545998,0.0545318592088411,0.0545318592088411,0.002,0.002,0.194,0.194,0.194,0.194,1.0,1.0,13.883085869106283,13.883085869106283,0.3771233668169562,0.3771233668169562,0.7160387827802493,0.7160387827802493,0.0452368427543662,0.0452368427543662,542.8648688028977,542.8648688028977,8.622704904092442,8.622704904092442,0.0466350629286104,0.0466350629286104,0.0,0.0,0.0,0.0,0.0,0.0,0.0,0.0,0.0,0.0,0.0,0.0,,
R,core_M_n1500_high,sieve1_kernel,1,0.0099823392989922,0.0099823392989922,0.0898115756251358,0.0898115756251358,0.0385698174549585,0.0385698174549585,0.1353289318862605,0.1353289318862605,0.442,0.442,0.002,0.002,0.442,0.442,1.0,1.0,5.482507276487195,5.482507276487195,0.236990013591871,0.236990013591871,0.4407437603403956,0.4407437603403956,0.0462803378990541,0.0462803378990541,749.3911534452266,749.3911534452266,1.88366961479187,1.88366961479187,0.1327024216651916,0.1327024216651916,0.0,0.0,1.0,1.0,1.0,1.0,0.0,0.0,0.0,0.0,0.0,0.0,,
R,core_M_n1500_high,sieve1_sieve1,1,0.0099823392989922,0.0099823392989922,0.022675293581239,0.022675293581239,0.0385698174549585,0.0385698174549585,0.0545318592088411,0.0545318592088411,0.434,0.434,0.212,0.212,0.434,0.434,1.0,1.0,11.887193067105825,11.887193067105825,0.3489635735969921,0.3489635735969921,0.3948801332467053,0.3948801332467053,0.11089192932909,0.11089192932909,542.8648688028977,542.8648688028977,8.622704904092442,8.622704904092442,0.0466350629286104,0.0466350629286104,1.0,1.0,0.0,0.0,0.0,0.0,0.0,0.0,1.0,1.0,0.0,0.0,,
R,core_M_n1500_high,sieve2_sieve2,1,0.0313535544503896,0.0313535544503896,0.0990624289569243,0.0990624289569243,0.0711902170092533,0.0711902170092533,0.0575375399234438,0.0575375399234438,0.004,0.004,0.002,0.002,0.004,0.004,0.0,0.0,96384.51238383845,96384.51238383845,31.4227409274983,31.4227409274983,91.80448112150196,91.80448112150196,15.924626403775513,15.924626403775513,356.5751075298362,356.5751075298362,35.41158372712275,35.41158372712275,0.4909148300100584,0.4909148300100584,0.0,0.0,0.0,0.0,0.0,0.0,0.0,0.0,0.0,0.0,0.0,0.0,,
R,core_M_n1500_high,sieve3_sieve3,1,0.0203775852057699,0.0203775852057699,0.1192734164208592,0.1192734164208592,0.0689495308847676,0.0689495308847676,0.1489477188097134,0.1489477188097134,0.052,0.052,0.002,0.002,0.052,0.052,1.0,1.0,1064.0244474151605,1064.0244474151605,3.301537547745527,3.301537547745527,1.0661392058375958,1.0661392058375958,0.5188562394185471,0.5188562394185471,271.31395396823063,271.31395396823063,50.0,50.0,0.9389517391129848,0.9389517391129848,0.0,0.0,0.0,0.0,0.0,0.0,0.0,0.0,0.0,0.0,0.0,0.0,,
R,core_M_n1500_low,kernel_kernel,1,0.1479090897892815,0.1479090897892815,0.0888843760201046,0.0888843760201046,0.2003010429867343,0.2003010429867343,0.1370078615332894,0.1370078615332894,0.002,0.002,0.002,0.002,0.002,0.002,0.0,0.0,6.842511934223265,6.842511934223265,0.2647574681175816,0.2647574681175816,0.4961106734715871,0.4961106734715871,0.0179129138661515,0.0179129138661515,749.3837806348795,749.3837806348795,1.8789563179016116,1.8789563179016116,0.1328396303653717,0.1328396303653717,0.0,0.0,0.0,0.0,0.0,0.0,0.0,0.0,0.0,0.0,1.0,1.0,,
R,core_M_n1500_low,kernel_sieve1,1,0.1479090897892815,0.1479090897892815,0.0152300524185292,0.0152300524185292,0.2003010429867343,0.2003010429867343,0.0508696179828314,0.0508696179828314,0.002,0.002,0.132,0.132,0.132,0.132,1.0,1.0,10.16025382330341,10.16025382330341,0.3226210618774597,0.3226210618774597,0.4654458881431762,0.4654458881431762,0.0166235261728729,0.0166235261728729,681.4267504371963,681.4267504371963,5.070836072826111,5.070836072826111,0.0213282899970655,0.0213282899970655,0.0,0.0,0.0,0.0,0.0,0.0,0.0,0.0,0.0,0.0,0.0,0.0,,
R,core_M_n1500_low,sieve1_kernel,1,0.009898683420059,0.009898683420059,0.0888843760201046,0.0888843760201046,0.0372182893812512,0.0372182893812512,0.1370078615332894,0.1370078615332894,0.276,0.276,0.002,0.002,0.276,0.276,1.0,1.0,4.151569388636629,4.151569388636629,0.206227505203268,0.206227505203268,0.5234525619383642,0.5234525619383642,0.0106452779380538,0.0106452779380538,749.3837806348795,749.3837806348795,1.8789563179016116,1.8789563179016116,0.1328396303653717,0.1328396303653717,0.0,0.0,1.0,1.0,1.0,1.0,1.0,1.0,0.0,0.0,0.0,0.0,,
R,core_M_n1500_low,sieve1_sieve1,1,0.009898683420059,0.009898683420059,0.0152300524185292,0.0152300524185292,0.0372182893812512,0.0372182893812512,0.0508696179828314,0.0508696179828314,0.262,0.262,0.13,0.13,0.262,0.262,1.0,1.0,6.525261372693258,6.525261372693258,0.2585469349490903,0.2585469349490903,0.4546815472022152,0.4546815472022152,0.063878143942949,0.063878143942949,681.4267504371963,681.4267504371963,5.070836072826111,5.070836072826111,0.0213282899970655,0.0213282899970655,1.0,1.0,0.0,0.0,0.0,0.0,0.0,0.0,1.0,1.0,0.0,0.0,,
R,core_M_n1500_low,sieve2_sieve2,1,0.027364620258404,0.027364620258404,0.07702178014982,0.07702178014982,0.0418305215494569,0.0418305215494569,0.0649133427489346,0.0649133427489346,0.072,0.072,0.002,0.002,0.072,0.072,1.0,1.0,1213.889424165331,1213.889424165331,3.5263872397960063,3.5263872397960063,1.0883231606453805,1.0883231606453805,0.6911664554098669,0.6911664554098669,486.1357056529399,486.1357056529399,16.322454564009035,16.322454564009035,0.2702665807309617,0.2702665807309617,0.0,0.0,0.0,0.0,0.0,0.0,0.0,0.0,0.0,0.0,0.0,0.0,,
R,core_M_n1500_low,sieve3_sieve3,1,0.0169293053274402,0.0169293053274402,0.1520395977494915,0.1520395977494915,0.1250744581009253,0.1250744581009253,0.1990149436703657,0.1990149436703657,0.14,0.14,0.002,0.002,0.14,0.14,1.0,1.0,1319.75509498266,1319.75509498266,3.676944808899688,3.676944808899688,0.9050472796758762,0.9050472796758762,0.4134928547543274,0.4134928547543274,296.8926415170324,296.8926415170324,46.96339349298689,46.96339349298689,1.371766792764693,1.371766792764693,0.0,0.0,0.0,0.0,0.0,0.0,0.0,0.0,0.0,0.0,0.0,0.0,,
R,core_M_n6000_high,kernel_kernel,1,0.1267564592614615,0.1267564592614615,0.059464283889305,0.059464283889305,0.1745072031301925,0.1745072031301925,0.0623777487764717,0.0623777487764717,0.002,0.002,0.002,0.002,0.002,0.002,0.0,0.0,7.315481675076429,7.315481675076429,0.1368774498178903,0.1368774498178903,0.3609933570099287,0.3609933570099287,0.060659843147971,0.060659843147971,2998.454488462294,2998.454488462294,1.961615800857544,1.961615800857544,0.094684764911731,0.094684764911731,0.0,0.0,1.0,1.0,0.0,0.0,0.0,0.0,0.0,0.0,1.0,1.0,,
R,core_M_n6000_high,kernel_sieve1,1,0.1267564592614615,0.1267564592614615,0.0049018705467781,0.0049018705467781,0.1745072031301925,0.1745072031301925,0.0119468575723915,0.0119468575723915,0.002,0.002,0.964,0.964,0.964,0.964,1.0,1.0,9.850774101723708,9.850774101723708,0.15883478583984,0.15883478583984,0.2999278853336266,0.2999278853336266,0.0273837974498949,0.0273837974498949,2715.1613978762066,2715.1613978762066,4.867072311534262,4.867072311534262,0.0044279261106821,0.0044279261106821,0.0,0.0,0.0,0.0,1.0,1.0,1.0,1.0,0.0,0.0,0.0,0.0,,
R,core_M_n6000_high,sieve1_kernel,1,0.0074927653546465,0.0074927653546465,0.059464283889305,0.059464283889305,0.0405614576223395,0.0405614576223395,0.0623777487764717,0.0623777487764717,0.172,0.172,0.002,0.002,0.172,0.172,1.0,1.0,2086.4366659625266,2086.4366659625266,2.311601911512396,2.311601911512396,0.5056751368930867,0.5056751368930867,0.0862927111806188,0.0862927111806188,2998.454488462294,2998.454488462294,1.961615800857544,1.961615800857544,0.094684764911731,0.094684764911731,0.0,0.0,0.0,0.0,0.0,0.0,0.0,0.0,0.0,0.0,0.0,0.0,,
R,core_M_n6000_high,sieve1_sieve1,1,0.0074927653546465,0.0074927653546465,0.0049018705467781,0.0049018705467781,0.0405614576223395,0.0405614576223395,0.0119468575723915,0.0119468575723915,0.174,0.174,0.966,0.966,0.966,0.966,1.0,1.0,2995.896904722514,2995.896904722514,2.769962400368401,2.769962400368401,0.8674517970153126,0.8674517970153126,0.1233229134359408,0.1233229134359408,2715.1613978762066,2715.1613978762066,4.867072311534262,4.867072311534262,0.0044279261106821,0.0044279261106821,1.0,1.0,0.0,0.0,0.0,0.0,0.0,0.0,1.0,1.0,0.0,0.0,,
R,core_M_n6000_high,sieve2_sieve2,1,0.0111357266571001,0.0111357266571001,0.0324662226018644,0.0324662226018644,0.0,0.0,0.0613372177105144,0.0613372177105144,0.002,0.002,0.002,0.002,0.002,0.002,0.0,0.0,123.95930865664528,123.95930865664528,0.5634430347635677,0.5634430347635677,0.4749513586351342,0.4749513586351342,0.0591502498169473,0.0591502498169473,1792.6063895911557,1792.6063895911557,19.662754092244683,19.662754092244683,0.1145392174750661,0.1145392174750661,0.0,0.0,0.0,0.0,0.0,0.0,0.0,0.0,0.0,0.0,0.0,0.0,,
R,core_M_n6000_high,sieve3_sieve3,1,0.0097650294505405,0.0097650294505405,0.0943953819989177,0.0943953819989177,0.0,0.0,0.1306880890358236,0.1306880890358236,0.156,0.156,0.002,0.002,0.156,0.156,1.0,1.0,24513.32050741676,24513.32050741676,7.923398768259835,7.923398768259835,1.072377800701251,1.072377800701251,0.3348315064639642,0.3348315064639642,1188.3812735169056,1188.3812735169056,50.0,50.0,0.634325452551117,0.634325452551117,0.0,0.0,0.0,0.0,0.0,0.0,0.0,0.0,0.0,0.0,0.0,0.0,,
R,core_M_n6000_low,kernel_kernel,1,0.1367214226445523,0.1367214226445523,0.0649214332931401,0.0649214332931401,0.1838555036235489,0.1838555036235489,0.0692569500578358,0.0692569500578358,0.002,0.002,0.002,0.002,0.002,0.002,0.0,0.0,7.243386522153863,7.243386522153863,0.1362013060718246,0.1362013060718246,0.3470135805079203,0.3470135805079203,0.052266133764347,0.052266133764347,2998.446592571029,2998.446592571029,1.967923641204834,1.967923641204834,0.0950599902669588,0.0950599902669588,0.0,0.0,1.0,1.0,0.0,0.0,0.0,0.0,0.0,0.0,1.0,1.0,,
R,core_M_n6000_low,kernel_sieve1,1,0.1367214226445523,0.1367214226445523,0.0063031164225095,0.0063031164225095,0.1838555036235489,0.1838555036235489,0.0,0.0,0.002,0.002,0.616,0.616,0.616,0.616,1.0,1.0,9.227463171724418,9.227463171724418,0.153727513305191,0.153727513305191,0.3254257074346604,0.3254257074346604,0.0011290901873002,0.0011290901873002,2827.683907196092,2827.683907196092,4.181627794200505,4.181627794200505,0.0036314268641634,0.0036314268641634,0.0,0.0,0.0,0.0,1.0,1.0,1.0,1.0,0.0,0.0,0.0,0.0,,
R,core_M_n6000_low,sieve1_kernel,1,0.007260718560431,0.007260718560431,0.0649214332931401,0.0649214332931401,0.0293480344012651,0.0293480344012651,0.0692569500578358,0.0692569500578358,0.262,0.262,0.002,0.002,0.262,0.262,1.0,1.0,28.24792773025716,28.24792773025716,0.2689699353317589,0.2689699353317589,0.2969188098408981,0.2969188098408981,0.0017676656966982,0.0017676656966982,2998.446592571029,2998.446592571029,1.967923641204834,1.967923641204834,0.0950599902669588,0.0950599902669588,0.0,0.0,0.0,0.0,0.0,0.0,0.0,0.0,0.0,0.0,0.0,0.0,,
R,core_M_n6000_low,sieve1_sieve1,1,0.007260718560431,0.007260718560431,0.0063031164225095,0.0063031164225095,0.0293480344012651,0.0293480344012651,0.0,0.0,0.278,0.278,0.642,0.642,0.642,0.642,1.0,1.0,37.834073791617854,37.834073791617854,0.3112805571376398,0.3112805571376398,0.3467075991066313,0.3467075991066313,0.0085756906709172,0.0085756906709172,2827.683907196092,2827.683907196092,4.181627794200505,4.181627794200505,0.0036314268641634,0.0036314268641634,1.0,1.0,0.0,0.0,0.0,0.0,0.0,0.0,1.0,1.0,0.0,0.0,,
R,core_M_n6000_low,sieve2_sieve2,1,0.020233494498946,0.020233494498946,0.0166456909052405,0.0166456909052405,0.0451271682472238,0.0451271682472238,0.0188426008191017,0.0188426008191017,0.002,0.002,0.022,0.022,0.022,0.022,0.0,0.0,736.266206481985,736.266206481985,1.3731812841770488,1.3731812841770488,0.6029566186778247,0.6029566186778247,0.4312438552765499,0.4312438552765499,2437.5982582175584,2437.5982582175584,8.873181564204339,8.873181564204339,0.0427860436087338,0.0427860436087338,0.0,0.0,0.0,0.0,0.0,0.0,0.0,0.0,0.0,0.0,0.0,0.0,,
R,core_M_n6000_low,sieve3_sieve3,1,0.0085380862884903,0.0085380862884903,0.0816084422202176,0.0816084422202176,0.0373364162738517,0.0373364162738517,0.1057894393903439,0.1057894393903439,0.002,0.002,0.002,0.002,0.002,0.002,0.0,0.0,4286.567989968647,4286.567989968647,3.313334633493731,3.313334633493731,1.144647735315132,1.144647735315132,0.7649031883308828,0.7649031883308828,1446.9141890219848,1446.9141890219848,37.78966786132237,37.78966786132237,0.4446404116506282,0.4446404116506282,0.0,0.0,0.0,0.0,0.0,0.0,0.0,0.0,0.0,0.0,0.0,0.0,,
R,core_N_n1500_high,kernel_kernel,1,0.14191530815692,0.14191530815692,0.0893690734569125,0.0893690734569125,0.1960840298798668,0.1960840298798668,0.1454396695127489,0.1454396695127489,0.002,0.002,0.002,0.002,0.002,0.002,0.0,0.0,6.820510688160183,6.820510688160183,0.2643314780580683,0.2643314780580683,0.453346075523827,0.453346075523827,0.0707740819255321,0.0707740819255321,749.4026753360035,749.4026753360035,1.8891866207122805,1.8891866207122805,0.1324999884366989,0.1324999884366989,0.0,0.0,0.0,0.0,0.0,0.0,0.0,0.0,0.0,0.0,1.0,1.0,,
R,core_N_n1500_high,kernel_sieve1,1,0.14191530815692,0.14191530815692,0.0197833478071219,0.0197833478071219,0.1960840298798668,0.1960840298798668,0.0463052364673641,0.0463052364673641,0.002,0.002,0.46,0.46,0.46,0.46,1.0,1.0,11.268802466591938,11.268802466591938,0.339765533098575,0.339765533098575,0.3173349124700224,0.3173349124700224,0.0388758466016013,0.0388758466016013,641.2567632533926,641.2567632533926,6.040247439087315,6.040247439087315,0.038163404124007,0.038163404124007,0.0,0.0,0.0,0.0,0.0,0.0,1.0,1.0,0.0,0.0,0.0,0.0,,
R,core_N_n1500_high,sieve1_kernel,1,0.0078554117004038,0.0078554117004038,0.0893690734569125,0.0893690734569125,0.079646712474773,0.079646712474773,0.1454396695127489,0.1454396695127489,0.698,0.698,0.002,0.002,0.698,0.698,1.0,1.0,5.18106453681753,5.18106453681753,0.2303827396580928,0.2303827396580928,0.4383952854522849,0.4383952854522849,0.0404151098681914,0.0404151098681914,749.4026753360035,749.4026753360035,1.8891866207122805,1.8891866207122805,0.1324999884366989,0.1324999884366989,0.0,0.0,1.0,1.0,1.0,1.0,0.0,0.0,0.0,0.0,0.0,0.0,,
R,core_N_n1500_high,sieve1_sieve1,1,0.0078554117004038,0.0078554117004038,0.0197833478071219,0.0197833478071219,0.079646712474773,0.079646712474773,0.0463052364673641,0.0463052364673641,0.66,0.66,0.466,0.466,0.66,0.66,1.0,1.0,8.677540464668443,8.677540464668443,0.2981527100847049,0.2981527100847049,0.4244816840962094,0.4244816840962094,0.05483469763699,0.05483469763699,641.2567632533926,641.2567632533926,6.040247439087315,6.040247439087315,0.038163404124007,0.038163404124007,1.0,1.0,0.0,0.0,0.0,0.0,0.0,0.0,1.0,1.0,0.0,0.0,,
R,core_N_n1500_high,sieve2_sieve2,1,0.0272570319537946,0.0272570319537946,0.1060211461934971,0.1060211461934971,0.034083155389487,0.034083155389487,0.1489212337241058,0.1489212337241058,0.036,0.036,0.002,0.002,0.036,0.036,1.0,1.0,4252.469876348881,4252.469876348881,6.600260252844956,6.600260252844956,2.068650383956844,2.068650383956844,1.191762759266071,1.191762759266071,347.7469621750414,347.7469621750414,27.574968664743636,27.574968664743636,0.5546533231883004,0.5546533231883004,0.0,0.0,0.0,0.0,0.0,0.0,0.0,0.0,0.0,0.0,0.0,0.0,,
R,core_N_n1500_high,sieve3_sieve3,1,0.0147291759246784,0.0147291759246784,0.1238117851949594,0.1238117851949594,0.026849514729015,0.026849514729015,0.1497772512454692,0.1497772512454692,0.626,0.626,0.002,0.002,0.626,0.626,1.0,1.0,673.4662299880374,673.4662299880374,2.6266266676084973,2.6266266676084973,3.675467055074642,3.675467055074642,1.1334172435280618,1.1334172435280618,273.09906958723684,273.09906958723684,50.0,50.0,0.9387823123121688,0.9387823123121688,0.0,0.0,0.0,0.0,0.0,0.0,0.0,0.0,0.0,0.0,0.0,0.0,,
R,core_N_n1500_low,kernel_kernel,1,0.1434870039338606,0.1434870039338606,0.0873968030633415,0.0873968030633415,0.2034773228866631,0.2034773228866631,0.1449136728696737,0.1449136728696737,0.002,0.002,0.002,0.002,0.002,0.002,0.0,0.0,6.819238535000383,6.819238535000383,0.2643068255194202,0.2643068255194202,0.4527408532210332,0.4527408532210332,0.0716216605034396,0.0716216605034396,749.4038977555604,749.4038977555604,1.8912599086761477,1.8912599086761477,0.1325833172400792,0.1325833172400792,0.0,0.0,0.0,0.0,0.0,0.0,0.0,0.0,0.0,0.0,1.0,1.0,,
R,core_N_n1500_low,kernel_sieve1,1,0.1434870039338606,0.1434870039338606,0.0104328157014269,0.0104328157014269,0.2034773228866631,0.2034773228866631,0.0633784101672893,0.0633784101672893,0.002,0.002,0.816,0.816,0.816,0.816,1.0,1.0,9.542793043016326,9.542793043016326,0.3126642235329631,0.3126642235329631,0.4628271226499345,0.4628271226499345,0.0268523227268339,0.0268523227268339,715.970659701771,715.970659701771,3.5307794281798897,3.5307794281798897,0.0152301683144902,0.0152301683144902,0.0,0.0,0.0,0.0,0.0,0.0,0.0,0.0,0.0,0.0,0.0,0.0,,
R,core_N_n1500_low,sieve1_kernel,1,0.011073114634043,0.011073114634043,0.0873968030633415,0.0873968030633415,0.0,0.0,0.1449136728696737,0.1449136728696737,0.37,0.37,0.002,0.002,0.37,0.37,1.0,1.0,5.090431054089819,5.090431054089819,0.228358781671249,0.228358781671249,0.5006642749726331,0.5006642749726331,0.0050482975725411,0.0050482975725411,749.4038977555604,749.4038977555604,1.8912599086761477,1.8912599086761477,0.1325833172400792,0.1325833172400792,0.0,0.0,1.0,1.0,1.0,1.0,0.0,0.0,0.0,0.0,0.0,0.0,,
R,core_N_n1500_low,sieve1_sieve1,1,0.011073114634043,0.011073114634043,0.0104328157014269,0.0104328157014269,0.0,0.0,0.0633784101672893,0.0633784101672893,0.36,0.36,0.814,0.814,0.814,0.814,1.0,1.0,7.373897805921858,7.373897805921858,0.2748457303590721,0.2748457303590721,0.4933558224075027,0.4933558224075027,0.000232012578479,0.000232012578479,715.970659701771,715.970659701771,3.5307794281798897,3.5307794281798897,0.0152301683144902,0.0152301683144902,1.0,1.0,0.0,0.0,0.0,0.0,1.0,1.0,1.0,1.0,0.0,0.0,,
R,core_N_n1500_low,sieve2_sieve2,1,0.0159392650696099,0.0159392650696099,0.072119500008834,0.072119500008834,0.0,0.0,0.0824654374819405,0.0824654374819405,0.2,0.2,0.002,0.002,0.2,0.2,1.0,1.0,388.29997480189314,388.29997480189314,1.9944544338065335,1.9944544338065335,0.5919097333457477,0.5919097333457477,0.0194534146251074,0.0194534146251074,475.9119239333938,475.9119239333938,17.839591222778683,17.839591222778683,0.2646230692906914,0.2646230692906914,0.0,0.0,0.0,0.0,0.0,0.0,0.0,0.0,0.0,0.0,0.0,0.0,,
R,core_N_n1500_low,sieve3_sieve3,1,0.0190639598015868,0.0190639598015868,0.1472921035293855,0.1472921035293855,0.1009351450062982,0.1009351450062982,0.1889861230353015,0.1889861230353015,0.26,0.26,0.002,0.002,0.26,0.26,1.0,1.0,1018.0094750610392,1018.0094750610392,3.2293591518625853,3.2293591518625853,1.607377953291395,1.607377953291395,1.0446971559891705,1.0446971559891705,294.31773979624705,294.31773979624705,47.831965245765815,47.831965245765815,1.4257870414758986,1.4257870414758986,0.0,0.0,0.0,0.0,0.0,0.0,0.0,0.0,0.0,0.0,0.0,0.0,,
R,core_N_n6000_high,kernel_kernel,1,0.10945131289197,0.10945131289197,0.0630739774877901,0.0630739774877901,0.1599228898063726,0.1599228898063726,0.0358767146914083,0.0358767146914083,0.002,0.002,0.002,0.002,0.002,0.002,0.0,0.0,7.2760653932425425,7.2760653932425425,0.1365081995453766,0.1365081995453766,0.3438793464123902,0.3438793464123902,0.033445050115398,0.033445050115398,2998.450519295674,2998.450519295674,1.969895839691162,1.969895839691162,0.09479913392663,0.09479913392663,0.0,0.0,1.0,1.0,0.0,0.0,0.0,0.0,0.0,0.0,1.0,1.0,,
R,core_N_n6000_high,kernel_sieve1,1,0.10945131289197,0.10945131289197,0.004270414972514,0.004270414972514,0.1599228898063726,0.1599228898063726,0.0186065348897356,0.0186065348897356,0.002,0.002,0.978,0.978,0.978,0.978,1.0,1.0,9.159934080797724,9.159934080797724,0.1531639704473445,0.1531639704473445,0.2832698432607817,0.2832698432607817,0.0270101268311353,0.0270101268311353,2879.984573344884,2879.984573344884,3.725159712423561,3.725159712423561,0.0038027653224018,0.0038027653224018,0.0,0.0,0.0,0.0,1.0,1.0,0.0,0.0,0.0,0.0,0.0,0.0,,
R,core_N_n6000_high,sieve1_kernel,1,0.0081664076156639,0.0081664076156639,0.0630739774877901,0.0630739774877901,0.0555555242154043,0.0555555242154043,0.0358767146914083,0.0358767146914083,0.002,0.002,0.002,0.002,0.002,0.002,0.0,0.0,72.99412325208607,72.99412325208607,0.4323688424522237,0.4323688424522237,0.4011507558880964,0.4011507558880964,0.016234461148983,0.016234461148983,2998.450519295674,2998.450519295674,1.969895839691162,1.969895839691162,0.09479913392663,0.09479913392663,0.0,0.0,0.0,0.0,0.0,0.0,1.0,1.0,0.0,0.0,0.0,0.0,,
R,core_N_n6000_high,sieve1_sieve1,1,0.0081664076156639,0.0081664076156639,0.004270414972514,0.004270414972514,0.0555555242154043,0.0555555242154043,0.0186065348897356,0.0186065348897356,0.002,0.002,0.966,0.966,0.966,0.966,1.0,1.0,92.45596811048792,92.45596811048792,0.4866065125562613,0.4866065125562613,0.4322659398544264,0.4322659398544264,0.0978491249817257,0.0978491249817257,2879.984573344884,2879.984573344884,3.725159712423561,3.725159712423561,0.0038027653224018,0.0038027653224018,1.0,1.0,0.0,0.0,0.0,0.0,0.0,0.0,1.0,1.0,0.0,0.0,,
R,core_N_n6000_high,sieve2_sieve2,1,0.0120241106205733,0.0120241106205733,0.0443227223141635,0.0443227223141635,0.0,0.0,0.0294638618599133,0.0294638618599133,0.044,0.044,0.002,0.002,0.044,0.044,1.0,1.0,307.94736923371363,307.94736923371363,0.8880730501665706,0.8880730501665706,0.5251675175665382,0.5251675175665382,0.0887726661841004,0.0887726661841004,1982.2388451650445,1982.2388451650445,15.058271303518646,15.058271303518646,0.1282801265384568,0.1282801265384568,0.0,0.0,0.0,0.0,0.0,0.0,0.0,0.0,0.0,0.0,0.0,0.0,,
R,core_N_n6000_high,sieve3_sieve3,1,0.0120019188874345,0.0120019188874345,0.110159643965233,0.110159643965233,0.0998119154592273,0.0998119154592273,0.1060929210645143,0.1060929210645143,0.044,0.044,0.002,0.002,0.044,0.044,1.0,1.0,46230.68259077399,46230.68259077399,10.881169981232636,10.881169981232636,0.613746654686547,0.613746654686547,0.0934150149706389,0.0934150149706389,1172.1401020421858,1172.1401020421858,38.863147536276415,38.863147536276415,0.6771261322200195,0.6771261322200195,0.0,0.0,0.0,0.0,0.0,0.0,0.0,0.0,0.0,0.0,0.0,0.0,,
R,core_N_n6000_low,kernel_kernel,1,0.121950133579284,0.121950133579284,0.0603711489868926,0.0603711489868926,0.1693039828803713,0.1693039828803713,0.0400308702137614,0.0400308702137614,0.002,0.002,0.002,0.002,0.002,0.002,0.0,0.0,7.229590693094903,7.229590693094903,0.1360715390437284,0.1360715390437284,0.2787156756546417,0.2787156756546417,0.0287025420875481,0.0287025420875481,2998.457806319281,2998.457806319281,1.969738483428955,1.969738483428955,0.0949745346307754,0.0949745346307754,0.0,0.0,0.0,0.0,0.0,0.0,0.0,0.0,0.0,0.0,1.0,1.0,,
R,core_N_n6000_low,kernel_sieve1,1,0.121950133579284,0.121950133579284,0.0043983013147327,0.0043983013147327,0.1693039828803713,0.1693039828803713,0.0196237529503424,0.0196237529503424,0.002,0.002,0.988,0.988,0.988,0.988,1.0,1.0,9.013284207939089,9.013284207939089,0.1519329514692118,0.1519329514692118,0.2801934909016344,0.2801934909016344,0.0109144392620949,0.0109144392620949,2912.4044281986457,2912.4044281986457,3.209926900664298,3.209926900664298,0.0047849854664193,0.0047849854664193,0.0,0.0,0.0,0.0,0.0,0.0,0.0,0.0,0.0,0.0,0.0,0.0,,
R,core_N_n6000_low,sieve1_kernel,1,0.0051719026370881,0.0051719026370881,0.0603711489868926,0.0603711489868926,0.0668000455872394,0.0668000455872394,0.0400308702137614,0.0400308702137614,0.2,0.2,0.002,0.002,0.2,0.2,1.0,1.0,4.662787271154515,4.662787271154515,0.1092781270607776,0.1092781270607776,0.2403148708283585,0.2403148708283585,0.0082256256541521,0.0082256256541521,2998.457806319281,2998.457806319281,1.969738483428955,1.969738483428955,0.0949745346307754,0.0949745346307754,0.0,0.0,1.0,1.0,1.0,1.0,1.0,1.0,0.0,0.0,0.0,0.0,,
R,core_N_n6000_low,sieve1_sieve1,1,0.0051719026370881,0.0051719026370881,0.0043983013147327,0.0043983013147327,0.0668000455872394,0.0668000455872394,0.0196237529503424,0.0196237529503424,0.178,0.178,0.974,0.974,0.974,0.974,1.0,1.0,5.848372018355263,5.848372018355263,0.1223849281181131,0.1223849281181131,0.22874879846044,0.22874879846044,0.0096892638547094,0.0096892638547094,2912.4044281986457,2912.4044281986457,3.209926900664298,3.209926900664298,0.0047849854664193,0.0047849854664193,1.0,1.0,0.0,0.0,0.0,0.0,0.0,0.0,1.0,1.0,0.0,0.0,,
R,core_N_n6000_low,sieve2_sieve2,1,0.010536152502982,0.010536152502982,0.021841594338319,0.021841594338319,0.0,0.0,0.0293484937445038,0.0293484937445038,0.126,0.126,0.004,0.004,0.126,0.126,1.0,1.0,90.24157614746878,90.24157614746878,0.480743895040534,0.480743895040534,2.5976689214417643,2.5976689214417643,0.1543326784789982,0.1543326784789982,2486.865023682617,2486.865023682617,9.930194453557815,9.930194453557815,0.0524060734750263,0.0524060734750263,0.0,0.0,0.0,0.0,0.0,0.0,0.0,0.0,0.0,0.0,0.0,0.0,,
R,core_N_n6000_low,sieve3_sieve3,1,0.0130431531659873,0.0130431531659873,0.0898020319389403,0.0898020319389403,0.0765275001912061,0.0765275001912061,0.0966609646329896,0.0966609646329896,0.012,0.012,0.002,0.002,0.012,0.012,0.0,0.0,7779.750172788104,7779.750172788104,4.463682206712509,4.463682206712509,0.5089840658697738,0.5089840658697738,1.649019882183864,1.649019882183864,1466.7558453444271,1466.7558453444271,40.55414639317307,40.55414639317307,0.4710793685388755,0.4710793685388755,0.0,0.0,0.0,0.0,0.0,0.0,0.0,0.0,0.0,0.0,0.0,0.0,,
R,core_Q_n1500_high,kernel_kernel,1,0.1533057814621469,0.1533057814621469,0.0843532169773542,0.0843532169773542,0.2163766137642687,0.2163766137642687,0.0856742206841282,0.0856742206841282,0.002,0.002,0.002,0.002,0.002,0.002,0.0,0.0,8.782349765171567,8.782349765171567,0.2999478837304156,0.2999478837304156,0.4363210431860558,0.4363210431860558,0.3259297769726118,0.3259297769726118,749.394378295967,749.394378295967,1.8868769407272337,1.8868769407272337,0.132189807097117,0.132189807097117,0.0,0.0,0.0,0.0,0.0,0.0,0.0,0.0,0.0,0.0,1.0,1.0,,
R,core_Q_n1500_high,kernel_sieve1,1,0.1533057814621469,0.1533057814621469,0.0162982572480777,0.0162982572480777,0.2163766137642687,0.2163766137642687,0.0604419787524774,0.0604419787524774,0.002,0.002,0.498,0.498,0.498,0.498,1.0,1.0,14.509695384856354,14.509695384856354,0.3855401260239602,0.3855401260239602,0.3101896514988289,0.3101896514988289,0.2050369300194719,0.2050369300194719,610.3001156067357,610.3001156067357,14.273154758790136,14.273154758790136,0.0353766828154245,0.0353766828154245,0.0,0.0,0.0,0.0,0.0,0.0,0.0,0.0,0.0,0.0,0.0,0.0,,
R,core_Q_n1500_high,sieve1_kernel,1,0.0072445438893228,0.0072445438893228,0.0843532169773542,0.0843532169773542,0.0359118682272386,0.0359118682272386,0.0856742206841282,0.0856742206841282,0.996,0.996,0.002,0.002,0.996,0.996,1.0,1.0,7.566441502379171,7.566441502379171,0.2784109273503937,0.2784109273503937,0.350117610273352,0.350117610273352,0.1722202879396893,0.1722202879396893,749.394378295967,749.394378295967,1.8868769407272337,1.8868769407272337,0.132189807097117,0.132189807097117,0.0,0.0,1.0,1.0,1.0,1.0,1.0,1.0,0.0,0.0,0.0,0.0,,
R,core_Q_n1500_high,sieve1_sieve1,1,0.0072445438893228,0.0072445438893228,0.0162982572480777,0.0162982572480777,0.0359118682272386,0.0359118682272386,0.0604419787524774,0.0604419787524774,0.996,0.996,0.498,0.498,0.996,0.996,1.0,1.0,15.06170604260163,15.06170604260163,0.392805464772775,0.392805464772775,0.4427263542451195,0.4427263542451195,0.2839973188639132,0.2839973188639132,610.3001156067357,610.3001156067357,14.273154758790136,14.273154758790136,0.0353766828154245,0.0353766828154245,1.0,1.0,0.0,0.0,0.0,0.0,0.0,0.0,1.0,1.0,0.0,0.0,,
R,core_Q_n1500_high,sieve2_sieve2,1,0.0191484207412914,0.0191484207412914,0.107144546898917,0.107144546898917,0.0498551393184172,0.0498551393184172,0.1638314828374964,0.1638314828374964,0.012,0.012,0.002,0.002,0.012,0.012,0.0,0.0,1774.2255783080377,1774.2255783080377,4.263289803779285,4.263289803779285,8.242188754745793,8.242188754745793,1.0464032728448216,1.0464032728448216,299.7980032304617,299.7980032304617,50.0,50.0,0.741221461318625,0.741221461318625,0.0,0.0,0.0,0.0,0.0,0.0,0.0,0.0,0.0,0.0,0.0,0.0,,
R,core_Q_n1500_high,sieve3_sieve3,1,0.0233607534076533,0.0233607534076533,0.1283918841382632,0.1283918841382632,0.0221707068148282,0.0221707068148282,0.1641884487507007,0.1641884487507007,0.036,0.036,0.002,0.002,0.036,0.036,1.0,1.0,1853.0067713106223,1853.0067713106223,4.356913529144804,4.356913529144804,9.519890593528848,9.519890593528848,1.024416510083633,1.024416510083633,283.3962087757362,283.3962087757362,45.8072785684294,45.8072785684294,1.1208825167227108,1.1208825167227108,0.0,0.0,0.0,0.0,0.0,0.0,0.0,0.0,0.0,0.0,0.0,0.0,,
R,core_Q_n1500_low,kernel_kernel,1,0.1605335992822324,0.1605335992822324,0.0930793812273879,0.0930793812273879,0.2189184450372833,0.2189184450372833,0.0821115410304938,0.0821115410304938,0.002,0.002,0.002,0.002,0.002,0.002,0.0,0.0,8.77898014765303,8.77898014765303,0.299890336112937,0.299890336112937,0.4354615377376595,0.4354615377376595,0.3248714159254168,0.3248714159254168,749.3956717524334,749.3956717524334,1.8839845657348635,1.8839845657348635,0.1322141062418619,0.1322141062418619,0.0,0.0,0.0,0.0,0.0,0.0,0.0,0.0,0.0,0.0,1.0,1.0,,
R,core_Q_n1500_low,kernel_sieve1,1,0.1605335992822324,0.1605335992822324,0.0179971920867016,0.0179971920867016,0.2189184450372833,0.2189184450372833,0.0616461214691781,0.0616461214691781,0.002,0.002,0.144,0.144,0.144,0.144,1.0,1.0,13.401322540746438,13.401322540746438,0.3705222284741057,0.3705222284741057,0.3932805339026914,0.3932805339026914,0.161686623530367,0.161686623530367,668.9461416310518,668.9461416310518,11.323152441790985,11.323152441790985,0.0297568138907321,0.0297568138907321,0.0,0.0,0.0,0.0,0.0,0.0,0.0,0.0,0.0,0.0,0.0,0.0,,
R,core_Q_n1500_low,sieve1_kernel,1,0.0119333015736611,0.0119333015736611,0.0930793812273879,0.0930793812273879,0.0,0.0,0.0821115410304938,0.0821115410304938,0.114,0.114,0.002,0.002,0.114,0.114,1.0,1.0,4.814517949178904,4.814517949178904,0.2220837809090114,0.2220837809090114,0.3220957863678843,0.3220957863678843,0.1474097595006446,0.1474097595006446,749.3956717524334,749.3956717524334,1.8839845657348635,1.8839845657348635,0.1322141062418619,0.1322141062418619,0.0,0.0,1.0,1.0,1.0,1.0,1.0,1.0,0.0,0.0,0.0,0.0,,
R,core_Q_n1500_low,sieve1_sieve1,1,0.0119333015736611,0.0119333015736611,0.0179971920867016,0.0179971920867016,0.0,0.0,0.0616461214691781,0.0616461214691781,0.142,0.142,0.118,0.118,0.142,0.142,1.0,1.0,7.985361208116032,7.985361208116032,0.2860142822405834,0.2860142822405834,0.3380305590813617,0.3380305590813617,0.199037592634656,0.199037592634656,668.9461416310518,668.9461416310518,11.323152441790985,11.323152441790985,0.0297568138907321,0.0297568138907321,1.0,1.0,0.0,0.0,0.0,0.0,0.0,0.0,1.0,1.0,0.0,0.0,,
R,core_Q_n1500_low,sieve2_sieve2,1,0.0240359588208117,0.0240359588208117,0.0922224704283672,0.0922224704283672,0.0479165230556512,0.0479165230556512,0.1091321728716862,0.1091321728716862,0.114,0.114,0.002,0.002,0.114,0.114,1.0,1.0,1297.0775640046822,1297.0775640046822,3.64521720244684,3.64521720244684,0.5933310288653253,0.5933310288653253,0.5640701466486648,0.5640701466486648,396.7602666980016,396.7602666980016,49.6215678777891,49.6215678777891,0.4163118319865482,0.4163118319865482,0.0,0.0,0.0,0.0,0.0,0.0,0.0,0.0,0.0,0.0,0.0,0.0,,
R,core_Q_n1500_low,sieve3_sieve3,1,0.0175870601678607,0.0175870601678607,0.1539405225298238,0.1539405225298238,0.0,0.0,0.2012992182429566,0.2012992182429566,0.512,0.512,0.002,0.002,0.512,0.512,1.0,1.0,901.2687374375652,901.2687374375652,3.038558422120661,3.038558422120661,9.107339943484272,9.107339943484272,0.2711102089649247,0.2711102089649247,290.8312398340273,290.8312398340273,50.0,50.0,1.33584858266404,1.33584858266404,0.0,0.0,0.0,0.0,0.0,0.0,0.0,0.0,0.0,0.0,0.0,0.0,,
R,core_Q_n6000_high,kernel_kernel,1,0.1226780911739278,0.1226780911739278,0.0563371714826101,0.0563371714826101,0.1853202516582402,0.1853202516582402,0.0303321120736022,0.0303321120736022,0.002,0.002,0.002,0.002,0.002,0.002,0.0,0.0,9.625034112546578,9.625034112546578,0.1570043121419683,0.1570043121419683,0.6021940285069447,0.6021940285069447,0.3706917816635589,0.3706917816635589,2998.459484828526,2998.459484828526,1.9866151809692385,1.9866151809692385,0.0948518600662549,0.0948518600662549,0.0,0.0,0.0,0.0,0.0,0.0,0.0,0.0,0.0,0.0,1.0,1.0,,
R,core_Q_n6000_high,kernel_sieve1,1,0.1226780911739278,0.1226780911739278,0.0047520005885089,0.0047520005885089,0.1853202516582402,0.1853202516582402,0.0,0.0,0.002,0.002,0.88,0.88,0.88,0.88,1.0,1.0,13.532904937714283,13.532904937714283,0.1861683961878299,0.1861683961878299,0.4565826090374205,0.4565826090374205,0.1325479204171495,0.1325479204171495,2685.3705617954715,2685.3705617954715,9.607165072104827,9.607165072104827,0.0041583116189144,0.0041583116189144,0.0,0.0,0.0,0.0,0.0,0.0,0.0,0.0,0.0,0.0,0.0,0.0,,
R,core_Q_n6000_high,sieve1_kernel,1,0.0073680926118978,0.0073680926118978,0.0563371714826101,0.0563371714826101,0.0630465717007469,0.0630465717007469,0.0303321120736022,0.0303321120736022,0.114,0.114,0.002,0.002,0.114,0.114,1.0,1.0,8.61718872177179,8.61718872177179,0.1485570422285853,0.1485570422285853,0.2925381652086133,0.2925381652086133,0.1210530231609599,0.1210530231609599,2998.459484828526,2998.459484828526,1.9866151809692385,1.9866151809692385,0.0948518600662549,0.0948518600662549,0.0,0.0,1.0,1.0,1.0,1.0,0.0,0.0,0.0,0.0,0.0,0.0,,
R,core_Q_n6000_high,sieve1_sieve1,1,0.0073680926118978,0.0073680926118978,0.0047520005885089,0.0047520005885089,0.0630465717007469,0.0630465717007469,0.0,0.0,0.122,0.122,0.902,0.902,0.902,0.902,1.0,1.0,12.082276258562452,12.082276258562452,0.1759076888122356,0.1759076888122356,0.2848483601082727,0.2848483601082727,0.1204521733354047,0.1204521733354047,2685.3705617954715,2685.3705617954715,9.607165072104827,9.607165072104827,0.0041583116189144,0.0041583116189144,1.0,1.0,0.0,0.0,0.0,0.0,0.0,0.0,1.0,1.0,0.0,0.0,,
R,core_Q_n6000_high,sieve2_sieve2,1,0.0069712189629551,0.0069712189629551,0.0312539503171194,0.0312539503171194,0.0,0.0,0.0,0.0,0.22,0.22,0.002,0.002,0.22,0.22,1.0,1.0,69.06118079665949,69.06118079665949,0.4205594941253434,0.4205594941253434,0.4869276479939076,0.4869276479939076,0.0707520192795903,0.0707520192795903,1851.6868246113445,1851.6868246113445,35.40278675013518,35.40278675013518,0.1051011297552113,0.1051011297552113,0.0,0.0,0.0,0.0,0.0,0.0,1.0,1.0,0.0,0.0,0.0,0.0,,
R,core_Q_n6000_high,sieve3_sieve3,1,0.0104706782799111,0.0104706782799111,0.1011815969910076,0.1011815969910076,0.0494476064959525,0.0494476064959525,0.1312175778517967,0.1312175778517967,0.046,0.046,0.002,0.002,0.046,0.046,1.0,1.0,130098.7134264893,130098.7134264893,18.25353331091821,18.25353331091821,15.574406874984618,15.574406874984618,2.367774948246592,2.367774948246592,1149.2491934511445,1149.2491934511445,50.0,50.0,0.751836254905246,0.751836254905246,0.0,0.0,0.0,0.0,0.0,0.0,0.0,0.0,0.0,0.0,0.0,0.0,,
R,core_Q_n6000_low,kernel_kernel,1,0.1192462716887213,0.1192462716887213,0.0636348546196537,0.0636348546196537,0.1850679446759709,0.1850679446759709,0.0298939180891997,0.0298939180891997,0.002,0.002,0.002,0.002,0.002,0.002,0.0,0.0,9.54979371378219,9.54979371378219,0.1563894445092457,0.1563894445092457,0.6210714588163451,0.6210714588163451,0.3657052668665481,0.3657052668665481,2998.4445663960305,2998.4445663960305,2.0021426677703857,2.0021426677703857,0.0950570027033487,0.0950570027033487,0.0,0.0,0.0,0.0,0.0,0.0,0.0,0.0,0.0,0.0,1.0,1.0,,
R,core_Q_n6000_low,kernel_sieve1,1,0.1192462716887213,0.1192462716887213,0.0061784677814772,0.0061784677814772,0.1850679446759709,0.1850679446759709,0.0,0.0,0.002,0.002,0.228,0.228,0.228,0.228,1.0,1.0,12.511182135982637,12.511182135982637,0.1790027137477546,0.1790027137477546,0.4368463661340779,0.4368463661340779,0.1319197566996257,0.1319197566996257,2838.6157499825645,2838.6157499825645,8.128205544772399,8.128205544772399,0.003956709101977,0.003956709101977,0.0,0.0,0.0,0.0,0.0,0.0,0.0,0.0,0.0,0.0,0.0,0.0,,
R,core_Q_n6000_low,sieve1_kernel,1,0.0134300765064753,0.0134300765064753,0.0636348546196537,0.0636348546196537,0.051912636242424,0.051912636242424,0.0298939180891997,0.0298939180891997,0.002,0.002,0.002,0.002,0.002,0.002,0.0,0.0,5.453684568110408,5.453684568110408,0.1181831195979441,0.1181831195979441,0.3318109272819379,0.3318109272819379,0.129157750477548,0.129157750477548,2998.4445663960305,2998.4445663960305,2.0021426677703857,2.0021426677703857,0.0950570027033487,0.0950570027033487,0.0,0.0,1.0,1.0,0.0,0.0,0.0,0.0,0.0,0.0,0.0,0.0,,
R,core_Q_n6000_low,sieve1_sieve1,1,0.0134300765064753,0.0134300765064753,0.0061784677814772,0.0061784677814772,0.051912636242424,0.051912636242424,0.0,0.0,0.002,0.002,0.206,0.206,0.206,0.206,1.0,1.0,7.24255716416888,7.24255716416888,0.1361935084157126,0.1361935084157126,0.3645666572254458,0.3645666572254458,0.1291073833004479,0.1291073833004479,2838.6157499825645,2838.6157499825645,8.128205544772399,8.128205544772399,0.003956709101977,0.003956709101977,1.0,1.0,0.0,0.0,1.0,1.0,0.0,0.0,1.0,1.0,0.0,0.0,,
R,core_Q_n6000_low,sieve2_sieve2,1,0.0041751234481792,0.0041751234481792,0.0220945850716511,0.0220945850716511,0.0,0.0,0.0313988268153071,0.0313988268153071,0.476,0.476,0.018,0.018,0.476,0.476,1.0,1.0,13.98624328177148,13.98624328177148,0.1892609348514255,0.1892609348514255,0.2204225574663103,0.2204225574663103,0.095873836240151,0.095873836240151,2383.4685212975764,2383.4685212975764,28.69160472426929,28.69160472426929,0.0579796906536292,0.0579796906536292,0.0,0.0,0.0,0.0,0.0,0.0,1.0,1.0,0.0,0.0,0.0,0.0,,
R,core_Q_n6000_low,sieve3_sieve3,1,0.0153749682384886,0.0153749682384886,0.0969395113492583,0.0969395113492583,0.0515049701527933,0.0515049701527933,0.0639342120160013,0.0639342120160013,0.006,0.006,0.002,0.002,0.006,0.006,0.0,0.0,18176.687396503246,18176.687396503246,6.8228812243512325,6.8228812243512325,1.7814521845407956,1.7814521845407956,2.587414311516364,2.587414311516364,1268.4565883392452,1268.4565883392452,50.0,50.0,0.5743462954700769,0.5743462954700769,0.0,0.0,0.0,0.0,0.0,0.0,0.0,0.0,0.0,0.0,0.0,0.0,,
R,stress_L_n3000_low_p40,kernel_kernel,1,0.1226977866841923,0.1226977866841923,0.0801331000512093,0.0801331000512093,0.1500962761702475,0.1500962761702475,0.1304354884452737,0.1304354884452737,0.002,0.002,0.002,0.002,0.002,0.002,0.0,0.0,9.836929633398425,9.836929633398425,0.2244684057342692,0.2244684057342692,0.312584005125469,0.312584005125469,0.0133317920943608,0.0133317920943608,1499.8298276847363,1499.8298276847363,1.8474781513214111,1.8474781513214111,0.1197709390521049,0.1197709390521049,0.0,0.0,1.0,1.0,0.0,0.0,1.0,1.0,0.0,0.0,1.0,1.0,,
R,stress_L_n3000_low_p40,kernel_sieve1,1,0.1226977866841923,0.1226977866841923,0.0152925105144278,0.0152925105144278,0.1500962761702475,0.1500962761702475,0.1055004157659049,0.1055004157659049,0.002,0.002,0.596,0.596,0.596,0.596,1.0,1.0,14.645277020669733,14.645277020669733,0.2738887759720597,0.2738887759720597,0.353375777888894,0.353375777888894,0.0145927079552115,0.0145927079552115,1352.7804552185098,1352.7804552185098,4.983575923466399,4.983575923466399,0.0281861179959712,0.0281861179959712,0.0,0.0,0.0,0.0,1.0,1.0,0.0,0.0,0.0,0.0,0.0,0.0,,
R,stress_L_n3000_low_p40,sieve1_kernel,1,0.0084498108574633,0.0084498108574633,0.0801331000512093,0.0801331000512093,0.0484154125463255,0.0484154125463255,0.1304354884452737,0.1304354884452737,0.582,0.582,0.002,0.002,0.582,0.582,1.0,1.0,23.690401504659413,23.690401504659413,0.3483466595606539,0.3483466595606539,0.4467143764774753,0.4467143764774753,0.0441717973352076,0.0441717973352076,1499.8298276847363,1499.8298276847363,1.8474781513214111,1.8474781513214111,0.1197709390521049,0.1197709390521049,0.0,0.0,0.0,0.0,0.0,0.0,0.0,0.0,0.0,0.0,0.0,0.0,,
R,stress_L_n3000_low_p40,sieve1_sieve1,1,0.0084498108574633,0.0084498108574633,0.0152925105144278,0.0152925105144278,0.0484154125463255,0.0484154125463255,0.1055004157659049,0.1055004157659049,0.558,0.558,0.582,0.582,0.67,0.67,1.0,1.0,35.64195551879311,35.64195551879311,0.4272737394551579,0.4272737394551579,0.5755907909953518,0.5755907909953518,0.01577807051106,0.01577807051106,1352.7804552185098,1352.7804552185098,4.983575923466399,4.983575923466399,0.0281861179959712,0.0281861179959712,1.0,1.0,0.0,0.0,0.0,0.0,0.0,0.0,1.0,1.0,0.0,0.0,,
R,stress_M_n3000_low_p40,kernel_kernel,1,0.1318627647066934,0.1318627647066934,0.0771920170251232,0.0771920170251232,0.168557815120091,0.168557815120091,0.1364025195108053,0.1364025195108053,0.002,0.002,0.002,0.002,0.002,0.002,0.0,0.0,7.251674975916969,7.251674975916969,0.1927279069482245,0.1927279069482245,0.2963440288372579,0.2963440288372579,0.0298977954852182,0.0298977954852182,1499.8286730081995,1499.8286730081995,1.8478975296020508,1.8478975296020508,0.1199269883036613,0.1199269883036613,0.0,0.0,1.0,1.0,0.0,0.0,0.0,0.0,0.0,0.0,1.0,1.0,,
R,stress_M_n3000_low_p40,kernel_sieve1,1,0.1318627647066934,0.1318627647066934,0.0160588037179685,0.0160588037179685,0.168557815120091,0.168557815120091,0.1022571242740693,0.1022571242740693,0.002,0.002,0.632,0.632,0.632,0.632,1.0,1.0,10.768579648153176,10.768579648153176,0.2348576180762725,0.2348576180762725,0.5257519735305097,0.5257519735305097,0.0020022588152346,0.0020022588152346,1354.2488293019724,1354.2488293019724,4.947795877519832,4.947795877519832,0.0309121420431361,0.0309121420431361,0.0,0.0,0.0,0.0,1.0,1.0,1.0,1.0,0.0,0.0,0.0,0.0,,
R,stress_M_n3000_low_p40,sieve1_kernel,1,0.0075945133571533,0.0075945133571533,0.0771920170251232,0.0771920170251232,0.0487549010104145,0.0487549010104145,0.1364025195108053,0.1364025195108053,0.85,0.85,0.002,0.002,0.85,0.85,1.0,1.0,113.87387197461088,113.87387197461088,0.7637258378743559,0.7637258378743559,0.4330805288660794,0.4330805288660794,0.085081451242021,0.085081451242021,1499.8286730081995,1499.8286730081995,1.8478975296020508,1.8478975296020508,0.1199269883036613,0.1199269883036613,0.0,0.0,0.0,0.0,0.0,0.0,0.0,0.0,0.0,0.0,0.0,0.0,,
R,stress_M_n3000_low_p40,sieve1_sieve1,1,0.0075945133571533,0.0075945133571533,0.0160588037179685,0.0160588037179685,0.0487549010104145,0.0487549010104145,0.1022571242740693,0.1022571242740693,0.842,0.842,0.618,0.618,0.842,0.842,1.0,1.0,181.75691906591163,181.75691906591163,0.9648746932692736,0.9648746932692736,0.5182709505565345,0.5182709505565345,0.2610319493823834,0.2610319493823834,1354.2488293019724,1354.2488293019724,4.947795877519832,4.947795877519832,0.0309121420431361,0.0309121420431361,1.0,1.0,0.0,0.0,0.0,0.0,0.0,0.0,1.0,1.0,0.0,0.0,,
R,stress_N_n3000_low_p40,kernel_kernel,1,0.1156475120907684,0.1156475120907684,0.0745697332367716,0.0745697332367716,0.1754042218866573,0.1754042218866573,0.1206396763969311,0.1206396763969311,0.002,0.002,0.002,0.002,0.002,0.002,0.0,0.0,7.173493634044517,7.173493634044517,0.1916861780603752,0.1916861780603752,0.3262072350261751,0.3262072350261751,0.0412077410619144,0.0412077410619144,1499.8333380706745,1499.8333380706745,1.8512349128723145,1.8512349128723145,0.1196181681156158,0.1196181681156158,0.0,0.0,0.0,0.0,0.0,0.0,0.0,0.0,0.0,0.0,1.0,1.0,,
R,stress_N_n3000_low_p40,kernel_sieve1,1,0.1156475120907684,0.1156475120907684,0.0140375080076058,0.0140375080076058,0.1754042218866573,0.1754042218866573,0.0916319509966276,0.0916319509966276,0.002,0.002,0.704,0.704,0.704,0.704,1.0,1.0,10.169161103280487,10.169161103280487,0.2282275159991664,0.2282275159991664,0.3619192691432355,0.3619192691432355,0.0116517137258899,0.0116517137258899,1409.482997802142,1409.482997802142,4.131710204017314,4.131710204017314,0.0260259393233703,0.0260259393233703,0.0,0.0,0.0,0.0,0.0,0.0,1.0,1.0,0.0,0.0,0.0,0.0,,
R,stress_N_n3000_low_p40,sieve1_kernel,1,0.0074798661223522,0.0074798661223522,0.0745697332367716,0.0745697332367716,0.0712792728197833,0.0712792728197833,0.1206396763969311,0.1206396763969311,0.468,0.468,0.002,0.002,0.468,0.468,1.0,1.0,3.961271601488332,3.961271601488332,0.1424435372783549,0.1424435372783549,0.3193353235999184,0.3193353235999184,0.0333254575824303,0.0333254575824303,1499.8333380706745,1499.8333380706745,1.8512349128723145,1.8512349128723145,0.1196181681156158,0.1196181681156158,0.0,0.0,1.0,1.0,1.0,1.0,0.0,0.0,0.0,0.0,0.0,0.0,,
R,stress_N_n3000_low_p40,sieve1_sieve1,1,0.0074798661223522,0.0074798661223522,0.0140375080076058,0.0140375080076058,0.0712792728197833,0.0712792728197833,0.0916319509966276,0.0916319509966276,0.468,0.468,0.738,0.738,0.738,0.738,1.0,1.0,5.726100737549364,5.726100737549364,0.1712596025273508,0.1712596025273508,0.3841346339487555,0.3841346339487555,0.0280139121581728,0.0280139121581728,1409.482997802142,1409.482997802142,4.131710204017314,4.131710204017314,0.0260259393233703,0.0260259393233703,1.0,1.0,0.0,0.0,0.0,0.0,0.0,0.0,1.0,1.0,0.0,0.0,,
R,stress_Q_n3000_low_p40,kernel_kernel,1,0.128823618144976,0.128823618144976,0.0770596671082546,0.0770596671082546,0.1824122024211519,0.1824122024211519,0.0978802004340572,0.0978802004340572,0.002,0.002,0.002,0.002,0.002,0.002,0.0,0.0,8.932091766908323,8.932091766908323,0.213895687136682,0.213895687136682,0.4202722795172131,0.4202722795172131,0.2584398638325309,0.2584398638325309,1499.834942432558,1499.834942432558,1.8585288524627688,1.8585288524627688,0.1192054650386174,0.1192054650386174,0.0,0.0,0.0,0.0,0.0,0.0,0.0,0.0,0.0,0.0,1.0,1.0,,
R,stress_Q_n3000_low_p40,kernel_sieve1,1,0.128823618144976,0.128823618144976,0.0169079619969023,0.0169079619969023,0.1824122024211519,0.1824122024211519,0.0663783973413498,0.0663783973413498,0.002,0.002,0.456,0.456,0.456,0.456,1.0,1.0,14.129762058772712,14.129762058772712,0.2690251386642303,0.2690251386642303,0.3933365791193607,0.3933365791193607,0.1391858090265652,0.1391858090265652,1362.9138572301115,1362.9138572301115,10.215541574230366,10.215541574230366,0.0326989830436977,0.0326989830436977,0.0,0.0,0.0,0.0,0.0,0.0,0.0,0.0,0.0,0.0,0.0,0.0,,
R,stress_Q_n3000_low_p40,sieve1_kernel,1,0.0050590925344646,0.0050590925344646,0.0770596671082546,0.0770596671082546,0.043023316970682,0.043023316970682,0.0978802004340572,0.0978802004340572,1.0,1.0,0.002,0.002,1.0,1.0,1.0,1.0,5.581089336856834,5.581089336856834,0.1690771531834671,0.1690771531834671,0.3117445764328524,0.3117445764328524,0.1054169631436712,0.1054169631436712,1499.834942432558,1499.834942432558,1.8585288524627688,1.8585288524627688,0.1192054650386174,0.1192054650386174,0.0,0.0,1.0,1.0,1.0,1.0,1.0,1.0,0.0,0.0,0.0,0.0,,
R,stress_Q_n3000_low_p40,sieve1_sieve1,1,0.0050590925344646,0.0050590925344646,0.0169079619969023,0.0169079619969023,0.043023316970682,0.043023316970682,0.0663783973413498,0.0663783973413498,0.998,0.998,0.416,0.416,0.998,0.998,1.0,1.0,8.201308933477684,8.201308933477684,0.2049590150862618,0.2049590150862618,0.3334274321417437,0.3334274321417437,0.1258120434893488,0.1258120434893488,1362.9138572301115,1362.9138572301115,10.215541574230366,10.215541574230366,0.0326989830436977,0.0326989830436977,1.0,1.0,0.0,0.0,0.0,0.0,0.0,0.0,1.0,1.0,0.0,0.0,,
