study,config_id,candidate,n_rep,D_h_rff_l2_mean,D_h_rff_l2_median,D_q_rff_l2_mean,D_q_rff_l2_median,D_h_mmr_mean,D_h_mmr_median,D_q_mmr_mean,D_q_mmr_median,min_p_h_mean,min_p_h_median,min_p_q_mean,min_p_q_median,min_p_DR_mean,min_p_DR_median,screen_pass_mean,screen_pass_median,po_var_mean_mean,po_var_mean_median,mean_ate_ci_width_by_contrast_mean,mean_ate_ci_width_by_contrast_median,pehe_mean,pehe_median,ate_err_mean,ate_err_median,ess_mean,ess_median,max_q_mean,max_q_median,q_balance_mean,q_balance_median,selected_by_product_mean,selected_by_product_median,selected_by_variance_only_mean,selected_by_variance_only_median,selected_by_MSES_mean,selected_by_MSES_median,oracle_best_mean,oracle_best_median,fixed_sieve1_mean,fixed_sieve1_median,fixed_kernel_mean,fixed_kernel_median,nested_screen_survival_fraction_mean,nested_screen_survival_fraction_median,nested_selected_fraction[MSES]_mean,nested_selected_fraction[MSES]_median,nested_selected_fraction[product]_mean,nested_selected_fraction[product]_median,nested_selected_fraction[variance_only]_mean,nested_selected_fraction[variance_only]_median
B2,S1_n4000,kernel_kernel,50,0.01021458663987306,0.01010625924195715,0.017472751169844303,0.017232928332603897,0.04299247970227528,0.0353145779435571,0.04194732610382111,0.0444809615095912,0.034980000000000004,0.015,0.001,0.001,0.03626,0.015,0.54,1.0,21.879335889435694,21.78403903413171,0.28950173669438095,0.2892095340726498,0.5281619978232478,0.48946374770466,0.07266157148278483,0.0638700111330758,782.9878632699526,780.7567655581126,22.878459129333496,22.754796981811523,0.012677293405979829,0.01185710182413455,0.0,0.0,0.26,0.0,0.18,0.0,0.32,0.0,0.0,0.0,1.0,1.0,0.64,0.75,0.115,0.0,0.0,0.0,0.05,0.0
B2,S1_n4000,kernel_sieve1,50,0.01021458663987306,0.01010625924195715,0.01924965207317286,0.019176310346200452,0.04299247970227528,0.0353145779435571,0.04641964538613785,0.0435663879096202,0.0362,0.0165,0.0011400000000000002,0.001,0.047240000000000004,0.025500000000000002,0.62,1.0,27.24522995270133,26.84832463437698,0.32329351291487973,0.3211057168867081,0.5397090998030882,0.49486080559808965,0.07114014990891945,0.0584137169112224,650.9115474288799,651.3944829884404,24.037640037145138,23.654360624386534,0.06571902082879931,0.06490155378152396,0.0,0.0,0.0,0.0,0.02,0.0,0.14,0.0,0.0,0.0,0.0,0.0,0.795,1.0,0.02,0.0,0.0,0.0,0.0,0.0
B2,S1_n4000,sieve1_kernel,50,0.007578017328931011,0.00752335977468545,0.017472751169844303,0.017232928332603897,0.038695064748335097,0.0384982149930641,0.04194732610382111,0.0444809615095912,0.07783999999999999,0.026000000000000002,0.001,0.001,0.07816,0.026000000000000002,0.66,1.0,21.469485197081877,21.241855333242302,0.28659392884020707,0.2852494875052821,0.5427679290899841,0.48522974268592167,0.07023020713504467,0.06102584474962915,782.9878632699526,780.7567655581126,22.878459129333496,22.754796981811523,0.012677293405979829,0.01185710182413455,0.2,0.0,0.74,1.0,0.54,1.0,0.16,0.0,0.0,0.0,0.0,0.0,0.735,0.75,0.715,0.75,0.01,0.0,0.95,1.0
B2,S1_n4000,sieve1_sieve1,50,0.007578017328931011,0.00752335977468545,0.01924965207317286,0.019176310346200452,0.038695064748335097,0.0384982149930641,0.04641964538613785,0.0435663879096202,0.07583999999999999,0.03,0.0011200000000000001,0.001,0.085,0.041,0.66,1.0,26.564729053990007,26.1167679310824,0.31918349064585444,0.3166613996307684,0.5286984946966604,0.4828732592833484,0.07184680426116613,0.05977935849655445,650.9115474288799,651.3944829884404,24.037640037145138,23.654360624386534,0.06571902082879931,0.06490155378152396,0.06,0.0,0.0,0.0,0.02,0.0,0.16,0.0,1.0,1.0,0.0,0.0,0.84,0.875,0.07,0.0,0.99,1.0,0.0,0.0
B2,S1_n4000,sieve2_sieve2,50,0.0038626598331562563,0.0038204029595567002,0.030836133953547677,0.03079044286323675,0.04498809201101667,0.043604917878149504,0.0559655188005943,0.05125192806600705,0.9924200000000001,0.9984999999999999,0.00288,0.002,0.9924200000000001,0.9984999999999999,1.0,1.0,49.418720249520945,50.31148795107269,0.434960449730806,0.4394312821998111,0.565511197600842,0.5233986522381993,0.09493859382703096,0.0833142834273721,421.8589311347813,422.9357549190014,50.0,50.0,0.20682348045178892,0.20783729588015887,0.74,1.0,0.0,0.0,0.24,0.0,0.22,0.0,0.0,0.0,0.0,0.0,1.0,1.0,0.08,0.0,0.0,0.0,0.0,0.0
B2,S1_n4000,sieve3_sieve3,50,0.011613327725870986,0.01155077894460975,0.08227169401395988,0.0821151452390072,0.038147573317320646,0.034651313022976596,0.11328464400410652,0.1185839095834467,0.09333999999999999,0.0565,0.001,0.001,0.09333999999999999,0.0565,0.84,1.0,139578.4542016373,129756.89745083358,22.435938037101806,22.27758320279828,12.898610844699636,3.3716922791137374,4.438548006523166,4.12267552853368,378.9566032930065,377.98452346650345,50.0,50.0,0.955892618498564,0.9598012900920712,0.0,0.0,0.0,0.0,0.0,0.0,0.0,0.0,0.0,0.0,0.0,0.0,0.705,0.75,0.0,0.0,0.0,0.0,0.0,0.0
C2,S2_n4000,kernel_kernel,50,0.009288860091022774,0.009198172887674199,0.016725253062574157,0.0164074420867492,0.03725569313940966,0.03773720754014355,0.042669182467365896,0.0414652481361507,0.06948,0.0415,0.001,0.001,0.06952000000000001,0.0415,0.7,1.0,20.854732327215707,20.845348076530282,0.2827517422310206,0.2829107827093477,0.44794276330739635,0.39798376005353936,0.06790452199786341,0.058812507213993004,779.5011214860106,782.0268905944872,22.564576721191408,22.09825325012207,0.012056943200826594,0.012226408042013599,0.0,0.0,0.02,0.0,0.16,0.0,0.28,0.0,0.0,0.0,1.0,1.0,0.71,0.75,0.115,0.0,0.0,0.0,0.0,0.0
C2,S2_n4000,kernel_sieve1,50,0.009288860091022774,0.009198172887674199,0.017557988897196505,0.01757655341626055,0.03725569313940966,0.03773720754014355,0.03959244794393017,0.036583420958956295,0.06894,0.036000000000000004,0.0031600000000000005,0.001,0.10116000000000001,0.063,0.8,1.0,26.679833569673942,26.47780516141262,0.31990842099172373,0.3188708053525389,0.44955431416869507,0.3963039639203162,0.06387675614289798,0.04961743575253955,663.1931292088807,661.0496178687072,22.351904709795882,22.32828159514207,0.05754485134377416,0.057758921499719756,0.0,0.0,0.0,0.0,0.06,0.0,0.2,0.0,0.0,0.0,0.0,0.0,0.91,1.0,0.025,0.0,0.0,0.0,0.0,0.0
C2,S2_n4000,sieve1_kernel,50,0.007614782933870683,0.0075796268995491,0.016725253062574157,0.0164074420867492,0.037230365186268835,0.03577140740634435,0.042669182467365896,0.0414652481361507,0.056459999999999996,0.025,0.001,0.001,0.056459999999999996,0.025,0.64,1.0,19.66743481808091,19.574668361481265,0.2745714643228709,0.27420468993371966,0.45391589535745536,0.4051024567811289,0.06788556923122668,0.055754205119816,779.5011214860106,782.0268905944872,22.564576721191408,22.09825325012207,0.012056943200826594,0.012226408042013599,0.38,0.0,0.98,1.0,0.62,1.0,0.18,0.0,0.0,0.0,0.0,0.0,0.73,0.75,0.73,0.75,0.0,0.0,1.0,1.0
C2,S2_n4000,sieve1_sieve1,50,0.007614782933870683,0.0075796268995491,0.017557988897196505,0.01757655341626055,0.037230365186268835,0.03577140740634435,0.03959244794393017,0.036583420958956295,0.05884,0.027,0.00366,0.001,0.07786,0.0435,0.78,1.0,25.056383760247645,24.971659179974445,0.30999657539497105,0.30962022218342633,0.4474335497812935,0.39629497761023913,0.06749096468485799,0.0552198956131129,663.1931292088807,661.0496178687072,22.351904709795882,22.32828159514207,0.05754485134377416,0.057758921499719756,0.08,0.0,0.0,0.0,0.08,0.0,0.16,0.0,1.0,1.0,0.0,0.0,0.9,1.0,0.065,0.0,1.0,1.0,0.0,0.0
C2,S2_n4000,sieve2_sieve2,50,0.003913624473338824,0.0037396265489436503,0.031089648548280308,0.03122784388575175,0.0433557104339209,0.0447418437627174,0.04498567365320663,0.0469366555065268,0.99614,0.999,0.00286,0.002,0.99614,0.999,1.0,1.0,50.944098112439114,49.087276686801786,0.4415254073771587,0.4340676486551308,0.48581041296920136,0.4628578407487841,0.10248515594473634,0.09513561842155435,419.70945114209593,419.85642330581106,50.0,50.0,0.21032153360749695,0.2098411988846413,0.54,1.0,0.0,0.0,0.08,0.0,0.18,0.0,0.0,0.0,0.0,0.0,1.0,1.0,0.065,0.0,0.0,0.0,0.0,0.0
C2,S2_n4000,sieve3_sieve3,50,0.012439657071397254,0.012309722274440549,0.08483663210305264,0.08488684367521525,0.039054212220484066,0.03207153922526375,0.10612024023057202,0.10997449054155925,0.0923,0.055999999999999994,0.001,0.001,0.0923,0.055999999999999994,0.88,1.0,161504.500169921,152033.5999920342,23.66854697801557,23.576999712259198,11.531755506247611,3.1648768875975404,5.7896806385808475,4.778471362644867,381.20106373155875,381.9034879578375,50.0,50.0,1.0017802853197273,0.9998397029711297,0.0,0.0,0.0,0.0,0.0,0.0,0.0,0.0,0.0,0.0,0.0,0.0,0.705,0.75,0.0,0.0,0.0,0.0,0.0,0.0
D2,nonlinear_n4000,kernel_kernel,50,0.015523997061536024,0.01530170693013135,0.011566667194439606,0.0105520225567203,0.041308812630491715,0.040139236844950146,0.04225289334263318,0.03966183593159605,0.00134,0.001,0.039060000000000004,0.004,0.03968,0.005,0.24,0.0,33.94616112097677,29.750620497932843,0.35670149881116353,0.3380596487899389,0.5567534294493378,0.5160267959960381,0.09426685487090351,0.07846691737163095,1013.8712305265701,1004.391059154194,31.64857578277588,29.469573974609375,0.020342296245694117,0.019815571308135903,0.12,0.0,0.64,1.0,0.24,0.0,0.34,0.0,0.0,0.0,1.0,1.0,0.245,0.25,0.24,0.25,0.02,0.0,0.585,0.5
D2,nonlinear_n4000,kernel_sieve1,50,0.015523997061536024,0.01530170693013135,0.047901208422392955,0.0477829671895595,0.041308812630491715,0.040139236844950146,0.0760564026041675,0.0704215671036876,0.0014200000000000003,0.001,0.001,0.001,0.0014200000000000003,0.001,0.0,0.0,33.23521795345478,32.951032721790085,0.3567228837037102,0.3557873712311263,0.56499901887547,0.5468925740935386,0.07437653231302503,0.0607176997507987,1111.592927869363,1112.8656464948867,32.48122515537143,31.081336178574773,0.17848624964080703,0.1723829909329646,0.0,0.0,0.36,0.0,0.0,0.0,0.4,0.0,0.0,0.0,0.0,0.0,0.0,0.0,0.0,0.0,0.0,0.0,0.415,0.5
D2,nonlinear_n4000,sieve1_kernel,50,0.013392510506074312,0.01308877833077125,0.011566667194439606,0.0105520225567203,0.04123773673359103,0.03628644944386955,0.04225289334263318,0.03966183593159605,0.0011400000000000002,0.001,0.03724,0.005,0.037360000000000004,0.005,0.2,0.0,43.97581594244548,40.11965247611831,0.40649500437139335,0.3925794401582655,0.6127037693604788,0.5512517409604698,0.11354601379143181,0.10634250274823576,1013.8712305265701,1004.391059154194,31.64857578277588,29.469573974609375,0.020342296245694117,0.019815571308135903,0.88,1.0,0.0,0.0,0.0,0.0,0.18,0.0,0.0,0.0,0.0,0.0,0.26,0.25,0.045,0.0,0.96,1.0,0.0,0.0
D2,nonlinear_n4000,sieve1_sieve1,50,0.013392510506074312,0.01308877833077125,0.047901208422392955,0.0477829671895595,0.04123773673359103,0.03628644944386955,0.0760564026041675,0.0704215671036876,0.00126,0.001,0.001,0.001,0.00128,0.001,0.0,0.0,45.690965408006726,44.54586455591333,0.41753627676465704,0.4136754317166008,0.6764798538237383,0.6040677156968438,0.15955565259519663,0.15443137139832736,1111.592927869363,1112.8656464948867,32.48122515537143,31.081336178574773,0.17848624964080703,0.1723829909329646,0.0,0.0,0.0,0.0,0.0,0.0,0.08,0.0,1.0,1.0,0.0,0.0,0.02,0.0,0.0,0.0,0.0,0.0,0.0,0.0
D2,nonlinear_n4000,sieve2_sieve2,50,0.010814491874314906,0.00970194388927495,0.04690364325160909,0.04590472012943595,0.04585912489234202,0.045079962128919196,0.06299027301265536,0.061726044046631096,0.20296,0.1005,0.001,0.001,0.23911999999999994,0.129,0.86,1.0,11731.971179929435,4325.855335167773,5.250838553103469,4.069840685847806,3.9042970125801606,1.8322450148812575,2.110767073046685,1.2509995789334654,765.85770977372,767.9747254945644,50.0,50.0,0.2767487494197844,0.26752997021668457,0.0,0.0,0.0,0.0,0.62,1.0,0.0,0.0,0.0,0.0,0.0,0.0,0.855,1.0,0.58,0.5,0.02,0.0,0.0,0.0
D2,nonlinear_n4000,sieve3_sieve3,50,0.011914678074508493,0.011500652235238249,0.06269028508045797,0.06268832575091075,0.039731743662060455,0.03687497156729755,0.08088825176863594,0.0735422232457201,0.19492,0.158,0.001,0.001,0.19492,0.158,0.88,1.0,95192.64356111309,57189.31281708258,16.96025362663387,14.810255169437545,8.2872352347712,3.5794272859763554,4.7070891329902755,3.7136662446207183,720.8606152973704,720.2912622114134,50.0,50.0,0.41515262466593666,0.4210558290018743,0.0,0.0,0.0,0.0,0.12,0.0,0.0,0.0,0.0,0.0,0.0,0.0,0.745,0.75,0.09,0.0,0.0,0.0,0.0,0.0
E2,hamd_n1500,kernel_kernel,50,0.01910694041192262,0.01891469849826405,0.03944349567326616,0.038653268124396,0.047491240136046914,0.04932792481409885,0.05477223948233598,0.0487518332460507,0.03786,0.011,0.001,0.001,0.037919999999999995,0.011,0.48,0.0,29.465920213444896,25.098211844616486,0.5420421746692606,0.5069149340035104,0.7570560082165254,0.6823899128028253,0.30858482788087405,0.299738098398986,369.32735294421354,369.2970384272438,6.318813714981079,6.178476572036743,0.08274470271190003,0.0815437143246332,0.0,0.0,0.0,0.0,0.0,0.0,0.04,0.0,0.0,0.0,1.0,1.0,0.065,0.0,0.0,0.0,0.0,0.0,0.0,0.0
E2,hamd_n1500,kernel_sieve1,50,0.01910694041192262,0.01891469849826405,0.03320128242187463,0.033104335220590544,0.047491240136046914,0.04932792481409885,0.047610774846191195,0.04875828564670445,0.036000000000000004,0.011,0.06278,0.0505,0.12574,0.093,0.92,1.0,72.56028667213494,64.71995354833496,0.8496230353028961,0.8133228635421885,0.7718861004409042,0.6278924064627249,0.16831593509674078,0.13692269884602914,234.56051420761662,234.09085676621424,27.02950915681827,25.993969845985262,0.15726870919532143,0.15656659949245785,0.0,0.0,0.0,0.0,0.0,0.0,0.2,0.0,0.0,0.0,0.0,0.0,0.74,0.75,0.0,0.0,0.0,0.0,0.0,0.0
E2,hamd_n1500,sieve1_kernel,50,0.007164907328155818,0.0070411057464259495,0.03944349567326616,0.038653268124396,0.04397542539360523,0.0428008371725346,0.05477223948233598,0.0487518332460507,0.96304,0.9904999999999999,0.001,0.001,0.96304,0.9904999999999999,1.0,1.0,13.89779957111187,13.989494885428709,0.37694594579425134,0.37852933762896346,0.649666786568046,0.5694753764167493,0.11318905801975226,0.09828421371359325,369.32735294421354,369.2970384272438,6.318813714981079,6.178476572036743,0.08274470271190003,0.0815437143246332,0.02,0.0,1.0,1.0,1.0,1.0,0.4,0.0,0.0,0.0,0.0,0.0,1.0,1.0,1.0,1.0,0.6,0.5,1.0,1.0
E2,hamd_n1500,sieve1_sieve1,50,0.007164907328155818,0.0070411057464259495,0.03320128242187463,0.033104335220590544,0.04397542539360523,0.0428008371725346,0.047610774846191195,0.04875828564670445,0.96304,0.991,0.06314,0.054,0.96304,0.991,1.0,1.0,35.35156346806672,35.14264436318974,0.6001891385212298,0.5997540379850557,0.6194565785094204,0.5596772994844257,0.12184279753778289,0.10218774022700575,234.56051420761662,234.09085676621424,27.02950915681827,25.993969845985262,0.15726870919532143,0.15656659949245785,0.98,1.0,0.0,0.0,0.0,0.0,0.36,0.0,1.0,1.0,0.0,0.0,1.0,1.0,0.0,0.0,0.4,0.5,0.0,0.0
F2,S1_cU0.0_n4000,kernel_kernel,30,0.009795584590727244,0.00984693501042305,0.012433779650954888,0.01216021976079965,0.042160903460653786,0.041940623574671904,0.04197524282384787,0.04268053434077555,0.043733333333333325,0.024,0.0010000000000000002,0.001,0.054999999999999986,0.03,0.6,1.0,21.40081125162032,21.26234145911573,0.2864379196938452,0.28567785573530924,0.5164397230750815,0.477724040724923,0.05837426407500536,0.0538045922939088,782.6800427743229,785.3456641123898,21.44535338083903,21.425211906433105,0.011823966901252626,0.01067272545397275,0.0,0.0,0.1,0.0,0.13333333333333333,0.0,0.36666666666666664,0.0,0.0,0.0,1.0,1.0,0.6833333333333333,0.75,0.041666666666666664,0.0,0.0,0.0,0.016666666666666666,0.0
F2,S1_cU0.0_n4000,kernel_sieve1,30,0.009795584590727244,0.00984693501042305,0.012402123192914142,0.01233221849154255,0.042160903460653786,0.041940623574671904,0.04422394858208974,0.0452820189928853,0.041133333333333334,0.0195,0.005633333333333334,0.001,0.07706666666666664,0.0615,0.7333333333333333,1.0,22.454387029889126,22.371269042676243,0.29351202935911136,0.2930859337340323,0.5076356536700255,0.4817146226795169,0.06337177987047142,0.05379889646516265,735.1195303832953,735.2797804143988,19.091508607608876,19.028481800409025,0.031359685720094024,0.031092402702939552,0.0,0.0,0.0,0.0,0.03333333333333333,0.0,0.13333333333333333,0.0,0.0,0.0,0.0,0.0,0.8833333333333333,1.0,0.008333333333333333,0.0,0.0,0.0,0.0,0.0
F2,S1_cU0.0_n4000,sieve1_kernel,30,0.007507379092375323,0.00746083904342455,0.012433779650954888,0.01216021976079965,0.03968226353222178,0.03667949389566335,0.04197524282384787,0.04268053434077555,0.08273333333333333,0.0305,0.0010333333333333336,0.001,0.1118,0.07250000000000001,0.6333333333333333,1.0,20.76468780482856,20.525160123849986,0.2821667958738064,0.2806477351237047,0.5365951129239284,0.4843015879354876,0.06860530299653189,0.05871337293614545,782.6800427743229,785.3456641123898,21.44535338083903,21.425211906433105,0.011823966901252626,0.01067272545397275,0.4,0.0,0.8,1.0,0.5333333333333333,1.0,0.06666666666666667,0.0,0.0,0.0,0.0,0.0,0.7916666666666666,0.75,0.7916666666666666,0.75,0.0,0.0,0.9833333333333333,1.0
F2,S1_cU0.0_n4000,sieve1_sieve1,30,0.007507379092375323,0.00746083904342455,0.012402123192914142,0.01233221849154255,0.03968226353222178,0.03667949389566335,0.04422394858208974,0.0452820189928853,0.08196666666666665,0.0285,0.004433333333333333,0.001,0.17346666666666669,0.149,0.8,1.0,21.81622440715858,21.59745309667891,0.28925294182090855,0.28789929270646597,0.5165245415821651,0.47965601425763466,0.06766875678316014,0.0564703361439655,735.1195303832953,735.2797804143988,19.091508607608876,19.028481800409025,0.031359685720094024,0.031092402702939552,0.3333333333333333,0.0,0.1,0.0,0.16666666666666666,0.0,0.16666666666666666,0.0,1.0,1.0,0.0,0.0,0.9333333333333333,1.0,0.11666666666666667,0.0,1.0,1.0,0.0,0.0
F2,S1_cU0.0_n4000,sieve2_sieve2,30,0.00376248125336083,0.0035530865872123,0.027258554040354252,0.02742568092715595,0.04524200957914093,0.04058658958991215,0.05255600250108883,0.044443777470095105,0.9904666666666666,0.999,0.020133333333333336,0.016,0.9904666666666666,0.999,1.0,1.0,37.308985328477526,36.88424693650103,0.3776389832894344,0.375562866772919,0.5139753824769603,0.49670696012876625,0.06914225260117576,0.06142368674986265,515.5381723014174,514.3031252301613,50.0,50.0,0.1589816706784803,0.16053414487091439,0.26666666666666666,0.0,0.0,0.0,0.13333333333333333,0.0,0.26666666666666666,0.0,0.0,0.0,0.0,0.0,1.0,1.0,0.041666666666666664,0.0,0.0,0.0,0.0,0.0
F2,S1_cU0.0_n4000,sieve3_sieve3,30,0.012084700773057214,0.0117496506924776,0.0833371799416264,0.08376922177306426,0.03762270692351757,0.0359275349218768,0.10920180436127352,0.11249748689354411,0.08356666666666666,0.0505,0.0010000000000000002,0.001,0.08356666666666666,0.0505,0.7,1.0,141465.1600035246,145880.45040618078,22.478796513861553,23.536589879551986,17.01816525134269,3.306085675188341,4.829764913229056,4.815698809477544,382.6607568366844,382.7907724043688,50.0,50.0,0.9762933268573433,0.9765367025140261,0.0,0.0,0.0,0.0,0.0,0.0,0.0,0.0,0.0,0.0,0.0,0.0,0.7666666666666667,0.75,0.0,0.0,0.0,0.0,0.0,0.0
F2,S1_cU0.5_n4000,kernel_kernel,30,0.00986435016832771,0.0097171602647634,0.014128899796693937,0.01361563480659855,0.041701565551732704,0.04289098656104695,0.03980163963587191,0.03615985119392945,0.028633333333333334,0.013000000000000001,0.0010000000000000002,0.001,0.030699999999999998,0.020999999999999998,0.5666666666666667,1.0,21.330094857891105,21.405580981456744,0.2860419297648155,0.28658102962472387,0.5057291488073606,0.4838965123856968,0.06045667669242421,0.05610029368217385,782.8908817671661,786.8250909538503,21.53616282145182,21.147664070129395,0.01236957851250961,0.01131269963830705,0.0,0.0,0.1,0.0,0.2,0.0,0.3,0.0,0.0,0.0,1.0,1.0,0.7166666666666667,0.75,0.075,0.0,0.0,0.0,0.008333333333333333,0.0
F2,S1_cU0.5_n4000,kernel_sieve1,30,0.00986435016832771,0.0097171602647634,0.014027226298223228,0.014149360780846651,0.041701565551732704,0.04289098656104695,0.04154649789926203,0.04466055348501065,0.028933333333333332,0.012,0.005566666666666667,0.001,0.04586666666666665,0.024,0.6333333333333333,1.0,23.800973899781084,24.0525055401817,0.30219406996452103,0.3039111389466377,0.4988939757271859,0.47754124595643543,0.06848487640816403,0.06438370656409835,703.1898419421643,702.4336996963325,20.00956739279003,19.980528623166425,0.03963941811091365,0.0398574470870948,0.0,0.0,0.0,0.0,0.0,0.0,0.16666666666666666,0.0,0.0,0.0,0.0,0.0,0.95,1.0,0.041666666666666664,0.0,0.0,0.0,0.0,0.0
F2,S1_cU0.5_n4000,sieve1_kernel,30,0.007474444645751587,0.0074088293372775,0.014128899796693937,0.01361563480659855,0.04127827832250361,0.03936347669828755,0.03980163963587191,0.03615985119392945,0.10003333333333332,0.0175,0.0010000000000000002,0.001,0.10106666666666664,0.0185,0.6,1.0,20.78586466359173,20.886187837838932,0.28233248370314257,0.2831855673053195,0.554833612876447,0.5026115212723088,0.06840216029832015,0.0611242349856958,782.8908817671661,786.8250909538503,21.53616282145182,21.147664070129395,0.01236957851250961,0.01131269963830705,0.4,0.0,0.9,1.0,0.5,0.5,0.06666666666666667,0.0,0.0,0.0,0.0,0.0,0.775,0.75,0.7666666666666667,0.75,0.0,0.0,0.9916666666666667,1.0
F2,S1_cU0.5_n4000,sieve1_sieve1,30,0.007474444645751587,0.0074088293372775,0.014027226298223228,0.014149360780846651,0.04127827832250361,0.03936347669828755,0.04154649789926203,0.04466055348501065,0.09789999999999996,0.018500000000000003,0.0058666666666666685,0.001,0.15569999999999995,0.076,0.8333333333333334,1.0,23.12710027591319,23.17814061668198,0.2978496883555349,0.2983385541461345,0.5050252213765412,0.4868856136747596,0.07024528999765582,0.06699354061932186,703.1898419421643,702.4336996963325,20.00956739279003,19.980528623166425,0.03963941811091365,0.0398574470870948,0.2,0.0,0.0,0.0,0.13333333333333333,0.0,0.13333333333333333,0.0,1.0,1.0,0.0,0.0,0.9,1.0,0.09166666666666666,0.0,1.0,1.0,0.0,0.0
F2,S1_cU0.5_n4000,sieve2_sieve2,30,0.003780065429223126,0.0036734329198594,0.02799315305008338,0.027987672821844098,0.04596214114346462,0.04605838319775429,0.04477696671675501,0.048924910716366954,0.9904666666666666,0.999,0.012066666666666668,0.011,0.9904666666666666,0.999,1.0,1.0,41.91686365919757,41.22272111134737,0.40032708268416634,0.3973988394317246,0.5568629871306712,0.527406038654838,0.07959575278089143,0.0656264656883287,478.37333916621265,476.38962846904843,50.0,50.0,0.17258788181227594,0.17323466065733611,0.4,0.0,0.0,0.0,0.16666666666666666,0.0,0.3333333333333333,0.0,0.0,0.0,0.0,0.0,1.0,1.0,0.025,0.0,0.0,0.0,0.0,0.0
F2,S1_cU0.5_n4000,sieve3_sieve3,30,0.012485711016666706,0.0125397544649558,0.08301656446023233,0.0832412561578784,0.041599888023315094,0.0415605058068906,0.10927252401530649,0.10992319368782144,0.05443333333333334,0.0215,0.0010000000000000002,0.001,0.05443333333333334,0.0215,0.6333333333333333,1.0,157125.07642396833,137572.68219551872,23.470017005040404,22.797591055197667,22.40806993943886,3.1507355074569974,5.146419160686556,4.9812043558702745,381.8281259781313,380.70285774642934,50.0,50.0,0.9788417414750467,0.9766966192071516,0.0,0.0,0.0,0.0,0.0,0.0,0.0,0.0,0.0,0.0,0.0,0.0,0.7083333333333334,0.75,0.0,0.0,0.0,0.0,0.0,0.0
F2,S1_cU1.0_n4000,kernel_kernel,30,0.009984295398715233,0.00992814577020565,0.01779060072126733,0.0177463216160762,0.04259427606151003,0.037495952422968,0.03867618321309794,0.03657991622741645,0.054533333333333336,0.0465,0.0010000000000000002,0.001,0.055266666666666665,0.0465,0.6666666666666666,1.0,21.432588588088546,21.330352905233696,0.2865879553925824,0.28604659667549354,0.4982332676159657,0.48366777848490783,0.06400897257333324,0.0636641268897194,787.1740998316607,788.0477801320224,23.00416965484619,22.488309860229492,0.011882138713697529,0.01145859378203745,0.0,0.0,0.26666666666666666,0.0,0.26666666666666666,0.0,0.2,0.0,0.0,0.0,1.0,1.0,0.6416666666666667,0.625,0.06666666666666667,0.0,0.0,0.0,0.025,0.0
F2,S1_cU1.0_n4000,kernel_sieve1,30,0.009984295398715233,0.00992814577020565,0.019431871397902773,0.01949333120106525,0.04259427606151003,0.037495952422968,0.039124766546070784,0.0376622282867123,0.052566666666666664,0.0385,0.001566666666666667,0.001,0.05743333333333333,0.0435,0.7333333333333333,1.0,27.08976394525342,26.88440228270317,0.32240791508609257,0.32134601019064934,0.5072336187539533,0.47912274233293606,0.06459636954655115,0.061086767134106504,649.8352728534875,648.3773823801093,23.35362014735744,23.00452547092302,0.06626481420819824,0.06621480084875239,0.0,0.0,0.0,0.0,0.03333333333333333,0.0,0.2,0.0,0.0,0.0,0.0,0.0,0.7833333333333333,0.75,0.05,0.0,0.0,0.0,0.0,0.0
F2,S1_cU1.0_n4000,sieve1_kernel,30,0.007453648288955449,0.007280779948278649,0.01779060072126733,0.0177463216160762,0.04125788134899319,0.04270932896334145,0.03867618321309794,0.03657991622741645,0.08729999999999997,0.0465,0.0010000000000000002,0.001,0.08759999999999997,0.0465,0.7666666666666667,1.0,21.04842534719601,20.98333766663478,0.28388529985962463,0.28362477549959625,0.5278004051933766,0.4935727733131503,0.07023929504410359,0.0635023703078917,787.1740998316607,788.0477801320224,23.00416965484619,22.488309860229492,0.011882138713697529,0.01145859378203745,0.26666666666666666,0.0,0.7333333333333333,1.0,0.5666666666666667,1.0,0.16666666666666666,0.0,0.0,0.0,0.0,0.0,0.7833333333333333,0.75,0.7583333333333333,0.75,0.0,0.0,0.975,1.0
F2,S1_cU1.0_n4000,sieve1_sieve1,30,0.007453648288955449,0.007280779948278649,0.019431871397902773,0.01949333120106525,0.04125788134899319,0.04270932896334145,0.039124766546070784,0.0376622282867123,0.08546666666666666,0.0535,0.0016,0.001,0.0926,0.0535,0.9,1.0,26.473533820114874,26.520810085389623,0.3186770243196141,0.3190534702733693,0.5292404150357519,0.502319724203987,0.06930620190415458,0.05804870016218555,649.8352728534875,648.3773823801093,23.35362014735744,23.00452547092302,0.06626481420819824,0.06621480084875239,0.03333333333333333,0.0,0.0,0.0,0.06666666666666667,0.0,0.23333333333333334,0.0,1.0,1.0,0.0,0.0,0.825,0.875,0.025,0.0,1.0,1.0,0.0,0.0
F2,S1_cU1.0_n4000,sieve2_sieve2,30,0.0039748600129785195,0.00389310120091785,0.03063274701532686,0.0305228361494655,0.0443326481938909,0.0428973495627522,0.041372112057931544,0.042058352494974596,0.985,0.996,0.0024000000000000002,0.002,0.985,0.996,1.0,1.0,52.22628860992267,50.725088860533226,0.44647403785900636,0.44124518704881666,0.537198193421223,0.513926683104047,0.08744280727381581,0.07464709444429594,420.2878198880469,418.4667730691972,50.0,50.0,0.20597177911035447,0.20393374903291095,0.7,1.0,0.0,0.0,0.06666666666666667,0.0,0.2,0.0,0.0,0.0,0.0,0.0,0.9916666666666667,1.0,0.1,0.0,0.0,0.0,0.0,0.0
F2,S1_cU1.0_n4000,sieve3_sieve3,30,0.012344486333857789,0.01249436670184035,0.08199253568422532,0.08219883673455115,0.04385442122784636,0.04279995563196725,0.1095030346647767,0.1070157462547176,0.08329999999999999,0.0765,0.0010000000000000002,0.001,0.08329999999999999,0.0765,0.7666666666666667,1.0,141170.81311151848,135239.94722387943,22.213783599022232,21.925836945859807,20.44448548193743,6.128910666791218,4.687366277664808,3.471891723564421,376.480885998093,377.42204686773823,50.0,50.0,0.9629540799846589,0.9689019199564672,0.0,0.0,0.0,0.0,0.0,0.0,0.0,0.0,0.0,0.0,0.0,0.0,0.6583333333333333,0.75,0.0,0.0,0.0,0.0,0.0,0.0
F2,S1_cU2.0_n4000,kernel_kernel,30,0.011158721682144945,0.01107775027699145,0.022972449193869184,0.022633005421172102,0.04446268064948331,0.03936667302081355,0.040924325479859226,0.0410082932647015,0.0128,0.003,0.0010000000000000002,0.001,0.0128,0.003,0.2,0.0,22.06339424319484,21.966368084931982,0.29005971420689564,0.28910919558598924,0.5245150206800847,0.5121724400274734,0.15194465408502852,0.1516967727197564,786.8056415923857,781.2426494650554,26.57420972188314,26.86570930480957,0.011906956688562986,0.011062761466950101,0.0,0.0,0.3,0.0,0.13333333333333333,0.0,0.0,0.0,0.0,0.0,1.0,1.0,0.4,0.5,0.06666666666666667,0.0,0.0,0.0,0.058333333333333334,0.0
F2,S1_cU2.0_n4000,kernel_sieve1,30,0.011158721682144945,0.01107775027699145,0.033356174602853804,0.033725088459541405,0.04446268064948331,0.03936667302081355,0.052728274788861475,0.05509322105226675,0.013466666666666665,0.0025,0.0010000000000000002,0.001,0.013766666666666667,0.0025,0.26666666666666666,0.0,35.452593214348234,35.28711451014462,0.36875546439028145,0.36793605686706815,0.538049326279981,0.5044120735496731,0.09032054609331369,0.08028705307430795,574.7733050599031,573.5758662530117,32.23892983965888,32.43156733219098,0.14347718680430546,0.14514646500997308,0.0,0.0,0.0,0.0,0.03333333333333333,0.0,0.23333333333333334,0.0,0.0,0.0,0.0,0.0,0.475,0.5,0.03333333333333333,0.0,0.0,0.0,0.0,0.0
F2,S1_cU2.0_n4000,sieve1_kernel,30,0.007483687623557216,0.0074801281786737,0.022972449193869184,0.022633005421172102,0.04403575934420616,0.042992480132932095,0.040924325479859226,0.0410082932647015,0.07203333333333334,0.0155,0.0010000000000000002,0.001,0.07203333333333334,0.0155,0.5333333333333333,1.0,21.729818887511854,21.625145677044692,0.28764330295585844,0.2874261646747823,0.5354995095402034,0.5004048435489289,0.08616732941515351,0.0750085674718508,786.8056415923857,781.2426494650554,26.57420972188314,26.86570930480957,0.011906956688562986,0.011062761466950101,0.36666666666666664,0.0,0.7,1.0,0.43333333333333335,0.0,0.26666666666666666,0.0,0.0,0.0,0.0,0.0,0.725,0.75,0.7166666666666667,0.75,0.925,1.0,0.9416666666666667,1.0
F2,S1_cU2.0_n4000,sieve1_sieve1,30,0.007483687623557216,0.0074801281786737,0.033356174602853804,0.033725088459541405,0.04403575934420616,0.042992480132932095,0.052728274788861475,0.05509322105226675,0.06903333333333332,0.020999999999999998,0.0010000000000000002,0.001,0.07316666666666666,0.0225,0.5333333333333333,1.0,34.62892801478734,34.318264140872856,0.36434512378361916,0.3625885320950948,0.5638465452257614,0.5168610252693115,0.08153360491866195,0.081781659179459,574.7733050599031,573.5758662530117,32.23892983965888,32.43156733219098,0.14347718680430546,0.14514646500997308,0.0,0.0,0.0,0.0,0.0,0.0,0.4666666666666667,0.0,1.0,1.0,0.0,0.0,0.7666666666666667,0.75,0.016666666666666666,0.0,0.075,0.0,0.0,0.0
F2,S1_cU2.0_n4000,sieve2_sieve2,30,0.0045999370535228,0.0044452914890026,0.03513603979694478,0.035259694809394004,0.04327896897271463,0.041094410274191806,0.05109446124009905,0.05244668727532705,0.9775999999999999,0.9904999999999999,0.0010000000000000002,0.001,0.9775999999999999,0.9904999999999999,1.0,1.0,63.99481214093797,63.23294194951364,0.49390383396302756,0.4914662594656479,0.6598705674006202,0.6070389097277151,0.154241510262824,0.15075933200897884,383.6403257795068,383.20908489353155,50.0,50.0,0.24765498460710458,0.2510918689512953,0.6333333333333333,1.0,0.0,0.0,0.4,0.0,0.03333333333333333,0.0,0.0,0.0,0.0,0.0,0.9916666666666667,1.0,0.15833333333333333,0.25,0.0,0.0,0.0,0.0
F2,S1_cU2.0_n4000,sieve3_sieve3,30,0.011789544631790638,0.01160718426955935,0.08157724812851026,0.0813472331014434,0.038965159237843536,0.04148252357895375,0.10665153810681033,0.10578500774693886,0.08549999999999996,0.06,0.0010000000000000002,0.001,0.08549999999999996,0.06,0.9,1.0,143518.09458282235,116977.05302035742,22.678993695128046,21.14200052104329,11.360881888442227,5.535896121394961,4.813294357209018,4.5517157422212,372.8511150651483,373.6619416679616,50.0,50.0,0.9312313309046691,0.9285168976434344,0.0,0.0,0.0,0.0,0.0,0.0,0.0,0.0,0.0,0.0,0.0,0.0,0.775,0.75,0.008333333333333333,0.0,0.0,0.0,0.0,0.0
G2,S1_additive0.0_n4000,kernel_kernel,30,0.009818309966709876,0.00977829386866675,0.017874896880094283,0.01781064144360835,0.04298834024953808,0.04304659164766105,0.0445345979183612,0.0439857364586311,0.054566666666666666,0.04,0.0010000000000000002,0.001,0.054566666666666666,0.04,0.6,1.0,21.05538965007204,20.71527015461314,0.28399577700885686,0.28197151502168516,0.5206750723227416,0.484451897102245,0.06518532492066652,0.0580688761283047,784.2373786444144,784.4379087562744,23.024659792582195,23.316601753234863,0.011955783586204001,0.01209954595565795,0.0,0.0,0.26666666666666666,0.0,0.16666666666666666,0.0,0.26666666666666666,0.0,0.0,0.0,1.0,1.0,0.725,0.75,0.13333333333333333,0.0,0.0,0.0,0.025,0.0
G2,S1_additive0.0_n4000,kernel_sieve1,30,0.009818309966709876,0.00977829386866675,0.0192065618979657,0.019004882418993847,0.04298834024953808,0.04304659164766105,0.04343682484084323,0.044005193164169704,0.05353333333333333,0.0345,0.0015000000000000002,0.001,0.05709999999999999,0.0445,0.6666666666666666,1.0,26.540828068286782,26.466281151300812,0.3191222465714251,0.31882059585483,0.5248568576416771,0.48583959003518445,0.06240614461711627,0.053621319954598096,648.5795547251871,649.0146136570982,24.08801959034745,23.963970962493264,0.0659760872920266,0.06512216830727599,0.0,0.0,0.0,0.0,0.03333333333333333,0.0,0.3333333333333333,0.0,0.0,0.0,0.0,0.0,0.8083333333333333,0.75,0.008333333333333333,0.0,0.0,0.0,0.0,0.0
G2,S1_additive0.0_n4000,sieve1_kernel,30,0.0074808373229980196,0.007371882881851,0.017874896880094283,0.01781064144360835,0.04777244246715057,0.045780472748159,0.0445345979183612,0.0439857364586311,0.10643333333333332,0.03,0.0010000000000000002,0.001,0.11006666666666666,0.044,0.6666666666666666,1.0,20.77679432293834,20.80349669074638,0.2819683200226129,0.28233683744011795,0.531664393514526,0.49165029686925443,0.07134061593875105,0.0589755867711238,784.2373786444144,784.4379087562744,23.024659792582195,23.316601753234863,0.011955783586204001,0.01209954595565795,0.2,0.0,0.7333333333333333,1.0,0.5666666666666667,1.0,0.06666666666666667,0.0,0.0,0.0,0.0,0.0,0.7916666666666666,0.75,0.7666666666666667,0.75,0.008333333333333333,0.0,0.975,1.0
G2,S1_additive0.0_n4000,sieve1_sieve1,30,0.0074808373229980196,0.007371882881851,0.0192065618979657,0.019004882418993847,0.04777244246715057,0.045780472748159,0.04343682484084323,0.044005193164169704,0.1064,0.0285,0.0012333333333333335,0.001,0.1267333333333333,0.072,0.7,1.0,25.987305186054517,26.02533007588637,0.3157449729071571,0.3161430894525304,0.5193450636945728,0.4859835103211697,0.06834600722424568,0.0584301351728026,648.5795547251871,649.0146136570982,24.08801959034745,23.963970962493264,0.0659760872920266,0.06512216830727599,0.0,0.0,0.0,0.0,0.06666666666666667,0.0,0.2,0.0,1.0,1.0,0.0,0.0,0.8666666666666667,1.0,0.03333333333333333,0.0,0.9916666666666667,1.0,0.0,0.0
G2,S1_additive0.0_n4000,sieve2_sieve2,30,0.003701755376520846,0.0035025996286947,0.03079543081754505,0.0304549557313953,0.04425494861131723,0.046587512473186696,0.04339730297408094,0.039010419134806004,0.9921333333333333,0.999,0.002833333333333334,0.002,0.9921333333333333,0.999,1.0,1.0,51.08701614287641,50.36290826947268,0.4419941400762706,0.4390725011555279,0.5418116201340215,0.5104211339316775,0.09972747562639463,0.0768895649068225,420.64436305122547,417.81532114100054,50.0,50.0,0.20707580208518905,0.20752668232773913,0.8,1.0,0.0,0.0,0.16666666666666666,0.0,0.13333333333333333,0.0,0.0,0.0,0.0,0.0,1.0,1.0,0.058333333333333334,0.0,0.0,0.0,0.0,0.0
G2,S1_additive0.0_n4000,sieve3_sieve3,30,0.01248771160400272,0.01234419450682585,0.08269414666385036,0.08281403242779595,0.04457238635738943,0.04217511275763705,0.1048470053402085,0.1030725668406807,0.08306666666666665,0.033,0.0010000000000000002,0.001,0.08306666666666665,0.033,0.7666666666666667,1.0,123531.67607716752,113154.9051023071,21.134687634891986,20.342501440740214,14.385995898750139,4.360835362658872,5.117396853027047,4.524556715431491,379.3248083825369,378.42577007640784,50.0,50.0,0.9646752068337344,0.9585789806250538,0.0,0.0,0.0,0.0,0.0,0.0,0.0,0.0,0.0,0.0,0.0,0.0,0.7166666666666667,0.75,0.0,0.0,0.0,0.0,0.0,0.0
G2,S1_additive0.1_n4000,kernel_kernel,30,0.00985329102491787,0.009806477670824,0.017692671257562635,0.017506660268367398,0.04434858854066697,0.045837735687793854,0.04440432237662657,0.0436141101584762,0.04266666666666665,0.02,0.0010000000000000002,0.001,0.04273333333333332,0.02,0.5666666666666667,1.0,21.251144748672527,20.89802135721409,0.2853058424519499,0.2831493522096419,0.5123118548532901,0.4810882047933417,0.06576035589464023,0.0597308337986368,784.1682249658095,785.3270637728817,22.902860418955484,23.200170516967773,0.012018852823972644,0.011899813860654751,0.0,0.0,0.3,0.0,0.2,0.0,0.2,0.0,0.0,0.0,1.0,1.0,0.6666666666666666,0.75,0.06666666666666667,0.0,0.0,0.0,0.03333333333333333,0.0
G2,S1_additive0.1_n4000,kernel_sieve1,30,0.00985329102491787,0.009806477670824,0.019297096383053585,0.019203616229259098,0.04434858854066697,0.045837735687793854,0.04369832222263157,0.042985886466669745,0.04529999999999999,0.024,0.0019333333333333336,0.001,0.04913333333333333,0.028999999999999998,0.6333333333333333,1.0,26.865838458209048,26.87160900795066,0.3210646699934038,0.3212672054775091,0.5389066640976757,0.4918473807820468,0.06290086184091458,0.04841229563126425,647.7078935909065,648.5257418667611,24.192314756165718,24.203508929595436,0.06652671600155499,0.0648148496474093,0.0,0.0,0.0,0.0,0.0,0.0,0.3333333333333333,0.0,0.0,0.0,0.0,0.0,0.8333333333333334,1.0,0.025,0.0,0.0,0.0,0.0,0.0
G2,S1_additive0.1_n4000,sieve1_kernel,30,0.00741277640813692,0.0073842767042615505,0.017692671257562635,0.017506660268367398,0.04741421940823977,0.0476110971983222,0.04440432237662657,0.0436141101584762,0.08096666666666665,0.0155,0.0010000000000000002,0.001,0.08106666666666666,0.0155,0.5,0.5,21.00901054025187,20.967380242369476,0.283531697274365,0.28355081557173145,0.5494799629122877,0.49267098304979134,0.0727347351613659,0.0615314784806101,784.1682249658095,785.3270637728817,22.902860418955484,23.200170516967773,0.012018852823972644,0.011899813860654751,0.3,0.0,0.7,1.0,0.4,0.0,0.03333333333333333,0.0,0.0,0.0,0.0,0.0,0.8083333333333333,0.75,0.7916666666666666,0.75,0.008333333333333333,0.0,0.9666666666666667,1.0
G2,S1_additive0.1_n4000,sieve1_sieve1,30,0.00741277640813692,0.0073842767042615505,0.019297096383053585,0.019203616229259098,0.04741421940823977,0.0476110971983222,0.04369832222263157,0.042985886466669745,0.08266666666666665,0.0155,0.002066666666666667,0.001,0.09943333333333332,0.028999999999999998,0.6333333333333333,1.0,26.354574545635952,26.310698154544948,0.31796239759223915,0.3178644979140457,0.5193475853054236,0.4881893423272017,0.06972257426331668,0.0576158859821862,647.7078935909065,648.5257418667611,24.192314756165718,24.203508929595436,0.06652671600155499,0.0648148496474093,0.0,0.0,0.0,0.0,0.1,0.0,0.2,0.0,1.0,1.0,0.0,0.0,0.9,1.0,0.08333333333333333,0.0,0.9916666666666667,1.0,0.0,0.0
G2,S1_additive0.1_n4000,sieve2_sieve2,30,0.0037381059481897496,0.00364754297032965,0.031037275756842526,0.03061173261373305,0.045308410843161624,0.04535700901230175,0.04453166665665712,0.0457922282244535,0.9920333333333334,0.998,0.003333333333333334,0.0025,0.9920333333333334,0.998,1.0,1.0,52.96921260048421,52.08177664031457,0.4497461743970534,0.44674613239461364,0.5469769360393275,0.5230571928754211,0.10078021303492109,0.07311164795686735,419.6354538787833,417.94718755440164,50.0,50.0,0.2086227696638344,0.2109912650781287,0.7,1.0,0.0,0.0,0.3,0.0,0.23333333333333334,0.0,0.0,0.0,0.0,0.0,1.0,1.0,0.03333333333333333,0.0,0.0,0.0,0.0,0.0
G2,S1_additive0.1_n4000,sieve3_sieve3,30,0.011829205962218108,0.01115914107773745,0.08267234890438235,0.08223967598197304,0.03630089317508892,0.0286019441294308,0.10456479181575849,0.10223318839785855,0.11776666666666664,0.08549999999999999,0.0010000000000000002,0.001,0.11776666666666664,0.08549999999999999,0.8666666666666667,1.0,141992.006937449,113443.45534012411,22.23502421876037,19.680539035780175,20.41069134567049,2.040923386460064,6.081335383870017,4.994831894743127,377.94566742306864,377.57606067430595,50.0,50.0,0.9616456927793162,0.950593186950921,0.0,0.0,0.0,0.0,0.0,0.0,0.0,0.0,0.0,0.0,0.0,0.0,0.7083333333333334,0.75,0.0,0.0,0.0,0.0,0.0,0.0
G2,S1_additive0.2_n4000,kernel_kernel,30,0.009849454342525847,0.00975687379531035,0.017936715854115166,0.017822267977681147,0.04484899049604369,0.044858788101115,0.04457376661386588,0.0427809127857041,0.046266666666666664,0.027,0.0010000000000000002,0.001,0.046266666666666664,0.027,0.6666666666666666,1.0,21.67364515402288,21.350906659610995,0.2881389075917379,0.2862522120421295,0.519897075260769,0.482078293356086,0.06725891178026003,0.06308337428577905,786.067432937956,787.6404747773026,22.853578440348308,22.964475631713867,0.012003365565588007,0.0115210267454385,0.0,0.0,0.4,0.0,0.23333333333333334,0.0,0.16666666666666666,0.0,0.0,0.0,1.0,1.0,0.6666666666666666,0.75,0.05,0.0,0.0,0.0,0.06666666666666667,0.0
G2,S1_additive0.2_n4000,kernel_sieve1,30,0.009849454342525847,0.00975687379531035,0.019740685138602346,0.01953352995616945,0.04484899049604369,0.044858788101115,0.043463478668410174,0.0426883905955334,0.047633333333333326,0.02,0.0017666666666666668,0.001,0.05759999999999999,0.0235,0.8,1.0,27.68019002997887,27.55824324479399,0.3258863048810126,0.3253272314649506,0.525423545505175,0.48948897239846434,0.06427409993612482,0.050657961932417145,645.4443658985263,646.4151399570534,24.385961330312714,24.469133243089335,0.06822456241247488,0.0661207304491416,0.0,0.0,0.0,0.0,0.03333333333333333,0.0,0.36666666666666664,0.0,0.0,0.0,0.0,0.0,0.7916666666666666,0.75,0.016666666666666666,0.0,0.0,0.0,0.0,0.0
G2,S1_additive0.2_n4000,sieve1_kernel,30,0.007285088682573377,0.0073461029306096,0.017936715854115166,0.017822267977681147,0.04774957941467955,0.05023505652783811,0.04457376661386588,0.0427809127857041,0.1116333333333333,0.07,0.0010000000000000002,0.001,0.1116333333333333,0.07,0.8333333333333334,1.0,21.557033881207307,21.57548806690714,0.2872192967654658,0.2874671867534009,0.5410132827170834,0.4908636841288132,0.07417547553257216,0.06130999080948405,786.067432937956,787.6404747773026,22.853578440348308,22.964475631713867,0.012003365565588007,0.0115210267454385,0.43333333333333335,0.0,0.6,1.0,0.6333333333333333,1.0,0.1,0.0,0.0,0.0,0.0,0.0,0.8583333333333333,1.0,0.825,0.875,0.025,0.0,0.9333333333333333,1.0
G2,S1_additive0.2_n4000,sieve1_sieve1,30,0.007285088682573377,0.0073461029306096,0.019740685138602346,0.01953352995616945,0.04774957941467955,0.05023505652783811,0.043463478668410174,0.0426883905955334,0.1114,0.06,0.0020333333333333336,0.001,0.11539999999999999,0.065,0.8333333333333334,1.0,27.32277966061919,27.177008591433,0.3237450487378669,0.32305315837479576,0.5154911524756817,0.48966729490212946,0.07150735958465132,0.06081721250785101,645.4443658985263,646.4151399570534,24.385961330312714,24.469133243089335,0.06822456241247488,0.0661207304491416,0.0,0.0,0.0,0.0,0.0,0.0,0.13333333333333333,0.0,1.0,1.0,0.0,0.0,0.8916666666666667,1.0,0.016666666666666666,0.0,0.975,1.0,0.0,0.0
G2,S1_additive0.2_n4000,sieve2_sieve2,30,0.0038724413129721702,0.0038556281012634003,0.031630781919045545,0.03138357844765595,0.04650455632532745,0.04467457396829935,0.046493786902204855,0.048748792981987,0.9801333333333333,0.9975,0.0022000000000000006,0.0015,0.9801333333333333,0.9975,1.0,1.0,57.45849770151749,56.27573961204209,0.46812486864858055,0.46450733000994293,0.5564309464692638,0.5373024982555553,0.10451871972688763,0.07921337132859385,417.6976559839948,414.99072555241827,50.0,50.0,0.21368090253085706,0.21585585216119985,0.5666666666666667,1.0,0.0,0.0,0.1,0.0,0.23333333333333334,0.0,0.0,0.0,0.0,0.0,1.0,1.0,0.09166666666666666,0.0,0.0,0.0,0.0,0.0
G2,S1_additive0.2_n4000,sieve3_sieve3,30,0.011890158781911634,0.01162000499858405,0.08247251149395775,0.08247347230924204,0.036165267356352525,0.0307948079636696,0.10486619561506301,0.10252275872668179,0.1308,0.0465,0.0010000000000000002,0.001,0.1308,0.0465,0.8666666666666667,1.0,142529.91930393496,134181.14366143552,22.63168216034127,22.580037043835468,18.324465191509173,10.287030142700793,4.291213478187904,3.8988706935033326,377.0138231071454,377.0489751243821,50.0,50.0,0.9580318657249943,0.9517585093558292,0.0,0.0,0.0,0.0,0.0,0.0,0.0,0.0,0.0,0.0,0.0,0.0,0.7416666666666667,0.75,0.0,0.0,0.0,0.0,0.0,0.0
G2,S1_additive0.3_n4000,kernel_kernel,30,0.009893248919241853,0.00992319947388065,0.018134489027703073,0.01802933757203795,0.04560614624706953,0.04766868962812115,0.044518743622548894,0.0424721660058998,0.02596666666666667,0.007,0.0010000000000000002,0.001,0.0261,0.007,0.4666666666666667,0.0,22.33595625912748,21.997931473597944,0.2925213120445872,0.29048492285348226,0.5187355672023489,0.4866872158945445,0.07076978147372225,0.06662139770387795,789.4695668878672,790.3130777621919,22.580480098724365,22.53102207183838,0.01188252783467367,0.01109697666764255,0.0,0.0,0.5333333333333333,1.0,0.2,0.0,0.16666666666666666,0.0,0.0,0.0,1.0,1.0,0.6916666666666667,0.75,0.15833333333333333,0.0,0.0,0.0,0.15,0.0
G2,S1_additive0.3_n4000,kernel_sieve1,30,0.009893248919241853,0.00992319947388065,0.019854186975568466,0.0196099347091963,0.04560614624706953,0.04766868962812115,0.042794977584909535,0.04229885739296795,0.028000000000000004,0.010499999999999999,0.0014000000000000004,0.001,0.03803333333333334,0.013999999999999999,0.5333333333333333,1.0,28.96767443019947,28.756506031191368,0.3333677877139914,0.3323104746918486,0.5309942815903044,0.4955273269812981,0.06646082143463115,0.052946402611849006,641.8832065214208,642.7201019957738,24.607550730067995,24.594667825666118,0.07106098775810152,0.06878637348364736,0.0,0.0,0.0,0.0,0.0,0.0,0.3333333333333333,0.0,0.0,0.0,0.0,0.0,0.7916666666666666,0.75,0.03333333333333333,0.0,0.0,0.0,0.0,0.0
G2,S1_additive0.3_n4000,sieve1_kernel,30,0.0072171615691733575,0.0073754392909304,0.018134489027703073,0.01802933757203795,0.04775301265667458,0.0507640221241374,0.044518743622548894,0.0424721660058998,0.12573333333333336,0.0095,0.0010000000000000002,0.001,0.12583333333333335,0.0095,0.5,0.5,22.455937737692114,22.60294848264126,0.2931650613090831,0.2943908467969101,0.5428842418740218,0.49099640362341124,0.07727018934496123,0.0626390107255845,789.4695668878672,790.3130777621919,22.580480098724365,22.53102207183838,0.01188252783467367,0.01109697666764255,0.43333333333333335,0.0,0.4666666666666667,0.0,0.36666666666666664,0.0,0.1,0.0,0.0,0.0,0.0,0.0,0.7666666666666667,0.75,0.6666666666666666,0.75,0.025,0.0,0.85,1.0
G2,S1_additive0.3_n4000,sieve1_sieve1,30,0.0072171615691733575,0.0073754392909304,0.019854186975568466,0.0196099347091963,0.04775301265667458,0.0507640221241374,0.042794977584909535,0.04229885739296795,0.1265,0.0125,0.0012333333333333335,0.001,0.13279999999999997,0.0285,0.6666666666666666,1.0,28.919860967043103,28.65909336487616,0.33306488522211536,0.3317105004664055,0.5199965364026646,0.499299561370744,0.07445956229351476,0.0610607699670245,641.8832065214208,642.7201019957738,24.607550730067995,24.594667825666118,0.07106098775810152,0.06878637348364736,0.1,0.0,0.0,0.0,0.13333333333333333,0.0,0.13333333333333333,0.0,1.0,1.0,0.0,0.0,0.9,1.0,0.08333333333333333,0.0,0.975,1.0,0.0,0.0
G2,S1_additive0.3_n4000,sieve2_sieve2,30,0.004118309619200657,0.0040629130432789,0.03236478389071737,0.031612095190338044,0.04634444139936947,0.047666511519055696,0.04805005359720639,0.048829187263075904,0.9623666666666666,0.996,0.0018333333333333335,0.001,0.9623666666666666,0.996,1.0,1.0,65.69914983096338,63.60445369056042,0.5000703664185654,0.4939893061639671,0.5876256714433284,0.546596915468645,0.11259915189667898,0.0840228668987302,415.37597016639137,413.1045512799929,50.0,50.0,0.2220652801922098,0.22403438190563335,0.4666666666666667,0.0,0.0,0.0,0.3,0.0,0.26666666666666666,0.0,0.0,0.0,0.0,0.0,1.0,1.0,0.058333333333333334,0.0,0.0,0.0,0.0,0.0
G2,S1_additive0.3_n4000,sieve3_sieve3,30,0.011917197662697127,0.011872075096445,0.08169451624610106,0.0811924665482911,0.03623494196571191,0.03440004646451055,0.10426127027878357,0.1033494120937308,0.06506666666666666,0.0395,0.0010000000000000002,0.001,0.06506666666666666,0.0395,0.7333333333333333,1.0,178281.6535822956,159951.97738349548,25.40615126511522,24.65909606289449,17.575857404301836,2.9736846107544004,5.041120487511207,4.760227241618116,376.6602693964951,376.99144211048633,50.0,50.0,0.9536178955618143,0.948503470972185,0.0,0.0,0.0,0.0,0.0,0.0,0.0,0.0,0.0,0.0,0.0,0.0,0.6916666666666667,0.75,0.0,0.0,0.0,0.0,0.0,0.0
G2,S1_heavy_tail0.0_n4000,kernel_kernel,30,0.009834203066559178,0.0098811006923979,0.018026763359556965,0.0180233568369685,0.04305490983769276,0.0430733616157139,0.04451043371306363,0.043970590193914694,0.05039999999999999,0.0295,0.0010000000000000002,0.001,0.05039999999999999,0.0295,0.7,1.0,21.055253657316364,20.71527015461314,0.28399491391883397,0.28197151502168516,0.5209014371786618,0.4839151953919479,0.06518727138744464,0.0580688761283047,784.2373786444144,784.4379087562744,23.024659792582195,23.316601753234863,0.011955783586204001,0.01209954595565795,0.0,0.0,0.26666666666666666,0.0,0.23333333333333334,0.0,0.26666666666666666,0.0,0.0,0.0,1.0,1.0,0.6666666666666666,0.75,0.058333333333333334,0.0,0.0,0.0,0.025,0.0
G2,S1_heavy_tail0.0_n4000,kernel_sieve1,30,0.009834203066559178,0.0098811006923979,0.01916147712227561,0.01903584640064185,0.04305490983769276,0.0430733616157139,0.043457579584665944,0.0440042843302903,0.05319999999999999,0.031,0.0012666666666666668,0.001,0.06959999999999998,0.0395,0.7666666666666667,1.0,26.540774185155687,26.466281151300812,0.31912193880677964,0.31882059585483,0.5250029644433503,0.48583959003518445,0.062408386289392805,0.053621319954598096,648.5795547251871,649.0146136570982,24.08801959034745,23.963970962493264,0.0659760872920266,0.06512216830727599,0.0,0.0,0.0,0.0,0.03333333333333333,0.0,0.3333333333333333,0.0,0.0,0.0,0.0,0.0,0.825,0.75,0.0,0.0,0.0,0.0,0.0,0.0
G2,S1_heavy_tail0.0_n4000,sieve1_kernel,30,0.007351527321972382,0.00737687806779355,0.018026763359556965,0.0180233568369685,0.04780196190874617,0.045800767390526645,0.04451043371306363,0.043970590193914694,0.07173333333333333,0.028,0.0010000000000000002,0.001,0.07213333333333333,0.028,0.6666666666666666,1.0,20.77679432293834,20.80349669074638,0.2819683200226129,0.28233683744011795,0.531664393514526,0.49165029686925443,0.07134061593875105,0.0589755867711238,784.2373786444144,784.4379087562744,23.024659792582195,23.316601753234863,0.011955783586204001,0.01209954595565795,0.2,0.0,0.7333333333333333,1.0,0.5333333333333333,1.0,0.06666666666666667,0.0,0.0,0.0,0.0,0.0,0.7666666666666667,0.75,0.75,0.75,0.016666666666666666,0.0,0.975,1.0
G2,S1_heavy_tail0.0_n4000,sieve1_sieve1,30,0.007351527321972382,0.00737687806779355,0.01916147712227561,0.01903584640064185,0.04780196190874617,0.045800767390526645,0.043457579584665944,0.0440042843302903,0.07160000000000001,0.031,0.0014666666666666671,0.001,0.08776666666666667,0.055,0.7,1.0,25.987305186054517,26.02533007588637,0.3157449729071571,0.3161430894525304,0.5193450636945728,0.4859835103211697,0.06834600722424568,0.0584301351728026,648.5795547251871,649.0146136570982,24.08801959034745,23.963970962493264,0.0659760872920266,0.06512216830727599,0.03333333333333333,0.0,0.0,0.0,0.0,0.0,0.2,0.0,1.0,1.0,0.0,0.0,0.85,1.0,0.08333333333333333,0.0,0.9833333333333333,1.0,0.0,0.0
G2,S1_heavy_tail0.0_n4000,sieve2_sieve2,30,0.0037094030392991633,0.00357166023753155,0.03055090180343119,0.0303434764100197,0.044282984873671646,0.0466468488839879,0.043371980745703496,0.0389972416828058,0.9931,0.998,0.0033,0.002,0.9931,0.998,1.0,1.0,51.08701614287641,50.36290826947268,0.4419941400762706,0.4390725011555279,0.5418116201340215,0.5104211339316775,0.09972747562639463,0.0768895649068225,420.64436305122547,417.81532114100054,50.0,50.0,0.20707580208518905,0.20752668232773913,0.7666666666666667,1.0,0.0,0.0,0.2,0.0,0.13333333333333333,0.0,0.0,0.0,0.0,0.0,1.0,1.0,0.10833333333333334,0.0,0.0,0.0,0.0,0.0
G2,S1_heavy_tail0.0_n4000,sieve3_sieve3,30,0.012502144502778345,0.0122482550032071,0.08200961043274392,0.0816403073341518,0.044581515525876844,0.0422018594738809,0.10479131125856761,0.1028272864008227,0.08133333333333331,0.057,0.0010000000000000002,0.001,0.08133333333333331,0.057,0.7666666666666667,1.0,123531.67607716752,113154.9051023071,21.134687634891986,20.342501440740214,14.385995898750139,4.360835362658872,5.117396853027047,4.524556715431491,379.3248083825369,378.42577007640784,50.0,50.0,0.9646752068337344,0.9585789806250538,0.0,0.0,0.0,0.0,0.0,0.0,0.0,0.0,0.0,0.0,0.0,0.0,0.7666666666666667,0.75,0.0,0.0,0.0,0.0,0.0,0.0
G2,S1_heavy_tail0.1_n4000,kernel_kernel,30,0.009795590434323502,0.00973858300855445,0.018039906679489938,0.018059293083701848,0.045022339415696236,0.0412602760428175,0.04451109053196201,0.045436469487213055,0.0484,0.033,0.0010000000000000002,0.001,0.05009999999999999,0.039999999999999994,0.6333333333333333,1.0,21.472535853179824,21.338222302996634,0.28680915399849943,0.28588920685430413,0.5132760438387229,0.4838715670814619,0.06900298057042162,0.06252908859678555,786.1816698325455,785.1099836800543,22.922974173227946,23.20174789428711,0.012148488164693069,0.01202605302259325,0.0,0.0,0.3333333333333333,0.0,0.3,0.0,0.23333333333333334,0.0,0.0,0.0,1.0,1.0,0.7583333333333333,0.75,0.11666666666666667,0.0,0.0,0.0,0.06666666666666667,0.0
G2,S1_heavy_tail0.1_n4000,kernel_sieve1,30,0.009795590434323502,0.00973858300855445,0.019305380453268114,0.0193034305900141,0.045022339415696236,0.0412602760428175,0.04298496435614226,0.0404969831076847,0.05266666666666666,0.0465,0.0013666666666666669,0.001,0.06183333333333333,0.058499999999999996,0.7333333333333333,1.0,27.362407429263047,27.42318887918472,0.32402339769871086,0.3245290132731266,0.5363508288723003,0.4931841795636326,0.06398444957997541,0.0575286141040168,646.1462373802195,645.8839859286406,24.26109029695995,24.25016778389123,0.06731703135960206,0.06685754913177855,0.0,0.0,0.0,0.0,0.06666666666666667,0.0,0.26666666666666666,0.0,0.0,0.0,0.0,0.0,0.825,0.75,0.008333333333333333,0.0,0.0,0.0,0.0,0.0
G2,S1_heavy_tail0.1_n4000,sieve1_kernel,30,0.007273251231866957,0.0072735187790504505,0.018039906679489938,0.018059293083701848,0.04652199548565317,0.045333299476547795,0.04451109053196201,0.045436469487213055,0.10269999999999999,0.044,0.0010000000000000002,0.001,0.10279999999999997,0.044,0.7,1.0,21.28645543864387,21.211799434549967,0.28542732735510495,0.28508631528043865,0.5505402496095023,0.5011342394876858,0.07305384222684509,0.06650575249956345,786.1816698325455,785.1099836800543,22.922974173227946,23.20174789428711,0.012148488164693069,0.01202605302259325,0.36666666666666664,0.0,0.6666666666666666,1.0,0.4666666666666667,0.0,0.06666666666666667,0.0,0.0,0.0,0.0,0.0,0.85,1.0,0.8,0.75,0.008333333333333333,0.0,0.9333333333333333,1.0
G2,S1_heavy_tail0.1_n4000,sieve1_sieve1,30,0.007273251231866957,0.0072735187790504505,0.019305380453268114,0.0193034305900141,0.04652199548565317,0.045333299476547795,0.04298496435614226,0.0404969831076847,0.10049999999999999,0.054,0.0012333333333333335,0.001,0.11936666666666666,0.059,0.7333333333333333,1.0,26.933076535399877,26.86456686859949,0.32144831033582133,0.3211813265595602,0.533386970560171,0.4966969785597367,0.06838717989245141,0.06226254169992905,646.1462373802195,645.8839859286406,24.26109029695995,24.25016778389123,0.06731703135960206,0.06685754913177855,0.06666666666666667,0.0,0.0,0.0,0.03333333333333333,0.0,0.23333333333333334,0.0,1.0,1.0,0.0,0.0,0.9083333333333333,1.0,0.016666666666666666,0.0,0.9916666666666667,1.0,0.0,0.0
G2,S1_heavy_tail0.1_n4000,sieve2_sieve2,30,0.0038875974329028004,0.00374655217563345,0.031230991810643996,0.03092820925943205,0.042707768048482836,0.0438770637094461,0.04374640276304295,0.043898282342112946,0.9912333333333332,0.9984999999999999,0.0025000000000000005,0.002,0.9912333333333332,0.9984999999999999,1.0,1.0,55.73639874022656,53.89991021306198,0.4616805935426865,0.45473073529229946,0.569564704568757,0.5264081919382259,0.10476832829839129,0.09047566674529325,418.85309339237193,415.9488247370874,50.0,50.0,0.212196959548934,0.2103635938312336,0.5666666666666667,1.0,0.0,0.0,0.13333333333333333,0.0,0.2,0.0,0.0,0.0,0.0,0.0,1.0,1.0,0.058333333333333334,0.0,0.0,0.0,0.0,0.0
G2,S1_heavy_tail0.1_n4000,sieve3_sieve3,30,0.012163648687035445,0.01206779379466315,0.08229921625512623,0.0821435957117376,0.042616982136561475,0.045893156179203504,0.1041905335454561,0.1054598074233351,0.07206666666666665,0.018,0.0010000000000000002,0.001,0.07206666666666665,0.018,0.5666666666666667,1.0,148716.62243703107,129666.53962783111,22.98675552495641,22.230052282963165,14.833657122588143,4.366606749172528,5.329413509003191,4.95251823633836,379.21630560941196,378.4932605275552,50.0,50.0,0.9640538208947499,0.9552358629423336,0.0,0.0,0.0,0.0,0.0,0.0,0.0,0.0,0.0,0.0,0.0,0.0,0.7333333333333333,0.75,0.0,0.0,0.0,0.0,0.0,0.0
G2,S1_heavy_tail0.2_n4000,kernel_kernel,30,0.00998656279147075,0.00981951873685815,0.017844001607779256,0.01780211825246095,0.0459494843920002,0.0446201371297241,0.044901526892047884,0.0469714942895145,0.03853333333333332,0.024,0.0010000000000000002,0.001,0.03856666666666665,0.024,0.6,1.0,22.54219493853798,22.42373464777527,0.2938841249858198,0.2931623450627392,0.5230045366623771,0.4847808569463995,0.07719455190494333,0.0702817822764289,790.2718159710902,790.4048127190025,22.712594350179035,23.305956840515137,0.012332237775375397,0.01268961854279035,0.0,0.0,0.7,1.0,0.36666666666666664,0.0,0.23333333333333334,0.0,0.0,0.0,1.0,1.0,0.7583333333333333,0.75,0.2,0.25,0.0,0.0,0.23333333333333334,0.25
G2,S1_heavy_tail0.2_n4000,kernel_sieve1,30,0.00998656279147075,0.00981951873685815,0.01997592188368075,0.01992566589847505,0.0459494843920002,0.0446201371297241,0.04335015760113611,0.03890769811010515,0.03706666666666667,0.0225,0.0011000000000000003,0.001,0.04886666666666666,0.0315,0.6666666666666666,1.0,29.462964739162306,29.485711262587305,0.336212785441145,0.3365512217673916,0.5454481922672874,0.5024817618817345,0.06850162323971272,0.0634877586172439,640.1463790446819,639.4121344901198,26.157352962993063,25.093928059840437,0.07153594721760932,0.0714932972064991,0.0,0.0,0.0,0.0,0.0,0.0,0.23333333333333334,0.0,0.0,0.0,0.0,0.0,0.8416666666666667,1.0,0.0,0.0,0.0,0.0,0.0,0.0
G2,S1_heavy_tail0.2_n4000,sieve1_kernel,30,0.007280686237664233,0.0072582672907803,0.017844001607779256,0.01780211825246095,0.04531297242159062,0.046691217631232254,0.044901526892047884,0.0469714942895145,0.09939999999999997,0.039,0.0010000000000000002,0.001,0.09943333333333332,0.039,0.7,1.0,22.798732272929634,22.804617001293273,0.29541561615759304,0.29552405849353136,0.5645405005876128,0.5034742571823239,0.07657773656782786,0.07637093133034745,790.2718159710902,790.4048127190025,22.712594350179035,23.305956840515137,0.012332237775375397,0.01268961854279035,0.6,1.0,0.3,0.0,0.36666666666666664,0.0,0.16666666666666666,0.0,0.0,0.0,0.0,0.0,0.8916666666666667,1.0,0.7083333333333334,0.75,0.03333333333333333,0.0,0.7666666666666667,0.75
G2,S1_heavy_tail0.2_n4000,sieve1_sieve1,30,0.007280686237664233,0.0072582672907803,0.01997592188368075,0.01992566589847505,0.04531297242159062,0.046691217631232254,0.04335015760113611,0.03890769811010515,0.09709999999999998,0.039,0.0012333333333333335,0.001,0.10789999999999997,0.0605,0.7333333333333333,1.0,29.613939710795496,29.48073675149795,0.33704588222312437,0.33642074994550164,0.5385545938124153,0.510475926534846,0.07117099611911477,0.0715754770568524,640.1463790446819,639.4121344901198,26.157352962993063,25.093928059840437,0.07153594721760932,0.0714932972064991,0.06666666666666667,0.0,0.0,0.0,0.03333333333333333,0.0,0.23333333333333334,0.0,1.0,1.0,0.0,0.0,0.8916666666666667,1.0,0.008333333333333333,0.0,0.9666666666666667,1.0,0.0,0.0
G2,S1_heavy_tail0.2_n4000,sieve2_sieve2,30,0.00456031806759916,0.004332147419213049,0.03311147175683585,0.03304368662451995,0.039952994231466185,0.03969584265388455,0.04346341560315518,0.037577482316993246,0.9739999999999999,0.992,0.0012333333333333335,0.001,0.9739999999999999,0.992,1.0,1.0,69.02029012229315,67.34975908787166,0.513331088071112,0.5084150396630056,0.6077317215857811,0.525946861431838,0.1233099239780831,0.11772317097004756,418.5995135967388,415.24953020135035,50.0,50.0,0.22476667846138587,0.22365200774421434,0.3333333333333333,0.0,0.0,0.0,0.23333333333333334,0.0,0.13333333333333333,0.0,0.0,0.0,0.0,0.0,1.0,1.0,0.08333333333333333,0.0,0.0,0.0,0.0,0.0
G2,S1_heavy_tail0.2_n4000,sieve3_sieve3,30,0.011524592004577757,0.01126830158204195,0.08252135048846514,0.08323109793070865,0.03397621015293772,0.03644928531906825,0.10538582526014605,0.10358027116397961,0.09313333333333333,0.076,0.0010000000000000002,0.001,0.09313333333333333,0.076,0.7666666666666667,1.0,178218.27828893033,161187.54465020116,25.239948011428023,24.853303575843327,9.20065723792712,0.9936929825688487,5.29725766693196,5.400964837525763,379.59108624918474,378.84649564831795,50.0,50.0,0.9545369100259441,0.9543364863274749,0.0,0.0,0.0,0.0,0.0,0.0,0.0,0.0,0.0,0.0,0.0,0.0,0.6916666666666667,0.75,0.0,0.0,0.0,0.0,0.0,0.0
G2,S1_heavy_tail0.3_n4000,kernel_kernel,30,0.010004455124599498,0.01006885391071815,0.018092133401698345,0.017822978557763602,0.045870122210869724,0.044952875875300904,0.04508599052606789,0.0487242850819552,0.04689999999999999,0.015,0.0010000000000000002,0.001,0.04689999999999999,0.015,0.5333333333333333,1.0,24.126768661050235,24.009262464238194,0.30404934730609606,0.30330758040430217,0.5439856669966775,0.49427815837393163,0.09081425864196314,0.0819865782189228,794.5814891947191,794.6001500429788,22.607753054300943,22.921414375305176,0.012444564189016766,0.01242029109224675,0.0,0.0,1.0,1.0,0.5333333333333333,1.0,0.16666666666666666,0.0,0.0,0.0,1.0,1.0,0.7416666666666667,0.75,0.475,0.5,0.0,0.0,0.675,0.75
G2,S1_heavy_tail0.3_n4000,kernel_sieve1,30,0.010004455124599498,0.01006885391071815,0.02089155371549827,0.021127025992528498,0.045870122210869724,0.044952875875300904,0.044628973980049814,0.0424191059368553,0.04846666666666666,0.012,0.0016666666666666668,0.001,0.055699999999999986,0.023,0.6,1.0,32.64479740945466,32.45437389717722,0.35385020192494987,0.35307198498161907,0.5617879934972229,0.5061654910566864,0.07501396375549549,0.0704656699120208,631.2554837111271,630.7634948185989,29.976231957828457,28.600592887874125,0.07838469139927468,0.0784341299455031,0.0,0.0,0.0,0.0,0.13333333333333333,0.0,0.3,0.0,0.0,0.0,0.0,0.0,0.8333333333333334,0.75,0.03333333333333333,0.0,0.0,0.0,0.0,0.0
G2,S1_heavy_tail0.3_n4000,sieve1_kernel,30,0.0070214673721741205,0.0071040446312256,0.018092133401698345,0.017822978557763602,0.0448023856284242,0.048579625659638,0.04508599052606789,0.0487242850819552,0.13956666666666667,0.057,0.0010000000000000002,0.001,0.13956666666666667,0.057,0.6333333333333333,1.0,25.326477449286717,25.35881621747499,0.31136045237099685,0.311876757879852,0.5639346203555148,0.5105554347024588,0.08185130806436511,0.08079736556020706,794.5814891947191,794.6001500429788,22.607753054300943,22.921414375305176,0.012444564189016766,0.01242029109224675,0.9666666666666667,1.0,0.0,0.0,0.1,0.0,0.23333333333333334,0.0,0.0,0.0,0.0,0.0,0.875,1.0,0.425,0.5,0.09166666666666666,0.0,0.325,0.25
G2,S1_heavy_tail0.3_n4000,sieve1_sieve1,30,0.0070214673721741205,0.0071040446312256,0.02089155371549827,0.021127025992528498,0.0448023856284242,0.048579625659638,0.044628973980049814,0.0424191059368553,0.13543333333333335,0.05,0.0015666666666666667,0.001,0.14093333333333333,0.0645,0.7666666666666667,1.0,34.115459084219424,33.71029311247719,0.36166293484052586,0.3598265771681301,0.5519351181139082,0.515368414285981,0.07487173851176239,0.0724061566706493,631.2554837111271,630.7634948185989,29.976231957828457,28.600592887874125,0.07838469139927468,0.0784341299455031,0.03333333333333333,0.0,0.0,0.0,0.03333333333333333,0.0,0.2,0.0,1.0,1.0,0.0,0.0,0.9083333333333333,1.0,0.025,0.0,0.9083333333333333,1.0,0.0,0.0
G2,S1_heavy_tail0.3_n4000,sieve2_sieve2,30,0.0058177683358896235,0.0058152258239783,0.03653308037570661,0.03638119997168145,0.034640864989288686,0.028533594386501347,0.04410949012183317,0.03922657615889005,0.8553333333333332,0.914,0.0010333333333333336,0.001,0.8553333333333332,0.914,1.0,1.0,106.85583078010454,100.46960549497985,0.6331034471856564,0.6195033891438675,0.7067158390463794,0.5913752230562072,0.18269333604020815,0.14532961178229534,429.9091563622162,424.50536373393555,50.0,50.0,0.24772531086616623,0.2495692478298073,0.0,0.0,0.0,0.0,0.2,0.0,0.1,0.0,0.0,0.0,0.0,0.0,0.9583333333333334,1.0,0.041666666666666664,0.0,0.0,0.0,0.0,0.0
G2,S1_heavy_tail0.3_n4000,sieve3_sieve3,30,0.011743616319378291,0.011411086079344102,0.08157955181230599,0.081592006829064,0.04225190563227805,0.04192869493748565,0.10614585538577946,0.10745445779389726,0.07753333333333336,0.052,0.0010000000000000002,0.001,0.07753333333333336,0.052,0.8666666666666667,1.0,212938.04067420904,152929.89167605017,26.7856896469704,23.919502828957185,14.041814322811831,11.150588890207077,5.109943631885281,3.947656561077493,378.8166042623209,378.329085561541,50.0,50.0,0.9380636636438621,0.9429147206115784,0.0,0.0,0.0,0.0,0.0,0.0,0.0,0.0,0.0,0.0,0.0,0.0,0.725,0.75,0.0,0.0,0.0,0.0,0.0,0.0
G2,S1_missing0.0_n4000,kernel_kernel,30,0.00988524233037809,0.009826272428728348,0.017684270884057923,0.017764502667724752,0.04303435542310642,0.0429439453907774,0.04453901723924013,0.0439578256144348,0.045666666666666654,0.013999999999999999,0.0010000000000000002,0.001,0.04579999999999999,0.013999999999999999,0.5333333333333333,1.0,21.055385591112213,20.71527015461314,0.28399574888444595,0.28197151502168516,0.5209645909059717,0.484451897102245,0.06519000757250018,0.0580688761283047,784.2373786444144,784.4379087562744,23.024659792582195,23.316601753234863,0.011955783586204001,0.01209954595565795,0.0,0.0,0.26666666666666666,0.0,0.16666666666666666,0.0,0.26666666666666666,0.0,0.0,0.0,1.0,1.0,0.7083333333333334,0.75,0.03333333333333333,0.0,0.0,0.0,0.025,0.0
G2,S1_missing0.0_n4000,kernel_sieve1,30,0.00988524233037809,0.009826272428728348,0.019207910973705753,0.019120933629139247,0.04303435542310642,0.0429439453907774,0.043451021892820386,0.04401019317512065,0.04476666666666665,0.016,0.0013000000000000002,0.001,0.04846666666666666,0.0215,0.6333333333333333,1.0,26.540832937166744,26.466281151300812,0.3191222484444418,0.31882059585483,0.5256060298522364,0.48583959003518445,0.062408372507606114,0.053621319954598096,648.5795547251871,649.0146136570982,24.08801959034745,23.963970962493264,0.0659760872920266,0.06512216830727599,0.0,0.0,0.0,0.0,0.03333333333333333,0.0,0.3333333333333333,0.0,0.0,0.0,0.0,0.0,0.8166666666666667,0.875,0.025,0.0,0.0,0.0,0.0,0.0
G2,S1_missing0.0_n4000,sieve1_kernel,30,0.007368453107864539,0.0073327320936908,0.017684270884057923,0.017764502667724752,0.047813447362611075,0.04578612846055885,0.04453901723924013,0.0439578256144348,0.09043333333333332,0.039999999999999994,0.0010000000000000002,0.001,0.09083333333333334,0.039999999999999994,0.7,1.0,20.77679432293834,20.80349669074638,0.2819683200226129,0.28233683744011795,0.531664393514526,0.49165029686925443,0.07134061593875105,0.0589755867711238,784.2373786444144,784.4379087562744,23.024659792582195,23.316601753234863,0.011955783586204001,0.01209954595565795,0.3,0.0,0.7333333333333333,1.0,0.5666666666666667,1.0,0.06666666666666667,0.0,0.0,0.0,0.0,0.0,0.8416666666666667,0.75,0.8333333333333334,0.75,0.0,0.0,0.975,1.0
G2,S1_missing0.0_n4000,sieve1_sieve1,30,0.007368453107864539,0.0073327320936908,0.019207910973705753,0.019120933629139247,0.047813447362611075,0.04578612846055885,0.043451021892820386,0.04401019317512065,0.08929999999999999,0.037,0.0013000000000000002,0.001,0.1100666666666667,0.0625,0.7666666666666667,1.0,25.987305186054517,26.02533007588637,0.3157449729071571,0.3161430894525304,0.5193450636945728,0.4859835103211697,0.06834600722424568,0.0584301351728026,648.5795547251871,649.0146136570982,24.08801959034745,23.963970962493264,0.0659760872920266,0.06512216830727599,0.0,0.0,0.0,0.0,0.06666666666666667,0.0,0.2,0.0,1.0,1.0,0.0,0.0,0.9,1.0,0.05,0.0,1.0,1.0,0.0,0.0
G2,S1_missing0.0_n4000,sieve2_sieve2,30,0.003754682555882897,0.00359282915665005,0.03074068649264812,0.0304127100490364,0.04428966752475837,0.046697981155114754,0.04337719172784027,0.03902531992530345,0.9958666666666668,0.999,0.0026000000000000003,0.002,0.9958666666666668,0.999,1.0,1.0,51.08701614287641,50.36290826947268,0.4419941400762706,0.4390725011555279,0.5418116201340215,0.5104211339316775,0.09972747562639463,0.0768895649068225,420.64436305122547,417.81532114100054,50.0,50.0,0.20707580208518905,0.20752668232773913,0.7,1.0,0.0,0.0,0.16666666666666666,0.0,0.13333333333333333,0.0,0.0,0.0,0.0,0.0,1.0,1.0,0.058333333333333334,0.0,0.0,0.0,0.0,0.0
G2,S1_missing0.0_n4000,sieve3_sieve3,30,0.012568393388752864,0.0123182344523904,0.0825121427305031,0.08301894320456746,0.04458443375371072,0.0421937859322084,0.10476510483337605,0.10329855911089085,0.059033333333333333,0.027,0.0010000000000000002,0.001,0.059033333333333333,0.027,0.7,1.0,123531.67607716752,113154.9051023071,21.134687634891986,20.342501440740214,14.385995898750139,4.360835362658872,5.117396853027047,4.524556715431491,379.3248083825369,378.42577007640784,50.0,50.0,0.9646752068337344,0.9585789806250538,0.0,0.0,0.0,0.0,0.0,0.0,0.0,0.0,0.0,0.0,0.0,0.0,0.725,0.75,0.0,0.0,0.0,0.0,0.0,0.0
G2,S1_missing0.1_n4000,kernel_kernel,30,0.009906392912597444,0.009774541819347199,0.018025448772653316,0.01789951109993235,0.04557855998599098,0.04303754129269805,0.04389384833732065,0.045675106800892,0.050066666666666655,0.032,0.0010000000000000002,0.001,0.050099999999999985,0.032,0.7,1.0,22.358447941549265,22.297992634404828,0.2926609426799875,0.2924452456017572,0.5334674840022398,0.4964561914293115,0.07238425197482304,0.06882154054884315,791.3421127448884,791.7891352250547,22.42011610666911,22.97715473175049,0.011737318306167862,0.0117515186630189,0.0,0.0,0.7666666666666667,1.0,0.5333333333333333,1.0,0.26666666666666666,0.0,0.0,0.0,1.0,1.0,0.7166666666666667,0.75,0.24166666666666667,0.25,0.0,0.0,0.25833333333333336,0.25
G2,S1_missing0.1_n4000,kernel_sieve1,30,0.009906392912597444,0.009774541819347199,0.0206212938832152,0.02054477787768835,0.04557855998599098,0.04303754129269805,0.0403988212817135,0.03883876360902555,0.050100000000000006,0.026,0.0011000000000000003,0.001,0.054599999999999996,0.046,0.7333333333333333,1.0,28.989570194328625,29.081000685328345,0.33348612074691614,0.3342349956769718,0.5301512110030787,0.5028094039039512,0.06874761154868156,0.06206451527632695,645.106834251856,644.9542814853152,25.239265714168376,25.09436072333401,0.07403274156364284,0.0728010958314624,0.0,0.0,0.0,0.0,0.0,0.0,0.3333333333333333,0.0,0.0,0.0,0.0,0.0,0.85,1.0,0.0,0.0,0.0,0.0,0.0,0.0
G2,S1_missing0.1_n4000,sieve1_kernel,30,0.0071944501803921125,0.0071255573634161,0.018025448772653316,0.01789951109993235,0.048622003690990394,0.0480689809862687,0.04389384833732065,0.045675106800892,0.11276666666666665,0.025,0.0010000000000000002,0.001,0.11276666666666665,0.025,0.6333333333333333,1.0,22.646571665371074,22.644617745923874,0.29440007000026375,0.2944971790884422,0.560703243570586,0.49605713038917965,0.07788452411504113,0.0718974793053701,791.3421127448884,791.7891352250547,22.42011610666911,22.97715473175049,0.011737318306167862,0.0117515186630189,0.7333333333333333,1.0,0.23333333333333334,0.0,0.23333333333333334,0.0,0.06666666666666667,0.0,0.0,0.0,0.0,0.0,0.8166666666666667,0.75,0.6416666666666667,0.625,0.06666666666666667,0.0,0.7416666666666667,0.75
G2,S1_missing0.1_n4000,sieve1_sieve1,30,0.0071944501803921125,0.0071255573634161,0.0206212938832152,0.02054477787768835,0.048622003690990394,0.0480689809862687,0.0403988212817135,0.03883876360902555,0.11386666666666666,0.024,0.0010333333333333336,0.001,0.11436666666666667,0.024,0.7,1.0,29.107326212193794,29.40239157931853,0.3341382170225086,0.3359930491948066,0.5257667858586119,0.49416376593922307,0.07310984219581053,0.0717417092552256,645.106834251856,644.9542814853152,25.239265714168376,25.09436072333401,0.07403274156364284,0.0728010958314624,0.03333333333333333,0.0,0.0,0.0,0.06666666666666667,0.0,0.2,0.0,1.0,1.0,0.0,0.0,0.8583333333333333,1.0,0.041666666666666664,0.0,0.9333333333333333,1.0,0.0,0.0
G2,S1_missing0.1_n4000,sieve2_sieve2,30,0.004564791647872447,0.00439632308785565,0.03328480134695124,0.033507413218324,0.04397337409678066,0.04478163372296565,0.04584540325794671,0.0409857943311382,0.9738666666666668,0.9924999999999999,0.0012666666666666668,0.001,0.9738666666666668,0.9924999999999999,1.0,1.0,69.52677496287154,68.7183866658003,0.5149727815744687,0.5130280546726018,0.5965486159293889,0.5472517588909539,0.12384176099267871,0.10430092060776665,422.1290697338689,420.03126241192047,50.0,50.0,0.2279590884743841,0.23019462151643122,0.23333333333333334,0.0,0.0,0.0,0.16666666666666666,0.0,0.13333333333333333,0.0,0.0,0.0,0.0,0.0,1.0,1.0,0.075,0.0,0.0,0.0,0.0,0.0
G2,S1_missing0.1_n4000,sieve3_sieve3,30,0.011639202144633194,0.011271470285570049,0.08091736905144116,0.08018787066079805,0.033484115027865524,0.0331969762138974,0.10682871053993888,0.10417848696329685,0.09316666666666666,0.042,0.0010000000000000002,0.001,0.09316666666666666,0.042,0.9,1.0,171365.1367552086,154641.4091287725,24.971284293721617,24.24067020381306,14.201235429369113,3.4404782912158587,5.723818533369742,5.6812800217738335,375.14991807769536,377.3787942693493,50.0,50.0,0.944536857892484,0.938328989709835,0.0,0.0,0.0,0.0,0.0,0.0,0.0,0.0,0.0,0.0,0.0,0.0,0.7666666666666667,0.75,0.0,0.0,0.0,0.0,0.0,0.0
G2,S1_missing0.2_n4000,kernel_kernel,30,0.009943735519892142,0.0099419245894967,0.01817078559609901,0.017870258752913697,0.047081782410348695,0.0439933321161777,0.044668344164831786,0.04533103564854065,0.0402,0.024,0.0010000000000000002,0.001,0.0402,0.024,0.7,1.0,23.494575717833175,23.932078764710596,0.30001690668315084,0.3029559186796142,0.5293327421189615,0.49401261626973747,0.09621564501525279,0.09046386362966896,799.080092490732,800.6131035967139,21.853395462036133,22.290462493896484,0.011948821966101694,0.012017989449203001,0.0,0.0,1.0,1.0,0.7,1.0,0.1,0.0,0.0,0.0,1.0,1.0,0.775,0.75,0.5,0.5,0.0,0.0,0.6333333333333333,0.75
G2,S1_missing0.2_n4000,kernel_sieve1,30,0.009943735519892142,0.0099419245894967,0.022473582227469077,0.022586232933681,0.047081782410348695,0.0439933321161777,0.042798251537912405,0.037746400296999646,0.040966666666666665,0.026000000000000002,0.0010333333333333336,0.001,0.04989999999999999,0.0315,0.7333333333333333,1.0,31.384696326667555,31.43977299603886,0.3469606271510653,0.3475080345604741,0.5214931174597204,0.49641390418375797,0.07055599588946639,0.06675384567526049,642.1018086040941,641.4065116256925,26.66413614053499,26.764057720124246,0.08450162603456791,0.08498295306755545,0.0,0.0,0.0,0.0,0.03333333333333333,0.0,0.5333333333333333,1.0,0.0,0.0,0.0,0.0,0.875,1.0,0.008333333333333333,0.0,0.0,0.0,0.0,0.0
G2,S1_missing0.2_n4000,sieve1_kernel,30,0.00690444382270271,0.00690082688377855,0.01817078559609901,0.017870258752913697,0.05224936476746189,0.049872848413949844,0.044668344164831786,0.04533103564854065,0.1684666666666667,0.11449999999999999,0.0010000000000000002,0.001,0.1684666666666667,0.11449999999999999,0.8,1.0,24.72760465139053,24.901424464004748,0.3076494762102569,0.30887274705136836,0.5531359032162049,0.5002576304227606,0.08183174966912166,0.0748278911344165,799.080092490732,800.6131035967139,21.853395462036133,22.290462493896484,0.011948821966101694,0.012017989449203001,1.0,1.0,0.0,0.0,0.13333333333333333,0.0,0.13333333333333333,0.0,0.0,0.0,0.0,0.0,0.9,1.0,0.43333333333333335,0.5,0.26666666666666666,0.25,0.36666666666666664,0.25
G2,S1_missing0.2_n4000,sieve1_sieve1,30,0.00690444382270271,0.00690082688377855,0.022473582227469077,0.022586232933681,0.05224936476746189,0.049872848413949844,0.042798251537912405,0.037746400296999646,0.16776666666666668,0.11199999999999999,0.0010333333333333336,0.001,0.17213333333333336,0.1175,0.8,1.0,32.71566017092351,32.51601252073374,0.35417341567352273,0.3532937524569397,0.5100109263840308,0.49425739355776666,0.07628136516503654,0.0747661213539365,642.1018086040941,641.4065116256925,26.66413614053499,26.764057720124246,0.08450162603456791,0.08498295306755545,0.0,0.0,0.0,0.0,0.0,0.0,0.2,0.0,1.0,1.0,0.0,0.0,0.925,1.0,0.016666666666666666,0.0,0.7333333333333333,0.75,0.0,0.0
G2,S1_missing0.2_n4000,sieve2_sieve2,30,0.0058349566989350865,0.00558551575555225,0.03743376810535274,0.03744396424398945,0.044023072668144723,0.043763558514383696,0.045487478573932864,0.035799934104074047,0.7965,0.863,0.0010000000000000002,0.001,0.7965,0.863,1.0,1.0,143.95515294050767,109.10782593647963,0.6943236786944771,0.6422464383224109,0.6833265457809035,0.5903577242127027,0.1703351252983053,0.16962935704029253,428.3434230724909,426.46957286044113,50.0,50.0,0.25932369706086544,0.26315203659512465,0.0,0.0,0.0,0.0,0.13333333333333333,0.0,0.03333333333333333,0.0,0.0,0.0,0.0,0.0,0.95,1.0,0.041666666666666664,0.0,0.0,0.0,0.0,0.0
G2,S1_missing0.2_n4000,sieve3_sieve3,30,0.011720812433511757,0.0109602340644373,0.08044188744219095,0.0804908340909606,0.0398810126579802,0.03929011099322255,0.10697143318275248,0.10556763248783875,0.11696666666666665,0.0925,0.0010000000000000002,0.001,0.11696666666666665,0.0925,0.9333333333333333,1.0,223584.52532290906,204703.39916190834,28.753508844550137,27.860966341277624,9.628670787608224,1.079115212820804,6.539752362890609,5.4983094517644915,374.5914924253186,375.2537752096698,50.0,50.0,0.9304358249506328,0.930346686743948,0.0,0.0,0.0,0.0,0.0,0.0,0.0,0.0,0.0,0.0,0.0,0.0,0.725,0.75,0.0,0.0,0.0,0.0,0.0,0.0
G2,S1_missing0.3_n4000,kernel_kernel,30,0.010244593015122684,0.010185710434910351,0.018002013904463005,0.01778583678875945,0.05132367241794549,0.049224461601871994,0.045980407739901356,0.047267508085303556,0.03126666666666667,0.018500000000000003,0.0010000000000000002,0.001,0.0313,0.018500000000000003,0.6333333333333333,1.0,25.079475403415824,25.147537793045473,0.31005638069194214,0.31068251154339915,0.5386952791373054,0.5078857858413637,0.12214510460564308,0.120752573487607,801.660740305115,799.7210074504233,21.562292067209878,21.456944465637207,0.011979974551498854,0.0112781420871615,0.0,0.0,1.0,1.0,0.6333333333333333,1.0,0.03333333333333333,0.0,0.0,0.0,1.0,1.0,0.775,0.75,0.725,0.75,0.0,0.0,0.925,1.0
G2,S1_missing0.3_n4000,kernel_sieve1,30,0.010244593015122684,0.010185710434910351,0.02477323052239798,0.0246738837899504,0.05132367241794549,0.049224461601871994,0.043310050960879434,0.0424504899150629,0.03153333333333334,0.022,0.0010000000000000002,0.001,0.03953333333333331,0.025500000000000002,0.7,1.0,34.754401768982085,34.60771596500386,0.3650354428209474,0.3645400959469191,0.5115734421545871,0.4879124489046313,0.08180764473090783,0.07381411891745421,638.3339411365606,637.1001366687136,29.061485071847983,29.392517174904896,0.09797385153875855,0.09729323435528314,0.0,0.0,0.0,0.0,0.0,0.0,0.4666666666666667,0.0,0.0,0.0,0.0,0.0,0.8,0.75,0.008333333333333333,0.0,0.0,0.0,0.0,0.0
G2,S1_missing0.3_n4000,sieve1_kernel,30,0.006676081106732203,0.0066717852018099,0.018002013904463005,0.01778583678875945,0.05598865686280796,0.049548356592196446,0.045980407739901356,0.047267508085303556,0.16773333333333335,0.136,0.0010000000000000002,0.001,0.16773333333333335,0.136,0.8666666666666667,1.0,27.85822610317264,28.022785729033487,0.32655851185560253,0.3274464102718533,0.5334118430749385,0.5064096724360403,0.08955354809702626,0.07980117606155776,801.660740305115,799.7210074504233,21.562292067209878,21.456944465637207,0.011979974551498854,0.0112781420871615,1.0,1.0,0.0,0.0,0.3,0.0,0.2,0.0,0.0,0.0,0.0,0.0,0.95,1.0,0.25833333333333336,0.25,0.5083333333333333,0.5,0.075,0.0
G2,S1_missing0.3_n4000,sieve1_sieve1,30,0.006676081106732203,0.0066717852018099,0.02477323052239798,0.0246738837899504,0.05598865686280796,0.049548356592196446,0.043310050960879434,0.0424504899150629,0.16303333333333336,0.1385,0.001066666666666667,0.001,0.17656666666666668,0.177,0.8666666666666667,1.0,38.17792350581115,37.89209641567712,0.38242194102366717,0.3814511940124756,0.5029463820602411,0.49961897044389825,0.08458287272509014,0.07533956891320731,638.3339411365606,637.1001366687136,29.061485071847983,29.392517174904896,0.09797385153875855,0.09729323435528314,0.0,0.0,0.0,0.0,0.0,0.0,0.23333333333333334,0.0,1.0,1.0,0.0,0.0,0.95,1.0,0.0,0.0,0.49166666666666664,0.5,0.0,0.0
G2,S1_missing0.3_n4000,sieve2_sieve2,30,0.00857193157260547,0.00843163331877215,0.04264268889716846,0.0425618561773206,0.04736714287384381,0.045273388443130294,0.05080993442518509,0.051737699611599505,0.43783333333333335,0.498,0.0010000000000000002,0.001,0.43783333333333335,0.498,0.9666666666666667,1.0,3144.8404894931214,453.818257357863,2.066731532566636,1.2483578364799945,1.976026546680874,0.6802328649509064,0.5245291573643305,0.24543588406965186,438.06875926989323,439.0182606547562,50.0,50.0,0.2992817592919056,0.2958215150160929,0.0,0.0,0.0,0.0,0.06666666666666667,0.0,0.06666666666666667,0.0,0.0,0.0,0.0,0.0,0.8333333333333334,0.875,0.008333333333333333,0.0,0.0,0.0,0.0,0.0
G2,S1_missing0.3_n4000,sieve3_sieve3,30,0.012734684850062307,0.0126647891224905,0.0798202999336552,0.0800020072149666,0.03469823111170178,0.02886732516915065,0.09417954754567673,0.09564871374829476,0.07359999999999998,0.035,0.0010000000000000002,0.001,0.07359999999999998,0.035,0.7,1.0,295756.9615740318,288560.96197899233,32.78785749049555,32.907621892515195,16.900991970064386,6.3102367706782,6.915627719605399,6.4095863565889415,374.3403819428993,373.16438212980484,50.0,50.0,0.9199183370957142,0.9279646894460134,0.0,0.0,0.0,0.0,0.0,0.0,0.0,0.0,0.0,0.0,0.0,0.0,0.75,0.75,0.0,0.0,0.0,0.0,0.0,0.0
G2,S1_shift0.0_n4000,kernel_kernel,30,0.009868028407634292,0.00993875618413575,0.017669984981974755,0.017454675389348702,0.04301191366885296,0.04306337850355745,0.04453980073651178,0.043932136984748654,0.0611,0.0285,0.0010000000000000002,0.001,0.0614,0.0285,0.6666666666666666,1.0,21.055387852095055,20.71527015461314,0.28399576378870467,0.28197151502168516,0.5208924284767094,0.484451897102245,0.06518584939193087,0.0580688761283047,784.2373786444144,784.4379087562744,23.024659792582195,23.316601753234863,0.011955783586204001,0.01209954595565795,0.0,0.0,0.26666666666666666,0.0,0.23333333333333334,0.0,0.26666666666666666,0.0,0.0,0.0,1.0,1.0,0.7166666666666667,0.75,0.058333333333333334,0.0,0.0,0.0,0.025,0.0
G2,S1_shift0.0_n4000,kernel_sieve1,30,0.009868028407634292,0.00993875618413575,0.019137933892534806,0.0191375026043064,0.04301191366885296,0.04306337850355745,0.04344527960687645,0.044046721249172346,0.059966666666666654,0.038,0.0013000000000000002,0.001,0.062066666666666666,0.038,0.7333333333333333,1.0,26.54088950775216,26.466281151300812,0.31912260683234167,0.31882059585483,0.5252407916421462,0.48583959003518445,0.062406545010090325,0.053621319954598096,648.5795547251871,649.0146136570982,24.08801959034745,23.963970962493264,0.0659760872920266,0.06512216830727599,0.0,0.0,0.0,0.0,0.03333333333333333,0.0,0.3333333333333333,0.0,0.0,0.0,0.0,0.0,0.825,0.75,0.016666666666666666,0.0,0.0,0.0,0.0,0.0
G2,S1_shift0.0_n4000,sieve1_kernel,30,0.007629112177232376,0.00760325219060695,0.017669984981974755,0.017454675389348702,0.04778781319159897,0.045813876561104847,0.04453980073651178,0.043932136984748654,0.07613333333333333,0.0265,0.0010000000000000002,0.001,0.07613333333333333,0.0265,0.6666666666666666,1.0,20.77679432293834,20.80349669074638,0.2819683200226129,0.28233683744011795,0.531664393514526,0.49165029686925443,0.07134061593875105,0.0589755867711238,784.2373786444144,784.4379087562744,23.024659792582195,23.316601753234863,0.011955783586204001,0.01209954595565795,0.26666666666666666,0.0,0.7333333333333333,1.0,0.5333333333333333,1.0,0.06666666666666667,0.0,0.0,0.0,0.0,0.0,0.8,0.75,0.7833333333333333,0.75,0.0,0.0,0.975,1.0
G2,S1_shift0.0_n4000,sieve1_sieve1,30,0.007629112177232376,0.00760325219060695,0.019137933892534806,0.0191375026043064,0.04778781319159897,0.045813876561104847,0.04344527960687645,0.044046721249172346,0.07626666666666666,0.020499999999999997,0.0014666666666666671,0.001,0.1074,0.049,0.6666666666666666,1.0,25.987305186054517,26.02533007588637,0.3157449729071571,0.3161430894525304,0.5193450636945728,0.4859835103211697,0.06834600722424568,0.0584301351728026,648.5795547251871,649.0146136570982,24.08801959034745,23.963970962493264,0.0659760872920266,0.06512216830727599,0.0,0.0,0.0,0.0,0.0,0.0,0.2,0.0,1.0,1.0,0.0,0.0,0.8583333333333333,1.0,0.041666666666666664,0.0,1.0,1.0,0.0,0.0
G2,S1_shift0.0_n4000,sieve2_sieve2,30,0.003734035712907137,0.00357183826191765,0.0306353943791565,0.03028646643636955,0.04427002960641883,0.04662278019356455,0.0433683375873982,0.0390827999874728,0.9838999999999999,0.9975,0.003333333333333334,0.002,0.9838999999999999,0.9975,1.0,1.0,51.08701614287641,50.36290826947268,0.4419941400762706,0.4390725011555279,0.5418116201340215,0.5104211339316775,0.09972747562639463,0.0768895649068225,420.64436305122547,417.81532114100054,50.0,50.0,0.20707580208518905,0.20752668232773913,0.7333333333333333,1.0,0.0,0.0,0.2,0.0,0.13333333333333333,0.0,0.0,0.0,0.0,0.0,1.0,1.0,0.1,0.0,0.0,0.0,0.0,0.0
G2,S1_shift0.0_n4000,sieve3_sieve3,30,0.012599394139005146,0.0121583835301042,0.08228997517782619,0.082353215407476,0.044572820290678224,0.04209603967172765,0.10480109106255113,0.1029913359890629,0.09163333333333332,0.038000000000000006,0.0010000000000000002,0.001,0.09163333333333332,0.038000000000000006,0.7666666666666667,1.0,123531.67607716752,113154.9051023071,21.134687634891986,20.342501440740214,14.385995898750139,4.360835362658872,5.117396853027047,4.524556715431491,379.3248083825369,378.42577007640784,50.0,50.0,0.9646752068337344,0.9585789806250538,0.0,0.0,0.0,0.0,0.0,0.0,0.0,0.0,0.0,0.0,0.0,0.0,0.6583333333333333,0.75,0.0,0.0,0.0,0.0,0.0,0.0
G2,S1_shift0.1_n4000,kernel_kernel,30,0.009831630210386208,0.0097651946665636,0.017920625354335206,0.017803967797014403,0.043083255806668073,0.04304081123641835,0.04451017737547213,0.0439536626316554,0.04873333333333334,0.024,0.0010000000000000002,0.001,0.04873333333333334,0.024,0.6666666666666666,1.0,21.05346088680063,20.72308145964487,0.28398355014531446,0.2820253151465779,0.5095820348106304,0.4793458464718866,0.06513907274091406,0.05809479428196665,784.2560844530311,784.6475794838025,23.01474183400472,23.308043479919434,0.011947426470120698,0.012068378724157749,0.0,0.0,0.26666666666666666,0.0,0.3,0.0,0.26666666666666666,0.0,0.0,0.0,1.0,1.0,0.775,0.75,0.05,0.0,0.0,0.0,0.016666666666666666,0.0
G2,S1_shift0.1_n4000,kernel_sieve1,30,0.009831630210386208,0.0097651946665636,0.019056695175752324,0.0188820456212577,0.043083255806668073,0.04304081123641835,0.0434435210094866,0.044031785451688205,0.0484,0.02,0.0012333333333333335,0.001,0.06143333333333333,0.022,0.7,1.0,26.54018044296098,26.46709851209932,0.31911838129270426,0.31882476082601213,0.5213606468411563,0.4867342035260557,0.06240506481494012,0.0535993433495474,648.579554725187,649.0146136570982,24.08801959034743,23.96397096249324,0.06597608729202657,0.06512216830727595,0.0,0.0,0.0,0.0,0.03333333333333333,0.0,0.3333333333333333,0.0,0.0,0.0,0.0,0.0,0.85,0.75,0.008333333333333333,0.0,0.0,0.0,0.0,0.0
G2,S1_shift0.1_n4000,sieve1_kernel,30,0.007478611650278224,0.0075086535788385,0.017920625354335206,0.017803967797014403,0.04782225945336484,0.045796582672466946,0.04451017737547213,0.0439536626316554,0.10443333333333332,0.028,0.0010000000000000002,0.001,0.10679999999999999,0.032,0.6333333333333333,1.0,20.77449696514692,20.802741221573317,0.28195349233197775,0.2823313011085419,0.5503765683687427,0.49894213890537803,0.0712881528885806,0.05900893830413455,784.2560844530311,784.6475794838025,23.01474183400472,23.308043479919434,0.011947426470120698,0.012068378724157749,0.3,0.0,0.7333333333333333,1.0,0.5333333333333333,1.0,0.06666666666666667,0.0,0.0,0.0,0.0,0.0,0.8583333333333333,1.0,0.8583333333333333,1.0,0.0,0.0,0.9833333333333333,1.0
G2,S1_shift0.1_n4000,sieve1_sieve1,30,0.007478611650278224,0.0075086535788385,0.019056695175752324,0.0188820456212577,0.04782225945336484,0.045796582672466946,0.0434435210094866,0.044031785451688205,0.10603333333333333,0.034,0.0012666666666666668,0.001,0.11603333333333335,0.041499999999999995,0.7,1.0,25.987305186054517,26.025330075886366,0.31574497290715703,0.3161430894525304,0.5193450636945728,0.4859835103211697,0.06834600722424566,0.0584301351728025,648.579554725187,649.0146136570982,24.08801959034743,23.96397096249324,0.06597608729202657,0.06512216830727595,0.03333333333333333,0.0,0.0,0.0,0.03333333333333333,0.0,0.2,0.0,1.0,1.0,0.0,0.0,0.8916666666666667,1.0,0.008333333333333333,0.0,1.0,1.0,0.0,0.0
G2,S1_shift0.1_n4000,sieve2_sieve2,30,0.0037307355674562966,0.0035018964932219,0.030619148874500943,0.03015443855192105,0.044315113209202214,0.0466796685430164,0.04336098045392669,0.03893184703282295,0.9899,0.998,0.0027000000000000006,0.0015,0.9899,0.998,1.0,1.0,51.0870161428763,50.36290826947264,0.44199414007627,0.4390725011555277,0.5418116201340215,0.5104211339316775,0.0997274756263944,0.0768895649068226,420.64436305122564,417.8153211410005,50.0,50.0,0.20707580208518875,0.20752668232773974,0.6666666666666666,1.0,0.0,0.0,0.1,0.0,0.13333333333333333,0.0,0.0,0.0,0.0,0.0,1.0,1.0,0.075,0.0,0.0,0.0,0.0,0.0
G2,S1_shift0.1_n4000,sieve3_sieve3,30,0.012532187199650857,0.01215854488510915,0.08208090728803215,0.08235636956034145,0.04461354715120202,0.04216001683575545,0.10478157157611262,0.1031637869719199,0.07763333333333332,0.031,0.0010000000000000002,0.001,0.07763333333333332,0.031,0.6666666666666666,1.0,123531.67607502334,113154.90511707647,21.134687634692416,20.34250144052381,14.396695594461441,4.360835385860174,5.117396852921316,4.524556715694571,379.3248083825381,378.42577007640836,50.0,50.0,0.9646752068337394,0.9585789806250586,0.0,0.0,0.0,0.0,0.0,0.0,0.0,0.0,0.0,0.0,0.0,0.0,0.7416666666666667,0.75,0.0,0.0,0.0,0.0,0.0,0.0
G2,S1_shift0.2_n4000,kernel_kernel,30,0.009813241934634266,0.0098642153613757,0.017927809959369975,0.017775093726121148,0.04307162019512251,0.0431134718194293,0.04453677469740585,0.043970832883706096,0.0492,0.0225,0.0010000000000000002,0.001,0.0492,0.0225,0.6333333333333333,1.0,21.0551417924547,20.71246234037551,0.2839942651624046,0.28195214848654726,0.5139210288499483,0.4858186564775781,0.06518357371544199,0.058076210767789155,784.2222924769853,784.5364612925665,23.022895431518556,23.285531997680664,0.011943495098253038,0.0119626119770109,0.0,0.0,0.26666666666666666,0.0,0.3,0.0,0.26666666666666666,0.0,0.0,0.0,1.0,1.0,0.6916666666666667,0.75,0.08333333333333333,0.0,0.0,0.0,0.016666666666666666,0.0
G2,S1_shift0.2_n4000,kernel_sieve1,30,0.009813241934634266,0.0098642153613757,0.019258017047626242,0.019201806955238,0.04307162019512251,0.0431134718194293,0.0434803980472067,0.0440841624809978,0.048900000000000006,0.023,0.0014666666666666671,0.001,0.05536666666666667,0.026000000000000002,0.6333333333333333,1.0,26.540141536881404,26.466944513365174,0.31911801698693215,0.3188189317728027,0.5181513589620017,0.4854645797938393,0.062447484061321105,0.0536156656673454,648.579554725187,649.0146136570982,24.088019590347447,23.96397096249325,0.06597608729202661,0.06512216830727599,0.0,0.0,0.0,0.0,0.0,0.0,0.3333333333333333,0.0,0.0,0.0,0.0,0.0,0.8,0.75,0.0,0.0,0.0,0.0,0.0,0.0
G2,S1_shift0.2_n4000,sieve1_kernel,30,0.007462995554959697,0.0073686520015119,0.017927809959369975,0.017775093726121148,0.047840626406428895,0.04583408295642105,0.04453677469740585,0.043970832883706096,0.05733333333333334,0.0245,0.0010000000000000002,0.001,0.05733333333333334,0.0245,0.6333333333333333,1.0,20.77774330298138,20.804692708712338,0.281974744031797,0.28234460536962697,0.5322247209559984,0.5003642490359463,0.07129432737817895,0.05889085638983465,784.2222924769853,784.5364612925665,23.022895431518556,23.285531997680664,0.011943495098253038,0.0119626119770109,0.16666666666666666,0.0,0.7333333333333333,1.0,0.5333333333333333,1.0,0.06666666666666667,0.0,0.0,0.0,0.0,0.0,0.7416666666666667,0.75,0.7333333333333333,0.75,0.0,0.0,0.9833333333333333,1.0
G2,S1_shift0.2_n4000,sieve1_sieve1,30,0.007462995554959697,0.0073686520015119,0.019258017047626242,0.019201806955238,0.047840626406428895,0.04583408295642105,0.0434803980472067,0.0440841624809978,0.059399999999999994,0.025500000000000002,0.0012666666666666668,0.001,0.06369999999999999,0.034,0.7,1.0,25.987305186054517,26.02533007588636,0.31574497290715703,0.3161430894525304,0.5193450636945728,0.4859835103211697,0.06834600722424566,0.058430135172802544,648.579554725187,649.0146136570982,24.088019590347447,23.96397096249325,0.06597608729202661,0.06512216830727599,0.0,0.0,0.0,0.0,0.03333333333333333,0.0,0.2,0.0,1.0,1.0,0.0,0.0,0.8916666666666667,1.0,0.125,0.0,1.0,1.0,0.0,0.0
G2,S1_shift0.2_n4000,sieve2_sieve2,30,0.0037301794514565364,0.00354407821091955,0.030785972358832552,0.0304356320255091,0.04431928994144554,0.0465101385625521,0.04338062157028239,0.0389676779851606,0.9907333333333334,0.9984999999999999,0.003066666666666667,0.0015,0.9907333333333334,0.9984999999999999,1.0,1.0,51.08701614287635,50.36290826947268,0.4419941400762704,0.439072501155528,0.5418116201340215,0.5104211339316775,0.09972747562639489,0.07688956490682375,420.64436305122564,417.8153211410006,50.0,50.0,0.20707580208518875,0.20752668232773955,0.8333333333333334,1.0,0.0,0.0,0.13333333333333333,0.0,0.13333333333333333,0.0,0.0,0.0,0.0,0.0,1.0,1.0,0.058333333333333334,0.0,0.0,0.0,0.0,0.0
G2,S1_shift0.2_n4000,sieve3_sieve3,30,0.012506253295291593,0.01210091165512975,0.08273719061355994,0.0824583715363337,0.04460881327174353,0.0422121499302,0.10486489470771569,0.10341038983596104,0.08896666666666667,0.054,0.0010000000000000002,0.001,0.08896666666666667,0.054,0.7666666666666667,1.0,123531.67607726733,113154.90510171441,21.134687634880436,20.342501441332793,14.385536738107685,4.360835332426521,5.117396853114774,4.524556715957062,379.3248083825408,378.425770076415,50.0,50.0,0.9646752068337494,0.9585789806250704,0.0,0.0,0.0,0.0,0.0,0.0,0.0,0.0,0.0,0.0,0.0,0.0,0.725,0.75,0.0,0.0,0.0,0.0,0.0,0.0
G2,S1_shift0.3_n4000,kernel_kernel,30,0.009956698575554332,0.0099056143377935,0.01785597359292758,0.0176329239838946,0.04303493452360562,0.042905844456343004,0.04451852387635655,0.04396920357485915,0.05956666666666666,0.0435,0.0010000000000000002,0.001,0.05956666666666666,0.0435,0.7,1.0,21.05220960535882,20.715152242741365,0.2839742924710482,0.28197077556830086,0.5104109656281014,0.47778175546365786,0.06512909242880192,0.0579173102952214,784.2390086758696,784.5676365775814,23.019903246561686,23.32709503173828,0.011949305238574693,0.01203819790482515,0.0,0.0,0.26666666666666666,0.0,0.2,0.0,0.26666666666666666,0.0,0.0,0.0,1.0,1.0,0.65,0.75,0.05,0.0,0.0,0.0,0.025,0.0
G2,S1_shift0.3_n4000,kernel_sieve1,30,0.009956698575554332,0.0099056143377935,0.019124489251057808,0.01882079904147735,0.04303493452360562,0.042905844456343004,0.04346029112164451,0.044006902168452,0.05889999999999999,0.039,0.0011666666666666668,0.001,0.06543333333333333,0.041999999999999996,0.7333333333333333,1.0,26.54010647242126,26.466618546081456,0.31911787607866676,0.31881696782322055,0.5345912969093549,0.48531727519429685,0.06242393991822717,0.053623548595242904,648.579554725187,649.0146136570982,24.088019590347432,23.96397096249322,0.06597608729202659,0.06512216830727591,0.0,0.0,0.0,0.0,0.03333333333333333,0.0,0.3333333333333333,0.0,0.0,0.0,0.0,0.0,0.8333333333333334,0.75,0.05,0.0,0.0,0.0,0.0,0.0
G2,S1_shift0.3_n4000,sieve1_kernel,30,0.007564884285705255,0.0073580152423942495,0.01785597359292758,0.0176329239838946,0.04777554428831066,0.045825872908764,0.04451852387635655,0.04396920357485915,0.11606666666666667,0.05,0.0010000000000000002,0.001,0.11613333333333334,0.05,0.7,1.0,20.775146103910963,20.803679104741086,0.2819574153378423,0.2823372441697847,0.5245194742769734,0.49311232090275176,0.07129663864224099,0.05898382059988775,784.2390086758696,784.5676365775814,23.019903246561686,23.32709503173828,0.011949305238574693,0.01203819790482515,0.23333333333333334,0.0,0.7333333333333333,1.0,0.6,1.0,0.06666666666666667,0.0,0.0,0.0,0.0,0.0,0.7583333333333333,0.75,0.75,0.75,0.016666666666666666,0.0,0.975,1.0
G2,S1_shift0.3_n4000,sieve1_sieve1,30,0.007564884285705255,0.0073580152423942495,0.019124489251057808,0.01882079904147735,0.04777554428831066,0.045825872908764,0.04346029112164451,0.044006902168452,0.11613333333333335,0.041999999999999996,0.0012666666666666668,0.001,0.13113333333333335,0.0595,0.7666666666666667,1.0,25.98730518605452,26.02533007588636,0.3157449729071571,0.3161430894525304,0.5193450636945728,0.4859835103211697,0.06834600722424566,0.058430135172802544,648.579554725187,649.0146136570982,24.088019590347432,23.96397096249322,0.06597608729202659,0.06512216830727591,0.0,0.0,0.0,0.0,0.03333333333333333,0.0,0.2,0.0,1.0,1.0,0.0,0.0,0.8666666666666667,1.0,0.08333333333333333,0.0,0.9833333333333333,1.0,0.0,0.0
G2,S1_shift0.3_n4000,sieve2_sieve2,30,0.00373903371427853,0.00366837830130245,0.03061892621776687,0.030284721211637652,0.04427182163508625,0.04664502936802295,0.043364980436781136,0.03916260540639375,0.9751,0.998,0.002566666666666667,0.002,0.9751,0.998,1.0,1.0,51.087016142876415,50.362908269472385,0.4419941400762707,0.43907250115552665,0.5418116201478494,0.5104211339316775,0.09972747562639453,0.07688956490682555,420.6443630512253,417.8153211409999,50.0,50.0,0.2070758020851894,0.20752668232773913,0.7666666666666667,1.0,0.0,0.0,0.13333333333333333,0.0,0.13333333333333333,0.0,0.0,0.0,0.0,0.0,1.0,1.0,0.06666666666666667,0.0,0.0,0.0,0.0,0.0
G2,S1_shift0.3_n4000,sieve3_sieve3,30,0.012520344171679913,0.01231508588302525,0.08220516521512143,0.08194006976219265,0.04458913005351929,0.042167223334044046,0.10479006621987776,0.1031036268420352,0.09653333333333333,0.052000000000000005,0.0010000000000000002,0.001,0.09653333333333333,0.052000000000000005,0.8666666666666667,1.0,123531.67608260553,113154.9051059411,21.134687635298697,20.342501441563435,14.39456975848229,4.360835389558775,5.1173968530330995,4.524556715245518,379.32480838253804,378.4257700764184,50.0,50.0,0.9646752068337338,0.9585789806250683,0.0,0.0,0.0,0.0,0.0,0.0,0.0,0.0,0.0,0.0,0.0,0.0,0.75,0.75,0.0,0.0,0.0,0.0,0.0,0.0
H2,L_n1000_low,kernel_kernel,30,0.03602181798650504,0.0336136043891304,0.027739452330865343,0.02385998206737855,0.059542783762531096,0.05553684089466885,0.04392348570449133,0.0422608156823337,0.007633333333333334,0.001,0.2378333333333334,0.16549999999999998,0.23860000000000006,0.16549999999999998,0.7666666666666667,1.0,6.628301094767659,6.1765636354206634,0.31790386321548103,0.3080691966664269,0.47484315566886903,0.45021459979185885,0.05626126338661786,0.05727341085134325,396.10054988674284,412.610077129839,14.930239534378051,13.30531120300293,0.04967847718993818,0.04479019948840135,0.0,0.0,0.6333333333333333,1.0,0.5,0.5,0.4,0.0,0.0,0.0,1.0,1.0,0.7416666666666667,0.75,0.5333333333333333,0.5,0.008333333333333333,0.0,0.6333333333333333,0.75
H2,L_n1000_low,kernel_sieve1,30,0.03602181798650504,0.0336136043891304,0.012944432905827832,0.01280862906705375,0.059542783762531096,0.05553684089466885,0.041720115828927866,0.04268169444158065,0.007966666666666667,0.0015,0.8884666666666666,0.9495,0.8895333333333333,0.9495,1.0,1.0,6.488698248675757,6.580572887760685,0.31562815169825365,0.3179931265399101,0.42647089157296586,0.4057087087539494,0.05835944614059723,0.0564075467138584,455.1337470675252,457.80722109952194,4.520359192346324,4.470115852560765,0.018595528127223256,0.019328334841519197,0.0,0.0,0.36666666666666664,0.0,0.5,0.5,0.4,0.0,0.0,0.0,0.0,0.0,1.0,1.0,0.38333333333333336,0.375,0.03333333333333333,0.0,0.2916666666666667,0.25
H2,L_n1000_low,sieve1_kernel,30,0.01882565242106985,0.0183581443249011,0.027739452330865343,0.02385998206737855,0.043004451550712045,0.04140732577381725,0.04392348570449133,0.0422608156823337,0.3923,0.309,0.24026666666666666,0.16949999999999998,0.5408333333333333,0.528,1.0,1.0,78.33702687772292,48.20934993054324,0.9503976644988028,0.8606096387175023,0.6521973321444424,0.5751411446512892,0.2121450090782066,0.17720233369145588,396.10054988674284,412.610077129839,14.930239534378051,13.30531120300293,0.04967847718993818,0.04479019948840135,0.0,0.0,0.0,0.0,0.0,0.0,0.03333333333333333,0.0,0.0,0.0,0.0,0.0,0.9833333333333333,1.0,0.05,0.0,0.03333333333333333,0.0,0.041666666666666664,0.0
H2,L_n1000_low,sieve1_sieve1,30,0.01882565242106985,0.0183581443249011,0.012944432905827832,0.01280862906705375,0.043004451550712045,0.04140732577381725,0.041720115828927866,0.04268169444158065,0.3928666666666667,0.319,0.891,0.947,0.8977999999999999,0.9544999999999999,1.0,1.0,76.9544722301828,40.89566554775026,0.9273010367117794,0.7927287867586086,0.6706942545304136,0.5830900789265339,0.20835108443588007,0.1005566653096592,455.1337470675252,457.80722109952194,4.520359192346324,4.470115852560765,0.018595528127223256,0.019328334841519197,1.0,1.0,0.0,0.0,0.0,0.0,0.13333333333333333,0.0,1.0,1.0,0.0,0.0,1.0,1.0,0.03333333333333333,0.0,0.925,1.0,0.03333333333333333,0.0
H2,L_n1000_low,sieve2_sieve2,30,0.023647679925509934,0.0223897646156671,0.06882560090895042,0.0686372665633449,0.0379987596314273,0.037955238904287605,0.0814755599724445,0.082722894239778,0.21486666666666668,0.1215,0.0031000000000000003,0.002,0.21580000000000002,0.1215,0.8666666666666667,1.0,1130.8079457523434,910.7286775846507,3.909246943568276,3.740936539570627,2.3523547715010067,1.2028899971788416,0.9326948729923966,0.6204468643090009,313.9727443833183,312.85007823201636,15.884276058252293,15.295033839613131,0.24635831679004871,0.24529510091398,0.0,0.0,0.0,0.0,0.0,0.0,0.03333333333333333,0.0,0.0,0.0,0.0,0.0,0.7416666666666667,0.75,0.0,0.0,0.0,0.0,0.0,0.0
H2,L_n1000_low,sieve3_sieve3,30,0.022772582015829938,0.021072961784714,0.14578694392982136,0.14566908313758758,0.048920132794907124,0.044350992723929256,0.20264011208931235,0.20872753165362912,0.31006666666666666,0.23249999999999998,0.0010000000000000002,0.001,0.31006666666666666,0.23249999999999998,0.9333333333333333,1.0,1583.1458831632108,1469.7950996325094,4.853042474959787,4.752415408295885,3.0476163589871397,1.3106209793419061,1.2119038351563483,1.2202984425030565,179.13889110759192,178.79898392432847,49.34203376909457,50.0,1.5378668602151453,1.5063651168878969,0.0,0.0,0.0,0.0,0.0,0.0,0.0,0.0,0.0,0.0,0.0,0.0,0.8833333333333333,1.0,0.0,0.0,0.0,0.0,0.0,0.0
H2,L_n2000_low,kernel_kernel,30,0.013926758239105264,0.0129618805362343,0.018594354302086873,0.0187276659425887,0.049278493684902884,0.04855555729626005,0.04197777012372111,0.04834791311183365,0.15780000000000002,0.08499999999999999,0.006400000000000001,0.001,0.16130000000000003,0.08499999999999999,0.8333333333333334,1.0,5.115680672711949,5.057650478780348,0.1982219784764333,0.19712670416528127,0.3942177912380329,0.35669361094932733,0.041189849730631604,0.03461848825914115,982.430542415054,984.3178128727488,4.086374632517496,4.067831993103027,0.005854296028613985,0.0041094508171081005,0.0,0.0,0.9666666666666667,1.0,0.8,1.0,0.3333333333333333,0.0,0.0,0.0,1.0,1.0,0.8916666666666667,1.0,0.6583333333333333,0.75,0.008333333333333333,0.0,0.7166666666666667,0.75
H2,L_n2000_low,kernel_sieve1,30,0.013926758239105264,0.0129618805362343,0.007603682104182567,0.0075481691210094,0.049278493684902884,0.04855555729626005,0.04064833001124517,0.041213644134410254,0.15726666666666667,0.08349999999999999,0.8842000000000001,0.9655,0.8842000000000001,0.9655,1.0,1.0,5.539532695410693,5.480303808202727,0.2062429090868987,0.20519812430445877,0.3814215475352698,0.36073979658154043,0.040999420333631555,0.030808505980522552,921.807073381077,922.2275932712041,4.453644710537524,4.381908699748178,0.007738771638381814,0.00815776476210505,0.4666666666666667,0.0,0.0,0.0,0.16666666666666666,0.0,0.3,0.0,0.0,0.0,0.0,0.0,1.0,1.0,0.31666666666666665,0.25,0.025,0.0,0.25833333333333336,0.25
H2,L_n2000_low,sieve1_kernel,30,0.015352416718861244,0.013564890891447301,0.018594354302086873,0.0187276659425887,0.04954103850093436,0.05832010752349445,0.04197777012372111,0.04834791311183365,0.3577333333333333,0.2925,0.006000000000000001,0.001,0.35916666666666663,0.2925,0.9,1.0,76.0873675597566,26.05405354520631,0.6189391731512324,0.4474128849800235,0.5158501791917065,0.48283201084863026,0.1652446560110542,0.09846575360392155,982.430542415054,984.3178128727488,4.086374632517496,4.067831993103027,0.005854296028613985,0.0041094508171081005,0.0,0.0,0.03333333333333333,0.0,0.03333333333333333,0.0,0.16666666666666666,0.0,0.0,0.0,0.0,0.0,1.0,1.0,0.016666666666666666,0.0,0.025,0.0,0.016666666666666666,0.0
H2,L_n2000_low,sieve1_sieve1,30,0.015352416718861244,0.013564890891447301,0.007603682104182567,0.0075481691210094,0.04954103850093436,0.05832010752349445,0.04064833001124517,0.041213644134410254,0.36113333333333336,0.31,0.8832,0.9624999999999999,0.9311666666666668,0.9675,1.0,1.0,86.226683450796,28.178786695963012,0.6572040196351104,0.4652934150518372,0.5346307206413521,0.48288157937234244,0.18254935373851625,0.1196185593014895,921.807073381077,922.2275932712041,4.453644710537524,4.381908699748178,0.007738771638381814,0.00815776476210505,0.5333333333333333,1.0,0.0,0.0,0.0,0.0,0.06666666666666667,0.0,1.0,1.0,0.0,0.0,1.0,1.0,0.008333333333333333,0.0,0.9416666666666667,1.0,0.008333333333333333,0.0
H2,L_n2000_low,sieve2_sieve2,30,0.01671356736193323,0.01667343223744045,0.03192576149801812,0.03197196334586505,0.042925336736333745,0.037234142031662296,0.04221639626945298,0.038743950710144054,0.20106666666666667,0.11149999999999999,0.15140000000000003,0.131,0.29133333333333333,0.23349999999999999,1.0,1.0,447.80532970555015,372.376745973434,1.7595593398220362,1.6913787927581172,2.3211652330299923,1.5058062230116622,0.5011467922735066,0.45998625946427363,761.277753357814,760.201993298869,10.791467490005305,10.491781053439766,0.08562999169767521,0.08375440545915246,0.0,0.0,0.0,0.0,0.0,0.0,0.1,0.0,0.0,0.0,0.0,0.0,0.8666666666666667,0.875,0.0,0.0,0.0,0.0,0.0,0.0
H2,L_n2000_low,sieve3_sieve3,30,0.017273018908854097,0.0164106922505261,0.14675877057059253,0.1459484821564273,0.04222426348678906,0.0416871074913317,0.202695782957885,0.2029682914484925,0.16253333333333328,0.124,0.0010000000000000002,0.001,0.16253333333333328,0.124,0.8333333333333334,1.0,64033.5434062061,49270.78965181502,21.576081252705322,19.45594666665188,19.65088688850365,8.231770978452532,4.950357357576985,4.576555688385247,379.01316585651045,380.41917722475046,50.0,50.0,1.4416988927755272,1.431243215291016,0.0,0.0,0.0,0.0,0.0,0.0,0.03333333333333333,0.0,0.0,0.0,0.0,0.0,0.8166666666666667,0.75,0.0,0.0,0.0,0.0,0.0,0.0
H2,L_n4000_low,kernel_kernel,30,0.008288640252730538,0.00829438114206595,0.007408639008129146,0.00756408635240235,0.032260214629603975,0.0290215406920509,0.03539537654096034,0.0237256098182931,0.3613666666666667,0.3645,0.5733333333333331,0.672,0.6788,0.7264999999999999,1.0,1.0,5.340549736415168,5.344586471194079,0.14322182224053615,0.14328907060896576,0.30374236840137814,0.28700322521554933,0.0277012165328843,0.022687635915031798,1872.9559206187087,1872.5365204548184,5.751138814290365,5.706733465194702,0.005752159474790052,0.0063234047889709,0.0,0.0,0.7333333333333333,1.0,0.7333333333333333,1.0,0.3333333333333333,0.0,0.0,0.0,1.0,1.0,0.9833333333333333,1.0,0.6666666666666666,0.5,0.08333333333333333,0.0,0.6833333333333333,0.625
H2,L_n4000_low,kernel_sieve1,30,0.008288640252730538,0.00829438114206595,0.005154511989501559,0.00516380141359195,0.032260214629603975,0.0290215406920509,0.031030969309477775,0.022394352277372298,0.3598666666666667,0.3755,0.9193666666666666,0.957,0.9193666666666666,0.957,1.0,1.0,5.3865655580762395,5.409410840982565,0.14383894713136752,0.14415542156147343,0.3034982209205361,0.2912907912263659,0.028297023239153875,0.0244039759667622,1855.8403211423638,1854.5828539393087,4.344308915384625,4.359517094220962,0.0038349836599575965,0.0038466472434505,0.5,0.5,0.26666666666666666,0.0,0.26666666666666666,0.0,0.23333333333333334,0.0,0.0,0.0,0.0,0.0,1.0,1.0,0.3333333333333333,0.5,0.5583333333333333,0.5,0.31666666666666665,0.375
H2,L_n4000_low,sieve1_kernel,30,0.008866545624224563,0.0079389504128483,0.007408639008129146,0.00756408635240235,0.043126771423233505,0.047667073121293146,0.03539537654096034,0.0237256098182931,0.4294333333333333,0.384,0.5692333333333333,0.6625000000000001,0.7065666666666667,0.7264999999999999,1.0,1.0,32.915153662430875,17.443671374353897,0.31101127775677906,0.25885159438680283,0.3867194046965546,0.3566722235601289,0.08197932819698739,0.0547866966929418,1872.9559206187087,1872.5365204548184,5.751138814290365,5.706733465194702,0.005752159474790052,0.0063234047889709,0.0,0.0,0.0,0.0,0.0,0.0,0.23333333333333334,0.0,0.0,0.0,0.0,0.0,0.9916666666666667,1.0,0.0,0.0,0.025,0.0,0.0,0.0
H2,L_n4000_low,sieve1_sieve1,30,0.008866545624224563,0.0079389504128483,0.005154511989501559,0.00516380141359195,0.043126771423233505,0.047667073121293146,0.031030969309477775,0.022394352277372298,0.428,0.36650000000000005,0.9168999999999999,0.956,0.9364333333333332,0.9664999999999999,1.0,1.0,33.18713060689444,18.263578094878056,0.3123555801630119,0.2648777959607227,0.38905456847112,0.3688999006784084,0.08341611554790858,0.049825943027838,1855.8403211423638,1854.5828539393087,4.344308915384625,4.359517094220962,0.0038349836599575965,0.0038466472434505,0.5,0.5,0.0,0.0,0.0,0.0,0.1,0.0,1.0,1.0,0.0,0.0,1.0,1.0,0.0,0.0,0.3333333333333333,0.25,0.0,0.0
H2,L_n4000_low,sieve2_sieve2,30,0.011837617203120798,0.0109825865226257,0.01538653203305668,0.01552585109050775,0.045655009519221926,0.0393998046245337,0.034712175388698835,0.02754216189109645,0.20049999999999998,0.16249999999999998,0.6934333333333332,0.681,0.7305666666666665,0.7235,1.0,1.0,262.22092784432067,212.832232701108,0.961396249302773,0.9042183132845478,0.6556488699646965,0.5396170487197421,0.17374200771695186,0.145275834741659,1694.6079035762016,1694.4483017540679,8.608576749435661,8.621792337850746,0.0357317211436889,0.0361668050303453,0.0,0.0,0.0,0.0,0.0,0.0,0.06666666666666667,0.0,0.0,0.0,0.0,0.0,1.0,1.0,0.0,0.0,0.0,0.0,0.0,0.0
H2,L_n4000_low,sieve3_sieve3,30,0.011517273691208234,0.0109995015829827,0.08619490472991989,0.08604496396223454,0.042289544707952195,0.04389744341002935,0.1144909711679969,0.12340844929753564,0.1795,0.132,0.0010000000000000002,0.001,0.1795,0.132,0.7666666666666667,1.0,5634.419597793518,5012.802241142124,4.568382675472061,4.388298440832873,2.923215952797272,1.2167772148721598,0.9919148992219127,0.8567475838216771,1018.2591872525102,1016.4989572083916,35.27999203502665,34.931143017490584,0.41592504776542427,0.41535053186933313,0.0,0.0,0.0,0.0,0.0,0.0,0.03333333333333333,0.0,0.0,0.0,0.0,0.0,0.7083333333333334,0.75,0.0,0.0,0.0,0.0,0.0,0.0
H2,L_n8000_low,kernel_kernel,30,0.0065255914671040974,0.006464043464125,0.004600287915076464,0.00449404714956905,0.038703533987143095,0.03736274669255255,0.0414808043925835,0.042248607935228596,0.22893333333333335,0.1535,0.7746333333333334,0.875,0.7787333333333334,0.875,1.0,1.0,5.30971037158633,5.306448481471579,0.10098346541505486,0.10095847522408374,0.23305728016011487,0.2244251302258187,0.020849306593526604,0.01732034968999335,3713.9951361926082,3710.6253080166725,6.009785477320353,5.918726921081543,0.0036802740916609396,0.003771107096225,0.13333333333333333,0.0,0.3333333333333333,0.0,0.3333333333333333,0.0,0.2,0.0,0.0,0.0,1.0,1.0,0.7833333333333333,0.75,0.775,0.75,0.0,0.0,0.9833333333333333,1.0
H2,L_n8000_low,kernel_sieve1,30,0.0065255914671040974,0.006464043464125,0.0036888137735416764,0.00367750611379895,0.038703533987143095,0.03736274669255255,0.04092445211079397,0.0433363966972541,0.2320333333333333,0.17049999999999998,0.8104666666666667,0.8585,0.8225999999999999,0.897,1.0,1.0,5.288346523642807,5.279990790270579,0.10078046408642433,0.1007065305772655,0.23870270810094746,0.2338625161433536,0.021140433580072608,0.0147900654158903,3723.1403579770717,3718.364711629367,4.423778055137689,4.3751385114274814,0.0016699479602091665,0.00172189094923085,0.36666666666666664,0.0,0.6666666666666666,1.0,0.6666666666666666,1.0,0.36666666666666664,0.0,0.0,0.0,0.0,0.0,1.0,1.0,0.225,0.25,0.4666666666666667,0.5,0.008333333333333333,0.0
H2,L_n8000_low,sieve1_kernel,30,0.007184398446777134,0.0066056454280147,0.004600287915076464,0.00449404714956905,0.039436350847213864,0.033278301509733904,0.0414808043925835,0.042248607935228596,0.3044,0.2525,0.7737,0.8705,0.8280666666666667,0.884,1.0,1.0,52.91142446056883,27.489453953012877,0.28590484169936164,0.2297233469416943,0.4003300120446523,0.34556550846060374,0.04752464503653267,0.04679297308175895,3713.9951361926082,3710.6253080166725,6.009785477320353,5.918726921081543,0.0036802740916609396,0.003771107096225,0.03333333333333333,0.0,0.0,0.0,0.0,0.0,0.06666666666666667,0.0,0.0,0.0,0.0,0.0,0.8916666666666667,1.0,0.0,0.0,0.0,0.0,0.008333333333333333,0.0
H2,L_n8000_low,sieve1_sieve1,30,0.007184398446777134,0.0066056454280147,0.0036888137735416764,0.00367750611379895,0.039436350847213864,0.033278301509733904,0.04092445211079397,0.0433363966972541,0.30473333333333336,0.2475,0.8121666666666667,0.868,0.8459666666666668,0.9055,1.0,1.0,52.8947440653081,27.225171244493346,0.285285981466029,0.22860182645394073,0.4147646857229826,0.36753291251575604,0.047429062622238456,0.0423656676091224,3723.1403579770717,3718.364711629367,4.423778055137689,4.3751385114274814,0.0016699479602091665,0.00172189094923085,0.4666666666666667,0.0,0.0,0.0,0.0,0.0,0.2,0.0,1.0,1.0,0.0,0.0,1.0,1.0,0.0,0.0,0.5333333333333333,0.5,0.0,0.0
H2,L_n8000_low,sieve2_sieve2,30,0.0075286076488708465,0.007391287927117201,0.007235061908972762,0.00706913282505085,0.034178158828034925,0.03760346454175765,0.04112129470526222,0.04432597793711135,0.20393333333333333,0.177,0.9638333333333332,0.9844999999999999,0.9665333333333332,0.9844999999999999,1.0,1.0,238.6046220778526,194.43248802226378,0.6342113606449612,0.6111153338408488,0.6946990126385085,0.5265224231341641,0.1276788188896288,0.09960770197977475,3549.4572321688315,3544.1805484580254,8.491311981550698,8.362024880272582,0.015593854008624232,0.0154618240039981,0.0,0.0,0.0,0.0,0.0,0.0,0.06666666666666667,0.0,0.0,0.0,0.0,0.0,1.0,1.0,0.0,0.0,0.0,0.0,0.0,0.0
H2,L_n8000_low,sieve3_sieve3,30,0.008527864348139081,0.008671408386989,0.0424985653643045,0.04253363061975935,0.03021780849919014,0.0286324133793113,0.05566839293895421,0.0567917578093715,0.16820000000000004,0.1075,0.0010000000000000002,0.001,0.16820000000000004,0.1075,0.9,1.0,1256.5117686605051,1261.6932725442325,1.5341579135748817,1.5567466603275388,1.1916825428672908,0.8805976645759255,0.32782108195530424,0.2814877860805255,2711.6443239330915,2702.1323517565334,22.79494205832641,22.436759780552407,0.135060487608885,0.1337343578354638,0.0,0.0,0.0,0.0,0.0,0.0,0.1,0.0,0.0,0.0,0.0,0.0,0.725,0.75,0.0,0.0,0.0,0.0,0.0,0.0
H2,N_n1000_low,kernel_kernel,30,0.032925178251457236,0.0320210260702271,0.01841421956997132,0.0174732230940145,0.05363992538273968,0.0547484524271681,0.039431842923437745,0.03360997697045485,0.045599999999999995,0.014,0.5256666666666667,0.662,0.5324,0.662,1.0,1.0,6.1189840123381085,5.794760415400269,0.30529683535382635,0.2983952600981938,0.44356279271431787,0.41894704732198695,0.06313230677362183,0.0564554084417246,434.73931083874305,445.27055644391885,10.308763146400452,8.302003145217896,0.02510279000401492,0.02452623364329335,0.0,0.0,0.7,1.0,0.7,1.0,0.3333333333333333,0.0,0.0,0.0,1.0,1.0,0.8083333333333333,0.75,0.5083333333333333,0.5,0.008333333333333333,0.0,0.55,0.5
H2,N_n1000_low,kernel_sieve1,30,0.032925178251457236,0.0320210260702271,0.012936673707303581,0.01273510137733355,0.05363992538273968,0.0547484524271681,0.042498414452012724,0.04010494474764065,0.04413333333333332,0.011,0.9078,0.944,0.9078,0.944,1.0,1.0,6.260094290727293,6.227747649376269,0.31003894973695073,0.3093509289248409,0.4320020594592695,0.4199418639392961,0.0635528848720043,0.05141441408999915,456.64931704990147,461.2011054318789,4.778178687695843,4.5567949903121425,0.01999494402386043,0.01976682646277585,0.0,0.0,0.13333333333333333,0.0,0.13333333333333333,0.0,0.23333333333333334,0.0,0.0,0.0,0.0,0.0,1.0,1.0,0.2916666666666667,0.25,0.008333333333333333,0.0,0.25,0.25
H2,N_n1000_low,sieve1_kernel,30,0.012230823399131686,0.0109829469351232,0.01841421956997132,0.0174732230940145,0.03872928065542907,0.03160441403071595,0.039431842923437745,0.03360997697045485,0.7222666666666666,0.878,0.5283,0.647,0.8862666666666666,0.9235,1.0,1.0,21.60370443282983,8.66600075887827,0.47584933251798456,0.3649085508029256,0.5967361219955087,0.4419912739960953,0.0986890772449837,0.07214853203969035,434.73931083874305,445.27055644391885,10.308763146400452,8.302003145217896,0.02510279000401492,0.02452623364329335,0.2,0.0,0.1,0.0,0.1,0.0,0.16666666666666666,0.0,0.0,0.0,0.0,0.0,0.9833333333333333,1.0,0.15,0.0,0.14166666666666666,0.0,0.15,0.0
H2,N_n1000_low,sieve1_sieve1,30,0.012230823399131686,0.0109829469351232,0.012936673707303581,0.01273510137733355,0.03872928065542907,0.03160441403071595,0.042498414452012724,0.04010494474764065,0.7224999999999999,0.877,0.9102333333333333,0.9555,0.9515999999999999,0.9875,1.0,1.0,21.261804788366995,8.367253159610353,0.4752837317316263,0.3585709691200666,0.5700253620803032,0.4340425632815441,0.08803291921766206,0.07527412195599864,456.64931704990147,461.2011054318789,4.778178687695843,4.5567949903121425,0.01999494402386043,0.01976682646277585,0.8,1.0,0.06666666666666667,0.0,0.06666666666666667,0.0,0.16666666666666666,0.0,1.0,1.0,0.0,0.0,1.0,1.0,0.05,0.0,0.8416666666666667,0.875,0.05,0.0
H2,N_n1000_low,sieve2_sieve2,30,0.023302848087968613,0.022498039530451798,0.07138928235367155,0.07276125081561224,0.053007846104280665,0.05618612143339215,0.07888557500292737,0.08305776022259745,0.17863333333333337,0.1015,0.002833333333333334,0.001,0.17960000000000004,0.1015,0.7666666666666667,1.0,2095.012160281039,1096.7869106911783,4.800235024025154,4.103973099773318,3.3700810830707115,1.2212513844498567,1.1973188685386453,0.7899980129514088,302.1454139286681,299.53218646488637,15.909283080470965,15.470678307167693,0.2688723680357515,0.25591752181700655,0.0,0.0,0.0,0.0,0.0,0.0,0.06666666666666667,0.0,0.0,0.0,0.0,0.0,0.775,0.75,0.0,0.0,0.0,0.0,0.0,0.0
H2,N_n1000_low,sieve3_sieve3,30,0.021667323426047935,0.02036311121602475,0.14096649769930844,0.14100500360496776,0.04669217919222881,0.0422713818870745,0.1926112231545472,0.19197021817176654,0.3663666666666666,0.3225,0.0010000000000000002,0.001,0.3663666666666666,0.3225,1.0,1.0,1199.053427036755,1136.4160694275229,4.2495929217792865,4.1787997675057955,4.285089994227935,2.54145198662263,0.966066460857761,0.828703262990808,183.15627755830351,183.5824381318062,48.461811340572886,50.0,1.3933338237164377,1.3985505789921415,0.0,0.0,0.0,0.0,0.0,0.0,0.03333333333333333,0.0,0.0,0.0,0.0,0.0,0.9416666666666667,1.0,0.0,0.0,0.0,0.0,0.0,0.0
H2,N_n2000_low,kernel_kernel,30,0.015115714757526563,0.014654497131782601,0.012714329872151842,0.0125032212167056,0.0468976978323864,0.05398933682973425,0.03839427114904443,0.04122478194937215,0.06063333333333333,0.020999999999999998,0.2366333333333333,0.196,0.3098666666666666,0.3085,1.0,1.0,5.094847396650642,5.089472719623513,0.19781736162162042,0.19774588640718715,0.38045594132514254,0.3551410106063855,0.039407255853568336,0.031782749075864,983.6370878408881,985.2554956574766,3.8010051886240643,3.75649631023407,0.005768411159515347,0.0046709895730018495,0.0,0.0,0.9,1.0,0.9,1.0,0.26666666666666666,0.0,0.0,0.0,1.0,1.0,0.9666666666666667,1.0,0.6666666666666666,0.75,0.0,0.0,0.675,0.75
H2,N_n2000_low,kernel_sieve1,30,0.015115714757526563,0.014654497131782601,0.0075643197200069,0.007390487201530099,0.0468976978323864,0.05398933682973425,0.0422781822261528,0.0492349767463902,0.06319999999999999,0.024,0.9461666666666666,0.9704999999999999,0.9461666666666666,0.9704999999999999,1.0,1.0,5.482483759924003,5.418846811745157,0.20510915879586958,0.20404427874518027,0.37929186182751445,0.373606397413511,0.036770502205866265,0.0362929638077338,931.6966460272363,947.3608231673256,4.381138539772496,4.190469451732161,0.009174539389722913,0.00952374145980925,0.0,0.0,0.0,0.0,0.0,0.0,0.3,0.0,0.0,0.0,0.0,0.0,1.0,1.0,0.16666666666666666,0.25,0.0,0.0,0.16666666666666666,0.25
H2,N_n2000_low,sieve1_kernel,30,0.007945765235170163,0.00744438317698815,0.012714329872151842,0.0125032212167056,0.05324044913610942,0.052760994261402405,0.03839427114904443,0.04122478194937215,0.8155333333333333,0.9235,0.24206666666666662,0.20600000000000002,0.8376666666666666,0.9235,1.0,1.0,7.020077167297775,5.715347633911216,0.22617192776645603,0.20955217353969774,0.43208388141749965,0.3727317649435806,0.04072027701720277,0.030028525095040247,983.6370878408881,985.2554956574766,3.8010051886240643,3.75649631023407,0.005768411159515347,0.0046709895730018495,0.0,0.0,0.1,0.0,0.1,0.0,0.2,0.0,0.0,0.0,0.0,0.0,1.0,1.0,0.15,0.0,0.08333333333333333,0.0,0.14166666666666666,0.0
H2,N_n2000_low,sieve1_sieve1,30,0.007945765235170163,0.00744438317698815,0.0075643197200069,0.007390487201530099,0.05324044913610942,0.052760994261402405,0.0422781822261528,0.0492349767463902,0.8152666666666666,0.9255,0.9468666666666665,0.973,0.9840999999999998,0.994,1.0,1.0,7.578261152425843,6.102602639754442,0.23484448402135802,0.21653449310403355,0.39314741485211674,0.37441189877169284,0.04417847912793279,0.03866677376344725,931.6966460272363,947.3608231673256,4.381138539772496,4.190469451732161,0.009174539389722913,0.00952374145980925,1.0,1.0,0.0,0.0,0.0,0.0,0.2,0.0,1.0,1.0,0.0,0.0,1.0,1.0,0.016666666666666666,0.0,0.9166666666666666,1.0,0.016666666666666666,0.0
H2,N_n2000_low,sieve2_sieve2,30,0.016334296958245315,0.01687106891724755,0.03589684236127188,0.035296106770561594,0.05137396450165368,0.05332620036088235,0.05846880713948754,0.0614685423229495,0.16820000000000002,0.106,0.06709999999999999,0.031,0.23379999999999998,0.1925,1.0,1.0,786.4566920359559,546.2287789990686,2.230964768995448,2.047779195281647,2.7621816624233335,0.8596756064636628,0.4614770346615077,0.2737562841168041,737.9187613498668,738.6216354203684,11.72626982359369,10.966303539443256,0.10063970961801293,0.099021180094435,0.0,0.0,0.0,0.0,0.0,0.0,0.03333333333333333,0.0,0.0,0.0,0.0,0.0,0.8083333333333333,0.75,0.0,0.0,0.0,0.0,0.0,0.0
H2,N_n2000_low,sieve3_sieve3,30,0.01667951371092789,0.0150514508717665,0.14567910965613043,0.1456937017433152,0.03765630092801079,0.029021563916083598,0.19978733634124993,0.20256497699354453,0.20563333333333336,0.125,0.0010000000000000002,0.001,0.20563333333333336,0.125,0.8666666666666667,1.0,98997.69687057786,99699.3110106361,26.95847919781072,27.671735743581905,18.86905725809166,3.715700232714672,5.87694114687219,5.2367347207764325,384.4374784642633,384.4981114937995,49.915174986227534,50.0,1.4082008683124008,1.4051789940723505,0.0,0.0,0.0,0.0,0.0,0.0,0.0,0.0,0.0,0.0,0.0,0.0,0.8583333333333333,1.0,0.0,0.0,0.0,0.0,0.0,0.0
H2,N_n4000_low,kernel_kernel,30,0.009274029984690475,0.0094131106753565,0.0062817592061140785,0.00631268408642615,0.03474997678490962,0.03410798781951245,0.03621240054755272,0.0343675639985841,0.21926666666666667,0.147,0.8334333333333331,0.894,0.8334333333333331,0.894,1.0,1.0,5.183269614631223,5.2058094585517045,0.1410983521162853,0.1414165290845993,0.29296895683941426,0.2852432101408592,0.032890666259141346,0.02841318761611765,1937.1925196177424,1936.7179221507954,4.3336830854415895,4.394834041595459,0.005364417923490164,0.0052025537788867,0.0,0.0,0.7,1.0,0.7,1.0,0.2,0.0,0.0,0.0,1.0,1.0,0.9916666666666667,1.0,0.75,0.75,0.0,0.0,0.7583333333333333,0.75
H2,N_n4000_low,kernel_sieve1,30,0.009274029984690475,0.0094131106753565,0.0046344712960035865,0.0046875493709194,0.03474997678490962,0.03410798781951245,0.03484101771516861,0.032293888094406004,0.2263,0.15400000000000003,0.9535666666666665,0.987,0.9535666666666665,0.987,1.0,1.0,5.247221510590276,5.257495132733045,0.14196013401012564,0.14211680342679045,0.2934901571169509,0.2829081180906535,0.03162426649830184,0.025437742154170898,1909.9128865660034,1913.859025611932,3.8055134725258934,3.8318073300362494,0.004005979968977707,0.00426765767274225,0.0,0.0,0.13333333333333333,0.0,0.13333333333333333,0.0,0.3333333333333333,0.0,0.0,0.0,0.0,0.0,1.0,1.0,0.075,0.0,0.016666666666666666,0.0,0.075,0.0
H2,N_n4000_low,sieve1_kernel,30,0.005549412926394504,0.005638609104446199,0.0062817592061140785,0.00631268408642615,0.03200275178176816,0.026135225049870002,0.03621240054755272,0.0343675639985841,0.7898333333333333,0.882,0.8350000000000001,0.897,0.9284,0.9584999999999999,1.0,1.0,5.553873001203192,5.395649403742533,0.14593543944283555,0.14397194447610429,0.29859667637115245,0.30335088609055505,0.03390743022193245,0.027624886994444153,1937.1925196177424,1936.7179221507954,4.3336830854415895,4.394834041595459,0.005364417923490164,0.0052025537788867,0.06666666666666667,0.0,0.1,0.0,0.1,0.0,0.1,0.0,0.0,0.0,0.0,0.0,1.0,1.0,0.10833333333333334,0.0,0.25833333333333336,0.25,0.1,0.0
H2,N_n4000_low,sieve1_sieve1,30,0.005549412926394504,0.005638609104446199,0.0046344712960035865,0.0046875493709194,0.03200275178176816,0.026135225049870002,0.03484101771516861,0.032293888094406004,0.7928,0.88,0.9543666666666669,0.9844999999999999,0.9757333333333336,0.9895,1.0,1.0,5.6285597639349625,5.476884143054935,0.1468923170800234,0.1450514758946612,0.2964661587857989,0.28781990940873137,0.03292975430446587,0.02618880353456175,1909.9128865660034,1913.859025611932,3.8055134725258934,3.8318073300362494,0.004005979968977707,0.00426765767274225,0.9333333333333333,1.0,0.06666666666666667,0.0,0.06666666666666667,0.0,0.23333333333333334,0.0,1.0,1.0,0.0,0.0,1.0,1.0,0.06666666666666667,0.0,0.725,0.75,0.06666666666666667,0.0
H2,N_n4000_low,sieve2_sieve2,30,0.011314483191120718,0.01043978329824075,0.017272491626163386,0.0172113180383184,0.038018575764682865,0.03737504100733465,0.030011141161634017,0.02801536385470365,0.2608,0.178,0.45976666666666666,0.452,0.6028333333333332,0.649,1.0,1.0,589.9333825473582,289.3867495112993,1.2941180694621572,1.0543566720546242,0.7971161817905154,0.5786844365035242,0.25216831473214296,0.10715700354438705,1665.8102604877001,1669.4223885732947,9.379361875748627,9.270578253647859,0.04169824846643006,0.04127100976118795,0.0,0.0,0.0,0.0,0.0,0.0,0.1,0.0,0.0,0.0,0.0,0.0,0.95,1.0,0.0,0.0,0.0,0.0,0.0,0.0
H2,N_n4000_low,sieve3_sieve3,30,0.012355208049137721,0.012322659308790899,0.08774587174790091,0.08725150940079145,0.041673137777911574,0.04080117854198015,0.12052058422054142,0.12491991131155705,0.1759,0.093,0.0010000000000000002,0.001,0.1759,0.093,0.8666666666666667,1.0,9963.65513504181,9158.548733072217,6.083963104510625,5.931557117898462,5.319099111111428,2.359184672529334,1.2890049991034433,1.0947415111942078,1011.8720127862458,1014.5458838636864,29.766919628885656,27.730001311214323,0.43642014161507975,0.4366287497285313,0.0,0.0,0.0,0.0,0.0,0.0,0.03333333333333333,0.0,0.0,0.0,0.0,0.0,0.7333333333333333,0.75,0.0,0.0,0.0,0.0,0.0,0.0
H2,N_n8000_low,kernel_kernel,30,0.007138044937013154,0.0066915527894661,0.00414886936618974,0.003977909802774,0.030113171714055635,0.0245452721654295,0.039908477426608295,0.032127488306764956,0.17676666666666668,0.11599999999999999,0.8315999999999999,0.891,0.8315999999999999,0.891,1.0,1.0,5.1363199154002785,5.133776320068385,0.09932279179639344,0.09930232726300495,0.23126749203677083,0.2230881177931336,0.019930134410763783,0.0147144974503422,3866.7978899662426,3863.3508699228532,4.2724861145019535,4.195235013961792,0.00329091649552181,0.0035521931573749,0.0,0.0,0.43333333333333335,0.0,0.43333333333333335,0.0,0.43333333333333335,0.0,0.0,0.0,1.0,1.0,0.9083333333333333,1.0,0.725,0.75,0.0,0.0,0.7916666666666666,0.875
H2,N_n8000_low,kernel_sieve1,30,0.007138044937013154,0.0066915527894661,0.0031135740442612874,0.00307063670674185,0.030113171714055635,0.0245452721654295,0.03916207348301617,0.03759758488681965,0.17683333333333331,0.1025,0.8942,0.9935,0.9000333333333332,0.9935,1.0,1.0,5.146779121682881,5.134673375705882,0.09942372719159644,0.0993109997775474,0.23483928275235014,0.2270466654092489,0.020762786954601445,0.01481468009470115,3838.590806654733,3844.1774267342216,3.7011381835696104,3.673712180468714,0.0016027446882297032,0.0016469262417769998,0.0,0.0,0.4,0.0,0.4,0.0,0.16666666666666666,0.0,0.0,0.0,0.0,0.0,1.0,1.0,0.1,0.0,0.0,0.0,0.041666666666666664,0.0
H2,N_n8000_low,sieve1_kernel,30,0.004783674232869586,0.0048301575215909005,0.00414886936618974,0.003977909802774,0.0273722663301316,0.01909762787851875,0.039908477426608295,0.032127488306764956,0.385,0.33599999999999997,0.8308333333333333,0.8875,0.8549,0.906,1.0,1.0,5.341971966018689,5.265024867938139,0.1012731885673776,0.10056370954846675,0.2357615210805612,0.22949952527372386,0.02121537727178232,0.0158802669496206,3866.7978899662426,3863.3508699228532,4.2724861145019535,4.195235013961792,0.00329091649552181,0.0035521931573749,0.0,0.0,0.13333333333333333,0.0,0.13333333333333333,0.0,0.16666666666666666,0.0,0.0,0.0,0.0,0.0,1.0,1.0,0.16666666666666666,0.0,0.0,0.0,0.15833333333333333,0.0
H2,N_n8000_low,sieve1_sieve1,30,0.004783674232869586,0.0048301575215909005,0.0031135740442612874,0.00307063670674185,0.0273722663301316,0.01909762787851875,0.03916207348301617,0.03759758488681965,0.3839666666666667,0.35450000000000004,0.8927666666666666,0.993,0.9302666666666666,0.993,1.0,1.0,5.352231439560969,5.2855067199889065,0.10137249872415185,0.10075907722004154,0.23621882990724632,0.2299008150132853,0.0217702375293102,0.0180279164118559,3838.590806654733,3844.1774267342216,3.7011381835696104,3.673712180468714,0.0016027446882297032,0.0016469262417769998,1.0,1.0,0.03333333333333333,0.0,0.03333333333333333,0.0,0.13333333333333333,0.0,1.0,1.0,0.0,0.0,1.0,1.0,0.008333333333333333,0.0,1.0,1.0,0.008333333333333333,0.0
H2,N_n8000_low,sieve2_sieve2,30,0.008421496051267373,0.00805596639746755,0.008508672546158223,0.00822403324333005,0.04390090966464514,0.0394401268315263,0.03622304386734434,0.023878946719141002,0.20739999999999997,0.175,0.8685333333333333,0.929,0.8745333333333333,0.936,1.0,1.0,124.89707817074087,97.10976491793434,0.4601868058236601,0.4317990338340528,0.6254577943165137,0.4970607757472062,0.09925028196182445,0.06712622094201726,3572.2943992311,3581.522131800327,7.963965927521936,7.8303845970068355,0.018456410324046522,0.0183544532240728,0.0,0.0,0.0,0.0,0.0,0.0,0.1,0.0,0.0,0.0,0.0,0.0,1.0,1.0,0.0,0.0,0.0,0.0,0.0,0.0
H2,N_n8000_low,sieve3_sieve3,30,0.008626786378550329,0.008374860542637249,0.04600757573524493,0.04565628423373215,0.03922928614096896,0.035290098498241995,0.05367766543520443,0.051336424591584454,0.16563333333333335,0.0895,0.0010000000000000002,0.001,0.16563333333333335,0.0895,0.8,1.0,2363.323719887116,2288.9536632627282,2.0704904260945693,2.0967821741862878,1.803605182599159,1.2759231862895049,0.4575324198633984,0.3627363314349312,2670.5889096276837,2671.0416065169225,18.18170493220179,17.72364644229563,0.15017970919180063,0.15114366946322927,0.0,0.0,0.0,0.0,0.0,0.0,0.0,0.0,0.0,0.0,0.0,0.0,0.6416666666666667,0.75,0.0,0.0,0.0,0.0,0.0,0.0
I2,N_kernel_overregularized,kernel_kernel,50,0.011532579644673333,0.011303454934380949,0.012185398340236462,0.0122524307254838,0.04796774532236559,0.04731245243203995,0.04926677881858219,0.0495643578676435,0.026399999999999996,0.007,0.01492,0.0035,0.045860000000000005,0.0185,0.42,0.0,6.2257379803114,6.198879342391983,0.15462851420303633,0.15431660511263823,0.30452346766540717,0.29165948402462516,0.03114923400666384,0.02138898521864125,1982.27421972885,1984.845402319768,3.467796678543091,3.472805619239807,0.003300418112277935,0.0024960513934493,1.0,1.0,1.0,1.0,0.42,0.0,1.0,1.0,0.0,0.0,1.0,1.0,0.72,0.75,0.72,0.75,1.0,1.0,1.0,1.0
I2,N_sieve1_only,sieve1_sieve1,50,0.005575507607621372,0.00558219391010585,0.004582628044383602,0.00449738701156575,0.03710195613948209,0.038879936616003294,0.04294035792836601,0.0463859804292793,0.6965,0.7595000000000001,0.9601,0.9884999999999999,0.9772799999999999,0.992,1.0,1.0,5.73179186244885,5.568753308210589,0.14823447206247212,0.1462630912236862,0.2863011326911044,0.2687244755046833,0.02744177220134321,0.02186287254738455,1902.0953809890832,1914.901811225353,3.888487082126854,3.729344283453846,0.00405339758120849,0.00396551813187965,1.0,1.0,1.0,1.0,1.0,1.0,1.0,1.0,1.0,1.0,0.0,0.0,1.0,1.0,1.0,1.0,1.0,1.0,1.0,1.0
I2,easy_L_full,kernel_kernel,50,0.008718594591196295,0.008607852262483,0.00766469328119544,0.00727243590524335,0.042444591075282985,0.04068389753380375,0.0436448513008538,0.04138569750107235,0.34556000000000003,0.331,0.49948,0.573,0.5914,0.695,1.0,1.0,5.380245222382558,5.392579071203967,0.14375166504046852,0.14393097591068754,0.2797233868771833,0.2625915358121128,0.025964029201007897,0.02292583821727725,1876.4524788853278,1882.0302241020531,5.864138622283935,5.543910026550293,0.0046496515142917015,0.00418285010009995,0.02,0.0,0.74,1.0,0.74,1.0,0.28,0.0,0.0,0.0,1.0,1.0,0.975,1.0,0.725,0.75,0.04,0.0,0.75,0.75
I2,easy_L_full,kernel_sieve1,50,0.008718594591196295,0.008607852262483,0.005220426031939935,0.0050973425760536505,0.042444591075282985,0.04068389753380375,0.0421959783945908,0.03712419256235715,0.3435,0.316,0.89582,0.952,0.90244,0.955,1.0,1.0,5.44945959952169,5.460646552590017,0.14467553091061386,0.1448365231608231,0.28738196343960604,0.25745132300043416,0.024484961062575205,0.021143404987344898,1853.0092790447147,1853.5993005415542,4.428626094701874,4.3671736495859665,0.003758550305373404,0.0036974973845638,0.42,0.0,0.24,0.0,0.24,0.0,0.4,0.0,0.0,0.0,0.0,0.0,1.0,1.0,0.26,0.25,0.465,0.5,0.235,0.25
I2,easy_L_full,sieve1_kernel,50,0.009146145169179148,0.008213816331062,0.00766469328119544,0.00727243590524335,0.041292626263360166,0.0426811056435871,0.0436448513008538,0.04138569750107235,0.43038,0.36950000000000005,0.50002,0.5475,0.6845000000000002,0.7875000000000001,0.98,1.0,48.34381416064629,16.811402940906206,0.3485159770760608,0.2540058440521953,0.41362183340786984,0.3536697639389816,0.08366183919030382,0.04336261429253195,1876.4524788853278,1882.0302241020531,5.864138622283935,5.543910026550293,0.0046496515142917015,0.00418285010009995,0.0,0.0,0.02,0.0,0.02,0.0,0.16,0.0,0.0,0.0,0.0,0.0,0.995,1.0,0.015,0.0,0.03,0.0,0.015,0.0
I2,easy_L_full,sieve1_sieve1,50,0.009146145169179148,0.008213816331062,0.005220426031939935,0.0050973425760536505,0.041292626263360166,0.0426811056435871,0.0421959783945908,0.03712419256235715,0.43054000000000003,0.3785,0.8964,0.9535,0.9190999999999999,0.9655,1.0,1.0,49.61717048718781,17.192143824579137,0.3529787735279957,0.2568559215692437,0.4527601356046405,0.35865920503632753,0.08427090765078114,0.04713467386355025,1853.0092790447147,1853.5993005415542,4.428626094701874,4.3671736495859665,0.003758550305373404,0.0036974973845638,0.56,1.0,0.0,0.0,0.0,0.0,0.12,0.0,1.0,1.0,0.0,0.0,1.0,1.0,0.0,0.0,0.465,0.5,0.0,0.0
I2,easy_L_full,sieve2_sieve2,50,0.011975233519541264,0.01198359051092285,0.014712242956169366,0.0147572245713036,0.04063888851202371,0.0349185267461877,0.04089912769161743,0.03363335615020315,0.1594,0.134,0.7317,0.761,0.74678,0.7735000000000001,1.0,1.0,326.1845494373004,268.7755681882122,1.0498286049953922,1.016121094451611,1.2495763644472784,0.5942405311078256,0.2505955379960752,0.17032027864887656,1682.184867974163,1688.5913291817426,9.200777762699117,9.10982353986665,0.03442131636185008,0.03433708381156585,0.0,0.0,0.0,0.0,0.0,0.0,0.04,0.0,0.0,0.0,0.0,0.0,0.995,1.0,0.0,0.0,0.0,0.0,0.0,0.0
I2,easy_L_full,sieve3_sieve3,50,0.011661511224543215,0.011417720209534899,0.08529747574222023,0.08500427007396845,0.04389388115339246,0.041548266829597405,0.10796014120635901,0.11718307674952361,0.23166000000000003,0.174,0.001,0.001,0.23166000000000003,0.174,0.96,1.0,6580.703238628203,5277.061383567303,4.8400605062153526,4.502459954480738,3.351180028233756,1.2162814116010843,0.8431571680811699,0.7672499991054332,1005.5750836553768,1009.0053633270375,37.43998331285247,36.960150783559115,0.417218392614622,0.4137713276052153,0.0,0.0,0.0,0.0,0.0,0.0,0.0,0.0,0.0,0.0,0.0,0.0,0.765,0.75,0.0,0.0,0.0,0.0,0.0,0.0
J2,rhc_repeated_split,kernel_kernel,30,0.007992066367491403,0.0077002645353027,0.012532817424927352,0.012491059400061798,0.04987458645217151,0.05013941293750785,0.0,0.0,0.13776666666666668,0.087,0.001066666666666667,0.001,0.14043333333333333,0.088,0.7666666666666667,1.0,542.5398484480656,485.49331558351366,1.1959856479776938,1.1405340797111627,,,,,2369.065817523235,2375.683388726433,18.2093355178833,17.322864532470703,0.012558875368348824,0.0122001236692759,,,,,,,,,,,,,,,0.5333333333333333,0.5,,,,
J2,rhc_repeated_split,kernel_sieve1,30,0.007992066367491403,0.0077002645353027,0.023309097634812828,0.02349642352611895,0.04987458645217151,0.05013941293750785,0.0,0.0,0.1391333333333333,0.094,0.0010000000000000002,0.001,0.18086666666666668,0.105,0.7333333333333333,1.0,732.0217299844797,731.2169308480284,1.400394879413438,1.399724180531076,,,,,2109.1947616256375,2111.8369858556484,19.344261517372317,18.585428230573562,0.08489915810480707,0.08475956908467105,,,,,,,,,,,,,,,0.075,0.0,,,,
J2,rhc_repeated_split,sieve1_kernel,30,0.005459194065477656,0.0050462594035862,0.012532817424927352,0.012491059400061798,0.004204362895750334,0.0,0.0,0.0,0.6910666666666666,0.9005000000000001,0.001066666666666667,0.001,0.6910666666666666,0.9005000000000001,1.0,1.0,3308.5901875267523,998.9047890322295,2.387127768402901,1.6358690748468256,,,,,2369.065817523235,2375.683388726433,18.2093355178833,17.322864532470703,0.012558875368348824,0.0122001236692759,,,,,,,,,,,,,,,0.3333333333333333,0.25,,,,
J2,rhc_repeated_split,sieve1_sieve1,30,0.005459194065477656,0.0050462594035862,0.023309097634812828,0.02349642352611895,0.004204362895750334,0.0,0.0,0.0,0.69,0.9145000000000001,0.0010000000000000002,0.001,0.9621,0.9975,1.0,1.0,4340.980121240141,1378.8099376643925,2.786755079744387,1.9217990332121628,,,,,2109.1947616256375,2111.8369858556484,19.344261517372317,18.585428230573562,0.08489915810480707,0.08475956908467105,,,,,,,,,,,,,,,0.058333333333333334,0.0,,,,
R,core_L_n1500_high,kernel_kernel,30,0.027362296164953344,0.02547641161566335,0.02096743331476948,0.02097690661775975,0.04235839837401017,0.041258662895974255,0.04906618368940294,0.0496586447537927,0.02076666666666667,0.004,0.20866666666666664,0.1555,0.2266333333333333,0.16399999999999998,0.8333333333333334,1.0,8.162294983534434,8.129398469558792,0.28860734161787965,0.28858100211843074,0.42334262597224714,0.36595553141928805,0.06681742656129949,0.0551049088750572,696.966867844413,705.3576599756193,9.045405038197835,7.251664876937866,0.03047160779370197,0.031598418732484146,0.0,0.0,1.0,1.0,0.8333333333333334,1.0,0.4,0.0,0.0,0.0,1.0,1.0,0.8666666666666667,1.0,0.725,0.75,0.025,0.0,0.8416666666666667,1.0
R,core_L_n1500_high,kernel_sieve1,30,0.027362296164953344,0.02547641161566335,0.011208879828325557,0.011403251905805899,0.04235839837401017,0.041258662895974255,0.044620035803786165,0.044192461732765004,0.01976666666666667,0.0045000000000000005,0.8743666666666667,0.9395,0.8743666666666667,0.9395,1.0,1.0,10.158510752789539,10.083438876537262,0.3219806768796528,0.32139719270464706,0.395133813747786,0.3788454304251281,0.07264477210974081,0.06354607445017996,620.5819885687329,614.2923841535319,6.255084448113227,6.068565778272507,0.017940280261051173,0.017729003939050803,0.03333333333333333,0.0,0.0,0.0,0.13333333333333333,0.0,0.3,0.0,0.0,0.0,0.0,0.0,0.9916666666666667,1.0,0.16666666666666666,0.0,0.075,0.0,0.06666666666666667,0.0
R,core_L_n1500_high,sieve1_kernel,30,0.015091508222264604,0.013725835877474949,0.02096743331476948,0.02097690661775975,0.03894131743127836,0.0262735543986218,0.04906618368940294,0.0496586447537927,0.4263333333333333,0.3245,0.21503333333333335,0.156,0.5292333333333333,0.577,0.9666666666666667,1.0,170.85869390488168,33.9051750753885,0.9913082042959033,0.5892935956589851,0.6255116547575494,0.44568753331425637,0.2912119191403389,0.1448763025858672,696.966867844413,705.3576599756193,9.045405038197835,7.251664876937866,0.03047160779370197,0.031598418732484146,0.06666666666666667,0.0,0.0,0.0,0.03333333333333333,0.0,0.06666666666666667,0.0,0.0,0.0,0.0,0.0,0.9833333333333333,1.0,0.10833333333333334,0.0,0.1,0.0,0.09166666666666666,0.0
R,core_L_n1500_high,sieve1_sieve1,30,0.015091508222264604,0.013725835877474949,0.011208879828325557,0.011403251905805899,0.03894131743127836,0.0262735543986218,0.044620035803786165,0.044192461732765004,0.42696666666666666,0.314,0.8731333333333335,0.9395,0.9185333333333333,0.958,1.0,1.0,190.38777600306182,52.91727710018674,1.074025649590109,0.7351913156562689,0.6727173618414662,0.4920329132392909,0.2790456122445978,0.16392679562689388,620.5819885687329,614.2923841535319,6.255084448113227,6.068565778272507,0.017940280261051173,0.017729003939050803,0.9,1.0,0.0,0.0,0.0,0.0,0.13333333333333333,0.0,1.0,1.0,0.0,0.0,1.0,1.0,0.0,0.0,0.8,0.75,0.0,0.0
R,core_L_n1500_high,sieve2_sieve2,30,0.018399817048842106,0.0175637929075612,0.07003820347129155,0.07125085733761355,0.04472584895892854,0.0450220454202965,0.08734483524967546,0.0792430557634948,0.1953,0.1405,0.0012333333333333335,0.001,0.1953,0.1405,0.9,1.0,6478.978939628548,2758.8398587366146,6.647798836089848,5.316228979165823,4.447778510125602,1.2211354855599845,1.3657352428689569,1.074948299391492,383.70976680847235,387.7468967753589,22.73214400343902,22.643410794895786,0.296356610608506,0.29205142471206086,0.0,0.0,0.0,0.0,0.0,0.0,0.1,0.0,0.0,0.0,0.0,0.0,0.75,0.75,0.0,0.0,0.0,0.0,0.0,0.0
R,core_L_n1500_high,sieve3_sieve3,30,0.019039483223463643,0.01841163501397995,0.14736683809644005,0.1483694295069734,0.0421353132832521,0.043750642531016445,0.20694928452245442,0.20948193390625375,0.17130000000000004,0.10450000000000001,0.0010000000000000002,0.001,0.17130000000000004,0.10450000000000001,0.8333333333333334,1.0,386191.4291828796,185994.8005908233,51.68342969107148,43.631823204291756,44.322578176525674,4.1544929266832336,10.474146498546954,9.261211325729679,255.49669422160812,256.01241098655044,49.972191427587596,50.0,1.6508425411533334,1.6577272204745412,0.0,0.0,0.0,0.0,0.0,0.0,0.0,0.0,0.0,0.0,0.0,0.0,0.825,0.75,0.0,0.0,0.0,0.0,0.0,0.0
R,core_L_n1500_low,kernel_kernel,30,0.029532116495144436,0.0288829435217768,0.01939884482626992,0.019800418901655452,0.036442478461963135,0.03250041727329205,0.051430689948711916,0.05238947393314585,0.0017666666666666668,0.001,0.4605666666666666,0.4515,0.4605666666666666,0.4515,1.0,1.0,5.689143254471314,5.612700880289497,0.24124500877036512,0.2397874022146293,0.37569040307682944,0.3459863075741507,0.059941618155110274,0.04331872863344735,663.602756387443,673.8618920973961,11.001037327448527,9.303008556365967,0.03148728471199668,0.0319394631385803,0.0,0.0,0.8333333333333334,1.0,0.8333333333333334,1.0,0.3,0.0,0.0,0.0,1.0,1.0,0.825,0.875,0.5166666666666667,0.5,0.0,0.0,0.5833333333333334,0.5
R,core_L_n1500_low,kernel_sieve1,30,0.029532116495144436,0.0288829435217768,0.009203794946523703,0.009333473486326401,0.036442478461963135,0.03250041727329205,0.050198093418206406,0.04929287410798535,0.0021,0.001,0.8799666666666667,0.9675,0.8799666666666667,0.9675,1.0,1.0,5.913154293589226,5.906539114984346,0.24605826042941023,0.24598400860552905,0.4238594468292676,0.359212003211955,0.055666462287690656,0.04364549094081745,691.3713665071944,689.4939480963881,4.436228625144472,4.375414391340467,0.010971536091522693,0.010885403571511451,0.0,0.0,0.16666666666666666,0.0,0.16666666666666666,0.0,0.4666666666666667,0.0,0.0,0.0,0.0,0.0,1.0,1.0,0.4166666666666667,0.5,0.025,0.0,0.35,0.25
R,core_L_n1500_low,sieve1_kernel,30,0.01531650933978816,0.01453974228393865,0.01939884482626992,0.019800418901655452,0.05004062118221537,0.042747720482624,0.051430689948711916,0.05238947393314585,0.42950000000000005,0.402,0.46110000000000007,0.4465,0.6709,0.7145,1.0,1.0,58.94659809434632,27.872779449002714,0.6666716400230851,0.5340332353961879,0.47539618395150707,0.4571069951769521,0.18139625839228207,0.11304610194534445,663.602756387443,673.8618920973961,11.001037327448527,9.303008556365967,0.03148728471199668,0.0319394631385803,0.0,0.0,0.0,0.0,0.0,0.0,0.03333333333333333,0.0,0.0,0.0,0.0,0.0,0.9916666666666667,1.0,0.041666666666666664,0.0,0.05,0.0,0.041666666666666664,0.0
R,core_L_n1500_low,sieve1_sieve1,30,0.01531650933978816,0.01453974228393865,0.009203794946523703,0.009333473486326401,0.05004062118221537,0.042747720482624,0.050198093418206406,0.04929287410798535,0.43363333333333337,0.39749999999999996,0.8785000000000001,0.968,0.9134666666666666,0.968,1.0,1.0,60.05738325228372,29.632009303345004,0.6722381957321316,0.5507677352482909,0.5025678290449881,0.45496896666314457,0.1742363335224208,0.10295132972329224,691.3713665071944,689.4939480963881,4.436228625144472,4.375414391340467,0.010971536091522693,0.010885403571511451,1.0,1.0,0.0,0.0,0.0,0.0,0.16666666666666666,0.0,1.0,1.0,0.0,0.0,1.0,1.0,0.025,0.0,0.925,1.0,0.025,0.0
R,core_L_n1500_low,sieve2_sieve2,30,0.020273252291240385,0.018157907600449052,0.042875435329824435,0.0439340840619272,0.05214936407205149,0.05719145863348089,0.06461600140149643,0.0651320977089748,0.13899999999999998,0.068,0.055499999999999994,0.034,0.1955,0.118,0.9333333333333333,1.0,561.8626344981349,417.4126624778085,2.2615833533624463,2.06780263823172,3.041506014330015,1.8603634040701853,0.5848519720571856,0.4929397683013256,538.6124537419247,538.9731173747891,12.399770704923757,11.697598353378016,0.1252977214453724,0.1265162825973304,0.0,0.0,0.0,0.0,0.0,0.0,0.03333333333333333,0.0,0.0,0.0,0.0,0.0,0.8,0.75,0.0,0.0,0.0,0.0,0.0,0.0
R,core_L_n1500_low,sieve3_sieve3,30,0.019292443225301523,0.018774816340218797,0.1605708676415442,0.16010381325081402,0.041647828860276084,0.04457239521285215,0.2274491352814156,0.22898973134931344,0.16773333333333335,0.158,0.0010000000000000002,0.001,0.16773333333333335,0.158,0.8333333333333334,1.0,224135.0629795687,114268.60634200776,40.283872579492794,34.20436148226607,15.356267875036748,2.3966226465644005,10.506732822129953,7.300099361454375,280.35071933702204,281.7825992886103,50.0,50.0,1.86253550992823,1.8742474385772518,0.0,0.0,0.0,0.0,0.0,0.0,0.0,0.0,0.0,0.0,0.0,0.0,0.9083333333333333,1.0,0.0,0.0,0.0,0.0,0.0,0.0
R,core_L_n6000_high,kernel_kernel,30,0.0064459880370318174,0.00645157506109365,0.009138154614392019,0.00872533014498355,0.039037808334843604,0.03956726108619655,0.036355097248408845,0.033326875769660744,0.4824666666666667,0.499,0.09613333333333333,0.0095,0.5425666666666669,0.5845,1.0,1.0,7.71678982071643,7.713134931052696,0.14054826852684618,0.14054826747496296,0.280461191173918,0.27090527738315784,0.024386507617048293,0.02393239194752455,2814.2055067503625,2807.7249093114838,6.017869520187378,5.681251287460327,0.003963699173596107,0.00396119875709215,0.03333333333333333,0.0,0.9666666666666667,1.0,0.9666666666666667,1.0,0.36666666666666664,0.0,0.0,0.0,1.0,1.0,0.8333333333333334,0.75,0.8333333333333334,0.75,0.0,0.0,1.0,1.0
R,core_L_n6000_high,kernel_sieve1,30,0.0064459880370318174,0.00645157506109365,0.0041018597545563135,0.00390043649954815,0.039037808334843604,0.03956726108619655,0.03272562604877281,0.028834845667508602,0.48346666666666666,0.4825,0.9447333333333333,0.9755,0.9605333333333334,0.9755,1.0,1.0,8.342464763544656,8.247731649218704,0.14612983709983507,0.14533748637489552,0.28526967649107743,0.27699597582669533,0.026222050368865924,0.02297003966058135,2602.572220130621,2610.317261882754,5.503274021305785,5.404770162826036,0.003494187256226993,0.0029234452270483,0.4,0.0,0.0,0.0,0.0,0.0,0.26666666666666666,0.0,0.0,0.0,0.0,0.0,1.0,1.0,0.15,0.125,0.6333333333333333,0.625,0.0,0.0
R,core_L_n6000_high,sieve1_kernel,30,0.006811064107737411,0.005911959490811899,0.009138154614392019,0.00872533014498355,0.04135826467916119,0.03706060079922175,0.036355097248408845,0.033326875769660744,0.5981999999999998,0.672,0.09346666666666667,0.012,0.6471333333333332,0.672,1.0,1.0,168.4137502857161,30.45521174464297,0.4678932802884993,0.27921853438121114,0.7848305251918523,0.42219648140717003,0.10762291777788249,0.0466250367762617,2814.2055067503625,2807.7249093114838,6.017869520187378,5.681251287460327,0.003963699173596107,0.00396119875709215,0.0,0.0,0.03333333333333333,0.0,0.03333333333333333,0.0,0.16666666666666666,0.0,0.0,0.0,0.0,0.0,0.825,0.875,0.016666666666666666,0.0,0.0,0.0,0.0,0.0
R,core_L_n6000_high,sieve1_sieve1,30,0.006811064107737411,0.005911959490811899,0.0041018597545563135,0.00390043649954815,0.04135826467916119,0.03706060079922175,0.03272562604877281,0.028834845667508602,0.5962999999999999,0.6855,0.9440666666666666,0.9724999999999999,0.9620999999999998,0.9804999999999999,1.0,1.0,181.762097746051,33.44161806563655,0.4897222545401464,0.29263275691573676,0.7374420915709858,0.4400823821340025,0.1120355288099359,0.0453710204851486,2602.572220130621,2610.317261882754,5.503274021305785,5.404770162826036,0.003494187256226993,0.0029234452270483,0.5666666666666667,1.0,0.0,0.0,0.0,0.0,0.2,0.0,1.0,1.0,0.0,0.0,1.0,1.0,0.0,0.0,0.36666666666666664,0.375,0.0,0.0
R,core_L_n6000_high,sieve2_sieve2,30,0.009744492013008659,0.0092183435604009,0.021789464512661012,0.0213829086190213,0.02534191953795525,0.0214224090814285,0.04104871994867008,0.03976135758685165,0.2012333333333333,0.14100000000000001,0.06396666666666666,0.017,0.26546666666666663,0.2515,0.9333333333333333,1.0,1339.9500416242981,970.6934412233616,1.6699023258672354,1.5767066613335943,1.558262183080051,0.8325306952098467,0.27054486465734934,0.22653734982694385,1996.5350293197657,1976.886971259331,15.609565648091841,15.203785822755062,0.06229030666724241,0.062270850670724354,0.0,0.0,0.0,0.0,0.0,0.0,0.0,0.0,0.0,0.0,0.0,0.0,0.8333333333333334,0.75,0.0,0.0,0.0,0.0,0.0,0.0
R,core_L_n6000_high,sieve3_sieve3,30,0.010358761724145486,0.0099450576620603,0.0827197790082393,0.0827054337838326,0.04825035632260829,0.051377055111733405,0.10480163390671371,0.11270079279307116,0.14093333333333335,0.0955,0.0010000000000000002,0.001,0.14093333333333335,0.0955,0.8,1.0,24157.01681239113,21708.563036181637,7.635830973359826,7.456299975101874,8.702108833935165,2.8877307995538066,2.006017638677554,1.75059541013679,1340.5217775655974,1346.3997998531522,35.94400400185649,34.715297363020866,0.4308198340755875,0.4230085275856989,0.0,0.0,0.0,0.0,0.0,0.0,0.0,0.0,0.0,0.0,0.0,0.0,0.6833333333333333,0.75,0.0,0.0,0.0,0.0,0.0,0.0
R,core_L_n6000_low,kernel_kernel,30,0.006963581271909223,0.00700492484380885,0.0053294295899494575,0.0051619532615273,0.03663666474743903,0.03578193194148325,0.038402950966177636,0.03792992653978115,0.31193333333333334,0.2525,0.7468,0.8565,0.7739666666666667,0.8565,1.0,1.0,5.327193157894593,5.312519880779995,0.11679332414622497,0.11664354691159745,0.24806062863816933,0.24662371530531152,0.019209218067382735,0.01610408853033815,2791.3082837500215,2793.027912631981,5.844073136647542,5.7072882652282715,0.0039028060724337565,0.0036381802807252,0.03333333333333333,0.0,0.5666666666666667,1.0,0.5666666666666667,1.0,0.3333333333333333,0.0,0.0,0.0,1.0,1.0,0.9916666666666667,1.0,0.7333333333333333,0.75,0.008333333333333333,0.0,0.7416666666666667,0.75
R,core_L_n6000_low,kernel_sieve1,30,0.006963581271909223,0.00700492484380885,0.0041104752265891,0.0040423455511469,0.03663666474743903,0.03578193194148325,0.03506777056426375,0.03432540707776875,0.3104333333333333,0.2685,0.7876333333333334,0.9395,0.8424666666666666,0.9395,1.0,1.0,5.336741552665468,5.319101967641926,0.11689996729654732,0.11671578618878245,0.2568398265416598,0.25069770610460673,0.018982532885696235,0.0183039472009612,2787.278760185382,2786.3327006261607,4.431108551772142,4.337294875789121,0.00200799715465621,0.00190882421166575,0.4,0.0,0.43333333333333335,0.0,0.43333333333333335,0.0,0.36666666666666664,0.0,0.0,0.0,0.0,0.0,1.0,1.0,0.25833333333333336,0.25,0.5916666666666667,0.5,0.25,0.25
R,core_L_n6000_low,sieve1_kernel,30,0.007109143302012223,0.00638347928470315,0.0053294295899494575,0.0051619532615273,0.03752261931611949,0.0380016555433841,0.038402950966177636,0.03792992653978115,0.49929999999999997,0.55,0.7524666666666665,0.8445,0.8210000000000001,0.879,1.0,1.0,60.121698087090735,25.372029775800478,0.32366322181309126,0.25475401020613286,0.3961167289778937,0.3720111942211125,0.061013017016610445,0.03553357390901141,2791.3082837500215,2793.027912631981,5.844073136647542,5.7072882652282715,0.0039028060724337565,0.0036381802807252,0.03333333333333333,0.0,0.0,0.0,0.0,0.0,0.1,0.0,0.0,0.0,0.0,0.0,1.0,1.0,0.008333333333333333,0.0,0.0,0.0,0.008333333333333333,0.0
R,core_L_n6000_low,sieve1_sieve1,30,0.007109143302012223,0.00638347928470315,0.0041104752265891,0.0040423455511469,0.03752261931611949,0.0380016555433841,0.03506777056426375,0.03432540707776875,0.4975,0.5465,0.7862000000000001,0.9345000000000001,0.8707333333333335,0.9415,1.0,1.0,60.01516973676798,25.93511801533278,0.3239769344166039,0.25747354351545165,0.3991195340477338,0.38336086451755375,0.06295464345005623,0.03561145633073575,2787.278760185382,2786.3327006261607,4.431108551772142,4.337294875789121,0.00200799715465621,0.00190882421166575,0.5333333333333333,1.0,0.0,0.0,0.0,0.0,0.13333333333333333,0.0,1.0,1.0,0.0,0.0,1.0,1.0,0.0,0.0,0.4,0.5,0.0,0.0
R,core_L_n6000_low,sieve2_sieve2,30,0.010004224023623874,0.01003078900227115,0.00960232696446071,0.009577553006184299,0.03631324713362883,0.040023117695895546,0.03730467639256179,0.0269722958796657,0.2285666666666667,0.1395,0.9323666666666667,0.9395,0.9351333333333334,0.946,1.0,1.0,225.6222649862211,195.33293083066698,0.726728122125461,0.7071971023428393,0.6809948337075394,0.5688229312681388,0.1358222745708955,0.07572377692935735,2617.442817556345,2621.3082692128933,8.60426015827304,8.609860225278418,0.021302889315372987,0.02140342751314915,0.0,0.0,0.0,0.0,0.0,0.0,0.06666666666666667,0.0,0.0,0.0,0.0,0.0,1.0,1.0,0.0,0.0,0.0,0.0,0.0,0.0
R,core_L_n6000_low,sieve3_sieve3,30,0.00982407713091628,0.00930900342999045,0.056984289798710286,0.057146730239771,0.03463760814018904,0.0300168130559925,0.06360534917790889,0.06710450876494839,0.15610000000000002,0.1,0.0010000000000000002,0.001,0.15610000000000002,0.1,0.7333333333333333,1.0,2389.0317451558544,2240.6186832338444,2.433363546653743,2.3954178779130846,1.900269238683152,0.9995129562086074,0.3562954924982341,0.32688997006738874,1823.1991655042423,1828.4772270320304,27.972551677797743,27.70538036538287,0.2090090843370724,0.2091369803194336,0.0,0.0,0.0,0.0,0.0,0.0,0.0,0.0,0.0,0.0,0.0,0.0,0.6583333333333333,0.75,0.0,0.0,0.0,0.0,0.0,0.0
R,core_M_n1500_high,kernel_kernel,30,0.025747274231700014,0.02454757319854465,0.021775951593794664,0.021272860659855,0.04461824085387222,0.0510778136179788,0.049993180435089504,0.04800890130494835,0.04156666666666666,0.02,0.24409999999999996,0.178,0.26916666666666667,0.20500000000000002,0.9,1.0,7.1878689793419,7.3804862443141905,0.27104615211080624,0.2749684015171707,0.37577213688778877,0.35727167077701744,0.05935065637159,0.047270337680403854,693.1336202504806,694.8002697873762,9.2373331228892,7.692368507385254,0.03290995089610413,0.03206080661217365,0.0,0.0,1.0,1.0,0.9,1.0,0.4,0.0,0.0,0.0,1.0,1.0,0.8416666666666667,1.0,0.7333333333333333,0.75,0.008333333333333333,0.0,0.8833333333333333,1.0
R,core_M_n1500_high,kernel_sieve1,30,0.025747274231700014,0.02454757319854465,0.012278064131868126,0.011219199984819999,0.04461824085387222,0.0510778136179788,0.04794161015520852,0.0515877752443548,0.04063333333333333,0.014499999999999999,0.8365333333333335,0.899,0.8365333333333335,0.899,1.0,1.0,9.099223319930081,9.02602367132608,0.30497979343706366,0.3040805040361094,0.386141141726589,0.37814550374555894,0.05894586207377579,0.0408748487484989,608.4667313036814,615.2338604620193,6.587757573203232,6.2560642515104306,0.020474743869482705,0.0183978290846591,0.1,0.0,0.0,0.0,0.1,0.0,0.4,0.0,0.0,0.0,0.0,0.0,0.975,1.0,0.18333333333333332,0.25,0.075,0.0,0.05,0.0
R,core_M_n1500_high,sieve1_kernel,30,0.014276249557626436,0.012400210067075399,0.021775951593794664,0.021272860659855,0.047131092291134886,0.04158964253738745,0.049993180435089504,0.04800890130494835,0.4780333333333333,0.5445,0.2495666666666667,0.1945,0.5788666666666666,0.6225,0.9666666666666667,1.0,450.8073120381751,48.01733466275028,1.5501762228530616,0.7011657973271777,0.8371702793440378,0.5443851849988808,0.2930679162384011,0.16289857511148287,693.1336202504806,694.8002697873762,9.2373331228892,7.692368507385254,0.03290995089610413,0.03206080661217365,0.06666666666666667,0.0,0.0,0.0,0.0,0.0,0.03333333333333333,0.0,0.0,0.0,0.0,0.0,0.9833333333333333,1.0,0.08333333333333333,0.0,0.175,0.125,0.06666666666666667,0.0
R,core_M_n1500_high,sieve1_sieve1,30,0.014276249557626436,0.012400210067075399,0.012278064131868126,0.011219199984819999,0.047131092291134886,0.04158964253738745,0.04794161015520852,0.0515877752443548,0.47763333333333335,0.5609999999999999,0.8395333333333334,0.908,0.8706,0.9245000000000001,1.0,1.0,564.9069755802241,59.099419189953906,1.7361721288928438,0.7774115075229617,0.8490865838814832,0.5945267166746755,0.26316326037743126,0.14362136801593975,608.4667313036814,615.2338604620193,6.587757573203232,6.2560642515104306,0.020474743869482705,0.0183978290846591,0.8333333333333334,1.0,0.0,0.0,0.0,0.0,0.13333333333333333,0.0,1.0,1.0,0.0,0.0,1.0,1.0,0.0,0.0,0.7416666666666667,0.75,0.0,0.0
R,core_M_n1500_high,sieve2_sieve2,30,0.0193350549199714,0.017974692085317698,0.07279516308165929,0.07188013289285425,0.03669248501922551,0.02372631695225105,0.09586425271112667,0.09276558446672814,0.20073333333333335,0.1685,0.0010000000000000002,0.001,0.20073333333333335,0.1685,0.9333333333333333,1.0,6266.120375093252,3240.9753601586435,6.911221031313454,5.755792934982971,2.974742322696409,1.356102807969717,1.2126279956883386,0.7326787900135907,377.7430349399756,379.01816589272914,23.904469923532684,22.893696871528025,0.3163267103126052,0.3164156898585715,0.0,0.0,0.0,0.0,0.0,0.0,0.03333333333333333,0.0,0.0,0.0,0.0,0.0,0.8,0.75,0.0,0.0,0.0,0.0,0.0,0.0
R,core_M_n1500_high,sieve3_sieve3,30,0.019545613173648037,0.01884843253615385,0.14686988534959997,0.14705321202025035,0.04122476807087713,0.043181335088750494,0.2085951141438295,0.21133023281561975,0.2374333333333333,0.193,0.0010000000000000002,0.001,0.2374333333333333,0.193,0.9,1.0,9579980.76514368,168369.99218384037,100.61055329931067,41.531003563246486,29.32736410384474,13.560607337314625,13.538241799744329,8.685753954820052,254.3056044279318,251.98496381662187,50.0,50.0,1.6523193360932338,1.6680543645180301,0.0,0.0,0.0,0.0,0.0,0.0,0.0,0.0,0.0,0.0,0.0,0.0,0.85,1.0,0.0,0.0,0.0,0.0,0.0,0.0
R,core_M_n1500_low,kernel_kernel,30,0.027625713305747916,0.0271279282166764,0.019066982885964208,0.018502319028609597,0.03954526838309777,0.0417233197138971,0.04972832714254152,0.04862837161632265,0.007800000000000001,0.003,0.37146666666666667,0.3435,0.372,0.3435,0.9666666666666667,1.0,5.641313103498666,5.457494186885246,0.24015542765401474,0.23644832299668428,0.3706372493094587,0.3492657556471191,0.059450620250711725,0.04960154189783755,656.5745898811905,671.6182083375284,11.72007344563802,9.81284236907959,0.03058446397781367,0.028968922972679098,0.0,0.0,0.8,1.0,0.7666666666666667,1.0,0.2,0.0,0.0,0.0,1.0,1.0,0.8333333333333334,1.0,0.5,0.5,0.0,0.0,0.55,0.5
R,core_M_n1500_low,kernel_sieve1,30,0.027625713305747916,0.0271279282166764,0.009296345376831595,0.0093328898165483,0.03954526838309777,0.0417233197138971,0.04979505464973564,0.04938145813752105,0.007233333333333334,0.002,0.8783666666666666,0.9365,0.8783666666666666,0.9365,1.0,1.0,5.75419434777736,5.779722481634208,0.2427478438920029,0.24332902431932615,0.38398299725740187,0.344933981923398,0.052305474273236834,0.04317471169152495,691.02659542864,691.0934690136319,4.410687930689686,4.413262395474176,0.010385143639537913,0.010498662654123001,0.03333333333333333,0.0,0.2,0.0,0.23333333333333334,0.0,0.5,0.5,0.0,0.0,0.0,0.0,1.0,1.0,0.49166666666666664,0.5,0.008333333333333333,0.0,0.44166666666666665,0.5
R,core_M_n1500_low,sieve1_kernel,30,0.014905155160551412,0.014129232185593851,0.019066982885964208,0.018502319028609597,0.04982938921720357,0.04343391528943535,0.04972832714254152,0.04862837161632265,0.44483333333333336,0.4245,0.3736666666666667,0.3645,0.6543333333333334,0.719,1.0,1.0,87.38426712772139,36.61513155187658,0.7942857959734874,0.6116667965416929,0.5873864614074774,0.4982218696672987,0.16661855543864904,0.1266486412847561,656.5745898811905,671.6182083375284,11.72007344563802,9.81284236907959,0.03058446397781367,0.028968922972679098,0.03333333333333333,0.0,0.0,0.0,0.0,0.0,0.03333333333333333,0.0,0.0,0.0,0.0,0.0,0.9833333333333333,1.0,0.008333333333333333,0.0,0.025,0.0,0.008333333333333333,0.0
R,core_M_n1500_low,sieve1_sieve1,30,0.014905155160551412,0.014129232185593851,0.009296345376831595,0.0093328898165483,0.04982938921720357,0.04343391528943535,0.04979505464973564,0.04938145813752105,0.44236666666666663,0.41100000000000003,0.8792000000000001,0.927,0.9274333333333333,0.9715,1.0,1.0,91.03529319886316,38.31153165747298,0.8041814795018325,0.6228391620969694,0.5449359276454866,0.4673276879393668,0.16273660898758707,0.117798639188266,691.02659542864,691.0934690136319,4.410687930689686,4.413262395474176,0.010385143639537913,0.010498662654123001,0.9333333333333333,1.0,0.0,0.0,0.0,0.0,0.16666666666666666,0.0,1.0,1.0,0.0,0.0,1.0,1.0,0.0,0.0,0.9666666666666667,1.0,0.0,0.0
R,core_M_n1500_low,sieve2_sieve2,30,0.019670114862416325,0.017103338495504702,0.0453687278184439,0.0460847028657881,0.03212684259999187,0.02805064824488875,0.06925494596313211,0.06873702091163035,0.21096666666666666,0.1375,0.024600000000000004,0.012,0.22456666666666666,0.188,0.9,1.0,916.3019046779659,547.6654543316903,2.800021865339788,2.368248133500626,2.2276776273612127,0.8191269447820853,0.7077743380252515,0.4479343133031026,518.2760846421372,519.2059970729392,13.580443554222835,12.778425680293982,0.13896344195969698,0.13945487785646898,0.0,0.0,0.0,0.0,0.0,0.0,0.1,0.0,0.0,0.0,0.0,0.0,0.75,0.75,0.0,0.0,0.0,0.0,0.0,0.0
R,core_M_n1500_low,sieve3_sieve3,30,0.02026096749143054,0.01749043719624805,0.15682624296693354,0.156428590483564,0.029547551568753553,0.02081915835454105,0.21817717786709626,0.21832517653142336,0.1726,0.079,0.0010000000000000002,0.001,0.1726,0.079,0.7333333333333333,1.0,151318.17452181643,127910.79504794006,37.79366665484534,36.186125215628834,27.194904762648722,17.900343513216413,9.256745309056647,9.463733913443892,277.02417837827426,277.0886462557241,50.0,50.0,1.8035424657315553,1.807312063513557,0.0,0.0,0.0,0.0,0.0,0.0,0.0,0.0,0.0,0.0,0.0,0.0,0.8583333333333333,1.0,0.0,0.0,0.0,0.0,0.0,0.0
R,core_M_n6000_high,kernel_kernel,30,0.006566438330307128,0.00646500042674475,0.007482226592598206,0.00719453764323595,0.03653946566382453,0.03174350847038595,0.03407801681109952,0.0340984788293819,0.48386666666666667,0.47550000000000003,0.22866666666666666,0.1625,0.5497666666666665,0.56,1.0,1.0,7.188757726221016,7.184319756201399,0.13566919734906288,0.13564477050870025,0.2687735361734888,0.2558253311447546,0.02707344943194356,0.02456000294130795,2758.8822037352575,2758.823098221624,6.4601094404856365,6.1902570724487305,0.004206053032477653,0.00391120334963,0.03333333333333333,0.0,1.0,1.0,1.0,1.0,0.3333333333333333,0.0,0.0,0.0,1.0,1.0,0.85,0.875,0.85,0.875,0.0,0.0,1.0,1.0
R,core_M_n6000_high,kernel_sieve1,30,0.006566438330307128,0.00646500042674475,0.0043724810438327206,0.0041548149273852,0.03653946566382453,0.03174350847038595,0.032057719886633786,0.01588820590769635,0.48253333333333337,0.4685,0.8550333333333333,0.9564999999999999,0.8909333333333334,0.9595,1.0,1.0,7.615561916782929,7.577206535776321,0.13961761678230603,0.13930445447869066,0.27342257067711945,0.263324359057198,0.026315847478026084,0.0258449551140362,2603.106632013837,2620.7528708299633,5.496583935831433,5.433249453609646,0.004021638324911867,0.00363294143294545,0.5333333333333333,1.0,0.0,0.0,0.0,0.0,0.36666666666666664,0.0,0.0,0.0,0.0,0.0,1.0,1.0,0.15,0.125,0.5666666666666667,0.5,0.0,0.0
R,core_M_n6000_high,sieve1_kernel,30,0.0075616704968873355,0.0065871658636194996,0.007482226592598206,0.00719453764323595,0.05078235012432317,0.05305918901068895,0.03407801681109952,0.0340984788293819,0.3756,0.264,0.2284,0.16649999999999998,0.49679999999999996,0.4605,0.9666666666666667,1.0,158.11000211719656,38.72200595255583,0.5136674648896122,0.3147848819733604,0.4504193195945549,0.36318455478034006,0.12196142164459615,0.0612198117894541,2758.8822037352575,2758.823098221624,6.4601094404856365,6.1902570724487305,0.004206053032477653,0.00391120334963,0.0,0.0,0.0,0.0,0.0,0.0,0.1,0.0,0.0,0.0,0.0,0.0,0.875,1.0,0.0,0.0,0.0,0.0,0.0,0.0
R,core_M_n6000_high,sieve1_sieve1,30,0.0075616704968873355,0.0065871658636194996,0.0043724810438327206,0.0041548149273852,0.05078235012432317,0.05305918901068895,0.032057719886633786,0.01588820590769635,0.3769333333333333,0.268,0.854,0.96,0.8916000000000002,0.9644999999999999,1.0,1.0,174.65705465678099,42.26346914127723,0.5368753756900991,0.3288956311960988,0.41903624494001507,0.37129927445756916,0.12495107677917637,0.0506580586839162,2603.106632013837,2620.7528708299633,5.496583935831433,5.433249453609646,0.004021638324911867,0.00363294143294545,0.43333333333333335,0.0,0.0,0.0,0.0,0.0,0.16666666666666666,0.0,1.0,1.0,0.0,0.0,1.0,1.0,0.0,0.0,0.43333333333333335,0.5,0.0,0.0
R,core_M_n6000_high,sieve2_sieve2,30,0.009444242407982648,0.00894132392228715,0.02454012814324622,0.02391073414394415,0.03618961577865699,0.03266352134398095,0.04957186312520368,0.048216279598255904,0.17516666666666664,0.0935,0.039933333333333314,0.006,0.22226666666666667,0.1365,0.9333333333333333,1.0,2246.6720138168585,2034.2300729301191,2.1702112563582054,2.2810793346196885,1.4981700817239232,0.8910694680234457,0.4508214854452816,0.32432250201972984,1946.37131331229,1942.9738226219183,16.84512876385153,16.359100473520698,0.07202651341378039,0.06935933348921344,0.0,0.0,0.0,0.0,0.0,0.0,0.03333333333333333,0.0,0.0,0.0,0.0,0.0,0.8166666666666667,0.75,0.0,0.0,0.0,0.0,0.0,0.0
R,core_M_n6000_high,sieve3_sieve3,30,0.0100419423682817,0.009853554350755949,0.08611434659427955,0.0861380350983975,0.04001645108682567,0.0319784008887157,0.10658141160455904,0.12017010654086405,0.16823333333333335,0.1005,0.0010000000000000002,0.001,0.16823333333333335,0.1005,0.7333333333333333,1.0,31184.955025133157,30497.556392276063,8.578696470789486,8.833248751549693,7.313415126544418,1.8107780553828348,1.766814120797499,1.6426989238069827,1320.2933120443163,1320.837397894782,37.9729914456782,37.30714550598758,0.4572273759723208,0.4500101342499113,0.0,0.0,0.0,0.0,0.0,0.0,0.0,0.0,0.0,0.0,0.0,0.0,0.7083333333333334,0.75,0.0,0.0,0.0,0.0,0.0,0.0
R,core_M_n6000_low,kernel_kernel,30,0.007374939351446017,0.00707954188621545,0.004869680797521117,0.0046438167612792,0.031248904910631883,0.02919522998703285,0.03454512492858999,0.038067940248249096,0.3103999999999999,0.321,0.8907333333333333,0.94,0.8918666666666666,0.94,1.0,1.0,5.400032977562569,5.353806652595395,0.11758785535302133,0.11709589560547251,0.2588449895388658,0.25765516799482124,0.023198480009429864,0.015701517853466698,2784.3115319238964,2787.4595261765216,5.914584525426229,5.819261789321899,0.004209721784459164,0.004304344505071649,0.26666666666666666,0.0,0.13333333333333333,0.0,0.13333333333333333,0.0,0.3333333333333333,0.0,0.0,0.0,1.0,1.0,1.0,1.0,0.5666666666666667,0.625,0.075,0.0,0.5666666666666667,0.625
R,core_M_n6000_low,kernel_sieve1,30,0.007374939351446017,0.00707954188621545,0.00461880208151804,0.0045896250123102,0.031248904910631883,0.02919522998703285,0.03078567419978608,0.0277188524225378,0.3107999999999999,0.3295,0.6041000000000002,0.613,0.7076666666666667,0.6855,1.0,1.0,5.3488250872340375,5.330425077542298,0.11703246596346681,0.11683994797910299,0.24532500724940862,0.24056359585848705,0.020729411623981134,0.01794179512874715,2797.4191207448303,2798.138976287646,4.370009013067673,4.297437776976645,0.0020191079346386868,0.0018818127291339,0.26666666666666666,0.0,0.8666666666666667,1.0,0.8666666666666667,1.0,0.3,0.0,0.0,0.0,0.0,0.0,1.0,1.0,0.43333333333333335,0.375,0.4,0.25,0.43333333333333335,0.375
R,core_M_n6000_low,sieve1_kernel,30,0.007918174983010203,0.007253376836547,0.004869680797521117,0.0046438167612792,0.04569443814867959,0.038313838475402054,0.03454512492858999,0.038067940248249096,0.3458666666666667,0.288,0.8890333333333333,0.9385,0.8955000000000001,0.9385,1.0,1.0,49.5959109472387,20.540207418598023,0.31440177598798863,0.22933346941694666,0.3737192890297062,0.32873052750763254,0.065950130899915,0.04060445889501705,2784.3115319238964,2787.4595261765216,5.914584525426229,5.819261789321899,0.004209721784459164,0.004304344505071649,0.13333333333333333,0.0,0.0,0.0,0.0,0.0,0.06666666666666667,0.0,0.0,0.0,0.0,0.0,1.0,1.0,0.0,0.0,0.058333333333333334,0.0,0.0,0.0
R,core_M_n6000_low,sieve1_sieve1,30,0.007918174983010203,0.007253376836547,0.00461880208151804,0.0045896250123102,0.04569443814867959,0.038313838475402054,0.03078567419978608,0.0277188524225378,0.34663333333333335,0.27649999999999997,0.5964333333333333,0.5845,0.7115666666666667,0.7695000000000001,1.0,1.0,48.238929998289244,19.5801282271432,0.31100518589429976,0.22391030810104595,0.38144384094238026,0.3209277777741435,0.06526546263276858,0.04060241105079105,2797.4191207448303,2798.138976287646,4.370009013067673,4.297437776976645,0.0020191079346386868,0.0018818127291339,0.3333333333333333,0.0,0.0,0.0,0.0,0.0,0.2,0.0,1.0,1.0,0.0,0.0,1.0,1.0,0.0,0.0,0.4666666666666667,0.5,0.0,0.0
R,core_M_n6000_low,sieve2_sieve2,30,0.009770532246123955,0.0092943836479537,0.010236787688377803,0.0102153218098603,0.04052576514462533,0.04320281270345645,0.04144002652482614,0.0357860632814795,0.2230666666666667,0.123,0.8452666666666668,0.881,0.8507666666666668,0.891,1.0,1.0,406.9898160905519,261.8438635420756,0.9212039844505889,0.8188945335414703,1.2997129578964859,0.5215678608873704,0.1270868942349593,0.0755484731349477,2570.7153494222935,2575.6189217576984,8.674980119404385,8.373527604768212,0.0230276960349843,0.022875305668811352,0.0,0.0,0.0,0.0,0.0,0.0,0.1,0.0,0.0,0.0,0.0,0.0,0.9916666666666667,1.0,0.0,0.0,0.0,0.0,0.0,0.0
R,core_M_n6000_low,sieve3_sieve3,30,0.010133827512885078,0.0090878684901724,0.0592250164779933,0.059415569010200606,0.03610580451270055,0.04057899001926895,0.060544451628732864,0.05393234929718095,0.17176666666666662,0.099,0.0010000000000000002,0.001,0.17176666666666662,0.099,0.7666666666666667,1.0,4493.094627850001,4128.54985878276,3.3149164502038437,3.251669506774773,1.9084732831439362,1.075708650032329,0.6475055138944092,0.44534596526475057,1769.3885013790257,1781.7980203510292,26.654862889381853,26.433734331864727,0.2250304952914535,0.22567510535267044,0.0,0.0,0.0,0.0,0.0,0.0,0.0,0.0,0.0,0.0,0.0,0.0,0.7083333333333334,0.75,0.0,0.0,0.0,0.0,0.0,0.0
R,core_N_n1500_high,kernel_kernel,30,0.026289193387856912,0.02593333008637345,0.019037477995789465,0.01857325761113055,0.04524827344485408,0.0483156976785338,0.05307739910524824,0.0439397116621585,0.05,0.009000000000000001,0.36406666666666676,0.27949999999999997,0.37376666666666664,0.27949999999999997,1.0,1.0,6.912101985232909,7.026377736285134,0.2657745842670271,0.26828932001781686,0.3508779698449612,0.33456789790879904,0.05451704343304665,0.04188261728586885,721.635813595841,729.1645898921442,6.441461284955342,5.378067970275879,0.027166460033257754,0.027210300862789097,0.0,0.0,0.9666666666666667,1.0,0.9666666666666667,1.0,0.5333333333333333,1.0,0.0,0.0,1.0,1.0,0.9833333333333333,1.0,0.8416666666666667,1.0,0.03333333333333333,0.0,0.8583333333333333,1.0
R,core_N_n1500_high,kernel_sieve1,30,0.026289193387856912,0.02593333008637345,0.011442966326852596,0.00967818519721225,0.04524827344485408,0.0483156976785338,0.051075980012864654,0.04697489850904265,0.046266666666666664,0.0075,0.8226666666666667,0.9155,0.8226666666666667,0.9155,1.0,1.0,8.702682631052445,8.641449827881258,0.29796640928866835,0.2975315566960236,0.386910440806245,0.37000019322726363,0.06813695522345582,0.07080077975905544,634.4267818933583,640.2704084488292,6.4406846000670885,6.261418903528608,0.017575041802670142,0.01323283011158745,0.03333333333333333,0.0,0.0,0.0,0.0,0.0,0.2,0.0,0.0,0.0,0.0,0.0,0.9833333333333333,1.0,0.05,0.0,0.058333333333333334,0.0,0.041666666666666664,0.0
R,core_N_n1500_high,sieve1_kernel,30,0.015460924735037998,0.01542948102360325,0.019037477995789465,0.01857325761113055,0.04475326628589452,0.0469055662055348,0.05307739910524824,0.0439397116621585,0.3379,0.188,0.36246666666666677,0.26949999999999996,0.6138333333333335,0.6355,1.0,1.0,251.04892195672224,39.13541269156438,1.0748220925638654,0.633122813490393,1.2825811737995458,0.4660782723074338,0.11732958157094005,0.09980946918953526,721.635813595841,729.1645898921442,6.441461284955342,5.378067970275879,0.027166460033257754,0.027210300862789097,0.1,0.0,0.03333333333333333,0.0,0.03333333333333333,0.0,0.2,0.0,0.0,0.0,0.0,0.0,0.9916666666666667,1.0,0.10833333333333334,0.0,0.26666666666666666,0.25,0.1,0.0
R,core_N_n1500_high,sieve1_sieve1,30,0.015460924735037998,0.01542948102360325,0.011442966326852596,0.00967818519721225,0.04475326628589452,0.0469055662055348,0.051075980012864654,0.04697489850904265,0.33726666666666666,0.1825,0.8257333333333334,0.9195,0.8618000000000001,0.93,1.0,1.0,305.4629257868929,49.39261086413333,1.1980144646360311,0.7112984408292865,1.2120539732801794,0.4886615059319684,0.1417821742808388,0.0993593317407193,634.4267818933583,640.2704084488292,6.4406846000670885,6.261418903528608,0.017575041802670142,0.01323283011158745,0.8666666666666667,1.0,0.0,0.0,0.0,0.0,0.03333333333333333,0.0,1.0,1.0,0.0,0.0,1.0,1.0,0.0,0.0,0.6416666666666667,0.75,0.0,0.0
R,core_N_n1500_high,sieve2_sieve2,30,0.020724278575785668,0.01950233083662395,0.07063457224441268,0.06746712386249876,0.03728044294258075,0.0347971323606827,0.07784080873782696,0.06763497831733364,0.22993333333333335,0.23349999999999999,0.001066666666666667,0.001,0.22993333333333335,0.23349999999999999,0.8,1.0,6395.388397062902,4249.842012557968,7.130048616962734,6.586554560986413,3.6635723917768344,1.3846319347112823,2.070207666271147,1.197157390144215,384.0737505374031,381.5594745662793,23.26831169233179,23.066241338210233,0.3011305761995036,0.29106626032775945,0.0,0.0,0.0,0.0,0.0,0.0,0.0,0.0,0.0,0.0,0.0,0.0,0.7333333333333333,0.75,0.0,0.0,0.0,0.0,0.0,0.0
R,core_N_n1500_high,sieve3_sieve3,30,0.019321968312514263,0.0182970349059777,0.14514476911214402,0.14519778287531293,0.03617053797401516,0.0272928916200273,0.20080426201866006,0.19976823367829574,0.18263333333333334,0.1105,0.0010000000000000002,0.001,0.18263333333333334,0.1105,0.7666666666666667,1.0,332461.645552988,169552.97079925082,49.62790347387185,41.66275097220515,40.280392285998005,19.627485069950346,11.11445718941915,7.423301706835861,252.9030859681023,253.49303290719755,49.96160916353249,50.0,1.6128459449167032,1.615220097341656,0.0,0.0,0.0,0.0,0.0,0.0,0.03333333333333333,0.0,0.0,0.0,0.0,0.0,0.8333333333333334,1.0,0.0,0.0,0.0,0.0,0.0,0.0
R,core_N_n1500_low,kernel_kernel,30,0.026790177245070004,0.026872412102858498,0.014590359996549751,0.014239988005477499,0.03993835531100263,0.0415370432250838,0.04983327707144131,0.03823519839105255,0.011066666666666669,0.003,0.6732333333333334,0.7565,0.6732333333333334,0.7565,1.0,1.0,5.314053436448793,5.282456173360023,0.23325411531277307,0.23262606104998235,0.37568335062162633,0.34580222290455526,0.047851192023911734,0.03575793762882755,706.7087442796176,706.4830445402436,6.86219748655955,6.891674280166626,0.019910322569476183,0.0201058995127678,0.0,0.0,0.7333333333333333,1.0,0.7333333333333333,1.0,0.36666666666666664,0.0,0.0,0.0,1.0,1.0,0.9416666666666667,1.0,0.5666666666666667,0.625,0.0,0.0,0.5833333333333334,0.625
R,core_N_n1500_low,kernel_sieve1,30,0.026790177245070004,0.026872412102858498,0.008764114109920137,0.00855861359182945,0.03993835531100263,0.0415370432250838,0.051035331000602494,0.049399692476483695,0.011233333333333335,0.0025,0.9470333333333333,0.9735,0.9470333333333333,0.9735,1.0,1.0,5.670032220410365,5.648845812596066,0.2409653038791286,0.2405581199993063,0.38368398159713385,0.3435284891242958,0.04925527893707162,0.039992278277583296,702.7621770609691,705.749419246494,4.27487128872681,4.2677226230770735,0.010715330878009462,0.0099679859803568,0.0,0.0,0.06666666666666667,0.0,0.06666666666666667,0.0,0.26666666666666666,0.0,0.0,0.0,0.0,0.0,1.0,1.0,0.225,0.25,0.008333333333333333,0.0,0.20833333333333334,0.25
R,core_N_n1500_low,sieve1_kernel,30,0.008602229304481566,0.008324661659922801,0.014590359996549751,0.014239988005477499,0.039223296689256074,0.039912636034983545,0.04983327707144131,0.03823519839105255,0.8391,0.9325,0.6798333333333333,0.7565,0.9204333333333333,0.967,1.0,1.0,6.790019193553117,5.977124206778441,0.26062350505978815,0.24744862312052665,0.3950566474397992,0.3408563047187386,0.053448182917478194,0.0463006405403076,706.7087442796176,706.4830445402436,6.86219748655955,6.891674280166626,0.019910322569476183,0.0201058995127678,0.06666666666666667,0.0,0.2,0.0,0.2,0.0,0.2,0.0,0.0,0.0,0.0,0.0,1.0,1.0,0.13333333333333333,0.0,0.11666666666666667,0.0,0.13333333333333333,0.0
R,core_N_n1500_low,sieve1_sieve1,30,0.008602229304481566,0.008324661659922801,0.008764114109920137,0.00855861359182945,0.039223296689256074,0.039912636034983545,0.051035331000602494,0.049399692476483695,0.8400666666666666,0.9355,0.9474333333333332,0.968,0.9823333333333333,0.993,1.0,1.0,7.085166544503311,6.1713762717766,0.2666386299010983,0.2514382317421542,0.3669346422869386,0.3473366108576482,0.0554615813866205,0.0509616798587873,702.7621770609691,705.749419246494,4.27487128872681,4.2677226230770735,0.010715330878009462,0.0099679859803568,0.9333333333333333,1.0,0.0,0.0,0.0,0.0,0.16666666666666666,0.0,1.0,1.0,0.0,0.0,1.0,1.0,0.075,0.0,0.875,1.0,0.075,0.0
R,core_N_n1500_low,sieve2_sieve2,30,0.01928234019971974,0.018543057534500702,0.04794551188936797,0.048544064706011705,0.04274487413904925,0.039672628353233555,0.06326595312363491,0.06404965171096916,0.17799999999999996,0.11950000000000001,0.018733333333333334,0.005,0.22086666666666668,0.162,0.9666666666666667,1.0,886.9488931601697,770.01428480291,2.857016863493168,2.8070106971173456,1.6632671079370605,1.0028998365818822,0.49280372901954966,0.35104209964675137,518.8018058937952,516.4715984636855,13.41760939546811,12.935807826558069,0.14642167486362936,0.14343955059868135,0.0,0.0,0.0,0.0,0.0,0.0,0.0,0.0,0.0,0.0,0.0,0.0,0.7583333333333333,0.75,0.0,0.0,0.0,0.0,0.0,0.0
R,core_N_n1500_low,sieve3_sieve3,30,0.019429491093816153,0.01937340279893665,0.15880755836115495,0.15980277717056185,0.0441939387946375,0.04610922747338719,0.22377595339483242,0.2265395009819226,0.18533333333333332,0.1315,0.0010000000000000002,0.001,0.18533333333333332,0.1315,0.8666666666666667,1.0,574392.6771374376,147192.88563143817,53.63961936719247,38.830911817127,30.779219425041067,9.348157619051111,11.57080088126469,6.807962750615881,278.9576065054728,279.79467435134364,49.839433447027794,50.0,1.7823511492869863,1.7905957959779584,0.0,0.0,0.0,0.0,0.0,0.0,0.0,0.0,0.0,0.0,0.0,0.0,0.9,1.0,0.0,0.0,0.0,0.0,0.0,0.0
R,core_N_n6000_high,kernel_kernel,30,0.007341710068956639,0.00719072305478545,0.007261952525702639,0.007168283371181951,0.03399914596410198,0.0248833987988398,0.03655267411386946,0.030876548584824998,0.3038666666666667,0.316,0.2582,0.202,0.39596666666666663,0.4165,0.9666666666666667,1.0,6.594486453622507,6.512481974523034,0.1299214863430937,0.12914667005749556,0.2629542891352207,0.24971066631329936,0.02399118036778516,0.022490235923178753,2919.063921033182,2919.2688200821835,4.551174505551656,4.311149835586548,0.0036394641303353304,0.00336429073413215,0.0,0.0,1.0,1.0,0.9666666666666667,1.0,0.5,0.5,0.0,0.0,1.0,1.0,0.6916666666666667,0.75,0.6916666666666667,0.75,0.016666666666666666,0.0,1.0,1.0
R,core_N_n6000_high,kernel_sieve1,30,0.007341710068956639,0.00719072305478545,0.003955877088813473,0.00368603563980145,0.03399914596410198,0.0248833987988398,0.03226861338792126,0.0321702467703211,0.30329999999999996,0.31399999999999995,0.9562333333333333,0.993,0.9569333333333332,0.993,1.0,1.0,6.976902499469329,6.826901084755439,0.13362138410170607,0.13222760495993718,0.27500935006626914,0.25163218837916135,0.026963656471030387,0.025585019811710102,2764.08475574618,2799.0684566080877,4.717624969143433,4.515208998037166,0.0036240400098235506,0.00318647704225925,0.4,0.0,0.0,0.0,0.03333333333333333,0.0,0.23333333333333334,0.0,0.0,0.0,0.0,0.0,1.0,1.0,0.2916666666666667,0.25,0.35,0.375,0.0,0.0
R,core_N_n6000_high,sieve1_kernel,30,0.007102131401348537,0.00625188644381415,0.007261952525702639,0.007168283371181951,0.0457390841090658,0.0374630258378421,0.03655267411386946,0.030876548584824998,0.4829666666666667,0.496,0.2549666666666666,0.1875,0.6098,0.6154999999999999,1.0,1.0,149.9793427279923,41.10710886324088,0.4826114721414196,0.3243649098827709,0.42082107742596236,0.39043844405352623,0.10644800322394386,0.06378704314477095,2919.063921033182,2919.2688200821835,4.551174505551656,4.311149835586548,0.0036394641303353304,0.00336429073413215,0.0,0.0,0.0,0.0,0.0,0.0,0.1,0.0,0.0,0.0,0.0,0.0,0.95,1.0,0.016666666666666666,0.0,0.016666666666666666,0.0,0.0,0.0
R,core_N_n6000_high,sieve1_sieve1,30,0.007102131401348537,0.00625188644381415,0.003955877088813473,0.00368603563980145,0.0457390841090658,0.0374630258378421,0.03226861338792126,0.0321702467703211,0.4880666666666666,0.5085,0.9568666666666666,0.9944999999999999,0.9729,0.995,1.0,1.0,160.5420555576656,43.83982565889719,0.499065738413946,0.3350003533130016,0.4331287549452467,0.39863765488394554,0.10003081414404431,0.0608497008205698,2764.08475574618,2799.0684566080877,4.717624969143433,4.515208998037166,0.0036240400098235506,0.00318647704225925,0.6,1.0,0.0,0.0,0.0,0.0,0.06666666666666667,0.0,1.0,1.0,0.0,0.0,1.0,1.0,0.0,0.0,0.6166666666666667,0.5,0.0,0.0
R,core_N_n6000_high,sieve2_sieve2,30,0.009875275619348367,0.0097858696834946,0.023775667573617116,0.024037903261103,0.041388461733641586,0.03693110623488165,0.049168872149991945,0.0594917739251807,0.17519999999999997,0.10400000000000001,0.04776666666666666,0.005,0.2389,0.175,0.9333333333333333,1.0,2112.615117838762,1273.3900904019406,1.9954412241420227,1.8058877576890446,1.4215533633724085,1.0018815855726788,0.36786538850950623,0.21906818428433728,2077.7747406050967,2097.929141984607,15.535386763797183,14.75206345471183,0.06619480537883252,0.06732474398570736,0.0,0.0,0.0,0.0,0.0,0.0,0.1,0.0,0.0,0.0,0.0,0.0,0.7333333333333333,0.75,0.0,0.0,0.0,0.0,0.0,0.0
R,core_N_n6000_high,sieve3_sieve3,30,0.009831022576137603,0.0090658292518338,0.08238742062337569,0.0821479745137129,0.04724530512589495,0.048898212541490405,0.10174500236218632,0.11033560203914394,0.18950000000000003,0.1575,0.0010000000000000002,0.001,0.18950000000000003,0.1575,0.8333333333333334,1.0,29770.705497709932,23847.51938927501,8.289618151966641,7.814046599077609,7.081573762857446,2.0888059911023618,1.880449392488562,1.7855248174493203,1360.9895704406358,1360.980204725412,34.75209055717609,32.144143052202494,0.41991928833532366,0.41472407158705316,0.0,0.0,0.0,0.0,0.0,0.0,0.0,0.0,0.0,0.0,0.0,0.0,0.725,0.75,0.0,0.0,0.0,0.0,0.0,0.0
R,core_N_n6000_low,kernel_kernel,30,0.007542950131392014,0.00738387150279,0.00448392813709384,0.004367308195815,0.03055373206586466,0.01269482502553755,0.035295027654652325,0.02995508672204895,0.27859999999999996,0.251,0.9200666666666667,0.9744999999999999,0.9216666666666667,0.9744999999999999,1.0,1.0,5.174295796584756,5.151221343862362,0.11510642551414585,0.11485913636757275,0.25609472453896687,0.25498756012213186,0.020818482632295344,0.01731734630621165,2897.650845651917,2901.9920345562277,4.363412976264954,4.249227046966553,0.0038910635994539766,0.0034482085555791,0.0,0.0,0.5333333333333333,1.0,0.5333333333333333,1.0,0.36666666666666664,0.0,0.0,0.0,1.0,1.0,1.0,1.0,0.7333333333333333,0.75,0.0,0.0,0.7333333333333333,0.75
R,core_N_n6000_low,kernel_sieve1,30,0.007542950131392014,0.00738387150279,0.0035464183929566364,0.0035557838995156,0.03055373206586466,0.01269482502553755,0.03440661026113501,0.0316170669159838,0.28416666666666673,0.262,0.9455666666666668,0.9915,0.9455666666666668,0.9915,1.0,1.0,5.195326649104051,5.183527373127344,0.1153382510396095,0.1152187413119646,0.25465361925320024,0.2501847260889788,0.021936400521961552,0.0190199146738204,2876.045347409659,2883.655715849727,3.659687563236085,3.5621824191289373,0.0023113271625171904,0.0023618934891295497,0.0,0.0,0.3333333333333333,0.0,0.3333333333333333,0.0,0.13333333333333333,0.0,0.0,0.0,0.0,0.0,1.0,1.0,0.15,0.0,0.0,0.0,0.15,0.0
R,core_N_n6000_low,sieve1_kernel,30,0.004838727337500943,0.0049448181264558,0.00448392813709384,0.004367308195815,0.03395694102033843,0.0249117222074984,0.035295027654652325,0.02995508672204895,0.6914666666666666,0.762,0.9185333333333332,0.979,0.9494333333333331,0.9795,1.0,1.0,5.613578444370827,5.487107626911435,0.11978718619905505,0.11854402359094526,0.27280543365003085,0.26823950649204353,0.024063788982743285,0.01911209557695405,2897.650845651917,2901.9920345562277,4.363412976264954,4.249227046966553,0.0038910635994539766,0.0034482085555791,0.0,0.0,0.06666666666666667,0.0,0.06666666666666667,0.0,0.13333333333333333,0.0,0.0,0.0,0.0,0.0,1.0,1.0,0.09166666666666666,0.0,0.025,0.0,0.09166666666666666,0.0
R,core_N_n6000_low,sieve1_sieve1,30,0.004838727337500943,0.0049448181264558,0.0035464183929566364,0.0035557838995156,0.03395694102033843,0.0249117222074984,0.03440661026113501,0.0316170669159838,0.6916333333333334,0.7795000000000001,0.9443,0.9924999999999999,0.9651333333333335,0.9924999999999999,1.0,1.0,5.635511995966338,5.543486392924288,0.12002014165554171,0.11915214523433765,0.25833169024532254,0.2503456844654761,0.024368451390531534,0.02125581350414245,2876.045347409659,2883.655715849727,3.659687563236085,3.5621824191289373,0.0023113271625171904,0.0023618934891295497,1.0,1.0,0.06666666666666667,0.0,0.06666666666666667,0.0,0.13333333333333333,0.0,1.0,1.0,0.0,0.0,1.0,1.0,0.025,0.0,0.975,1.0,0.025,0.0
R,core_N_n6000_low,sieve2_sieve2,30,0.009389304138379304,0.00846872820299725,0.011403308067116312,0.01146579756949805,0.041744645543380705,0.0320779434366473,0.0347572961390312,0.033632222425147296,0.16999999999999998,0.0815,0.7759666666666668,0.8425,0.7999333333333335,0.849,1.0,1.0,233.22441917088415,162.85299459773177,0.7089230808272872,0.6458124014672568,0.7446184228651614,0.5596860317560471,0.1297153925730214,0.09050208645501101,2614.4934541388075,2615.9594183157833,8.388494807316265,7.84693114844451,0.025493702667619984,0.02577387633955635,0.0,0.0,0.0,0.0,0.0,0.0,0.2,0.0,0.0,0.0,0.0,0.0,1.0,1.0,0.0,0.0,0.0,0.0,0.0,0.0
R,core_N_n6000_low,sieve3_sieve3,30,0.009556841655825841,0.009204307339594549,0.06085825201877286,0.0611460784617539,0.03601529531218705,0.037748554858039754,0.06761719943212235,0.06414344808379505,0.2038666666666667,0.1285,0.0010000000000000002,0.001,0.2038666666666667,0.1285,0.9333333333333333,1.0,3754.7535857293897,3734.1990597146387,3.0213010395002713,3.0924696817604542,2.5191538824769912,1.3067081876970128,0.6453519995588268,0.47611455001187236,1811.5992539534482,1804.9130587977497,21.64354607589248,21.692153273985667,0.22594348347007592,0.22605057422519664,0.0,0.0,0.0,0.0,0.0,0.0,0.03333333333333333,0.0,0.0,0.0,0.0,0.0,0.775,0.75,0.0,0.0,0.0,0.0,0.0,0.0
R,core_Q_n1500_high,kernel_kernel,30,0.02601937341789022,0.025818096308217298,0.016941779749339015,0.016689945099397148,0.050945236865892536,0.0461762751199485,0.04516158653836312,0.04577535112854235,0.045399999999999996,0.017,0.23620000000000002,0.1995,0.2612333333333333,0.2125,0.8666666666666667,1.0,8.795882906737624,8.86722800101666,0.29995240648210325,0.3013931741915435,0.5171751189488021,0.4984051979484322,0.26570144404697654,0.2794547746659336,737.500016456267,739.1647852895926,5.054077180226644,4.213221788406372,0.01692602896425454,0.01710344656308485,0.0,0.0,0.9666666666666667,1.0,0.8333333333333334,1.0,0.03333333333333333,0.0,0.0,0.0,1.0,1.0,0.9416666666666667,1.0,0.675,0.75,0.0,0.0,0.725,0.75
R,core_Q_n1500_high,kernel_sieve1,30,0.02601937341789022,0.025818096308217298,0.010776377691659384,0.00985101489758675,0.050945236865892536,0.0461762751199485,0.04433722562376557,0.04806884259265595,0.046799999999999994,0.020499999999999997,0.8633666666666667,0.949,0.8633666666666667,0.949,1.0,1.0,11.037994695834595,10.877296537607405,0.3358473039003345,0.3338109301845512,0.48810012309580303,0.4412031666512628,0.1741947356534474,0.1959559345355443,640.4946556069305,641.5648397058079,9.519340268929955,9.044146592603479,0.01846034912218941,0.015305232761598501,0.0,0.0,0.0,0.0,0.0,0.0,0.3333333333333333,0.0,0.0,0.0,0.0,0.0,1.0,1.0,0.008333333333333333,0.0,0.0,0.0,0.008333333333333333,0.0
R,core_Q_n1500_high,sieve1_kernel,30,0.0077471333826668355,0.00776454896593705,0.016941779749339015,0.016689945099397148,0.0412622979138157,0.03257844298441305,0.04516158653836312,0.04577535112854235,0.8592333333333335,0.911,0.23769999999999997,0.21050000000000002,0.8624666666666666,0.911,1.0,1.0,10.351274766418404,10.015546568493752,0.3252155954827128,0.32031508319724034,0.4613282566312993,0.4326153312225166,0.17677203531835436,0.1840667369902198,737.500016456267,739.1647852895926,5.054077180226644,4.213221788406372,0.01692602896425454,0.01710344656308485,0.0,0.0,0.03333333333333333,0.0,0.16666666666666666,0.0,0.36666666666666664,0.0,0.0,0.0,0.0,0.0,1.0,1.0,0.3,0.25,0.225,0.25,0.25,0.25
R,core_Q_n1500_high,sieve1_sieve1,30,0.0077471333826668355,0.00776454896593705,0.010776377691659384,0.00985101489758675,0.0412622979138157,0.03257844298441305,0.04433722562376557,0.04806884259265595,0.8616666666666665,0.9205000000000001,0.8622666666666667,0.9504999999999999,0.9622333333333333,0.988,1.0,1.0,13.214384804437763,13.396906022878586,0.3664131532792751,0.37045440910903565,0.4952696620089164,0.46306130165063175,0.18365078993657982,0.18700879104086246,640.4946556069305,641.5648397058079,9.519340268929955,9.044146592603479,0.01846034912218941,0.015305232761598501,1.0,1.0,0.0,0.0,0.0,0.0,0.2,0.0,1.0,1.0,0.0,0.0,1.0,1.0,0.016666666666666666,0.0,0.775,0.75,0.016666666666666666,0.0
R,core_Q_n1500_high,sieve2_sieve2,30,0.01884397951427573,0.01878582840428785,0.07525764044717394,0.0745036510604141,0.04514374090215337,0.0486411141177895,0.09415967143824361,0.1048834172088958,0.22233333333333336,0.163,0.0010000000000000002,0.001,0.22233333333333336,0.163,0.9333333333333333,1.0,18296.022895929753,5725.628798443871,10.567527805138235,7.657512657555589,4.47433492397944,1.4014769981937967,2.5895003295504493,1.3042589702418468,349.41538745059455,349.8594205936257,39.93063012005637,41.791050747442625,0.37063844725228834,0.374135392704112,0.0,0.0,0.0,0.0,0.0,0.0,0.06666666666666667,0.0,0.0,0.0,0.0,0.0,0.8,0.875,0.0,0.0,0.0,0.0,0.0,0.0
R,core_Q_n1500_high,sieve3_sieve3,30,0.018064063057521496,0.01776544051991815,0.14432973877339192,0.14340992582052986,0.03089388764270903,0.0327689774510585,0.20748264291352025,0.20934350665991025,0.24186666666666662,0.2345,0.0010000000000000002,0.001,0.24186666666666662,0.2345,0.8666666666666667,1.0,352565.58506662695,220932.29924678936,54.989448678628946,47.57095104133662,56.51239011685705,18.06307077283347,12.115852859522636,8.681671379809277,252.1517010492727,252.41080267247105,50.0,50.0,1.6613985954337978,1.6476205989457404,0.0,0.0,0.0,0.0,0.0,0.0,0.0,0.0,0.0,0.0,0.0,0.0,0.9083333333333333,1.0,0.0,0.0,0.0,0.0,0.0,0.0
R,core_Q_n1500_low,kernel_kernel,30,0.02941355668700787,0.0292802062406415,0.014182576835810095,0.01361345430210955,0.04509799241249838,0.03649570994703395,0.0447706914030893,0.040270332382490504,0.009866666666666668,0.002,0.5011333333333333,0.546,0.5012333333333333,0.546,0.9666666666666667,1.0,7.224962168795268,7.243391813870138,0.2719580966530594,0.2724027100839008,0.5485743707266347,0.4741436081184762,0.23045209277878537,0.23036846319823245,726.1214241520012,729.1258419149575,7.1977609952290855,6.443744897842407,0.014488806913958594,0.014351794183254149,0.0,0.0,0.03333333333333333,0.0,0.03333333333333333,0.0,0.0,0.0,0.0,0.0,1.0,1.0,0.9666666666666667,1.0,0.016666666666666666,0.0,0.0,0.0,0.016666666666666666,0.0
R,core_Q_n1500_low,kernel_sieve1,30,0.02941355668700787,0.0292802062406415,0.010061716924430367,0.009662082323271249,0.04509799241249838,0.03649570994703395,0.04286553122297098,0.0393357855848313,0.009966666666666669,0.001,0.8774666666666667,0.921,0.8774666666666667,0.921,1.0,1.0,7.862228013842527,7.765328847753462,0.2836811886580627,0.28204593201902445,0.4666232806861753,0.42537274202313846,0.16662340135457432,0.16120164761047323,692.8707152620929,694.1767510597434,8.689630549561308,8.56384189144331,0.012154577010925656,0.0120732738996936,0.0,0.0,0.0,0.0,0.0,0.0,0.4,0.0,0.0,0.0,0.0,0.0,1.0,1.0,0.0,0.0,0.0,0.0,0.0,0.0
R,core_Q_n1500_low,sieve1_kernel,30,0.010737123577914232,0.0106355209667644,0.014182576835810095,0.01361345430210955,0.03460267573195069,0.0237430197110875,0.0447706914030893,0.040270332382490504,0.33830000000000005,0.279,0.5008,0.531,0.6268999999999999,0.71,1.0,1.0,6.889265008021957,6.834176996846281,0.2655581312339229,0.2645961624510039,0.4665946573773113,0.43156454218154744,0.17641645207722068,0.16253347596214315,726.1214241520012,729.1258419149575,7.1977609952290855,6.443744897842407,0.014488806913958594,0.014351794183254149,0.06666666666666667,0.0,0.9666666666666667,1.0,0.9666666666666667,1.0,0.16666666666666666,0.0,0.0,0.0,0.0,0.0,0.9916666666666667,1.0,0.875,1.0,0.21666666666666667,0.25,0.8833333333333333,1.0
R,core_Q_n1500_low,sieve1_sieve1,30,0.010737123577914232,0.0106355209667644,0.010061716924430367,0.009662082323271249,0.03460267573195069,0.0237430197110875,0.04286553122297098,0.0393357855848313,0.33446666666666663,0.281,0.8761,0.924,0.9370333333333333,0.9555,1.0,1.0,7.517060953495634,7.450214389483516,0.27737333721762114,0.2762642298622458,0.47235734884895014,0.42900639742781066,0.17443523227403243,0.16230080174553985,692.8707152620929,694.1767510597434,8.689630549561308,8.56384189144331,0.012154577010925656,0.0120732738996936,0.9333333333333333,1.0,0.0,0.0,0.0,0.0,0.2,0.0,1.0,1.0,0.0,0.0,1.0,1.0,0.10833333333333334,0.0,0.7833333333333333,0.75,0.1,0.0
R,core_Q_n1500_low,sieve2_sieve2,30,0.01679761799334638,0.0170059134304127,0.04986779313484404,0.0500690526216781,0.04398081191920725,0.042259106254012496,0.05990965224187125,0.05866761827569665,0.33246666666666663,0.246,0.008466666666666667,0.006,0.3333,0.246,0.9333333333333333,1.0,555.4609754474242,107.07094771734191,1.5923173574575604,1.0468416519670245,1.0747139489191213,0.5893107205372816,0.42906228436233074,0.27576464486744195,477.02105232527657,486.14980859952874,40.96955253687739,46.629358040062755,0.17515965256974952,0.17013402273884445,0.0,0.0,0.0,0.0,0.0,0.0,0.23333333333333334,0.0,0.0,0.0,0.0,0.0,0.8666666666666667,1.0,0.0,0.0,0.0,0.0,0.0,0.0
R,core_Q_n1500_low,sieve3_sieve3,30,0.019792569918802426,0.018843752237849398,0.156810123219635,0.15513088658216972,0.042005729359728496,0.042246753730765446,0.21836582438914148,0.2189614448966929,0.1872333333333333,0.14700000000000002,0.0010000000000000002,0.001,0.1872333333333333,0.14700000000000002,0.8666666666666667,1.0,528312.904691728,272762.2630556544,64.05948963228892,52.85699583757712,48.05404927409321,8.151557534093886,14.115720891139919,13.952885973786948,269.9381365136344,268.99686266658813,50.0,50.0,1.9122225239873445,1.8940023343002137,0.0,0.0,0.0,0.0,0.0,0.0,0.0,0.0,0.0,0.0,0.0,0.0,0.9416666666666667,1.0,0.0,0.0,0.0,0.0,0.0,0.0
R,core_Q_n6000_high,kernel_kernel,30,0.008624621230499275,0.008437908524701051,0.011487085739832783,0.01139775064547265,0.04394387724894062,0.044355454204369205,0.04120829057541567,0.042722103991763,0.056133333333333334,0.03,0.0017666666666666668,0.001,0.05696666666666667,0.03,0.5333333333333333,1.0,8.430311553935761,8.506741695902592,0.1469183195458916,0.1476019396823304,0.3682381987501995,0.3409690281078547,0.2464273860642483,0.24711424757179695,2975.1056431841234,2978.1462796382357,4.0211071809132894,3.481741786003113,0.00415191055602494,0.0036525422533352997,0.0,0.0,1.0,1.0,0.5333333333333333,1.0,0.0,0.0,0.0,0.0,1.0,1.0,0.44166666666666665,0.5,0.44166666666666665,0.5,0.0,0.0,1.0,1.0
R,core_Q_n6000_high,kernel_sieve1,30,0.008624621230499275,0.008437908524701051,0.004960960589645117,0.0045392138299779,0.04394387724894062,0.044355454204369205,0.040530943840061937,0.03529439485715695,0.05579999999999998,0.0315,0.8149666666666667,0.875,0.8454333333333334,0.89,1.0,1.0,10.123834805734585,9.942298200295541,0.16094269093361285,0.15957046054881402,0.3295598452871872,0.3172402507238016,0.1663102242107751,0.16942249207124366,2591.8535471809705,2598.9707791144697,10.275879786765666,10.200977011338406,0.006025716484288148,0.0045225597270441,0.0,0.0,0.0,0.0,0.36666666666666664,0.0,0.3,0.0,0.0,0.0,0.0,0.0,1.0,1.0,0.475,0.5,0.0,0.0,0.0,0.0
R,core_Q_n6000_high,sieve1_kernel,30,0.005473296669893384,0.0054097415586111496,0.011487085739832783,0.01139775064547265,0.04097918448455237,0.03964708321129155,0.04120829057541567,0.042722103991763,0.3083666666666666,0.27,0.001566666666666667,0.001,0.3083666666666666,0.27,1.0,1.0,10.434903346564544,10.467031124087558,0.1634330999842369,0.16372771433544875,0.3217375334159986,0.3028359148643586,0.16453088896696919,0.16328470571562945,2975.1056431841234,2978.1462796382357,4.0211071809132894,3.481741786003113,0.00415191055602494,0.0036525422533352997,0.0,0.0,0.0,0.0,0.1,0.0,0.13333333333333333,0.0,0.0,0.0,0.0,0.0,0.9333333333333333,1.0,0.08333333333333333,0.0,0.008333333333333333,0.0,0.0,0.0
R,core_Q_n6000_high,sieve1_sieve1,30,0.005473296669893384,0.0054097415586111496,0.004960960589645117,0.0045392138299779,0.04097918448455237,0.03964708321129155,0.040530943840061937,0.03529439485715695,0.30660000000000004,0.2615,0.8175666666666667,0.8785000000000001,0.8740333333333333,0.933,1.0,1.0,12.51324666675136,12.24707069137095,0.1788004335287537,0.17710286960148425,0.34715830530239244,0.33494676648301547,0.1675006117742458,0.17204383112772725,2591.8535471809705,2598.9707791144697,10.275879786765666,10.200977011338406,0.006025716484288148,0.0045225597270441,1.0,1.0,0.0,0.0,0.0,0.0,0.1,0.0,1.0,1.0,0.0,0.0,1.0,1.0,0.0,0.0,0.9916666666666667,1.0,0.0,0.0
R,core_Q_n6000_high,sieve2_sieve2,30,0.007583344561704819,0.00726536953629385,0.019701238730264675,0.019342195816175398,0.03864981203894191,0.0399526418274353,0.03884559745466565,0.03575160214143845,0.4080666666666667,0.3675,0.08503333333333332,0.044,0.5044000000000001,0.442,1.0,1.0,774.4680426727183,225.1629383168903,1.0945872539141717,0.7593631989196685,0.7751400424030669,0.5443637005858579,0.254900326191549,0.21088235248220966,1924.866359881416,1938.9027256575882,28.384703192708876,27.70020087597264,0.060739586137065114,0.05964160368975055,0.0,0.0,0.0,0.0,0.0,0.0,0.4666666666666667,0.0,0.0,0.0,0.0,0.0,0.8916666666666667,1.0,0.0,0.0,0.0,0.0,0.0,0.0
R,core_Q_n6000_high,sieve3_sieve3,30,0.009080596709979837,0.00846348712575125,0.0868107231536042,0.08556906318262085,0.0377832770949091,0.03711460176810915,0.11387492380587365,0.1252407145029368,0.1911,0.1265,0.0010000000000000002,0.001,0.1911,0.1265,0.8,1.0,73138.48911549707,62340.7462055489,13.03314618515348,12.63561659886415,10.217655410389167,1.579053722410542,2.850108562071209,1.9713569713392132,1262.6280649493808,1251.3783020002456,48.47033550138941,50.0,0.4996389015034897,0.4965780040698262,0.0,0.0,0.0,0.0,0.0,0.0,0.0,0.0,0.0,0.0,0.0,0.0,0.7,0.75,0.0,0.0,0.0,0.0,0.0,0.0
R,core_Q_n6000_low,kernel_kernel,30,0.01006289108073344,0.009938457356788999,0.007407055047725973,0.00740033178335615,0.03653087534215966,0.037152691881617295,0.03752198258412852,0.03686558340631485,0.0054,0.001,0.28669999999999995,0.14550000000000002,0.2918,0.14550000000000002,0.7666666666666667,1.0,7.196154826776807,7.153007085827561,0.13569009965290668,0.135348835709781,0.3290796352315287,0.3267406639908238,0.19913511294935063,0.2022301421216347,2886.733070703511,2888.5440199653394,10.721896950403849,9.750389575958252,0.004128191452225007,0.00363774076600865,0.03333333333333333,0.0,0.26666666666666666,0.0,0.2,0.0,0.0,0.0,0.0,0.0,1.0,1.0,0.36666666666666664,0.25,0.125,0.0,0.0,0.0,0.175,0.0
R,core_Q_n6000_low,kernel_sieve1,30,0.01006289108073344,0.009938457356788999,0.005339919993821324,0.0052955624314813005,0.03653087534215966,0.037152691881617295,0.040116422513438235,0.03931712172391185,0.004966666666666667,0.001,0.48570000000000013,0.487,0.5123000000000001,0.508,1.0,1.0,7.325914042418531,7.280130269142004,0.1369473917407847,0.13654632297559677,0.3039696376442675,0.3014816202793016,0.16483710725784217,0.16616676702300154,2809.550175825454,2807.749477233964,8.843808102555279,8.690643379656,0.002623376100492856,0.0024790293729978,0.2,0.0,0.06666666666666667,0.0,0.13333333333333333,0.0,0.13333333333333333,0.0,0.0,0.0,0.0,0.0,1.0,1.0,0.15833333333333333,0.0,0.058333333333333334,0.0,0.008333333333333333,0.0
R,core_Q_n6000_low,sieve1_kernel,30,0.009401532475963016,0.00917420984865345,0.007407055047725973,0.00740033178335615,0.033694176747826494,0.03359290275845915,0.03752198258412852,0.03686558340631485,0.0022,0.001,0.2864666666666667,0.16449999999999998,0.28650000000000003,0.16449999999999998,0.7333333333333333,1.0,7.127804848798719,7.070700562023882,0.1350626099267656,0.134567956435852,0.3199543533079238,0.3153285452728096,0.18057230658904597,0.18819414896635694,2886.733070703511,2888.5440199653394,10.721896950403849,9.750389575958252,0.004128191452225007,0.00363774076600865,0.03333333333333333,0.0,0.43333333333333335,0.0,0.26666666666666666,0.0,0.0,0.0,0.0,0.0,0.0,0.0,0.35833333333333334,0.25,0.2916666666666667,0.25,0.0,0.0,0.7916666666666666,1.0
R,core_Q_n6000_low,sieve1_sieve1,30,0.009401532475963016,0.00917420984865345,0.005339919993821324,0.0052955624314813005,0.033694176747826494,0.03359290275845915,0.040116422513438235,0.03931712172391185,0.001966666666666667,0.001,0.48496666666666666,0.49,0.5178333333333334,0.501,1.0,1.0,7.263498719723803,7.260902025959934,0.13636892058209338,0.1363658757866405,0.3143934609934311,0.30921741221602417,0.16909582181040556,0.1773159041001401,2809.550175825454,2807.749477233964,8.843808102555279,8.690643379656,0.002623376100492856,0.0024790293729978,0.7,1.0,0.23333333333333334,0.0,0.4,0.0,0.06666666666666667,0.0,1.0,1.0,0.0,0.0,1.0,1.0,0.425,0.5,0.9333333333333333,1.0,0.025,0.0
R,core_Q_n6000_low,sieve2_sieve2,30,0.007019163377768697,0.00680578821199035,0.012171208046409376,0.0119758861779642,0.03161466089929125,0.02824195920465255,0.04219201933535665,0.04501772922734375,0.4251,0.32,0.6831666666666668,0.703,0.8020666666666666,0.8135,1.0,1.0,89.84864230685275,63.148669379524144,0.41242304294087545,0.4021136508556297,0.47647121682465887,0.3977342002791418,0.1065579484150199,0.051075859649100205,2511.462093120709,2501.44478359564,23.831039023415364,23.617283462582925,0.02931936137938981,0.02955234794383805,0.03333333333333333,0.0,0.0,0.0,0.0,0.0,0.7,1.0,0.0,0.0,0.0,0.0,1.0,1.0,0.0,0.0,0.008333333333333333,0.0,0.0,0.0
R,core_Q_n6000_low,sieve3_sieve3,30,0.01101108913014977,0.01029883163143315,0.0667993071753931,0.06644589485656015,0.03636926799880287,0.0374872468610069,0.07019975317335064,0.0752594750819007,0.14496666666666672,0.092,0.0010000000000000002,0.001,0.14496666666666672,0.092,0.8666666666666667,1.0,7924.045872153497,6989.80994417761,4.283403759166049,4.229318418539172,2.9524622432757766,1.0645416751727228,0.7615215451458673,0.6422732281900465,1506.2313790397566,1521.288747980981,50.0,50.0,0.32328773987045784,0.3260166023992301,0.0,0.0,0.0,0.0,0.0,0.0,0.1,0.0,0.0,0.0,0.0,0.0,0.6916666666666667,0.75,0.0,0.0,0.0,0.0,0.0,0.0
R,stress_L_n3000_low_p40,kernel_kernel,30,0.013691782133960674,0.01240542782656435,0.015337979661304072,0.01521682311843485,0.027772943952400642,0.0075045417592014,0.04989552809580124,0.04525459829250205,0.0244,0.0035,0.0028333333333333335,0.001,0.02653333333333334,0.006,0.3,0.0,5.345127592042499,5.302555215347247,0.16541956980743888,0.16480358713819646,0.33980411681636574,0.32570341628926713,0.03079019209535332,0.02680342298543765,1491.5383448132209,1491.3669237733825,3.3628095547358194,3.291773557662964,0.00477783881955673,0.0044352367222309005,0.0,0.0,1.0,1.0,0.3,0.0,0.26666666666666666,0.0,0.0,0.0,1.0,1.0,0.05,0.0,0.03333333333333333,0.0,0.008333333333333333,0.0,0.925,1.0
R,stress_L_n3000_low_p40,kernel_sieve1,30,0.013691782133960674,0.01240542782656435,0.01085673270181331,0.010883697001340498,0.027772943952400642,0.0075045417592014,0.04899240908607106,0.04570997220895865,0.02443333333333333,0.0045000000000000005,0.9031666666666666,0.9315,0.9031666666666666,0.9315,1.0,1.0,6.140883785866345,6.075759741635531,0.17728124856434904,0.1764109166955776,0.3514638922642837,0.33997309756974203,0.02693590354354613,0.020004838637488302,1361.148520918742,1362.015445665905,4.763411706048072,4.73243028048701,0.019795136748344808,0.01989202575894965,0.23333333333333334,0.0,0.0,0.0,0.6666666666666666,1.0,0.43333333333333335,0.0,0.0,0.0,0.0,0.0,1.0,1.0,0.8333333333333334,1.0,0.05,0.0,0.0,0.0
R,stress_L_n3000_low_p40,sieve1_kernel,30,0.010451673885409468,0.00996347995234095,0.015337979661304072,0.01521682311843485,0.03407494542492375,0.03597989160915305,0.04989552809580124,0.04525459829250205,0.3997666666666667,0.257,0.0033,0.001,0.3997666666666667,0.257,1.0,1.0,62.34544498789638,18.64467128410866,0.4399757465128307,0.30883411103784386,0.4291691386256656,0.4041111578364653,0.10573261636030894,0.05847548927240845,1491.5383448132209,1491.3669237733825,3.3628095547358194,3.291773557662964,0.00477783881955673,0.0044352367222309005,0.0,0.0,0.0,0.0,0.03333333333333333,0.0,0.1,0.0,0.0,0.0,0.0,0.0,0.85,1.0,0.13333333333333333,0.0,0.2,0.125,0.075,0.0
R,stress_L_n3000_low_p40,sieve1_sieve1,30,0.010451673885409468,0.00996347995234095,0.01085673270181331,0.010883697001340498,0.03407494542492375,0.03597989160915305,0.04899240908607106,0.04570997220895865,0.40019999999999994,0.2585,0.9047666666666667,0.9325000000000001,0.9389333333333334,0.971,1.0,1.0,77.18577264665659,20.95404888171055,0.49005059827864833,0.327281807643873,0.4479941258871715,0.42540305241181126,0.12100178762156959,0.06067680439864025,1361.148520918742,1362.015445665905,4.763411706048072,4.73243028048701,0.019795136748344808,0.01989202575894965,0.7666666666666667,1.0,0.0,0.0,0.0,0.0,0.2,0.0,1.0,1.0,0.0,0.0,1.0,1.0,0.0,0.0,0.7416666666666667,0.75,0.0,0.0
R,stress_M_n3000_low_p40,kernel_kernel,30,0.015466527230844612,0.01461752898326925,0.015236671057492688,0.01486261893706265,0.029039737414298876,0.02625400497994675,0.048284293134211086,0.04201195333764575,0.0175,0.001,0.005733333333333334,0.001,0.019733333333333335,0.004,0.06666666666666667,0.0,5.42688424894352,5.420366807344495,0.1666864523338733,0.16662413203845486,0.335399808338033,0.32470676244054647,0.03050472384035958,0.02882701928001015,1478.4878218106724,1478.4280927360192,4.2058948119481405,4.072394371032715,0.006401669122775361,0.00670679479837415,0.03333333333333333,0.0,1.0,1.0,0.06666666666666667,0.0,0.3,0.0,0.0,0.0,1.0,1.0,0.0,0.0,0.0,0.0,0.0,0.0,0.9083333333333333,1.0
R,stress_M_n3000_low_p40,kernel_sieve1,30,0.015466527230844612,0.01461752898326925,0.010970750681348375,0.0111367086571244,0.029039737414298876,0.02625400497994675,0.04848763447602999,0.049878487229073454,0.018500000000000003,0.001,0.9128999999999999,0.944,0.9128999999999999,0.944,1.0,1.0,6.142960130920172,6.074449517688143,0.1773207380141089,0.17639199495034805,0.3486404300167772,0.3327068798822867,0.02805365303500715,0.026117465684331598,1366.2881019857994,1370.8972237364187,4.6811972023216395,4.551248476899049,0.019657477463483633,0.01984261437662575,0.1,0.0,0.0,0.0,0.9,1.0,0.5333333333333333,1.0,0.0,0.0,0.0,0.0,1.0,1.0,0.85,1.0,0.041666666666666664,0.0,0.0,0.0
R,stress_M_n3000_low_p40,sieve1_kernel,30,0.010648061430152657,0.009852710995581451,0.015236671057492688,0.01486261893706265,0.04358611951818583,0.05187614377528525,0.048284293134211086,0.04201195333764575,0.34336666666666665,0.20400000000000001,0.005766666666666667,0.0015,0.34463333333333335,0.20400000000000001,0.8666666666666667,1.0,156.60967042899847,24.234580843904276,0.654572851736828,0.3522564839477893,0.7329375704359489,0.44331448256547434,0.13613965160413555,0.0661778313833995,1478.4878218106724,1478.4280927360192,4.2058948119481405,4.072394371032715,0.006401669122775361,0.00670679479837415,0.0,0.0,0.0,0.0,0.03333333333333333,0.0,0.06666666666666667,0.0,0.0,0.0,0.0,0.0,0.775,0.75,0.15,0.0,0.075,0.0,0.09166666666666666,0.0
R,stress_M_n3000_low_p40,sieve1_sieve1,30,0.010648061430152657,0.009852710995581451,0.010970750681348375,0.0111367086571244,0.04358611951818583,0.05187614377528525,0.04848763447602999,0.049878487229073454,0.3453333333333333,0.2015,0.9116666666666666,0.9404999999999999,0.9365666666666665,0.9775,1.0,1.0,187.15958725320291,30.212412007539488,0.7198997317662585,0.3933836947970287,0.8008510529659404,0.4289853596902695,0.15298377321806017,0.054141347146445445,1366.2881019857994,1370.8972237364187,4.6811972023216395,4.551248476899049,0.019657477463483633,0.01984261437662575,0.8666666666666667,1.0,0.0,0.0,0.0,0.0,0.1,0.0,1.0,1.0,0.0,0.0,1.0,1.0,0.0,0.0,0.8833333333333333,1.0,0.0,0.0
R,stress_N_n3000_low_p40,kernel_kernel,30,0.01627611311800212,0.0150776251164078,0.011722771474084159,0.01167357942000545,0.030216018865489795,0.0282481232662368,0.04309847947417737,0.0386310688523159,0.007233333333333334,0.001,0.08296666666666666,0.0335,0.09373333333333332,0.0445,0.6666666666666666,1.0,5.464856436396014,5.451775488643297,0.1672503287227424,0.16710682576885233,0.3407419289201854,0.3345080108169299,0.030392549636463557,0.025175641801154447,1489.1760527033996,1489.4552537106874,3.4117204348246255,3.3312071561813354,0.005039466053909674,0.0050418263077736,0.0,0.0,0.5,0.5,0.36666666666666664,0.0,0.2,0.0,0.0,0.0,1.0,1.0,0.26666666666666666,0.25,0.041666666666666664,0.0,0.0,0.0,0.19166666666666668,0.25
R,stress_N_n3000_low_p40,kernel_sieve1,30,0.01627611311800212,0.0150776251164078,0.010936909598988938,0.010773086280103351,0.030216018865489795,0.0282481232662368,0.047400157743543184,0.04336681301361475,0.007233333333333334,0.001,0.9059333333333334,0.954,0.9059333333333334,0.954,1.0,1.0,6.11287734929086,6.133280288899686,0.1768668438303915,0.177244000523432,0.351274061937617,0.3420475186771804,0.024331388371489737,0.01570450235692205,1396.3100779924316,1405.344244997022,4.38371803361226,4.214232206914427,0.019702911829521292,0.01976487982501925,0.0,0.0,0.0,0.0,0.06666666666666667,0.0,0.36666666666666664,0.0,0.0,0.0,0.0,0.0,1.0,1.0,0.075,0.0,0.0,0.0,0.0,0.0
R,stress_N_n3000_low_p40,sieve1_kernel,30,0.005134479074120913,0.0048962164059497,0.011722771474084159,0.01167357942000545,0.030258855954665556,0.0307464150661174,0.04309847947417737,0.0386310688523159,0.9894999999999999,1.0,0.08143333333333332,0.0305,0.9906999999999999,1.0,1.0,1.0,5.608261153413802,5.556674846637602,0.16933023001280298,0.16870423940494786,0.34829927458304194,0.3384867869569774,0.02680773467522633,0.021645287682818898,1489.1760527033996,1489.4552537106874,3.4117204348246255,3.3312071561813354,0.005039466053909674,0.0050418263077736,0.43333333333333335,0.0,0.5,0.5,0.5666666666666667,1.0,0.23333333333333334,0.0,0.0,0.0,0.0,0.0,1.0,1.0,0.8833333333333333,1.0,0.55,0.5,0.8083333333333333,0.75
R,stress_N_n3000_low_p40,sieve1_sieve1,30,0.005134479074120913,0.0048962164059497,0.010936909598988938,0.010773086280103351,0.030258855954665556,0.0307464150661174,0.047400157743543184,0.04336681301361475,0.99,1.0,0.9056333333333334,0.959,0.9944333333333333,1.0,1.0,1.0,6.263537605220914,6.1389999901482195,0.17892187937501047,0.17732672593068,0.3649948496183948,0.3481200454727057,0.028748051066713583,0.0240561123258836,1396.3100779924316,1405.344244997022,4.38371803361226,4.214232206914427,0.019702911829521292,0.01976487982501925,0.5666666666666667,1.0,0.0,0.0,0.0,0.0,0.2,0.0,1.0,1.0,0.0,0.0,1.0,1.0,0.0,0.0,0.45,0.5,0.0,0.0
R,stress_Q_n3000_low_p40,kernel_kernel,30,0.016240702095962855,0.0161624980565022,0.012441751000134013,0.012385435818151151,0.027882768787204738,0.012978918005033549,0.04559243338549295,0.04669097555038195,0.0012666666666666668,0.001,0.027000000000000003,0.0135,0.030400000000000003,0.0135,0.36666666666666664,0.0,7.3626568038795375,7.373470464367238,0.19415219918984242,0.19433949161129255,0.49957782516359195,0.4817017909580965,0.30489857866060394,0.3045295026235766,1496.5865173495679,1496.6950258766772,2.6636562744776406,2.6193151473999023,0.005079639044735117,0.0046760762532552,0.0,0.0,0.0,0.0,0.0,0.0,0.0,0.0,0.0,0.0,1.0,1.0,0.475,0.5,0.0,0.0,0.0,0.0,0.0,0.0
R,stress_Q_n3000_low_p40,kernel_sieve1,30,0.016240702095962855,0.0161624980565022,0.011475668951829592,0.011270014264259751,0.027882768787204738,0.012978918005033549,0.045200879978747985,0.042182099949688495,0.0015666666666666667,0.001,0.8871,0.9125000000000001,0.8871,0.9125000000000001,1.0,1.0,8.67615421804374,8.657028680785611,0.2106659704982346,0.2105764729628049,0.427930900468715,0.4115321209127114,0.15312476867356217,0.15520626886799044,1374.8061381748635,1376.6121113878762,8.983775033143646,8.964665029230737,0.020855221106546886,0.020555567592646498,0.0,0.0,0.0,0.0,0.0,0.0,0.9,1.0,0.0,0.0,0.0,0.0,1.0,1.0,0.0,0.0,0.0,0.0,0.0,0.0
R,stress_Q_n3000_low_p40,sieve1_kernel,30,0.00499619063546178,0.0049863802694039006,0.012441751000134013,0.012385435818151151,0.028993705787191737,0.03292487413396505,0.04559243338549295,0.04669097555038195,0.9664,1.0,0.026933333333333333,0.0095,0.9664,1.0,1.0,1.0,6.830008085528689,6.848522627379641,0.18701912985266758,0.1872940061615036,0.40425364676320386,0.3872409931203866,0.16697893007131429,0.171991835028204,1496.5865173495679,1496.6950258766772,2.6636562744776406,2.6193151473999023,0.005079639044735117,0.0046760762532552,0.23333333333333334,0.0,1.0,1.0,1.0,1.0,0.03333333333333333,0.0,0.0,0.0,0.0,0.0,1.0,1.0,1.0,1.0,0.75,0.75,1.0,1.0
R,stress_Q_n3000_low_p40,sieve1_sieve1,30,0.00499619063546178,0.0049863802694039006,0.011475668951829592,0.011270014264259751,0.028993705787191737,0.03292487413396505,0.045200879978747985,0.042182099949688495,0.9655666666666666,1.0,0.8862666666666666,0.916,0.9965666666666667,1.0,1.0,1.0,7.888347605546824,7.859464465241183,0.2009272712129405,0.20064198446914855,0.41327184538817846,0.41184670028478515,0.16780352197909298,0.1759894029040495,1374.8061381748635,1376.6121113878762,8.983775033143646,8.964665029230737,0.020855221106546886,0.020555567592646498,0.7666666666666667,1.0,0.0,0.0,0.0,0.0,0.06666666666666667,0.0,1.0,1.0,0.0,0.0,1.0,1.0,0.0,0.0,0.25,0.25,0.0,0.0
